{
	"1. left_hip": [
		0.5378718972206116,
		0.5810254216194153,
		0.002028276678174734,
		0.9997752904891968
	],
	"2. left_knee": [
		0.615749716758728,
		0.6451761722564697,
		-0.1921364665031433,
		0.9939284324645996
	],
	"3. left_ankle": [
		0.6128587126731873,
		0.7285842299461365,
		0.04054141417145729,
		0.9926329255104065
	],
	"6. right_hip": [
		0.4774459898471832,
		0.5853231549263,
		-0.0020819618366658688,
		0.999857485294342
	],
	"7. right_knee": [
		0.4161604046821594,
		0.6467312574386597,
		-0.1956586390733719,
		0.9982576966285706
	],
	"8. right_ankle": [
		0.4156714677810669,
		0.7279235124588013,
		0.029677605256438255,
		0.9973838329315186
	],
	"14. left_shoulder": [
		0.5407814383506775,
		0.4587295949459076,
		-0.11849872022867203,
		0.9998654127120972
	],
	"15. left_elbow": [
		0.5749292373657227,
		0.5070553421974182,
		-0.05011824518442154,
		0.9738878011703491
	],
	"16. left_wrist": [
		0.5961301326751709,
		0.5536110401153564,
		-0.1395561248064041,
		0.8548957109451294
	],
	"19. right_shoulder": [
		0.4479462504386902,
		0.47934490442276,
		-0.14660614728927612,
		0.9999438524246216
	],
	"20. right_elbow": [
		0.45881158113479614,
		0.5469681024551392,
		-0.12156764417886734,
		0.9817922711372375
	],
	"21. right_wrist": [
		0.4746188819408417,
		0.6116534471511841,
		-0.2070043981075287,
		0.9165601134300232
	],
	"24. nose": [
		0.4859549105167389,
		0.4261477291584015,
		-0.35160261392593384,
		0.999984622001648
	],
	"25. left_eye": [
		0.49638596177101135,
		0.41617053747177124,
		-0.33388522267341614,
		0.9999280571937561
	],
	"26. right_eye": [
		0.48056310415267944,
		0.4140815734863281,
		-0.33566954731941223,
		0.9999600052833557
	],
	"27. left_ear": [
		0.506134033203125,
		0.41881242394447327,
		-0.21837635338306427,
		0.999822735786438
	],
	"28. right_ear": [
		0.47537529468536377,
		0.41731080412864685,
		-0.22380955517292023,
		0.9999523162841797
	],
	"time stamp": 30.0
}