{
	"1. left_hip": [
		0.5138669610023499,
		0.542451024055481,
		0.0037813514936715364,
		0.9996362328529358
	],
	"2. left_knee": [
		0.5627803206443787,
		0.6236528754234314,
		0.0270934347063303,
		0.9933346509933472
	],
	"3. left_ankle": [
		0.5773483514785767,
		0.6828508973121643,
		0.2701440453529358,
		0.9929726719856262
	],
	"6. right_hip": [
		0.45817282795906067,
		0.5498999357223511,
		-0.0038949311710894108,
		0.9998446702957153
	],
	"7. right_knee": [
		0.4268229603767395,
		0.6345802545547485,
		-0.07617760449647903,
		0.9974862933158875
	],
	"8. right_ankle": [
		0.40610677003860474,
		0.7310259342193604,
		0.048086658120155334,
		0.9977867007255554
	],
	"14. left_shoulder": [
		0.514954149723053,
		0.4173566997051239,
		-0.1320873647928238,
		0.9975239634513855
	],
	"15. left_elbow": [
		0.5254322290420532,
		0.4768344759941101,
		-0.059472132474184036,
		0.6825109720230103
	],
	"16. left_wrist": [
		0.5335014462471008,
		0.534744143486023,
		-0.09987688809633255,
		0.3540917932987213
	],
	"19. right_shoulder": [
		0.42665061354637146,
		0.4367372691631317,
		-0.21712319552898407,
		0.9999087452888489
	],
	"20. right_elbow": [
		0.43786537647247314,
		0.5089479088783264,
		-0.17554126679897308,
		0.9748583436012268
	],
	"21. right_wrist": [
		0.46362343430519104,
		0.5654910802841187,
		-0.2193640172481537,
		0.8209874033927917
	],
	"24. nose": [
		0.4870900511741638,
		0.3692375123500824,
		-0.3591090440750122,
		0.999961256980896
	],
	"25. left_eye": [
		0.4939999580383301,
		0.3636913597583771,
		-0.3420966565608978,
		0.9998091459274292
	],
	"26. right_eye": [
		0.4784868061542511,
		0.3606053292751312,
		-0.35526150465011597,
		0.9999402761459351
	],
	"27. left_ear": [
		0.4959178566932678,
		0.369703471660614,
		-0.2297000288963318,
		0.999391496181488
	],
	"28. right_ear": [
		0.4666163921356201,
		0.3654577136039734,
		-0.30074501037597656,
		0.9999326467514038
	],
	"time stamp": 30.0
}