{
	"1. left_hip": [
		0.5188072323799133,
		0.5391474962234497,
		0.00462911045178771,
		0.9995484352111816
	],
	"2. left_knee": [
		0.5534329414367676,
		0.6245598793029785,
		0.06604325771331787,
		0.9943376779556274
	],
	"3. left_ankle": [
		0.5762016773223877,
		0.690227746963501,
		0.289959192276001,
		0.9939305186271667
	],
	"6. right_hip": [
		0.4666040241718292,
		0.546788215637207,
		-0.004719243384897709,
		0.9998472332954407
	],
	"7. right_knee": [
		0.4320831596851349,
		0.6351372003555298,
		-0.0445069745182991,
		0.9977851510047913
	],
	"8. right_ankle": [
		0.4041689932346344,
		0.7315633296966553,
		0.05195128172636032,
		0.9980692863464355
	],
	"14. left_shoulder": [
		0.522774338722229,
		0.4129941761493683,
		-0.1163506954908371,
		0.9976691007614136
	],
	"15. left_elbow": [
		0.5283731818199158,
		0.473588764667511,
		-0.061129067093133926,
		0.6287323236465454
	],
	"16. left_wrist": [
		0.5353590846061707,
		0.5328792333602905,
		-0.10363363474607468,
		0.3013882637023926
	],
	"19. right_shoulder": [
		0.43837839365005493,
		0.42508015036582947,
		-0.19860705733299255,
		0.9999127388000488
	],
	"20. right_elbow": [
		0.44391921162605286,
		0.49592527747154236,
		-0.1594056934118271,
		0.9740176796913147
	],
	"21. right_wrist": [
		0.46671172976493835,
		0.5517461895942688,
		-0.190190851688385,
		0.7997914552688599
	],
	"24. nose": [
		0.5038430094718933,
		0.36227700114250183,
		-0.330048143863678,
		0.9999586343765259
	],
	"25. left_eye": [
		0.5098565220832825,
		0.3571714758872986,
		-0.3141627907752991,
		0.9998138546943665
	],
	"26. right_eye": [
		0.49517369270324707,
		0.3544539213180542,
		-0.3273821473121643,
		0.9999408721923828
	],
	"27. left_ear": [
		0.5098965167999268,
		0.3623804748058319,
		-0.207809180021286,
		0.9994011521339417
	],
	"28. right_ear": [
		0.48336654901504517,
		0.3580291271209717,
		-0.26947712898254395,
		0.9999297857284546
	],
	"time stamp": 30.0
}