{
	"1. left_hip": [
		0.5310956835746765,
		0.5319556593894958,
		0.015322745777666569,
		0.9995564222335815
	],
	"2. left_knee": [
		0.5552303194999695,
		0.6216921806335449,
		0.08590354025363922,
		0.994989812374115
	],
	"3. left_ankle": [
		0.5670143961906433,
		0.6938588619232178,
		0.27799731492996216,
		0.9947403073310852
	],
	"6. right_hip": [
		0.47929874062538147,
		0.5356860160827637,
		-0.01540167722851038,
		0.9998635649681091
	],
	"7. right_knee": [
		0.44979384541511536,
		0.6295151114463806,
		-0.0525861456990242,
		0.9980878829956055
	],
	"8. right_ankle": [
		0.40422508120536804,
		0.726701021194458,
		0.043513745069503784,
		0.9983451962471008
	],
	"14. left_shoulder": [
		0.5405561923980713,
		0.4065566956996918,
		-0.1233491376042366,
		0.9978153109550476
	],
	"15. left_elbow": [
		0.5322147607803345,
		0.4633050262928009,
		-0.057084470987319946,
		0.5676405429840088
	],
	"16. left_wrist": [
		0.5362353324890137,
		0.5206213593482971,
		-0.10718611627817154,
		0.25995728373527527
	],
	"19. right_shoulder": [
		0.45850926637649536,
		0.41588565707206726,
		-0.22128066420555115,
		0.9999212622642517
	],
	"20. right_elbow": [
		0.4602450430393219,
		0.48907995223999023,
		-0.17046824097633362,
		0.9759689569473267
	],
	"21. right_wrist": [
		0.48247963190078735,
		0.5480302572250366,
		-0.1943219006061554,
		0.8018757104873657
	],
	"24. nose": [
		0.514324426651001,
		0.35309895873069763,
		-0.39302852749824524,
		0.9999639391899109
	],
	"25. left_eye": [
		0.520835816860199,
		0.347299188375473,
		-0.37300845980644226,
		0.9998410940170288
	],
	"26. right_eye": [
		0.5054051280021667,
		0.3452640175819397,
		-0.3850219249725342,
		0.9999496936798096
	],
	"27. left_ear": [
		0.5231983065605164,
		0.35311153531074524,
		-0.24408279359340668,
		0.9994715452194214
	],
	"28. right_ear": [
		0.49560216069221497,
		0.3506312966346741,
		-0.3013564348220825,
		0.9999402761459351
	],
	"time stamp": 30.0
}