{
	"1. left_hip": [
		0.5450577139854431,
		0.5185441970825195,
		0.013759994879364967,
		0.9996142983436584
	],
	"2. left_knee": [
		0.5512335300445557,
		0.6110610365867615,
		0.022855468094348907,
		0.9958772659301758
	],
	"3. left_ankle": [
		0.5541562438011169,
		0.6940410137176514,
		0.18298617005348206,
		0.995976448059082
	],
	"6. right_hip": [
		0.4964313507080078,
		0.515897810459137,
		-0.013774777762591839,
		0.9998569488525391
	],
	"7. right_knee": [
		0.47233644127845764,
		0.6039822697639465,
		0.013445038348436356,
		0.9985206127166748
	],
	"8. right_ankle": [
		0.46376681327819824,
		0.6824313402175903,
		0.19670216739177704,
		0.9985871911048889
	],
	"14. left_shoulder": [
		0.5618552565574646,
		0.39873814582824707,
		-0.06193986535072327,
		0.9990820288658142
	],
	"15. left_elbow": [
		0.57188481092453,
		0.45854777097702026,
		0.0033210075926035643,
		0.6696953177452087
	],
	"16. left_wrist": [
		0.5882663726806641,
		0.5079322457313538,
		-0.07055652141571045,
		0.5612978935241699
	],
	"19. right_shoulder": [
		0.4876009225845337,
		0.3784247934818268,
		-0.12271911650896072,
		0.9999514222145081
	],
	"20. right_elbow": [
		0.48000243306159973,
		0.44277694821357727,
		-0.0954679623246193,
		0.9777712225914001
	],
	"21. right_wrist": [
		0.48112013936042786,
		0.5028428435325623,
		-0.1707843393087387,
		0.9113689064979553
	],
	"24. nose": [
		0.5319989919662476,
		0.3373653292655945,
		-0.27240997552871704,
		0.9999681711196899
	],
	"25. left_eye": [
		0.5394274592399597,
		0.3319064676761627,
		-0.25607606768608093,
		0.999860405921936
	],
	"26. right_eye": [
		0.5246496200561523,
		0.33072397112846375,
		-0.262745201587677,
		0.9999225735664368
	],
	"27. left_ear": [
		0.5445519685745239,
		0.3380791246891022,
		-0.1420295238494873,
		0.9995185136795044
	],
	"28. right_ear": [
		0.5189418196678162,
		0.3360152840614319,
		-0.17910771071910858,
		0.999871551990509
	],
	"time stamp": 30.0
}