{
	"1. left_hip": [
		0.5200356245040894,
		0.5161053538322449,
		-0.0010653717909008265,
		0.9996744394302368
	],
	"2. left_knee": [
		0.5275607109069824,
		0.6107568144798279,
		-0.061332881450653076,
		0.9955394864082336
	],
	"3. left_ankle": [
		0.521386981010437,
		0.6892843246459961,
		0.1602015495300293,
		0.994870126247406
	],
	"6. right_hip": [
		0.47064483165740967,
		0.5148538947105408,
		0.0009575069998390973,
		0.9997687339782715
	],
	"7. right_knee": [
		0.43014445900917053,
		0.598725438117981,
		-0.09007453918457031,
		0.9975887537002563
	],
	"8. right_ankle": [
		0.4502507448196411,
		0.6794586181640625,
		0.14196331799030304,
		0.997031569480896
	],
	"14. left_shoulder": [
		0.5425472855567932,
		0.4044297933578491,
		-0.11536065489053726,
		0.9998454451560974
	],
	"15. left_elbow": [
		0.5503821969032288,
		0.4643731117248535,
		-0.03669843077659607,
		0.9297835826873779
	],
	"16. left_wrist": [
		0.5569486021995544,
		0.5149136185646057,
		-0.11569321155548096,
		0.849858283996582
	],
	"19. right_shoulder": [
		0.46525299549102783,
		0.38470807671546936,
		-0.12768954038619995,
		0.9999072551727295
	],
	"20. right_elbow": [
		0.4541970491409302,
		0.4434593617916107,
		-0.060469117015600204,
		0.9042374491691589
	],
	"21. right_wrist": [
		0.4494743347167969,
		0.5033393502235413,
		-0.14341643452644348,
		0.8193739056587219
	],
	"24. nose": [
		0.5065142512321472,
		0.35903701186180115,
		-0.35808080434799194,
		0.9999613165855408
	],
	"25. left_eye": [
		0.5154938697814941,
		0.35142484307289124,
		-0.34387362003326416,
		0.9998534321784973
	],
	"26. right_eye": [
		0.5028863549232483,
		0.3493906259536743,
		-0.3464750349521637,
		0.9998553395271301
	],
	"27. left_ear": [
		0.5249839425086975,
		0.3543355166912079,
		-0.22247888147830963,
		0.9996970295906067
	],
	"28. right_ear": [
		0.4981839060783386,
		0.3499901592731476,
		-0.23497602343559265,
		0.9997426867485046
	],
	"time stamp": 30.0
}