{
	"1. left_hip": [
		0.5045809149742126,
		0.5439213514328003,
		0.01694076508283615,
		0.9999043345451355
	],
	"2. left_knee": [
		0.4881449043750763,
		0.6537691354751587,
		-0.0979691594839096,
		0.9807628989219666
	],
	"3. left_ankle": [
		0.4541749656200409,
		0.7503907680511475,
		0.09501705318689346,
		0.9823917150497437
	],
	"6. right_hip": [
		0.4524647295475006,
		0.5419785380363464,
		-0.016971679404377937,
		0.9998157620429993
	],
	"7. right_knee": [
		0.45444056391716003,
		0.6527456641197205,
		-0.028496844694018364,
		0.9184339046478271
	],
	"8. right_ankle": [
		0.4720633327960968,
		0.7009942531585693,
		0.39487507939338684,
		0.7387451529502869
	],
	"14. left_shoulder": [
		0.537976861000061,
		0.41530147194862366,
		-0.0772203579545021,
		0.9999732971191406
	],
	"15. left_elbow": [
		0.5507263541221619,
		0.48100578784942627,
		-0.08281886577606201,
		0.9704029560089111
	],
	"16. left_wrist": [
		0.583767294883728,
		0.5323736071586609,
		-0.2801128029823303,
		0.9435386657714844
	],
	"19. right_shoulder": [
		0.446727454662323,
		0.3836759328842163,
		-0.11420884728431702,
		0.9999183416366577
	],
	"20. right_elbow": [
		0.3950798809528351,
		0.4304651916027069,
		-0.08100283890962601,
		0.9544103741645813
	],
	"21. right_wrist": [
		0.35860154032707214,
		0.4947587251663208,
		-0.16728352010250092,
		0.9096892476081848
	],
	"24. nose": [
		0.5073975324630737,
		0.33096984028816223,
		-0.32312193512916565,
		0.9999690651893616
	],
	"25. left_eye": [
		0.5161350965499878,
		0.3265640139579773,
		-0.30354824662208557,
		0.9999018311500549
	],
	"26. right_eye": [
		0.4995806813240051,
		0.32431042194366455,
		-0.3053402304649353,
		0.9998589754104614
	],
	"27. left_ear": [
		0.5232985019683838,
		0.33673569560050964,
		-0.1744486540555954,
		0.9998130202293396
	],
	"28. right_ear": [
		0.48997437953948975,
		0.3315414488315582,
		-0.18697984516620636,
		0.9997491836547852
	],
	"time stamp": 30.0
}