{
	"1. left_hip": [
		0.5052980780601501,
		0.5433271527290344,
		0.01635381393134594,
		0.9999157190322876
	],
	"2. left_knee": [
		0.48996907472610474,
		0.6583380103111267,
		0.0004452173598110676,
		0.9802001714706421
	],
	"3. left_ankle": [
		0.4572709798812866,
		0.7476933002471924,
		0.2576356530189514,
		0.978971540927887
	],
	"6. right_hip": [
		0.4509076774120331,
		0.540874719619751,
		-0.01646610163152218,
		0.9998376965522766
	],
	"7. right_knee": [
		0.4440864622592926,
		0.6609902381896973,
		-0.07111283391714096,
		0.9301621913909912
	],
	"8. right_ankle": [
		0.45381125807762146,
		0.678354799747467,
		0.4022972881793976,
		0.666317343711853
	],
	"14. left_shoulder": [
		0.5378532409667969,
		0.40820664167404175,
		-0.04615463316440582,
		0.9999514818191528
	],
	"15. left_elbow": [
		0.5439298748970032,
		0.4703731834888458,
		0.0276471134275198,
		0.8572777509689331
	],
	"16. left_wrist": [
		0.5504104495048523,
		0.48982101678848267,
		-0.06272615492343903,
		0.8541511297225952
	],
	"19. right_shoulder": [
		0.4475221037864685,
		0.37436431646347046,
		-0.08521047979593277,
		0.9999266862869263
	],
	"20. right_elbow": [
		0.3985903561115265,
		0.42064955830574036,
		0.013075068593025208,
		0.9584901928901672
	],
	"21. right_wrist": [
		0.36768829822540283,
		0.4810791313648224,
		0.013850691728293896,
		0.8976316452026367
	],
	"24. nose": [
		0.5037482976913452,
		0.32091209292411804,
		-0.31234294176101685,
		0.9999720454216003
	],
	"25. left_eye": [
		0.5137447118759155,
		0.31528401374816895,
		-0.29147517681121826,
		0.9999133944511414
	],
	"26. right_eye": [
		0.4941692650318146,
		0.3143135607242584,
		-0.2928546965122223,
		0.9998799562454224
	],
	"27. left_ear": [
		0.522253155708313,
		0.32454150915145874,
		-0.1578110158443451,
		0.9998202323913574
	],
	"28. right_ear": [
		0.4850457012653351,
		0.322363018989563,
		-0.1649130880832672,
		0.9997925758361816
	],
	"time stamp": 30.0
}