{
	"1. left_hip": [
		0.5892565846443176,
		0.546413242816925,
		0.12485669553279877,
		0.9990233182907104
	],
	"2. left_knee": [
		0.6139581203460693,
		0.6558660864830017,
		0.08436591178178787,
		0.921544075012207
	],
	"3. left_ankle": [
		0.5826056599617004,
		0.7616344690322876,
		0.22672712802886963,
		0.9150040149688721
	],
	"6. right_hip": [
		0.5472419261932373,
		0.5513525009155273,
		-0.12485082447528839,
		0.9993283748626709
	],
	"7. right_knee": [
		0.6156553626060486,
		0.6493328213691711,
		-0.2024737447500229,
		0.98231041431427
	],
	"8. right_ankle": [
		0.5340753197669983,
		0.716499388217926,
		0.011590545997023582,
		0.967362642288208
	],
	"14. left_shoulder": [
		0.5917897820472717,
		0.38884884119033813,
		0.13824835419654846,
		0.9985362887382507
	],
	"15. left_elbow": [
		0.568199634552002,
		0.4626842141151428,
		0.20483078062534332,
		0.3002057373523712
	],
	"16. left_wrist": [
		0.5823102593421936,
		0.5172257423400879,
		0.11485988646745682,
		0.42202597856521606
	],
	"19. right_shoulder": [
		0.5331075191497803,
		0.37983542680740356,
		-0.2295132279396057,
		0.9997549057006836
	],
	"20. right_elbow": [
		0.47841134667396545,
		0.4535561501979828,
		-0.27692997455596924,
		0.9857865571975708
	],
	"21. right_wrist": [
		0.4690302014350891,
		0.5279935002326965,
		-0.3161177635192871,
		0.9635169506072998
	],
	"24. nose": [
		0.6098227500915527,
		0.32142308354377747,
		-0.1258242279291153,
		0.9995439052581787
	],
	"25. left_eye": [
		0.6057597994804382,
		0.31057894229888916,
		-0.10535628348588943,
		0.9989448189735413
	],
	"26. right_eye": [
		0.5993374586105347,
		0.3089396357536316,
		-0.14436611533164978,
		0.9992737770080566
	],
	"27. left_ear": [
		0.5912584066390991,
		0.31609460711479187,
		0.005520093720406294,
		0.9974341988563538
	],
	"28. right_ear": [
		0.5787336230278015,
		0.3136112093925476,
		-0.17360661923885345,
		0.9989169836044312
	],
	"time stamp": 30.0
}