{
	"1. left_hip": [
		0.5563651919364929,
		0.5466702580451965,
		0.09192121028900146,
		0.9993463754653931
	],
	"2. left_knee": [
		0.5944819450378418,
		0.6587278246879578,
		0.16063609719276428,
		0.9234256148338318
	],
	"3. left_ankle": [
		0.5974360704421997,
		0.7601683139801025,
		0.3199017643928528,
		0.9513101577758789
	],
	"6. right_hip": [
		0.5072852969169617,
		0.5502726435661316,
		-0.09188269823789597,
		0.9994187355041504
	],
	"7. right_knee": [
		0.4503062069416046,
		0.6571525931358337,
		-0.05216521769762039,
		0.9900973439216614
	],
	"8. right_ankle": [
		0.40009990334510803,
		0.750921368598938,
		0.1312894970178604,
		0.9831821322441101
	],
	"14. left_shoulder": [
		0.5397979021072388,
		0.37328678369522095,
		0.1363213211297989,
		0.9979352355003357
	],
	"15. left_elbow": [
		0.5320306420326233,
		0.4515054523944855,
		0.17398345470428467,
		0.14938956499099731
	],
	"16. left_wrist": [
		0.5525116920471191,
		0.512427031993866,
		0.10374058783054352,
		0.22610315680503845
	],
	"19. right_shoulder": [
		0.5174402594566345,
		0.36875537037849426,
		-0.20830802619457245,
		0.999758243560791
	],
	"20. right_elbow": [
		0.518703281879425,
		0.45724666118621826,
		-0.23897261917591095,
		0.9606663584709167
	],
	"21. right_wrist": [
		0.5164700746536255,
		0.5268170237541199,
		-0.18925856053829193,
		0.9334055185317993
	],
	"24. nose": [
		0.5731589198112488,
		0.31653282046318054,
		-0.07589377462863922,
		0.9978865385055542
	],
	"25. left_eye": [
		0.5673204064369202,
		0.3047761619091034,
		-0.05916985869407654,
		0.9969743490219116
	],
	"26. right_eye": [
		0.5664091110229492,
		0.3051294684410095,
		-0.09602655470371246,
		0.997514545917511
	],
	"27. left_ear": [
		0.5549577474594116,
		0.3106592893600464,
		0.028123410418629646,
		0.991608202457428
	],
	"28. right_ear": [
		0.5530155301094055,
		0.31009361147880554,
		-0.14138416945934296,
		0.9978769421577454
	],
	"time stamp": 30.0
}