{
	"1. left_hip": [
		0.5547356605529785,
		0.544157087802887,
		0.0584188774228096,
		0.9993657469749451
	],
	"2. left_knee": [
		0.5869564414024353,
		0.6582645177841187,
		0.11500576883554459,
		0.9304565787315369
	],
	"3. left_ankle": [
		0.5952297449111938,
		0.7581994533538818,
		0.354570209980011,
		0.9558795094490051
	],
	"6. right_hip": [
		0.4932529926300049,
		0.5449181795120239,
		-0.05837269499897957,
		0.9994461536407471
	],
	"7. right_knee": [
		0.44504258036613464,
		0.6538549661636353,
		-0.043469030410051346,
		0.9909161925315857
	],
	"8. right_ankle": [
		0.40206557512283325,
		0.7506304979324341,
		0.1700984686613083,
		0.9847348928451538
	],
	"14. left_shoulder": [
		0.5670382976531982,
		0.3752439320087433,
		-0.03611953184008598,
		0.9979490637779236
	],
	"15. left_elbow": [
		0.565275251865387,
		0.45388585329055786,
		0.04283814877271652,
		0.15096567571163177
	],
	"16. left_wrist": [
		0.5540547966957092,
		0.5154605507850647,
		-0.03729330748319626,
		0.210427924990654
	],
	"19. right_shoulder": [
		0.4808841645717621,
		0.3702656924724579,
		-0.22648827731609344,
		0.9997420907020569
	],
	"20. right_elbow": [
		0.4822721779346466,
		0.4615844786167145,
		-0.22668689489364624,
		0.9556779861450195
	],
	"21. right_wrist": [
		0.4989861249923706,
		0.5367737412452698,
		-0.1927133947610855,
		0.8983118534088135
	],
	"24. nose": [
		0.558151364326477,
		0.30355244874954224,
		-0.3132445216178894,
		0.9980414509773254
	],
	"25. left_eye": [
		0.5555360317230225,
		0.2945362627506256,
		-0.2910025417804718,
		0.9971668720245361
	],
	"26. right_eye": [
		0.5455954074859619,
		0.2943578362464905,
		-0.3150467574596405,
		0.997682511806488
	],
	"27. left_ear": [
		0.5465036034584045,
		0.30222439765930176,
		-0.15721732378005981,
		0.9921294450759888
	],
	"28. right_ear": [
		0.5267387628555298,
		0.3037007749080658,
		-0.26774612069129944,
		0.9979944229125977
	],
	"time stamp": 30.0
}