{
	"1. left_hip": [
		0.5458635687828064,
		0.5342073440551758,
		0.02325613982975483,
		0.999679446220398
	],
	"2. left_knee": [
		0.5662316083908081,
		0.64918053150177,
		0.08406870812177658,
		0.9774465560913086
	],
	"3. left_ankle": [
		0.5903034806251526,
		0.7390977740287781,
		0.3507612347602844,
		0.9851568341255188
	],
	"6. right_hip": [
		0.47735023498535156,
		0.5341061949729919,
		-0.02334577590227127,
		0.9997608065605164
	],
	"7. right_knee": [
		0.44587308168411255,
		0.6447890996932983,
		-0.012694220058619976,
		0.9965224266052246
	],
	"8. right_ankle": [
		0.4085748791694641,
		0.7374548316001892,
		0.21643486618995667,
		0.994544267654419
	],
	"14. left_shoulder": [
		0.5703186988830566,
		0.37033000588417053,
		-0.09921567887067795,
		0.999250590801239
	],
	"15. left_elbow": [
		0.5751522183418274,
		0.4512972831726074,
		-0.016194960102438927,
		0.6246241331100464
	],
	"16. left_wrist": [
		0.5799865126609802,
		0.5172966718673706,
		-0.11990562081336975,
		0.4806228280067444
	],
	"19. right_shoulder": [
		0.46251705288887024,
		0.3666624426841736,
		-0.17066627740859985,
		0.9998652935028076
	],
	"20. right_elbow": [
		0.45142385363578796,
		0.4549964964389801,
		-0.14116179943084717,
		0.9414455890655518
	],
	"21. right_wrist": [
		0.4541807472705841,
		0.53022700548172,
		-0.22529898583889008,
		0.7785924673080444
	],
	"24. nose": [
		0.5181744694709778,
		0.30016982555389404,
		-0.37330785393714905,
		0.9993816614151001
	],
	"25. left_eye": [
		0.529412567615509,
		0.2919164299964905,
		-0.3546469509601593,
		0.9990260601043701
	],
	"26. right_eye": [
		0.5101029276847839,
		0.2895165681838989,
		-0.3615722358226776,
		0.9992061853408813
	],
	"27. left_ear": [
		0.5352514982223511,
		0.2987786531448364,
		-0.21742965281009674,
		0.9972599148750305
	],
	"28. right_ear": [
		0.5005083084106445,
		0.2961103320121765,
		-0.250424325466156,
		0.9992026090621948
	],
	"time stamp": 30.0
}