{
	"1. left_hip": [
		0.540374755859375,
		0.534483015537262,
		0.028697114437818527,
		0.999792754650116
	],
	"2. left_knee": [
		0.5617986917495728,
		0.6479294896125793,
		0.09532766044139862,
		0.9900041818618774
	],
	"3. left_ankle": [
		0.588625431060791,
		0.736271321773529,
		0.3795470893383026,
		0.992727518081665
	],
	"6. right_hip": [
		0.47329849004745483,
		0.5337854027748108,
		-0.028785111382603645,
		0.9998563528060913
	],
	"7. right_knee": [
		0.44194844365119934,
		0.6447531580924988,
		-0.01102147251367569,
		0.9979984760284424
	],
	"8. right_ankle": [
		0.4056786298751831,
		0.7356958389282227,
		0.24683882296085358,
		0.9970308542251587
	],
	"14. left_shoulder": [
		0.5611025094985962,
		0.37285947799682617,
		-0.04730188474059105,
		0.9996038675308228
	],
	"15. left_elbow": [
		0.5558605194091797,
		0.4560157060623169,
		0.012093044817447662,
		0.7278729677200317
	],
	"16. left_wrist": [
		0.5680115818977356,
		0.5185670852661133,
		-0.10450905561447144,
		0.5468219518661499
	],
	"19. right_shoulder": [
		0.4608815610408783,
		0.3657229244709015,
		-0.14178553223609924,
		0.9999079704284668
	],
	"20. right_elbow": [
		0.45439791679382324,
		0.4516688585281372,
		-0.12146063894033432,
		0.9320433139801025
	],
	"21. right_wrist": [
		0.44396349787712097,
		0.5190683007240295,
		-0.2208539992570877,
		0.7385371327400208
	],
	"24. nose": [
		0.513003945350647,
		0.2957780063152313,
		-0.3306039273738861,
		0.9997546672821045
	],
	"25. left_eye": [
		0.5259295701980591,
		0.2900291979312897,
		-0.30753093957901,
		0.9995622038841248
	],
	"26. right_eye": [
		0.5045827031135559,
		0.2865840792655945,
		-0.3133705258369446,
		0.9996417164802551
	],
	"27. left_ear": [
		0.5335438847541809,
		0.29843172430992126,
		-0.16451150178909302,
		0.9987182021141052
	],
	"28. right_ear": [
		0.4965813457965851,
		0.2945261299610138,
		-0.19296742975711823,
		0.9995689392089844
	],
	"time stamp": 30.0
}