{
	"1. left_hip": [
		0.5256523489952087,
		0.568950891494751,
		0.016662554815411568,
		0.9998806118965149
	],
	"2. left_knee": [
		0.5995548963546753,
		0.6508504152297974,
		-0.16851472854614258,
		0.995265543460846
	],
	"3. left_ankle": [
		0.5867932438850403,
		0.7334843873977661,
		0.13779878616333008,
		0.9958249926567078
	],
	"6. right_hip": [
		0.46365073323249817,
		0.5713097453117371,
		-0.016705529764294624,
		0.9998772740364075
	],
	"7. right_knee": [
		0.40956446528434753,
		0.6545935869216919,
		-0.19218449294567108,
		0.9984104037284851
	],
	"8. right_ankle": [
		0.39772292971611023,
		0.7344967126846313,
		0.11081579327583313,
		0.9974938631057739
	],
	"14. left_shoulder": [
		0.5414490103721619,
		0.42701682448387146,
		-0.06545533239841461,
		0.9998536705970764
	],
	"15. left_elbow": [
		0.5595970749855042,
		0.49994730949401855,
		-0.031112870201468468,
		0.8719422221183777
	],
	"16. left_wrist": [
		0.6190057396888733,
		0.5225232839584351,
		-0.17302624881267548,
		0.8239256143569946
	],
	"19. right_shoulder": [
		0.4472695291042328,
		0.42650461196899414,
		-0.09476923197507858,
		0.9999116659164429
	],
	"20. right_elbow": [
		0.4113013446331024,
		0.5017629861831665,
		-0.09074091166257858,
		0.9576632380485535
	],
	"21. right_wrist": [
		0.3592223823070526,
		0.5378173589706421,
		-0.21849627792835236,
		0.8839116096496582
	],
	"24. nose": [
		0.4972486197948456,
		0.3573475182056427,
		-0.30979952216148376,
		0.9999187588691711
	],
	"25. left_eye": [
		0.5074576139450073,
		0.34981203079223633,
		-0.28317880630493164,
		0.9998511672019958
	],
	"26. right_eye": [
		0.48813098669052124,
		0.3485150933265686,
		-0.2854284346103668,
		0.9998737573623657
	],
	"27. left_ear": [
		0.5150412917137146,
		0.35631120204925537,
		-0.1487831026315689,
		0.9995620846748352
	],
	"28. right_ear": [
		0.4803849160671234,
		0.35523146390914917,
		-0.16015580296516418,
		0.999835193157196
	],
	"time stamp": 30.0
}