{
	"1. left_hip": [
		0.519926130771637,
		0.5651901364326477,
		0.019646288827061653,
		0.9999006390571594
	],
	"2. left_knee": [
		0.5940832495689392,
		0.650429904460907,
		-0.1336003988981247,
		0.9962124824523926
	],
	"3. left_ankle": [
		0.5837575197219849,
		0.7333231568336487,
		0.16521158814430237,
		0.9962279796600342
	],
	"6. right_hip": [
		0.4591871500015259,
		0.568237841129303,
		-0.019644228741526604,
		0.9998893141746521
	],
	"7. right_knee": [
		0.41204312443733215,
		0.6571051478385925,
		-0.13585667312145233,
		0.998586893081665
	],
	"8. right_ankle": [
		0.39606887102127075,
		0.7338327765464783,
		0.17240186035633087,
		0.9974368214607239
	],
	"14. left_shoulder": [
		0.5333628058433533,
		0.4266194701194763,
		-0.08136452734470367,
		0.999889075756073
	],
	"15. left_elbow": [
		0.5490434169769287,
		0.4969943165779114,
		-0.035117559134960175,
		0.8916023373603821
	],
	"16. left_wrist": [
		0.6114891767501831,
		0.5245398879051208,
		-0.17116288840770721,
		0.8635824918746948
	],
	"19. right_shoulder": [
		0.44170069694519043,
		0.4281342327594757,
		-0.1301608830690384,
		0.9999270439147949
	],
	"20. right_elbow": [
		0.4023021161556244,
		0.49541592597961426,
		-0.11159523576498032,
		0.9666900634765625
	],
	"21. right_wrist": [
		0.3547077476978302,
		0.5413041710853577,
		-0.21869634091854095,
		0.9129723310470581
	],
	"24. nose": [
		0.4981689155101776,
		0.35812556743621826,
		-0.332238107919693,
		0.9999404549598694
	],
	"25. left_eye": [
		0.506033718585968,
		0.3508603274822235,
		-0.30711793899536133,
		0.9998905658721924
	],
	"26. right_eye": [
		0.48804932832717896,
		0.34969234466552734,
		-0.31215181946754456,
		0.9999065399169922
	],
	"27. left_ear": [
		0.5097902417182922,
		0.35611265897750854,
		-0.17220880091190338,
		0.9996787905693054
	],
	"28. right_ear": [
		0.4781336486339569,
		0.35662299394607544,
		-0.19609658420085907,
		0.9998777508735657
	],
	"time stamp": 30.0
}