{
	"1. left_hip": [
		0.5272659659385681,
		0.5457408428192139,
		0.033799346536397934,
		0.9999043345451355
	],
	"2. left_knee": [
		0.5779792666435242,
		0.6404391527175903,
		-0.17061187326908112,
		0.9965516328811646
	],
	"3. left_ankle": [
		0.49531829357147217,
		0.6881175637245178,
		0.1619676649570465,
		0.9934939742088318
	],
	"6. right_hip": [
		0.47469618916511536,
		0.5482240319252014,
		-0.033950325101614,
		0.9998911023139954
	],
	"7. right_knee": [
		0.46477776765823364,
		0.6495105624198914,
		-0.1225520446896553,
		0.9985789060592651
	],
	"8. right_ankle": [
		0.4069381356239319,
		0.7244510054588318,
		0.07965806871652603,
		0.9975382089614868
	],
	"14. left_shoulder": [
		0.5342786312103271,
		0.3914376497268677,
		-0.027039270848035812,
		0.9998777508735657
	],
	"15. left_elbow": [
		0.5628565549850464,
		0.4499013125896454,
		-0.21538904309272766,
		0.8895872235298157
	],
	"16. left_wrist": [
		0.5275715589523315,
		0.4030551016330719,
		-0.43175187706947327,
		0.8836947679519653
	],
	"19. right_shoulder": [
		0.43740570545196533,
		0.40190213918685913,
		-0.027591874822974205,
		0.9999287128448486
	],
	"20. right_elbow": [
		0.3866536021232605,
		0.43783506751060486,
		-0.18947052955627441,
		0.9739677906036377
	],
	"21. right_wrist": [
		0.4085899889469147,
		0.39711377024650574,
		-0.4011897146701813,
		0.9240996837615967
	],
	"24. nose": [
		0.47340771555900574,
		0.3498380780220032,
		-0.2330462783575058,
		0.9999527335166931
	],
	"25. left_eye": [
		0.4860517680644989,
		0.33985385298728943,
		-0.21273313462734222,
		0.9999143481254578
	],
	"26. right_eye": [
		0.4709727466106415,
		0.33897092938423157,
		-0.20851677656173706,
		0.9999269247055054
	],
	"27. left_ear": [
		0.5023456811904907,
		0.34515249729156494,
		-0.09129734337329865,
		0.9997749924659729
	],
	"28. right_ear": [
		0.4720989167690277,
		0.34444430470466614,
		-0.07115539908409119,
		0.9999073147773743
	],
	"time stamp": 30.0
}