{
	"1. left_hip": [
		0.5335255265235901,
		0.5362914800643921,
		0.07048702985048294,
		0.9997092485427856
	],
	"2. left_knee": [
		0.5249035954475403,
		0.656373143196106,
		0.03902270272374153,
		0.9052342772483826
	],
	"3. left_ankle": [
		0.4503398835659027,
		0.7057454586029053,
		0.2392641007900238,
		0.9569543600082397
	],
	"6. right_hip": [
		0.4999268352985382,
		0.537316083908081,
		-0.07096022367477417,
		0.9998385906219482
	],
	"7. right_knee": [
		0.5811382532119751,
		0.6303232908248901,
		-0.22756916284561157,
		0.9958130717277527
	],
	"8. right_ankle": [
		0.5590868592262268,
		0.7299373149871826,
		-0.17558805644512177,
		0.99290931224823
	],
	"14. left_shoulder": [
		0.5418039560317993,
		0.38016563653945923,
		0.04928018897771835,
		0.9998567700386047
	],
	"15. left_elbow": [
		0.5166600942611694,
		0.4246214032173157,
		-0.04070581495761871,
		0.9120291471481323
	],
	"16. left_wrist": [
		0.4564017951488495,
		0.44524863362312317,
		-0.2182629406452179,
		0.9086934328079224
	],
	"19. right_shoulder": [
		0.46708008646965027,
		0.4000919461250305,
		0.06625532358884811,
		0.9999085068702698
	],
	"20. right_elbow": [
		0.4158268868923187,
		0.4491032063961029,
		0.101695217192173,
		0.9659911394119263
	],
	"21. right_wrist": [
		0.34907910227775574,
		0.4724624752998352,
		0.07442716509103775,
		0.928957998752594
	],
	"24. nose": [
		0.47662895917892456,
		0.3560323417186737,
		-0.06672915071249008,
		0.9997705221176147
	],
	"25. left_eye": [
		0.48760542273521423,
		0.34413400292396545,
		-0.054589949548244476,
		0.9993950724601746
	],
	"26. right_eye": [
		0.47394120693206787,
		0.3462553918361664,
		-0.05017099529504776,
		0.9992331862449646
	],
	"27. left_ear": [
		0.5052329301834106,
		0.34579697251319885,
		0.022329693660140038,
		0.9986081719398499
	],
	"28. right_ear": [
		0.4786551594734192,
		0.34929659962654114,
		0.04481334239244461,
		0.9990005493164062
	],
	"time stamp": 30.0
}