{
	"1. left_hip": [
		0.5584096908569336,
		0.5312486290931702,
		0.07984967529773712,
		0.9997503757476807
	],
	"2. left_knee": [
		0.5599691867828369,
		0.6458644270896912,
		0.058774273842573166,
		0.8659243583679199
	],
	"3. left_ankle": [
		0.4692039489746094,
		0.7206758260726929,
		0.23943686485290527,
		0.9461137652397156
	],
	"6. right_hip": [
		0.5156588554382324,
		0.5332221388816833,
		-0.08004619181156158,
		0.999857485294342
	],
	"7. right_knee": [
		0.604746401309967,
		0.6124940514564514,
		-0.23600417375564575,
		0.9956192970275879
	],
	"8. right_ankle": [
		0.5991250276565552,
		0.7106780409812927,
		-0.16623616218566895,
		0.9954330325126648
	],
	"14. left_shoulder": [
		0.5617048740386963,
		0.3745022118091583,
		0.09438502043485641,
		0.9999298453330994
	],
	"15. left_elbow": [
		0.5871894359588623,
		0.4239758253097534,
		-0.06215125694870949,
		0.9213719964027405
	],
	"16. left_wrist": [
		0.5149419903755188,
		0.4240206480026245,
		-0.2892782986164093,
		0.9273871779441833
	],
	"19. right_shoulder": [
		0.47066032886505127,
		0.38688069581985474,
		0.05560547485947609,
		0.9999572038650513
	],
	"20. right_elbow": [
		0.43653419613838196,
		0.44645702838897705,
		-0.0748123899102211,
		0.9775332808494568
	],
	"21. right_wrist": [
		0.4242386817932129,
		0.4213300049304962,
		-0.2564750909805298,
		0.951695442199707
	],
	"24. nose": [
		0.5117700099945068,
		0.3455113172531128,
		-0.09295892715454102,
		0.9999127388000488
	],
	"25. left_eye": [
		0.5215944647789001,
		0.3342260718345642,
		-0.0726085677742958,
		0.9997678399085999
	],
	"26. right_eye": [
		0.5037575364112854,
		0.33462804555892944,
		-0.07624952495098114,
		0.9997316002845764
	],
	"27. left_ear": [
		0.5310078263282776,
		0.3371870517730713,
		0.04380720853805542,
		0.9994763731956482
	],
	"28. right_ear": [
		0.49423977732658386,
		0.33728641271591187,
		0.02728673443198204,
		0.9996538162231445
	],
	"time stamp": 30.0
}