{
	"1. left_hip": [
		0.5676082968711853,
		0.5413453578948975,
		0.07924161851406097,
		0.9994621276855469
	],
	"2. left_knee": [
		0.5214006900787354,
		0.6568253636360168,
		0.12668487429618835,
		0.8472521305084229
	],
	"3. left_ankle": [
		0.4364975392818451,
		0.7160388231277466,
		0.3171450197696686,
		0.947702944278717
	],
	"6. right_hip": [
		0.534380316734314,
		0.5496107935905457,
		-0.07956034690141678,
		0.9998878240585327
	],
	"7. right_knee": [
		0.6242192387580872,
		0.6335920095443726,
		-0.31932908296585083,
		0.9941699504852295
	],
	"8. right_ankle": [
		0.6411942839622498,
		0.7410071492195129,
		-0.2898510694503784,
		0.9964442849159241
	],
	"14. left_shoulder": [
		0.5592445731163025,
		0.37562060356140137,
		0.0803583636879921,
		0.9998975992202759
	],
	"15. left_elbow": [
		0.5562318563461304,
		0.4415603578090668,
		0.05364273861050606,
		0.7924875020980835
	],
	"16. left_wrist": [
		0.5440101027488708,
		0.5149628520011902,
		-0.11371215432882309,
		0.817024290561676
	],
	"19. right_shoulder": [
		0.478311151266098,
		0.4118396043777466,
		0.024177808314561844,
		0.9999622702598572
	],
	"20. right_elbow": [
		0.43703705072402954,
		0.46886304020881653,
		0.056120485067367554,
		0.9715984463691711
	],
	"21. right_wrist": [
		0.37808841466903687,
		0.5034180283546448,
		0.00974958948791027,
		0.9518110156059265
	],
	"24. nose": [
		0.5092806816101074,
		0.35474246740341187,
		-0.1391681283712387,
		0.999902069568634
	],
	"25. left_eye": [
		0.5193078517913818,
		0.34189650416374207,
		-0.12086930871009827,
		0.9997310042381287
	],
	"26. right_eye": [
		0.5021552443504333,
		0.3430868685245514,
		-0.12384389340877533,
		0.9997044205665588
	],
	"27. left_ear": [
		0.5294768810272217,
		0.3439502418041229,
		-0.00412075174972415,
		0.9991385340690613
	],
	"28. right_ear": [
		0.49418678879737854,
		0.34754276275634766,
		-0.018046686425805092,
		0.9995929002761841
	],
	"time stamp": 30.0
}