{
	"1. left_hip": [
		0.5846871137619019,
		0.5427017211914062,
		0.054875388741493225,
		0.9995467662811279
	],
	"2. left_knee": [
		0.561389684677124,
		0.6539722681045532,
		0.05326132848858833,
		0.8431679606437683
	],
	"3. left_ankle": [
		0.4534492790699005,
		0.6882695555686951,
		0.3052118122577667,
		0.9555873274803162
	],
	"6. right_hip": [
		0.5450829863548279,
		0.5478598475456238,
		-0.05493432655930519,
		0.9999155402183533
	],
	"7. right_knee": [
		0.6246070265769958,
		0.6375789046287537,
		-0.19131846725940704,
		0.9935317635536194
	],
	"8. right_ankle": [
		0.6245996952056885,
		0.7454074621200562,
		-0.08316190540790558,
		0.9967266917228699
	],
	"14. left_shoulder": [
		0.5882463455200195,
		0.3723334074020386,
		0.025647377595305443,
		0.9999257326126099
	],
	"15. left_elbow": [
		0.6379544138908386,
		0.43719592690467834,
		0.037091709673404694,
		0.8463377356529236
	],
	"16. left_wrist": [
		0.6426809430122375,
		0.5045461654663086,
		-0.14439097046852112,
		0.8610777258872986
	],
	"19. right_shoulder": [
		0.5038712024688721,
		0.4142706096172333,
		-0.005688254721462727,
		0.9999712109565735
	],
	"20. right_elbow": [
		0.4831588864326477,
		0.4912814199924469,
		0.045003361999988556,
		0.9705129861831665
	],
	"21. right_wrist": [
		0.4590210020542145,
		0.5567464232444763,
		-0.04569682106375694,
		0.9527854919433594
	],
	"24. nose": [
		0.5120286345481873,
		0.35367029905319214,
		-0.19401384890079498,
		0.9999310374259949
	],
	"25. left_eye": [
		0.5205176472663879,
		0.33982840180397034,
		-0.18085752427577972,
		0.9998064637184143
	],
	"26. right_eye": [
		0.5051051378250122,
		0.3433643877506256,
		-0.17507506906986237,
		0.999789297580719
	],
	"27. left_ear": [
		0.5352701544761658,
		0.3385268449783325,
		-0.07944189012050629,
		0.9993852376937866
	],
	"28. right_ear": [
		0.5102540850639343,
		0.34769099950790405,
		-0.049917154014110565,
		0.9996926784515381
	],
	"time stamp": 30.0
}