{
	"1. left_hip": [
		0.584610641002655,
		0.5334466099739075,
		0.059516407549381256,
		0.9995924234390259
	],
	"2. left_knee": [
		0.5858674645423889,
		0.6513640284538269,
		0.06505673378705978,
		0.8461538553237915
	],
	"3. left_ankle": [
		0.47770029306411743,
		0.6798123717308044,
		0.3140871822834015,
		0.9581736922264099
	],
	"6. right_hip": [
		0.5415486693382263,
		0.5377544164657593,
		-0.05948822200298309,
		0.9999237656593323
	],
	"7. right_knee": [
		0.6153770685195923,
		0.6373313665390015,
		-0.1883673071861267,
		0.993515133857727
	],
	"8. right_ankle": [
		0.6211677193641663,
		0.7460216879844666,
		-0.0836595892906189,
		0.9967983365058899
	],
	"14. left_shoulder": [
		0.6010159254074097,
		0.36539632081985474,
		-0.010653572157025337,
		0.9999385476112366
	],
	"15. left_elbow": [
		0.6413249969482422,
		0.42809829115867615,
		0.024886399507522583,
		0.8739011287689209
	],
	"16. left_wrist": [
		0.6387355327606201,
		0.49791696667671204,
		-0.11995375156402588,
		0.8843650817871094
	],
	"19. right_shoulder": [
		0.5074339509010315,
		0.4005185067653656,
		-0.0569521002471447,
		0.9999739527702332
	],
	"20. right_elbow": [
		0.48996102809906006,
		0.48627200722694397,
		0.007490573450922966,
		0.9643555283546448
	],
	"21. right_wrist": [
		0.4858405292034149,
		0.5535746216773987,
		-0.07550650089979172,
		0.9405625462532043
	],
	"24. nose": [
		0.5198084115982056,
		0.33945149183273315,
		-0.23613016307353973,
		0.9999359846115112
	],
	"25. left_eye": [
		0.5289083123207092,
		0.3265852928161621,
		-0.2292557656764984,
		0.9998189806938171
	],
	"26. right_eye": [
		0.5162085890769958,
		0.33187374472618103,
		-0.22207018733024597,
		0.9998020529747009
	],
	"27. left_ear": [
		0.5454748272895813,
		0.3268279433250427,
		-0.13813969492912292,
		0.9994552731513977
	],
	"28. right_ear": [
		0.5229998826980591,
		0.3341355621814728,
		-0.10263890027999878,
		0.9996968507766724
	],
	"time stamp": 30.0
}