{
	"1. left_hip": [
		0.5946847796440125,
		0.5073924660682678,
		0.1318349540233612,
		0.9977251291275024
	],
	"2. left_knee": [
		0.6108704805374146,
		0.6222324371337891,
		0.21920429170131683,
		0.8615541458129883
	],
	"3. left_ankle": [
		0.5832648277282715,
		0.7297500371932983,
		0.421389102935791,
		0.9257309436798096
	],
	"6. right_hip": [
		0.5639815926551819,
		0.5120953321456909,
		-0.13196174800395966,
		0.9991002082824707
	],
	"7. right_knee": [
		0.5736967325210571,
		0.6312161684036255,
		-0.051819898188114166,
		0.9869415163993835
	],
	"8. right_ankle": [
		0.5514259338378906,
		0.7550926208496094,
		0.12118685990571976,
		0.9911622405052185
	],
	"14. left_shoulder": [
		0.5672520399093628,
		0.336543470621109,
		0.08516966551542282,
		0.9965717196464539
	],
	"15. left_elbow": [
		0.5681690573692322,
		0.4237986207008362,
		0.16210418939590454,
		0.2832539677619934
	],
	"16. left_wrist": [
		0.5869051814079285,
		0.4927818775177002,
		0.06546694040298462,
		0.3111204206943512
	],
	"19. right_shoulder": [
		0.5281327366828918,
		0.3333472013473511,
		-0.30737754702568054,
		0.9999456405639648
	],
	"20. right_elbow": [
		0.5342370867729187,
		0.4311444163322449,
		-0.34095868468284607,
		0.9814572334289551
	],
	"21. right_wrist": [
		0.545339047908783,
		0.5183572769165039,
		-0.3850194811820984,
		0.9460752010345459
	],
	"24. nose": [
		0.5701281428337097,
		0.2678528130054474,
		-0.3452073931694031,
		0.9999200701713562
	],
	"25. left_eye": [
		0.5757803916931152,
		0.2600977420806885,
		-0.3075593113899231,
		0.9997481107711792
	],
	"26. right_eye": [
		0.5561656355857849,
		0.25807100534439087,
		-0.3403511345386505,
		0.9998740553855896
	],
	"27. left_ear": [
		0.5751270651817322,
		0.26793256402015686,
		-0.11231336742639542,
		0.9988697171211243
	],
	"28. right_ear": [
		0.5385150909423828,
		0.2666967213153839,
		-0.26518672704696655,
		0.9998409152030945
	],
	"time stamp": 30.0
}