{
	"1. left_hip": [
		0.5434092879295349,
		0.5746455788612366,
		0.13969109952449799,
		0.9986150860786438
	],
	"2. left_knee": [
		0.5976355075836182,
		0.671786904335022,
		0.20848672091960907,
		0.7218222618103027
	],
	"3. left_ankle": [
		0.526383101940155,
		0.7527481317520142,
		0.39969322085380554,
		0.8517778515815735
	],
	"6. right_hip": [
		0.5251744389533997,
		0.5773263573646545,
		-0.13969647884368896,
		0.9993656277656555
	],
	"7. right_knee": [
		0.6169838905334473,
		0.6780619025230408,
		-0.1584237813949585,
		0.9915584325790405
	],
	"8. right_ankle": [
		0.5401738286018372,
		0.786800742149353,
		-0.04213884100317955,
		0.988563060760498
	],
	"14. left_shoulder": [
		0.6168864965438843,
		0.4366294741630554,
		0.0206559207290411,
		0.9980069398880005
	],
	"15. left_elbow": [
		0.590746283531189,
		0.5240825414657593,
		0.0936051607131958,
		0.13454630970954895
	],
	"16. left_wrist": [
		0.58500075340271,
		0.5920225977897644,
		-0.013388562016189098,
		0.17163507640361786
	],
	"19. right_shoulder": [
		0.5726332664489746,
		0.4260996878147125,
		-0.3518434762954712,
		0.9999533891677856
	],
	"20. right_elbow": [
		0.500880241394043,
		0.4927136301994324,
		-0.39704078435897827,
		0.9893760681152344
	],
	"21. right_wrist": [
		0.5079718828201294,
		0.5712506771087646,
		-0.4087713062763214,
		0.9519866108894348
	],
	"24. nose": [
		0.6459046602249146,
		0.3818776309490204,
		-0.3786538541316986,
		0.9998879432678223
	],
	"25. left_eye": [
		0.6497392058372498,
		0.3713243305683136,
		-0.3456610441207886,
		0.9997333288192749
	],
	"26. right_eye": [
		0.6351829171180725,
		0.36707332730293274,
		-0.3764204978942871,
		0.999871015548706
	],
	"27. left_ear": [
		0.6423599123954773,
		0.37450459599494934,
		-0.18189406394958496,
		0.9992780089378357
	],
	"28. right_ear": [
		0.6149188280105591,
		0.3692806661128998,
		-0.3429286777973175,
		0.9998924136161804
	],
	"time stamp": 30.0
}