{
	"1. left_hip": [
		0.5117853283882141,
		0.5669702887535095,
		0.1461428850889206,
		0.9969565272331238
	],
	"2. left_knee": [
		0.5650918483734131,
		0.6650679707527161,
		0.20476868748664856,
		0.624165952205658
	],
	"3. left_ankle": [
		0.5026883482933044,
		0.7519357204437256,
		0.35821932554244995,
		0.785029947757721
	],
	"6. right_hip": [
		0.49656644463539124,
		0.5779114365577698,
		-0.14622633159160614,
		0.998234212398529
	],
	"7. right_knee": [
		0.5739259123802185,
		0.6852913498878479,
		-0.17061708867549896,
		0.9825683832168579
	],
	"8. right_ankle": [
		0.47817498445510864,
		0.7664583921432495,
		-0.047659024596214294,
		0.9778801798820496
	],
	"14. left_shoulder": [
		0.5613844394683838,
		0.419572651386261,
		0.06805630773305893,
		0.9985309839248657
	],
	"15. left_elbow": [
		0.5150601267814636,
		0.4784580171108246,
		0.2021825760602951,
		0.08049116283655167
	],
	"16. left_wrist": [
		0.5683066844940186,
		0.5068910121917725,
		0.1720251590013504,
		0.17996138334274292
	],
	"19. right_shoulder": [
		0.5458194017410278,
		0.42080938816070557,
		-0.33105164766311646,
		0.9999080300331116
	],
	"20. right_elbow": [
		0.4701644778251648,
		0.4711354076862335,
		-0.3349374234676361,
		0.9778677821159363
	],
	"21. right_wrist": [
		0.5434738993644714,
		0.5171123147010803,
		-0.23529934883117676,
		0.9301774501800537
	],
	"24. nose": [
		0.6130188703536987,
		0.36150363087654114,
		-0.284535676240921,
		0.9997958540916443
	],
	"25. left_eye": [
		0.6087512969970703,
		0.35110023617744446,
		-0.25885969400405884,
		0.9996543526649475
	],
	"26. right_eye": [
		0.5990731716156006,
		0.3524722456932068,
		-0.29679080843925476,
		0.999808132648468
	],
	"27. left_ear": [
		0.5977922081947327,
		0.35845863819122314,
		-0.1275026500225067,
		0.9992767572402954
	],
	"28. right_ear": [
		0.5774860382080078,
		0.362470805644989,
		-0.29592180252075195,
		0.9998648166656494
	],
	"time stamp": 30.0
}