{
	"1. left_hip": [
		0.5046983361244202,
		0.564607560634613,
		0.13727831840515137,
		0.9969764947891235
	],
	"2. left_knee": [
		0.5602207779884338,
		0.6675251722335815,
		0.17983728647232056,
		0.6167475581169128
	],
	"3. left_ankle": [
		0.4983711540699005,
		0.7515111565589905,
		0.29050201177597046,
		0.7895995378494263
	],
	"6. right_hip": [
		0.49283698201179504,
		0.5740501880645752,
		-0.13736175000667572,
		0.9982576966285706
	],
	"7. right_knee": [
		0.5693461298942566,
		0.6891657710075378,
		-0.15097977221012115,
		0.9839828610420227
	],
	"8. right_ankle": [
		0.47929301857948303,
		0.7688016295433044,
		-0.035693053156137466,
		0.9779710173606873
	],
	"14. left_shoulder": [
		0.5713596940040588,
		0.42252790927886963,
		0.09093207120895386,
		0.9986518621444702
	],
	"15. left_elbow": [
		0.5341662764549255,
		0.49231719970703125,
		0.17610794305801392,
		0.07340585440397263
	],
	"16. left_wrist": [
		0.5726499557495117,
		0.5032513737678528,
		0.08682650327682495,
		0.16580547392368317
	],
	"19. right_shoulder": [
		0.5487819910049438,
		0.4216514527797699,
		-0.3045942187309265,
		0.999918520450592
	],
	"20. right_elbow": [
		0.4732070565223694,
		0.4710882306098938,
		-0.27428022027015686,
		0.9802388548851013
	],
	"21. right_wrist": [
		0.5488853454589844,
		0.5084563493728638,
		-0.1557144820690155,
		0.9317852258682251
	],
	"24. nose": [
		0.6179877519607544,
		0.37281912565231323,
		-0.28548258543014526,
		0.9998235702514648
	],
	"25. left_eye": [
		0.618321418762207,
		0.36332571506500244,
		-0.2573966681957245,
		0.9996981620788574
	],
	"26. right_eye": [
		0.606476902961731,
		0.3624391257762909,
		-0.2909103035926819,
		0.9998360872268677
	],
	"27. left_ear": [
		0.6100403666496277,
		0.3671371340751648,
		-0.11190294474363327,
		0.9993393421173096
	],
	"28. right_ear": [
		0.584360659122467,
		0.36713671684265137,
		-0.2619439661502838,
		0.9998872876167297
	],
	"time stamp": 30.0
}