{
	"1. left_hip": [
		0.5444042086601257,
		0.5138274431228638,
		0.11795734614133835,
		0.9965639114379883
	],
	"2. left_knee": [
		0.5884577631950378,
		0.6225873827934265,
		0.18535959720611572,
		0.7769559621810913
	],
	"3. left_ankle": [
		0.5347917675971985,
		0.6963661909103394,
		0.41395360231399536,
		0.882070779800415
	],
	"6. right_hip": [
		0.5057852268218994,
		0.5140736699104309,
		-0.1179107129573822,
		0.9990407228469849
	],
	"7. right_knee": [
		0.5298449397087097,
		0.6316494345664978,
		-0.24310216307640076,
		0.9921184778213501
	],
	"8. right_ankle": [
		0.5119116306304932,
		0.7727307677268982,
		-0.2403174340724945,
		0.9905672669410706
	],
	"14. left_shoulder": [
		0.5748276710510254,
		0.3487326204776764,
		0.1080317571759224,
		0.9986284375190735
	],
	"15. left_elbow": [
		0.5587500333786011,
		0.4194408059120178,
		0.12358380109071732,
		0.07756387442350388
	],
	"16. left_wrist": [
		0.5778093338012695,
		0.43894660472869873,
		-0.06566126644611359,
		0.21692761778831482
	],
	"19. right_shoulder": [
		0.5169238448143005,
		0.3350569009780884,
		-0.2037285715341568,
		0.9999532103538513
	],
	"20. right_elbow": [
		0.46234309673309326,
		0.39894092082977295,
		-0.32655468583106995,
		0.986153244972229
	],
	"21. right_wrist": [
		0.5257660746574402,
		0.4274371564388275,
		-0.469558447599411,
		0.9521026015281677
	],
	"24. nose": [
		0.5810710191726685,
		0.28269317746162415,
		-0.27146896719932556,
		0.9999207258224487
	],
	"25. left_eye": [
		0.5859838128089905,
		0.27562931180000305,
		-0.2391752004623413,
		0.999855637550354
	],
	"26. right_eye": [
		0.5677668452262878,
		0.2720732092857361,
		-0.262307345867157,
		0.9999300837516785
	],
	"27. left_ear": [
		0.5845873355865479,
		0.2832891047000885,
		-0.06785068660974503,
		0.999625563621521
	],
	"28. right_ear": [
		0.5484229326248169,
		0.2775915265083313,
		-0.17487768828868866,
		0.9999499320983887
	],
	"time stamp": 30.0
}