{
	"1. left_hip": [
		0.5460838079452515,
		0.5146080255508423,
		0.10248929262161255,
		0.9960746765136719
	],
	"2. left_knee": [
		0.5887595415115356,
		0.6234563589096069,
		0.048138201236724854,
		0.7857290506362915
	],
	"3. left_ankle": [
		0.5214537382125854,
		0.7057963609695435,
		0.20775888860225677,
		0.8517397046089172
	],
	"6. right_hip": [
		0.5054555535316467,
		0.5154856443405151,
		-0.10227925330400467,
		0.9990491271018982
	],
	"7. right_knee": [
		0.5249335169792175,
		0.6336162090301514,
		-0.2923450469970703,
		0.9914143085479736
	],
	"8. right_ankle": [
		0.5107919573783875,
		0.7662075757980347,
		-0.2827938199043274,
		0.9895809292793274
	],
	"14. left_shoulder": [
		0.5815442204475403,
		0.3495562970638275,
		0.13023406267166138,
		0.997409999370575
	],
	"15. left_elbow": [
		0.5536507964134216,
		0.4235438406467438,
		0.16194386780261993,
		0.07405095547437668
	],
	"16. left_wrist": [
		0.5803375244140625,
		0.4559022784233093,
		0.04305832087993622,
		0.1940164417028427
	],
	"19. right_shoulder": [
		0.5167977809906006,
		0.338590532541275,
		-0.16468673944473267,
		0.9999440908432007
	],
	"20. right_elbow": [
		0.47758403420448303,
		0.40278130769729614,
		-0.2958464026451111,
		0.9878867268562317
	],
	"21. right_wrist": [
		0.5611976981163025,
		0.429201602935791,
		-0.42637336254119873,
		0.9576133489608765
	],
	"24. nose": [
		0.5833853483200073,
		0.28550729155540466,
		-0.20030562579631805,
		0.9998578429222107
	],
	"25. left_eye": [
		0.5863139629364014,
		0.2774255573749542,
		-0.16853506863117218,
		0.9997273683547974
	],
	"26. right_eye": [
		0.5692774653434753,
		0.27539029717445374,
		-0.19241462647914886,
		0.9998677372932434
	],
	"27. left_ear": [
		0.5828719139099121,
		0.2852175831794739,
		-0.013068368658423424,
		0.9993243217468262
	],
	"28. right_ear": [
		0.5496320724487305,
		0.2820690870285034,
		-0.11841665953397751,
		0.999898374080658
	],
	"time stamp": 30.0
}