{
	"1. left_hip": [
		0.5722910761833191,
		0.5442641377449036,
		0.04239807277917862,
		0.9978111982345581
	],
	"2. left_knee": [
		0.6243505477905273,
		0.6365472078323364,
		-0.037718404084444046,
		0.882362961769104
	],
	"3. left_ankle": [
		0.6631466150283813,
		0.7204267978668213,
		0.2973359227180481,
		0.913054883480072
	],
	"6. right_hip": [
		0.5118646621704102,
		0.5408413410186768,
		-0.04264923557639122,
		0.9992357492446899
	],
	"7. right_knee": [
		0.4708782136440277,
		0.6424829363822937,
		-0.014616565778851509,
		0.9922215938568115
	],
	"8. right_ankle": [
		0.4425845742225647,
		0.7228543758392334,
		0.28101053833961487,
		0.9866557717323303
	],
	"14. left_shoulder": [
		0.6208876371383667,
		0.40016838908195496,
		-0.08068892359733582,
		0.9969912171363831
	],
	"15. left_elbow": [
		0.6450950503349304,
		0.4849923849105835,
		-0.09056241810321808,
		0.4038026034832001
	],
	"16. left_wrist": [
		0.6547762751579285,
		0.5656688809394836,
		-0.128013476729393,
		0.37308067083358765
	],
	"19. right_shoulder": [
		0.5502424836158752,
		0.37738147377967834,
		-0.29695993661880493,
		0.9995279908180237
	],
	"20. right_elbow": [
		0.615271270275116,
		0.39085257053375244,
		-0.4861416220664978,
		0.9921332001686096
	],
	"21. right_wrist": [
		0.7018567323684692,
		0.3583356738090515,
		-0.6160637140274048,
		0.9643868803977966
	],
	"24. nose": [
		0.5989150404930115,
		0.33235833048820496,
		-0.42234665155410767,
		0.9995507001876831
	],
	"25. left_eye": [
		0.6060781478881836,
		0.3236250579357147,
		-0.39164355397224426,
		0.9991078972816467
	],
	"26. right_eye": [
		0.5865477919578552,
		0.3226700723171234,
		-0.4008203148841858,
		0.9994229078292847
	],
	"27. left_ear": [
		0.6089981198310852,
		0.3307124674320221,
		-0.22571685910224915,
		0.9979212284088135
	],
	"28. right_ear": [
		0.5729518532752991,
		0.32925528287887573,
		-0.26348674297332764,
		0.999485194683075
	],
	"time stamp": 30.0
}