{
	"1. left_hip": [
		0.5746075510978699,
		0.5459640026092529,
		0.04491573944687843,
		0.9980223774909973
	],
	"2. left_knee": [
		0.6237350702285767,
		0.6427037119865417,
		-0.025448361411690712,
		0.8940434455871582
	],
	"3. left_ankle": [
		0.6643067598342896,
		0.7213068008422852,
		0.3162427842617035,
		0.9215037822723389
	],
	"6. right_hip": [
		0.5140259861946106,
		0.5419881343841553,
		-0.04512995481491089,
		0.9993074536323547
	],
	"7. right_knee": [
		0.47075292468070984,
		0.6424494385719299,
		-0.028551045805215836,
		0.9929271936416626
	],
	"8. right_ankle": [
		0.44354501366615295,
		0.7222594618797302,
		0.2913954555988312,
		0.9878978729248047
	],
	"14. left_shoulder": [
		0.6194301247596741,
		0.4009793698787689,
		-0.0618622712790966,
		0.9972553849220276
	],
	"15. left_elbow": [
		0.6384589076042175,
		0.47827833890914917,
		-0.04036088287830353,
		0.42406806349754333
	],
	"16. left_wrist": [
		0.6453397870063782,
		0.5476508736610413,
		-0.08915208280086517,
		0.381613552570343
	],
	"19. right_shoulder": [
		0.5519771575927734,
		0.37667012214660645,
		-0.30783191323280334,
		0.999559760093689
	],
	"20. right_elbow": [
		0.6222365498542786,
		0.3926272988319397,
		-0.508024275302887,
		0.9927510023117065
	],
	"21. right_wrist": [
		0.7087500095367432,
		0.3628583550453186,
		-0.621109664440155,
		0.967352032661438
	],
	"24. nose": [
		0.603426992893219,
		0.33720681071281433,
		-0.3883018493652344,
		0.9995940923690796
	],
	"25. left_eye": [
		0.6076570749282837,
		0.3279225826263428,
		-0.358688622713089,
		0.9991926550865173
	],
	"26. right_eye": [
		0.5918751358985901,
		0.32762840390205383,
		-0.373917818069458,
		0.9994781017303467
	],
	"27. left_ear": [
		0.6067385673522949,
		0.3337395489215851,
		-0.20020802319049835,
		0.9981216788291931
	],
	"28. right_ear": [
		0.5765641331672668,
		0.33284392952919006,
		-0.26433390378952026,
		0.9995327591896057
	],
	"time stamp": 30.0
}