{
	"1. left_hip": [
		0.5708832740783691,
		0.5327373743057251,
		-0.0021523921750485897,
		0.9989016652107239
	],
	"2. left_knee": [
		0.6017118692398071,
		0.6391032338142395,
		0.05375012755393982,
		0.9475260376930237
	],
	"3. left_ankle": [
		0.6549325585365295,
		0.7279555201530457,
		0.31388190388679504,
		0.9603337049484253
	],
	"6. right_hip": [
		0.5115975737571716,
		0.5224015116691589,
		0.0020335232838988304,
		0.9996291995048523
	],
	"7. right_knee": [
		0.46441376209259033,
		0.6205569505691528,
		-0.09231460094451904,
		0.9957014322280884
	],
	"8. right_ankle": [
		0.44762852787971497,
		0.7192248702049255,
		0.06514952331781387,
		0.9931679368019104
	],
	"14. left_shoulder": [
		0.6208983063697815,
		0.4101846516132355,
		-0.19750022888183594,
		0.9986164569854736
	],
	"15. left_elbow": [
		0.5984530448913574,
		0.4954662621021271,
		-0.197580024600029,
		0.6947296261787415
	],
	"16. left_wrist": [
		0.5597620010375977,
		0.5503706336021423,
		-0.3015124201774597,
		0.6402965784072876
	],
	"19. right_shoulder": [
		0.5284918546676636,
		0.3659496605396271,
		-0.18737904727458954,
		0.9997334480285645
	],
	"20. right_elbow": [
		0.4635319113731384,
		0.3700192868709564,
		-0.26637810468673706,
		0.9617102146148682
	],
	"21. right_wrist": [
		0.45150142908096313,
		0.3910640776157379,
		-0.5301986932754517,
		0.8938321471214294
	],
	"24. nose": [
		0.5853471159934998,
		0.3406752347946167,
		-0.4395287334918976,
		0.9997904896736145
	],
	"25. left_eye": [
		0.5966944098472595,
		0.3340357542037964,
		-0.42296311259269714,
		0.9995703101158142
	],
	"26. right_eye": [
		0.5807875394821167,
		0.3316654562950134,
		-0.4242073595523834,
		0.9996932148933411
	],
	"27. left_ear": [
		0.6056970953941345,
		0.34198155999183655,
		-0.28882285952568054,
		0.9990293383598328
	],
	"28. right_ear": [
		0.5738457441329956,
		0.3355337679386139,
		-0.2982149124145508,
		0.9996787309646606
	],
	"time stamp": 30.0
}