{
	"1. left_hip": [
		0.5374784469604492,
		0.5244976878166199,
		-0.08383945375680923,
		0.9992572665214539
	],
	"2. left_knee": [
		0.4883403778076172,
		0.6255483627319336,
		-0.16906623542308807,
		0.9766395092010498
	],
	"3. left_ankle": [
		0.522598385810852,
		0.7185935974121094,
		-0.05882294476032257,
		0.9815825819969177
	],
	"6. right_hip": [
		0.49443519115448,
		0.5203067064285278,
		0.08374229818582535,
		0.9997044801712036
	],
	"7. right_knee": [
		0.4527173638343811,
		0.6173512935638428,
		0.024764828383922577,
		0.9829838275909424
	],
	"8. right_ankle": [
		0.4784461259841919,
		0.71748948097229,
		0.11160677671432495,
		0.9908683896064758
	],
	"14. left_shoulder": [
		0.5790678858757019,
		0.38993316888809204,
		-0.12141812592744827,
		0.9994181990623474
	],
	"15. left_elbow": [
		0.5571771264076233,
		0.4551590383052826,
		-0.22257846593856812,
		0.8779950737953186
	],
	"16. left_wrist": [
		0.49681755900382996,
		0.4545290172100067,
		-0.25498124957084656,
		0.8411559462547302
	],
	"19. right_shoulder": [
		0.5111878514289856,
		0.3949187695980072,
		0.12539587914943695,
		0.9994185566902161
	],
	"20. right_elbow": [
		0.49100565910339355,
		0.4626876711845398,
		0.16205187141895294,
		0.6552451252937317
	],
	"21. right_wrist": [
		0.45919421315193176,
		0.5023414492607117,
		0.06932255625724792,
		0.6356047987937927
	],
	"24. nose": [
		0.5226568579673767,
		0.33134549856185913,
		-0.07341670989990234,
		0.9998550415039062
	],
	"25. left_eye": [
		0.5335301756858826,
		0.3215975761413574,
		-0.07928813993930817,
		0.9997168183326721
	],
	"26. right_eye": [
		0.5223626494407654,
		0.32515206933021545,
		-0.05573936924338341,
		0.9996381998062134
	],
	"27. left_ear": [
		0.5492811799049377,
		0.32848459482192993,
		-0.072245292365551,
		0.9995570778846741
	],
	"28. right_ear": [
		0.5286004543304443,
		0.3325343728065491,
		0.03784666582942009,
		0.9993245601654053
	],
	"time stamp": 30.0
}