{
	"1. left_hip": [
		0.5529505610466003,
		0.5231167674064636,
		-0.06806042790412903,
		0.9995507597923279
	],
	"2. left_knee": [
		0.5113471746444702,
		0.6305744647979736,
		-0.1484060436487198,
		0.9845976829528809
	],
	"3. left_ankle": [
		0.539794385433197,
		0.7208591103553772,
		0.06389749050140381,
		0.9866921901702881
	],
	"6. right_hip": [
		0.5066857933998108,
		0.5221908688545227,
		0.06784279644489288,
		0.9998103380203247
	],
	"7. right_knee": [
		0.46650823950767517,
		0.6206257343292236,
		0.019861778244376183,
		0.9817948341369629
	],
	"8. right_ankle": [
		0.4974999725818634,
		0.7133827209472656,
		0.2044697254896164,
		0.987308919429779
	],
	"14. left_shoulder": [
		0.5817806124687195,
		0.37691810727119446,
		-0.0642571821808815,
		0.9996488094329834
	],
	"15. left_elbow": [
		0.5516436696052551,
		0.4053975045681,
		-0.1624375879764557,
		0.9211984872817993
	],
	"16. left_wrist": [
		0.5085614323616028,
		0.38608744740486145,
		-0.21413728594779968,
		0.8845521807670593
	],
	"19. right_shoulder": [
		0.5118935704231262,
		0.3864850401878357,
		0.12425851821899414,
		0.999610185623169
	],
	"20. right_elbow": [
		0.49893590807914734,
		0.4525429606437683,
		0.10125504434108734,
		0.4761975407600403
	],
	"21. right_wrist": [
		0.47766926884651184,
		0.5027673244476318,
		-0.05828581377863884,
		0.505370020866394
	],
	"24. nose": [
		0.522060751914978,
		0.34246525168418884,
		-0.09034930169582367,
		0.9998909831047058
	],
	"25. left_eye": [
		0.5326383113861084,
		0.33230453729629517,
		-0.08739099651575089,
		0.9997889995574951
	],
	"26. right_eye": [
		0.5243388414382935,
		0.33332985639572144,
		-0.07163617014884949,
		0.9997180700302124
	],
	"27. left_ear": [
		0.5468415021896362,
		0.3360818326473236,
		-0.03404458984732628,
		0.9997009634971619
	],
	"28. right_ear": [
		0.5266761183738708,
		0.33776038885116577,
		0.03837571293115616,
		0.9995520114898682
	],
	"time stamp": 30.0
}