{
	"1. left_hip": [
		0.5646877884864807,
		0.5274022817611694,
		-0.07089468091726303,
		0.9996969699859619
	],
	"2. left_knee": [
		0.5493836998939514,
		0.6311894059181213,
		-0.10449233651161194,
		0.9909608364105225
	],
	"3. left_ankle": [
		0.5794170498847961,
		0.7174367904663086,
		0.08435080945491791,
		0.9924143552780151
	],
	"6. right_hip": [
		0.5235541462898254,
		0.5309151411056519,
		0.07083514332771301,
		0.9997720122337341
	],
	"7. right_knee": [
		0.4974747896194458,
		0.6267572045326233,
		0.049895741045475006,
		0.9833455681800842
	],
	"8. right_ankle": [
		0.5359500050544739,
		0.7086701393127441,
		0.24322403967380524,
		0.9896172881126404
	],
	"14. left_shoulder": [
		0.5754899978637695,
		0.3851936459541321,
		-0.22187478840351105,
		0.9998318552970886
	],
	"15. left_elbow": [
		0.5670121312141418,
		0.46430259943008423,
		-0.2364966869354248,
		0.9507858157157898
	],
	"16. left_wrist": [
		0.539060115814209,
		0.5250739455223083,
		-0.2419995367527008,
		0.8838620185852051
	],
	"19. right_shoulder": [
		0.5213084816932678,
		0.399444580078125,
		0.01759968139231205,
		0.9993579983711243
	],
	"20. right_elbow": [
		0.5167816281318665,
		0.46775490045547485,
		0.06736886501312256,
		0.3779076933860779
	],
	"21. right_wrist": [
		0.5042251348495483,
		0.5090450048446655,
		-0.02261679619550705,
		0.4482521414756775
	],
	"24. nose": [
		0.5290054082870483,
		0.3320407271385193,
		-0.24131619930267334,
		0.9999001622200012
	],
	"25. left_eye": [
		0.5393539667129517,
		0.3265122175216675,
		-0.24070754647254944,
		0.9998257756233215
	],
	"26. right_eye": [
		0.5268793106079102,
		0.32730764150619507,
		-0.22138872742652893,
		0.9996793270111084
	],
	"27. left_ear": [
		0.5525481104850769,
		0.33369266986846924,
		-0.199166402220726,
		0.9998251795768738
	],
	"28. right_ear": [
		0.5298213958740234,
		0.33385393023490906,
		-0.10895966738462448,
		0.999320924282074
	],
	"time stamp": 30.0
}