{
	"1. left_hip": [
		0.4986678957939148,
		0.5122016668319702,
		-0.0014522750861942768,
		0.9998184442520142
	],
	"2. left_knee": [
		0.5157790184020996,
		0.6108106970787048,
		-0.04034634307026863,
		0.993513822555542
	],
	"3. left_ankle": [
		0.5085777044296265,
		0.6933417916297913,
		0.12869033217430115,
		0.9825868010520935
	],
	"6. right_hip": [
		0.4507453441619873,
		0.5127636194229126,
		0.0013937739422544837,
		0.9998465776443481
	],
	"7. right_knee": [
		0.4463701844215393,
		0.6082674264907837,
		0.02984507568180561,
		0.9927995204925537
	],
	"8. right_ankle": [
		0.4378910958766937,
		0.676049530506134,
		0.2596155107021332,
		0.9884965419769287
	],
	"14. left_shoulder": [
		0.5055827498435974,
		0.3747483491897583,
		-0.07649634033441544,
		0.9984957575798035
	],
	"15. left_elbow": [
		0.47635242342948914,
		0.3835442066192627,
		-0.21174556016921997,
		0.9524725079536438
	],
	"16. left_wrist": [
		0.4625276029109955,
		0.31491225957870483,
		-0.28831401467323303,
		0.9012506604194641
	],
	"19. right_shoulder": [
		0.4440681040287018,
		0.3747176229953766,
		0.009847983717918396,
		0.9983561038970947
	],
	"20. right_elbow": [
		0.4379400908946991,
		0.37201738357543945,
		-0.11846045404672623,
		0.8929451107978821
	],
	"21. right_wrist": [
		0.42748910188674927,
		0.3070333003997803,
		-0.26788830757141113,
		0.8743759393692017
	],
	"24. nose": [
		0.4672321379184723,
		0.33900773525238037,
		-0.11860071122646332,
		0.999713122844696
	],
	"25. left_eye": [
		0.47497430443763733,
		0.3311549425125122,
		-0.11185131222009659,
		0.9994916915893555
	],
	"26. right_eye": [
		0.4614342153072357,
		0.33103829622268677,
		-0.0986659899353981,
		0.9992848038673401
	],
	"27. left_ear": [
		0.48280924558639526,
		0.33302298188209534,
		-0.05316881090402603,
		0.9994369149208069
	],
	"28. right_ear": [
		0.4569951891899109,
		0.3315982222557068,
		-0.0004611741460394114,
		0.9988958835601807
	],
	"time stamp": 30.0
}