{
	"1. left_hip": [
		0.5096418857574463,
		0.5407531261444092,
		0.03821917623281479,
		0.9995248913764954
	],
	"2. left_knee": [
		0.5215129256248474,
		0.6340110898017883,
		0.061778947710990906,
		0.9673600792884827
	],
	"3. left_ankle": [
		0.48980313539505005,
		0.6998786330223083,
		0.31042221188545227,
		0.9272544980049133
	],
	"6. right_hip": [
		0.46457991003990173,
		0.5395021438598633,
		-0.03831557556986809,
		0.9994860291481018
	],
	"7. right_knee": [
		0.45039576292037964,
		0.6325864195823669,
		-0.15418608486652374,
		0.9747243523597717
	],
	"8. right_ankle": [
		0.4419449269771576,
		0.7201492190361023,
		-0.05091676861047745,
		0.9629835486412048
	],
	"14. left_shoulder": [
		0.5445531606674194,
		0.41990411281585693,
		-0.1493571549654007,
		0.9994473457336426
	],
	"15. left_elbow": [
		0.556910514831543,
		0.48182013630867004,
		-0.0900212824344635,
		0.9361589550971985
	],
	"16. left_wrist": [
		0.5629147291183472,
		0.5439625382423401,
		-0.18338148295879364,
		0.9459300637245178
	],
	"19. right_shoulder": [
		0.46576589345932007,
		0.4254390299320221,
		-0.22011414170265198,
		0.9991652369499207
	],
	"20. right_elbow": [
		0.45313093066215515,
		0.49515044689178467,
		-0.1981126368045807,
		0.9574810862541199
	],
	"21. right_wrist": [
		0.4654972553253174,
		0.5508421659469604,
		-0.2744763493537903,
		0.9415949583053589
	],
	"24. nose": [
		0.5097494721412659,
		0.3664402365684509,
		-0.4061130881309509,
		0.9995689392089844
	],
	"25. left_eye": [
		0.5137240886688232,
		0.3605252206325531,
		-0.3875138461589813,
		0.9992427229881287
	],
	"26. right_eye": [
		0.5003081560134888,
		0.3623948097229004,
		-0.39300355315208435,
		0.9988657832145691
	],
	"27. left_ear": [
		0.5186758041381836,
		0.36698585748672485,
		-0.2656344473361969,
		0.9985737800598145
	],
	"28. right_ear": [
		0.49129870533943176,
		0.37169507145881653,
		-0.29056358337402344,
		0.9975840449333191
	],
	"time stamp": 30.0
}