{
	"1. left_hip": [
		0.5279015898704529,
		0.5301358699798584,
		0.007172076031565666,
		0.9998667240142822
	],
	"2. left_knee": [
		0.5191115736961365,
		0.626882016658783,
		-0.033574141561985016,
		0.9835010766983032
	],
	"3. left_ankle": [
		0.4858037829399109,
		0.7098344564437866,
		0.11889787018299103,
		0.9689543843269348
	],
	"6. right_hip": [
		0.47788771986961365,
		0.5258954763412476,
		-0.007168593816459179,
		0.9997990131378174
	],
	"7. right_knee": [
		0.4753772020339966,
		0.6283553242683411,
		0.0060272072441875935,
		0.9763070344924927
	],
	"8. right_ankle": [
		0.4860430061817169,
		0.6572824716567993,
		0.360655814409256,
		0.8552536368370056
	],
	"14. left_shoulder": [
		0.5441760420799255,
		0.4116760790348053,
		-0.14564217627048492,
		0.9998998641967773
	],
	"15. left_elbow": [
		0.5651840567588806,
		0.47833937406539917,
		-0.11283157020807266,
		0.9797541499137878
	],
	"16. left_wrist": [
		0.5326424837112427,
		0.5279063582420349,
		-0.2073574662208557,
		0.9830601215362549
	],
	"19. right_shoulder": [
		0.4622932970523834,
		0.3853430449962616,
		-0.14995190501213074,
		0.999735414981842
	],
	"20. right_elbow": [
		0.44877055287361145,
		0.4462524354457855,
		-0.11023072153329849,
		0.96034175157547
	],
	"21. right_wrist": [
		0.47073066234588623,
		0.5097623467445374,
		-0.19577831029891968,
		0.9019332528114319
	],
	"24. nose": [
		0.5044583082199097,
		0.3405974507331848,
		-0.3589734435081482,
		0.9999048113822937
	],
	"25. left_eye": [
		0.5144226551055908,
		0.3344004154205322,
		-0.3393346667289734,
		0.9998036026954651
	],
	"26. right_eye": [
		0.4987664520740509,
		0.3327672779560089,
		-0.34079259634017944,
		0.9997058510780334
	],
	"27. left_ear": [
		0.5211428999900818,
		0.3413703739643097,
		-0.22035185992717743,
		0.9995546340942383
	],
	"28. right_ear": [
		0.4928233325481415,
		0.33807384967803955,
		-0.23048771917819977,
		0.999322235584259
	],
	"time stamp": 30.0
}