{
	"1. left_hip": [
		0.5358569025993347,
		0.5291220545768738,
		-0.04405634477734566,
		0.9998465776443481
	],
	"2. left_knee": [
		0.50689697265625,
		0.6285861134529114,
		-0.11034727841615677,
		0.9809187650680542
	],
	"3. left_ankle": [
		0.48192697763442993,
		0.7152529358863831,
		-0.016901900991797447,
		0.9822489023208618
	],
	"6. right_hip": [
		0.4935726523399353,
		0.5282195806503296,
		0.04421718046069145,
		0.9995936155319214
	],
	"7. right_knee": [
		0.4996644854545593,
		0.6310352683067322,
		0.025600174441933632,
		0.9671672582626343
	],
	"8. right_ankle": [
		0.5546651482582092,
		0.6878681778907776,
		0.15807290375232697,
		0.9192181825637817
	],
	"14. left_shoulder": [
		0.5448909401893616,
		0.3892427086830139,
		-0.09378565847873688,
		0.9999518990516663
	],
	"15. left_elbow": [
		0.5383486151695251,
		0.4556311368942261,
		-0.12193647772073746,
		0.9805300235748291
	],
	"16. left_wrist": [
		0.5173997282981873,
		0.5180368423461914,
		-0.23485857248306274,
		0.975617527961731
	],
	"19. right_shoulder": [
		0.47452959418296814,
		0.412230521440506,
		0.017857342958450317,
		0.9996666312217712
	],
	"20. right_elbow": [
		0.4689323902130127,
		0.47632718086242676,
		0.029282262548804283,
		0.840869128704071
	],
	"21. right_wrist": [
		0.475408136844635,
		0.5116310119628906,
		-0.08547236770391464,
		0.7764452695846558
	],
	"24. nose": [
		0.5087332725524902,
		0.3543623685836792,
		-0.22508585453033447,
		0.9999533891677856
	],
	"25. left_eye": [
		0.5170407891273499,
		0.3466733396053314,
		-0.20827746391296387,
		0.9999045729637146
	],
	"26. right_eye": [
		0.5027856826782227,
		0.3447585999965668,
		-0.20458342134952545,
		0.9998486042022705
	],
	"27. left_ear": [
		0.5253522396087646,
		0.3527637720108032,
		-0.10607500374317169,
		0.999790370464325
	],
	"28. right_ear": [
		0.4954782724380493,
		0.3498051166534424,
		-0.09106229990720749,
		0.9996443390846252
	],
	"time stamp": 30.0
}