{
	"1. left_hip": [
		0.5426420569419861,
		0.5318472981452942,
		-0.03969862312078476,
		0.9998337030410767
	],
	"2. left_knee": [
		0.5079619288444519,
		0.6291490793228149,
		-0.0855502039194107,
		0.9803351163864136
	],
	"3. left_ankle": [
		0.48118463158607483,
		0.7163403034210205,
		0.029529206454753876,
		0.9847068786621094
	],
	"6. right_hip": [
		0.4984019696712494,
		0.5308113694190979,
		0.03977860137820244,
		0.9995203614234924
	],
	"7. right_knee": [
		0.49797487258911133,
		0.6313242316246033,
		0.024210508912801743,
		0.9658628106117249
	],
	"8. right_ankle": [
		0.556310772895813,
		0.6887316107749939,
		0.1731993854045868,
		0.9314894676208496
	],
	"14. left_shoulder": [
		0.5469396710395813,
		0.3984278738498688,
		-0.12993739545345306,
		0.9999580979347229
	],
	"15. left_elbow": [
		0.5394261479377747,
		0.4649841785430908,
		-0.13257740437984467,
		0.9806925654411316
	],
	"16. left_wrist": [
		0.5182346105575562,
		0.5248392820358276,
		-0.21258950233459473,
		0.9731560945510864
	],
	"19. right_shoulder": [
		0.4740780293941498,
		0.409140944480896,
		-0.018574189394712448,
		0.999571681022644
	],
	"20. right_elbow": [
		0.47449836134910583,
		0.4731018841266632,
		-0.020958371460437775,
		0.7729671597480774
	],
	"21. right_wrist": [
		0.479634165763855,
		0.5112590193748474,
		-0.15270359814167023,
		0.7040141820907593
	],
	"24. nose": [
		0.5086482167243958,
		0.35514143109321594,
		-0.26509639620780945,
		0.9999598264694214
	],
	"25. left_eye": [
		0.5170002579689026,
		0.34710901975631714,
		-0.2483934462070465,
		0.9999186396598816
	],
	"26. right_eye": [
		0.5026999115943909,
		0.34494584798812866,
		-0.24563995003700256,
		0.9998676180839539
	],
	"27. left_ear": [
		0.525390625,
		0.3535126745700836,
		-0.14515861868858337,
		0.9998242259025574
	],
	"28. right_ear": [
		0.49539172649383545,
		0.3500509560108185,
		-0.1346493363380432,
		0.9996840357780457
	],
	"time stamp": 30.0
}