{
	"1. left_hip": [
		0.5456197261810303,
		0.5334972143173218,
		-0.038116175681352615,
		0.9998422265052795
	],
	"2. left_knee": [
		0.5081340074539185,
		0.6314024329185486,
		-0.09671931713819504,
		0.9805916547775269
	],
	"3. left_ankle": [
		0.4812842905521393,
		0.7160071730613708,
		0.024512799456715584,
		0.9853795766830444
	],
	"6. right_hip": [
		0.5006468296051025,
		0.5349836945533752,
		0.03789752721786499,
		0.9995430707931519
	],
	"7. right_knee": [
		0.5000174045562744,
		0.6372877955436707,
		0.03053252398967743,
		0.9658660888671875
	],
	"8. right_ankle": [
		0.5549969673156738,
		0.6890890002250671,
		0.24852722883224487,
		0.9329491257667542
	],
	"14. left_shoulder": [
		0.5476341843605042,
		0.40603798627853394,
		-0.11655162274837494,
		0.9999586939811707
	],
	"15. left_elbow": [
		0.5409200191497803,
		0.4778132438659668,
		-0.12161387503147125,
		0.9815750122070312
	],
	"16. left_wrist": [
		0.5170193314552307,
		0.5376923084259033,
		-0.15111617743968964,
		0.9737765789031982
	],
	"19. right_shoulder": [
		0.4737634062767029,
		0.4046093821525574,
		-0.05010933801531792,
		0.9995799660682678
	],
	"20. right_elbow": [
		0.4769352376461029,
		0.4634464383125305,
		-0.1754181683063507,
		0.7930233478546143
	],
	"21. right_wrist": [
		0.5183444023132324,
		0.4269411265850067,
		-0.3565060496330261,
		0.7314431071281433
	],
	"24. nose": [
		0.507757306098938,
		0.3545522391796112,
		-0.25090181827545166,
		0.9999625086784363
	],
	"25. left_eye": [
		0.5167248249053955,
		0.3467808961868286,
		-0.23424792289733887,
		0.9999241232872009
	],
	"26. right_eye": [
		0.5016801357269287,
		0.3445405662059784,
		-0.2312031388282776,
		0.9998766779899597
	],
	"27. left_ear": [
		0.5251525044441223,
		0.35372573137283325,
		-0.13580778241157532,
		0.9998377561569214
	],
	"28. right_ear": [
		0.49530261754989624,
		0.34982818365097046,
		-0.12424012273550034,
		0.9997013211250305
	],
	"time stamp": 30.0
}