{
	"1. left_hip": [
		0.5484992861747742,
		0.5337933301925659,
		-0.027976175770163536,
		0.9998478293418884
	],
	"2. left_knee": [
		0.509986162185669,
		0.6313254237174988,
		-0.09135808795690536,
		0.9806308150291443
	],
	"3. left_ankle": [
		0.48127955198287964,
		0.7167721390724182,
		0.03118283301591873,
		0.9860643744468689
	],
	"6. right_hip": [
		0.5038031935691833,
		0.5365661978721619,
		0.027826622128486633,
		0.9995689988136292
	],
	"7. right_knee": [
		0.4997352063655853,
		0.6389219760894775,
		0.020816266536712646,
		0.9668530225753784
	],
	"8. right_ankle": [
		0.5545045733451843,
		0.6901499032974243,
		0.2324720323085785,
		0.9362359046936035
	],
	"14. left_shoulder": [
		0.547846794128418,
		0.41252705454826355,
		-0.09195347875356674,
		0.9999544620513916
	],
	"15. left_elbow": [
		0.5411525368690491,
		0.4826747179031372,
		-0.10569951683282852,
		0.9804820418357849
	],
	"16. left_wrist": [
		0.5173829793930054,
		0.5453886389732361,
		-0.16180169582366943,
		0.9730859398841858
	],
	"19. right_shoulder": [
		0.47386372089385986,
		0.39601218700408936,
		-0.07574430108070374,
		0.9996113777160645
	],
	"20. right_elbow": [
		0.4760375916957855,
		0.4480319619178772,
		-0.20722618699073792,
		0.8129129409790039
	],
	"21. right_wrist": [
		0.5308200716972351,
		0.4312934875488281,
		-0.3795124888420105,
		0.7574390769004822
	],
	"24. nose": [
		0.5056277513504028,
		0.3555658459663391,
		-0.2467365264892578,
		0.9999634623527527
	],
	"25. left_eye": [
		0.5154770612716675,
		0.34809410572052,
		-0.23037268221378326,
		0.9999237656593323
	],
	"26. right_eye": [
		0.5009087324142456,
		0.346057265996933,
		-0.22786778211593628,
		0.9998800754547119
	],
	"27. left_ear": [
		0.5241180658340454,
		0.3548034131526947,
		-0.1295546144247055,
		0.9998379945755005
	],
	"28. right_ear": [
		0.4955787658691406,
		0.350509375333786,
		-0.1208408996462822,
		0.9997082352638245
	],
	"time stamp": 30.0
}