{
	"1. left_hip": [
		0.5537885427474976,
		0.5340643525123596,
		-0.025476984679698944,
		0.9998632669448853
	],
	"2. left_knee": [
		0.518322229385376,
		0.6307523846626282,
		-0.12868638336658478,
		0.9809510111808777
	],
	"3. left_ankle": [
		0.48003891110420227,
		0.719204306602478,
		-0.01017780788242817,
		0.9872568249702454
	],
	"6. right_hip": [
		0.5098211169242859,
		0.5368919372558594,
		0.025361398234963417,
		0.9996170401573181
	],
	"7. right_knee": [
		0.5013043284416199,
		0.6393150091171265,
		0.03254079446196556,
		0.9665396809577942
	],
	"8. right_ankle": [
		0.5507773756980896,
		0.6921098828315735,
		0.26021358370780945,
		0.9391754865646362
	],
	"14. left_shoulder": [
		0.5495167374610901,
		0.4158421754837036,
		-0.10587228089570999,
		0.9999533295631409
	],
	"15. left_elbow": [
		0.5378050208091736,
		0.48342540860176086,
		-0.1254207044839859,
		0.9799069166183472
	],
	"16. left_wrist": [
		0.5114611387252808,
		0.5464886426925659,
		-0.18718841671943665,
		0.9731587767601013
	],
	"19. right_shoulder": [
		0.4746708869934082,
		0.3940238952636719,
		-0.0697135180234909,
		0.9996615052223206
	],
	"20. right_elbow": [
		0.47335386276245117,
		0.44918784499168396,
		-0.1830979883670807,
		0.8455691933631897
	],
	"21. right_wrist": [
		0.521926999092102,
		0.435663104057312,
		-0.3654375374317169,
		0.8006888031959534
	],
	"24. nose": [
		0.5056278705596924,
		0.3609534502029419,
		-0.2617654502391815,
		0.9999660849571228
	],
	"25. left_eye": [
		0.5155187845230103,
		0.3533240556716919,
		-0.24691170454025269,
		0.999926745891571
	],
	"26. right_eye": [
		0.5009292364120483,
		0.3507634699344635,
		-0.24347005784511566,
		0.9998889565467834
	],
	"27. left_ear": [
		0.5248138904571533,
		0.3583019971847534,
		-0.1433468461036682,
		0.9998466968536377
	],
	"28. right_ear": [
		0.4968774914741516,
		0.3544207811355591,
		-0.13301900029182434,
		0.9997299909591675
	],
	"time stamp": 30.0
}