{
	"1. left_hip": [
		0.5547711849212646,
		0.5347067713737488,
		-0.026267848908901215,
		0.9998677968978882
	],
	"2. left_knee": [
		0.5184453129768372,
		0.6337936520576477,
		-0.10221489518880844,
		0.9809181690216064
	],
	"3. left_ankle": [
		0.4791091978549957,
		0.7206942439079285,
		0.05141777545213699,
		0.9877941012382507
	],
	"6. right_hip": [
		0.5104479789733887,
		0.5371917486190796,
		0.02615152671933174,
		0.9996356964111328
	],
	"7. right_knee": [
		0.5017932653427124,
		0.6410757303237915,
		0.03377706930041313,
		0.9669289588928223
	],
	"8. right_ankle": [
		0.5512755513191223,
		0.694312334060669,
		0.2554778754711151,
		0.94166100025177
	],
	"14. left_shoulder": [
		0.5498887896537781,
		0.416146457195282,
		-0.1171177551150322,
		0.9999536275863647
	],
	"15. left_elbow": [
		0.5367746353149414,
		0.4836328625679016,
		-0.13139517605304718,
		0.9803013205528259
	],
	"16. left_wrist": [
		0.5092111229896545,
		0.5454962253570557,
		-0.1894909292459488,
		0.9736725687980652
	],
	"19. right_shoulder": [
		0.4747717082500458,
		0.3943372964859009,
		-0.07173711061477661,
		0.9996825456619263
	],
	"20. right_elbow": [
		0.4725891649723053,
		0.44945183396339417,
		-0.18960489332675934,
		0.8593578934669495
	],
	"21. right_wrist": [
		0.5216977596282959,
		0.4357437193393707,
		-0.37996813654899597,
		0.8189143538475037
	],
	"24. nose": [
		0.5058218836784363,
		0.36195915937423706,
		-0.2732440233230591,
		0.9999679923057556
	],
	"25. left_eye": [
		0.5156068205833435,
		0.35417813062667847,
		-0.25798410177230835,
		0.9999298453330994
	],
	"26. right_eye": [
		0.5010442137718201,
		0.35152578353881836,
		-0.2543240785598755,
		0.9998949766159058
	],
	"27. left_ear": [
		0.525273323059082,
		0.35892635583877563,
		-0.15252482891082764,
		0.9998542666435242
	],
	"28. right_ear": [
		0.4973331391811371,
		0.3551320433616638,
		-0.14129672944545746,
		0.9997445344924927
	],
	"time stamp": 30.0
}