{
	"1. left_hip": [
		0.5297209620475769,
		0.48917633295059204,
		-0.05217205733060837,
		0.999921977519989
	],
	"2. left_knee": [
		0.4655326008796692,
		0.5054368376731873,
		-0.44295138120651245,
		0.9919965863227844
	],
	"3. left_ankle": [
		0.4860900342464447,
		0.6036412119865417,
		-0.27379918098449707,
		0.9955020546913147
	],
	"6. right_hip": [
		0.47544488310813904,
		0.494086891412735,
		0.052215851843357086,
		0.9998434782028198
	],
	"7. right_knee": [
		0.5002868175506592,
		0.6061583757400513,
		0.03203008323907852,
		0.9585959315299988
	],
	"8. right_ankle": [
		0.5437511205673218,
		0.7002416253089905,
		0.2339765578508377,
		0.9805198907852173
	],
	"14. left_shoulder": [
		0.5624905228614807,
		0.35934820771217346,
		-0.04019028693437576,
		0.9999720454216003
	],
	"15. left_elbow": [
		0.623248815536499,
		0.38570326566696167,
		-0.14681841433048248,
		0.9913343787193298
	],
	"16. left_wrist": [
		0.6259671449661255,
		0.3873884379863739,
		-0.38605648279190063,
		0.9392806887626648
	],
	"19. right_shoulder": [
		0.4684818387031555,
		0.34844866394996643,
		0.031442075967788696,
		0.9998881816864014
	],
	"20. right_elbow": [
		0.44289839267730713,
		0.4216354787349701,
		0.06682217121124268,
		0.9197090268135071
	],
	"21. right_wrist": [
		0.42649170756340027,
		0.4900674521923065,
		-0.013451017439365387,
		0.915363609790802
	],
	"24. nose": [
		0.5534271001815796,
		0.29485470056533813,
		-0.2024083435535431,
		0.9999790191650391
	],
	"25. left_eye": [
		0.561785101890564,
		0.29641422629356384,
		-0.17681275308132172,
		0.9999548196792603
	],
	"26. right_eye": [
		0.5500137805938721,
		0.28857964277267456,
		-0.17898519337177277,
		0.9999354481697083
	],
	"27. left_ear": [
		0.5621420741081238,
		0.3070656657218933,
		-0.058287329971790314,
		0.9999390244483948
	],
	"28. right_ear": [
		0.5358424186706543,
		0.29317528009414673,
		-0.06165977567434311,
		0.9998713135719299
	],
	"time stamp": 30.0
}