{
	"1. left_hip": [
		0.5193764567375183,
		0.5384672284126282,
		-0.03235311806201935,
		0.9999716877937317
	],
	"2. left_knee": [
		0.47750937938690186,
		0.6680020093917847,
		-0.03660248965024948,
		0.9883097410202026
	],
	"3. left_ankle": [
		0.4402870237827301,
		0.771404504776001,
		0.2591560184955597,
		0.9970778226852417
	],
	"6. right_hip": [
		0.4539633095264435,
		0.5364176630973816,
		0.032198138535022736,
		0.9998127222061157
	],
	"7. right_knee": [
		0.43555089831352234,
		0.6631603837013245,
		-0.12232697755098343,
		0.9115933179855347
	],
	"8. right_ankle": [
		0.5082215070724487,
		0.6782756447792053,
		0.31805917620658875,
		0.9269545078277588
	],
	"14. left_shoulder": [
		0.5585445761680603,
		0.3811100125312805,
		-0.19123122096061707,
		0.9999916553497314
	],
	"15. left_elbow": [
		0.5569184422492981,
		0.47304993867874146,
		-0.12501093745231628,
		0.9878387451171875
	],
	"16. left_wrist": [
		0.5548047423362732,
		0.5571920871734619,
		-0.2424466460943222,
		0.9380782842636108
	],
	"19. right_shoulder": [
		0.44692128896713257,
		0.35088473558425903,
		-0.11441625654697418,
		0.9998335242271423
	],
	"20. right_elbow": [
		0.4251479208469391,
		0.4381006956100464,
		-0.045993708074092865,
		0.8564207553863525
	],
	"21. right_wrist": [
		0.4151022136211395,
		0.5135595202445984,
		-0.17129412293434143,
		0.7319546937942505
	],
	"24. nose": [
		0.5030677318572998,
		0.2904152274131775,
		-0.4170472323894501,
		0.9999938607215881
	],
	"25. left_eye": [
		0.5168702602386475,
		0.2790895700454712,
		-0.3991130292415619,
		0.9999872446060181
	],
	"26. right_eye": [
		0.49319809675216675,
		0.279697448015213,
		-0.3932148814201355,
		0.9999737739562988
	],
	"27. left_ear": [
		0.5284302234649658,
		0.2865367531776428,
		-0.2628580927848816,
		0.999981701374054
	],
	"28. right_ear": [
		0.48525431752204895,
		0.2868821620941162,
		-0.23748689889907837,
		0.9999400973320007
	],
	"time stamp": 30.0
}