{
	"1. left_hip": [
		0.5191015005111694,
		0.5392810106277466,
		-0.015938082709908485,
		0.9999755620956421
	],
	"2. left_knee": [
		0.48537346720695496,
		0.6815440654754639,
		-0.01201658882200718,
		0.9852535128593445
	],
	"3. left_ankle": [
		0.4483982026576996,
		0.7761639952659607,
		0.37749579548835754,
		0.9891473054885864
	],
	"6. right_hip": [
		0.44492286443710327,
		0.5327010750770569,
		0.015858899801969528,
		0.9998511672019958
	],
	"7. right_knee": [
		0.41692474484443665,
		0.6640830636024475,
		-0.14247088134288788,
		0.9373242259025574
	],
	"8. right_ankle": [
		0.4483397901058197,
		0.6695897579193115,
		0.3909982144832611,
		0.7783500552177429
	],
	"14. left_shoulder": [
		0.5591455101966858,
		0.35797348618507385,
		-0.19551397860050201,
		0.9999932646751404
	],
	"15. left_elbow": [
		0.5644212365150452,
		0.4641128480434418,
		-0.13195683062076569,
		0.9858641028404236
	],
	"16. left_wrist": [
		0.5662330389022827,
		0.5533130168914795,
		-0.28030925989151,
		0.9432876706123352
	],
	"19. right_shoulder": [
		0.4424344003200531,
		0.33847862482070923,
		-0.1340535581111908,
		0.9998666644096375
	],
	"20. right_elbow": [
		0.42116579413414,
		0.43161460757255554,
		-0.03528105095028877,
		0.8637371063232422
	],
	"21. right_wrist": [
		0.4115758240222931,
		0.5108591914176941,
		-0.16880939900875092,
		0.7091230154037476
	],
	"24. nose": [
		0.4952968955039978,
		0.2731732130050659,
		-0.46379899978637695,
		0.9999935626983643
	],
	"25. left_eye": [
		0.5101563930511475,
		0.2604095935821533,
		-0.44619297981262207,
		0.9999869465827942
	],
	"26. right_eye": [
		0.4845317006111145,
		0.26186734437942505,
		-0.44030773639678955,
		0.9999675154685974
	],
	"27. left_ear": [
		0.5259020924568176,
		0.2664814293384552,
		-0.2976578176021576,
		0.9999817609786987
	],
	"28. right_ear": [
		0.47773370146751404,
		0.26843225955963135,
		-0.27142512798309326,
		0.9999362826347351
	],
	"time stamp": 30.0
}