{
	"1. left_hip": [
		0.5192314386367798,
		0.5386333465576172,
		-0.002586772432550788,
		0.9999761581420898
	],
	"2. left_knee": [
		0.48743075132369995,
		0.6776981353759766,
		-0.045797497034072876,
		0.9852601885795593
	],
	"3. left_ankle": [
		0.45156821608543396,
		0.7788055539131165,
		0.30530616641044617,
		0.9878952503204346
	],
	"6. right_hip": [
		0.44205421209335327,
		0.5264309644699097,
		0.0025409050285816193,
		0.9998547434806824
	],
	"7. right_knee": [
		0.4221353828907013,
		0.6563562154769897,
		-0.08389586955308914,
		0.9422507286071777
	],
	"8. right_ankle": [
		0.4289422333240509,
		0.6758632659912109,
		0.47259649634361267,
		0.7675591707229614
	],
	"14. left_shoulder": [
		0.5601819157600403,
		0.35138949751853943,
		-0.16431671380996704,
		0.9999935030937195
	],
	"15. left_elbow": [
		0.5649153590202332,
		0.4557056128978729,
		-0.09339439868927002,
		0.9857288599014282
	],
	"16. left_wrist": [
		0.5703314542770386,
		0.5517793297767639,
		-0.24274948239326477,
		0.9465142488479614
	],
	"19. right_shoulder": [
		0.4418482780456543,
		0.3329581022262573,
		-0.12783852219581604,
		0.9998607635498047
	],
	"20. right_elbow": [
		0.42173948884010315,
		0.42770305275917053,
		-0.03641499578952789,
		0.86376953125
	],
	"21. right_wrist": [
		0.4105372428894043,
		0.5071611404418945,
		-0.16458337008953094,
		0.7066468000411987
	],
	"24. nose": [
		0.4926260709762573,
		0.2658293843269348,
		-0.43862682580947876,
		0.9999908804893494
	],
	"25. left_eye": [
		0.5082722306251526,
		0.25312450528144836,
		-0.4201207756996155,
		0.9999793767929077
	],
	"26. right_eye": [
		0.48256781697273254,
		0.253634512424469,
		-0.41469138860702515,
		0.999945342540741
	],
	"27. left_ear": [
		0.5250185132026672,
		0.2597217261791229,
		-0.27869439125061035,
		0.9999697804450989
	],
	"28. right_ear": [
		0.47657421231269836,
		0.25981196761131287,
		-0.25272136926651,
		0.9998913407325745
	],
	"time stamp": 30.0
}