{
	"1. left_hip": [
		0.5204678773880005,
		0.5265713334083557,
		0.0007719889981672168,
		0.9993168711662292
	],
	"2. left_knee": [
		0.4938310384750366,
		0.6792147159576416,
		-0.02043394185602665,
		0.9220170974731445
	],
	"3. left_ankle": [
		0.4602331519126892,
		0.7938039302825928,
		0.3361812233924866,
		0.857550323009491
	],
	"6. right_hip": [
		0.4405638873577118,
		0.5187058448791504,
		-0.0006164509104564786,
		0.9995646476745605
	],
	"7. right_knee": [
		0.44067591428756714,
		0.6866204738616943,
		-0.1608666628599167,
		0.9357916116714478
	],
	"8. right_ankle": [
		0.4486156105995178,
		0.8536747694015503,
		0.01353163830935955,
		0.825941801071167
	],
	"14. left_shoulder": [
		0.5659481287002563,
		0.31125608086586,
		-0.1944960057735443,
		0.999981164932251
	],
	"15. left_elbow": [
		0.5879637598991394,
		0.4185970723628998,
		-0.11635719984769821,
		0.9868539571762085
	],
	"16. left_wrist": [
		0.5805356502532959,
		0.5135462284088135,
		-0.24996984004974365,
		0.9582878947257996
	],
	"19. right_shoulder": [
		0.4367673695087433,
		0.31664609909057617,
		-0.14730501174926758,
		0.9998080730438232
	],
	"20. right_elbow": [
		0.42366522550582886,
		0.4241550862789154,
		-0.02944638393819332,
		0.813702404499054
	],
	"21. right_wrist": [
		0.4036914110183716,
		0.5086109638214111,
		-0.18724305927753448,
		0.654320478439331
	],
	"24. nose": [
		0.48740851879119873,
		0.23566608130931854,
		-0.5350288152694702,
		0.999954104423523
	],
	"25. left_eye": [
		0.5047895908355713,
		0.22378313541412354,
		-0.5155226588249207,
		0.9998704791069031
	],
	"26. right_eye": [
		0.47927024960517883,
		0.22134600579738617,
		-0.5099067091941833,
		0.9997435212135315
	],
	"27. left_ear": [
		0.5234833359718323,
		0.2316257506608963,
		-0.33864185214042664,
		0.9998523592948914
	],
	"28. right_ear": [
		0.4747246503829956,
		0.2276393473148346,
		-0.31356146931648254,
		0.9992727637290955
	],
	"time stamp": 30.0
}