{
	"1. left_hip": [
		0.5440133810043335,
		0.550606369972229,
		0.008715054020285606,
		0.9986345767974854
	],
	"2. left_knee": [
		0.5497779250144958,
		0.7135534286499023,
		0.03820325434207916,
		0.933570921421051
	],
	"3. left_ankle": [
		0.5467081069946289,
		0.8039723038673401,
		0.6143186092376709,
		0.8492634892463684
	],
	"6. right_hip": [
		0.4563691318035126,
		0.5518878698348999,
		-0.008756631053984165,
		0.9993736147880554
	],
	"7. right_knee": [
		0.4635995626449585,
		0.728416383266449,
		-0.03443572670221329,
		0.9509329795837402
	],
	"8. right_ankle": [
		0.47981321811676025,
		0.8816604614257812,
		0.27626195549964905,
		0.9131284952163696
	],
	"14. left_shoulder": [
		0.568737268447876,
		0.3152109682559967,
		-0.18355435132980347,
		0.9995675683021545
	],
	"15. left_elbow": [
		0.5763698816299438,
		0.43436503410339355,
		-0.0993499681353569,
		0.8827431797981262
	],
	"16. left_wrist": [
		0.5767638683319092,
		0.531978189945221,
		-0.2558850049972534,
		0.7282642126083374
	],
	"19. right_shoulder": [
		0.42522621154785156,
		0.32286351919174194,
		-0.17297086119651794,
		0.999569296836853
	],
	"20. right_elbow": [
		0.42299434542655945,
		0.4429672956466675,
		-0.11493517458438873,
		0.7517540454864502
	],
	"21. right_wrist": [
		0.338910311460495,
		0.4496098756790161,
		-0.3559968173503876,
		0.6169776916503906
	],
	"24. nose": [
		0.48708513379096985,
		0.22892872989177704,
		-0.5757797956466675,
		0.9998844265937805
	],
	"25. left_eye": [
		0.50596684217453,
		0.2156980037689209,
		-0.5498085618019104,
		0.9996601939201355
	],
	"26. right_eye": [
		0.47570618987083435,
		0.2139298915863037,
		-0.5487688779830933,
		0.9995309114456177
	],
	"27. left_ear": [
		0.5217397212982178,
		0.2266797423362732,
		-0.339358389377594,
		0.9995585680007935
	],
	"28. right_ear": [
		0.4670712649822235,
		0.22295038402080536,
		-0.3454259932041168,
		0.9986067414283752
	],
	"time stamp": 30.0
}