{
	"1. left_hip": [
		0.5434252619743347,
		0.5526825785636902,
		0.003882051445543766,
		0.9986811280250549
	],
	"2. left_knee": [
		0.5487651228904724,
		0.723800003528595,
		-0.032961439341306686,
		0.9393823146820068
	],
	"3. left_ankle": [
		0.5488854050636292,
		0.7947817444801331,
		0.5647115111351013,
		0.8575405478477478
	],
	"6. right_hip": [
		0.45614364743232727,
		0.5560013055801392,
		-0.003985862713307142,
		0.9993983507156372
	],
	"7. right_knee": [
		0.4630042612552643,
		0.7319311499595642,
		-0.002640073886141181,
		0.9548819661140442
	],
	"8. right_ankle": [
		0.4793902635574341,
		0.8788934350013733,
		0.3465236723423004,
		0.9208564758300781
	],
	"14. left_shoulder": [
		0.5683377385139465,
		0.32023799419403076,
		-0.1762714684009552,
		0.9995726943016052
	],
	"15. left_elbow": [
		0.5764271020889282,
		0.4451882243156433,
		-0.07921343296766281,
		0.8863207101821899
	],
	"16. left_wrist": [
		0.5878703594207764,
		0.5411299467086792,
		-0.21139253675937653,
		0.7355480194091797
	],
	"19. right_shoulder": [
		0.42072975635528564,
		0.3222149610519409,
		-0.17125970125198364,
		0.999579668045044
	],
	"20. right_elbow": [
		0.4177897870540619,
		0.4425809681415558,
		-0.24637532234191895,
		0.7665322422981262
	],
	"21. right_wrist": [
		0.34191396832466125,
		0.427718847990036,
		-0.6544461250305176,
		0.6503211855888367
	],
	"24. nose": [
		0.4869076907634735,
		0.22728918492794037,
		-0.5591040849685669,
		0.9998934268951416
	],
	"25. left_eye": [
		0.5054490566253662,
		0.2144920378923416,
		-0.5280203223228455,
		0.9996863007545471
	],
	"26. right_eye": [
		0.47393935918807983,
		0.21259424090385437,
		-0.5287304520606995,
		0.9995694756507874
	],
	"27. left_ear": [
		0.5200617909431458,
		0.22585894167423248,
		-0.31889572739601135,
		0.9995957016944885
	],
	"28. right_ear": [
		0.4645358622074127,
		0.22229941189289093,
		-0.32578399777412415,
		0.9987215399742126
	],
	"time stamp": 30.0
}