{
	"1. left_hip": [
		0.5395804643630981,
		0.5522981286048889,
		0.015037269331514835,
		0.9989334940910339
	],
	"2. left_knee": [
		0.5455687642097473,
		0.6955567598342896,
		-0.1627749800682068,
		0.9525719285011292
	],
	"3. left_ankle": [
		0.5445030331611633,
		0.7568594217300415,
		0.33941006660461426,
		0.8752678036689758
	],
	"6. right_hip": [
		0.457566499710083,
		0.5647821426391602,
		-0.01516697183251381,
		0.9994927644729614
	],
	"7. right_knee": [
		0.4662674069404602,
		0.7374275922775269,
		0.006398144643753767,
		0.9613474607467651
	],
	"8. right_ankle": [
		0.4837469756603241,
		0.8746592998504639,
		0.3712413012981415,
		0.9363173842430115
	],
	"14. left_shoulder": [
		0.5599609613418579,
		0.35352954268455505,
		-0.18614162504673004,
		0.9996681809425354
	],
	"15. left_elbow": [
		0.5836257338523865,
		0.470939964056015,
		-0.062425434589385986,
		0.9069188237190247
	],
	"16. left_wrist": [
		0.6465831995010376,
		0.5558287501335144,
		-0.2037414312362671,
		0.7941998839378357
	],
	"19. right_shoulder": [
		0.40743425488471985,
		0.3402996361255646,
		-0.27600735425949097,
		0.999682605266571
	],
	"20. right_elbow": [
		0.364385187625885,
		0.4260573089122772,
		-0.3528915047645569,
		0.8265494704246521
	],
	"21. right_wrist": [
		0.43359696865081787,
		0.49521514773368835,
		-0.602383017539978,
		0.7361019849777222
	],
	"24. nose": [
		0.4883195757865906,
		0.2454080581665039,
		-0.5906270146369934,
		0.9999218583106995
	],
	"25. left_eye": [
		0.5050442814826965,
		0.23225988447666168,
		-0.5558267831802368,
		0.9997692704200745
	],
	"26. right_eye": [
		0.4754071831703186,
		0.22989203035831451,
		-0.5629563331604004,
		0.9996845126152039
	],
	"27. left_ear": [
		0.5178611874580383,
		0.2435992956161499,
		-0.3462364971637726,
		0.999701976776123
	],
	"28. right_ear": [
		0.4638693034648895,
		0.2403397411108017,
		-0.38743263483047485,
		0.9990650415420532
	],
	"time stamp": 30.0
}