{
	"1. left_hip": [
		0.5292783975601196,
		0.5604759454727173,
		0.011614360846579075,
		0.9992862939834595
	],
	"2. left_knee": [
		0.5228837132453918,
		0.5989792346954346,
		-0.5295355916023254,
		0.9645481705665588
	],
	"3. left_ankle": [
		0.5358784794807434,
		0.7093191146850586,
		-0.19997692108154297,
		0.891383171081543
	],
	"6. right_hip": [
		0.4558493196964264,
		0.5708343982696533,
		-0.011723109520971775,
		0.9996028542518616
	],
	"7. right_knee": [
		0.4667707085609436,
		0.7300015091896057,
		-0.08820121735334396,
		0.9613161087036133
	],
	"8. right_ankle": [
		0.4836922883987427,
		0.8635075092315674,
		0.1946987807750702,
		0.9504680037498474
	],
	"14. left_shoulder": [
		0.5576064586639404,
		0.39373254776000977,
		-0.15907320380210876,
		0.9997971653938293
	],
	"15. left_elbow": [
		0.6125873327255249,
		0.47419628500938416,
		-0.17799411714076996,
		0.9329006671905518
	],
	"16. left_wrist": [
		0.573671281337738,
		0.512877345085144,
		-0.299186646938324,
		0.8565847873687744
	],
	"19. right_shoulder": [
		0.41238677501678467,
		0.3689892292022705,
		-0.23816584050655365,
		0.999809741973877
	],
	"20. right_elbow": [
		0.3529139757156372,
		0.4563145041465759,
		-0.2877078652381897,
		0.9044896960258484
	],
	"21. right_wrist": [
		0.44283273816108704,
		0.5114568471908569,
		-0.4253525733947754,
		0.840928316116333
	],
	"24. nose": [
		0.5084324479103088,
		0.29668113589286804,
		-0.49336183071136475,
		0.9999557137489319
	],
	"25. left_eye": [
		0.5231773257255554,
		0.2854231894016266,
		-0.4581506848335266,
		0.9998694062232971
	],
	"26. right_eye": [
		0.4934306740760803,
		0.2824587821960449,
		-0.4747926890850067,
		0.9998247027397156
	],
	"27. left_ear": [
		0.532107412815094,
		0.2948532700538635,
		-0.27662214636802673,
		0.9998279809951782
	],
	"28. right_ear": [
		0.4764476418495178,
		0.2887708842754364,
		-0.33895576000213623,
		0.9994871616363525
	],
	"time stamp": 30.0
}