{
	"1. left_hip": [
		0.5288387537002563,
		0.5607852935791016,
		-0.021174589172005653,
		0.999372661113739
	],
	"2. left_knee": [
		0.5585792064666748,
		0.6962543725967407,
		-0.3620590269565582,
		0.9550023674964905
	],
	"3. left_ankle": [
		0.4951092302799225,
		0.7036707997322083,
		0.2913641333580017,
		0.8365538120269775
	],
	"6. right_hip": [
		0.4514002799987793,
		0.5709764361381531,
		0.021079184487462044,
		0.999656081199646
	],
	"7. right_knee": [
		0.47352853417396545,
		0.7161500453948975,
		-0.21526001393795013,
		0.9654189348220825
	],
	"8. right_ankle": [
		0.4834493398666382,
		0.8435423970222473,
		0.11735817790031433,
		0.9577251076698303
	],
	"14. left_shoulder": [
		0.5459744334220886,
		0.3372078835964203,
		-0.2864060401916504,
		0.999807596206665
	],
	"15. left_elbow": [
		0.6352855563163757,
		0.3633725047111511,
		-0.49855443835258484,
		0.9505481719970703
	],
	"16. left_wrist": [
		0.5823720693588257,
		0.39089927077293396,
		-0.8024024367332458,
		0.8573985695838928
	],
	"19. right_shoulder": [
		0.405379980802536,
		0.38418370485305786,
		-0.1548021286725998,
		0.9998191595077515
	],
	"20. right_elbow": [
		0.3943115770816803,
		0.493221253156662,
		-0.08560576289892197,
		0.9240450859069824
	],
	"21. right_wrist": [
		0.368979811668396,
		0.5810293555259705,
		-0.22745749354362488,
		0.8508417010307312
	],
	"24. nose": [
		0.4375413656234741,
		0.28548747301101685,
		-0.5417052507400513,
		0.9998815059661865
	],
	"25. left_eye": [
		0.45296066999435425,
		0.27543163299560547,
		-0.5264617204666138,
		0.9995906949043274
	],
	"26. right_eye": [
		0.4330231845378876,
		0.27057984471321106,
		-0.5003931522369385,
		0.9996418356895447
	],
	"27. left_ear": [
		0.4800593852996826,
		0.283151775598526,
		-0.37802624702453613,
		0.9993070363998413
	],
	"28. right_ear": [
		0.4378359019756317,
		0.27816131711006165,
		-0.29633641242980957,
		0.9992420077323914
	],
	"time stamp": 30.0
}