{
	"1. left_hip": [
		0.5283096432685852,
		0.531988799571991,
		-0.02661333605647087,
		0.9995560050010681
	],
	"2. left_knee": [
		0.5189296007156372,
		0.662268340587616,
		-0.02566816285252571,
		0.9413758516311646
	],
	"3. left_ankle": [
		0.5112098455429077,
		0.6687949895858765,
		0.5887024998664856,
		0.6875103712081909
	],
	"6. right_hip": [
		0.45151954889297485,
		0.5475320219993591,
		0.02652149274945259,
		0.9997791647911072
	],
	"7. right_knee": [
		0.4657987058162689,
		0.6974653601646423,
		-0.20812571048736572,
		0.9643258452415466
	],
	"8. right_ankle": [
		0.4851953685283661,
		0.8185628056526184,
		0.03122030943632126,
		0.9615113735198975
	],
	"14. left_shoulder": [
		0.5427886247634888,
		0.3391701877117157,
		-0.5037251114845276,
		0.9998852610588074
	],
	"15. left_elbow": [
		0.6443477869033813,
		0.34705451130867004,
		-0.4457695782184601,
		0.9755389094352722
	],
	"16. left_wrist": [
		0.6134980320930481,
		0.4472408592700958,
		-0.5043372511863708,
		0.916871190071106
	],
	"19. right_shoulder": [
		0.41305118799209595,
		0.38012075424194336,
		-0.452033668756485,
		0.9997347593307495
	],
	"20. right_elbow": [
		0.32945752143859863,
		0.43388012051582336,
		-0.38416874408721924,
		0.9113841652870178
	],
	"21. right_wrist": [
		0.3856642544269562,
		0.4716891944408417,
		-0.4472612738609314,
		0.8855993151664734
	],
	"24. nose": [
		0.4428379535675049,
		0.3021627962589264,
		-0.8472488522529602,
		0.999903678894043
	],
	"25. left_eye": [
		0.46011245250701904,
		0.2863333821296692,
		-0.8329708576202393,
		0.9996243715286255
	],
	"26. right_eye": [
		0.43762847781181335,
		0.28856587409973145,
		-0.8269217610359192,
		0.9996758699417114
	],
	"27. left_ear": [
		0.482260137796402,
		0.2890606224536896,
		-0.6693877577781677,
		0.9994216561317444
	],
	"28. right_ear": [
		0.43936026096343994,
		0.29241815209388733,
		-0.6437674164772034,
		0.9993484020233154
	],
	"time stamp": 30.0
}