{
	"1. left_hip": [
		0.5283442735671997,
		0.5379143953323364,
		-0.009531631134450436,
		0.9992833733558655
	],
	"2. left_knee": [
		0.513594388961792,
		0.6244760155677795,
		0.30537381768226624,
		0.8918339014053345
	],
	"3. left_ankle": [
		0.5323196053504944,
		0.6605555415153503,
		0.8293423056602478,
		0.6713390946388245
	],
	"6. right_hip": [
		0.45186999440193176,
		0.5566707849502563,
		0.009489488787949085,
		0.9998348355293274
	],
	"7. right_knee": [
		0.46486833691596985,
		0.6964367628097534,
		-0.001481724320910871,
		0.9647988080978394
	],
	"8. right_ankle": [
		0.48656606674194336,
		0.8111376166343689,
		0.2038324624300003,
		0.9634959697723389
	],
	"14. left_shoulder": [
		0.5520144104957581,
		0.3849429190158844,
		-0.48741471767425537,
		0.9999041557312012
	],
	"15. left_elbow": [
		0.6471589207649231,
		0.3990855813026428,
		-0.42162492871284485,
		0.9824262857437134
	],
	"16. left_wrist": [
		0.6037856936454773,
		0.47771233320236206,
		-0.4333367645740509,
		0.9269812703132629
	],
	"19. right_shoulder": [
		0.41070374846458435,
		0.3922141194343567,
		-0.4513673484325409,
		0.9998210072517395
	],
	"20. right_elbow": [
		0.3323851227760315,
		0.4085742235183716,
		-0.24687321484088898,
		0.935455858707428
	],
	"21. right_wrist": [
		0.3919175863265991,
		0.4836556613445282,
		-0.09481151401996613,
		0.8642390966415405
	],
	"24. nose": [
		0.48099055886268616,
		0.35343557596206665,
		-0.8123303055763245,
		0.9998958706855774
	],
	"25. left_eye": [
		0.4944954216480255,
		0.33954089879989624,
		-0.8088090419769287,
		0.9995630383491516
	],
	"26. right_eye": [
		0.47072502970695496,
		0.33850061893463135,
		-0.8089016675949097,
		0.9996945261955261
	],
	"27. left_ear": [
		0.5106016397476196,
		0.3401390016078949,
		-0.6577722430229187,
		0.999303936958313
	],
	"28. right_ear": [
		0.4603976011276245,
		0.3363169729709625,
		-0.6649286150932312,
		0.9994403123855591
	],
	"time stamp": 30.0
}