{
	"1. left_hip": [
		0.5618066191673279,
		0.5437251329421997,
		0.027531560510396957,
		0.9997907876968384
	],
	"2. left_knee": [
		0.6117354035377502,
		0.6804257035255432,
		-0.06971751153469086,
		0.9742785096168518
	],
	"3. left_ankle": [
		0.6510193943977356,
		0.8194659948348999,
		0.014445615001022816,
		0.9370222091674805
	],
	"6. right_hip": [
		0.4879521131515503,
		0.5458866953849792,
		-0.027359625324606895,
		0.9997720122337341
	],
	"7. right_knee": [
		0.49241167306900024,
		0.6730488538742065,
		0.05184532701969147,
		0.954967200756073
	],
	"8. right_ankle": [
		0.4931809604167938,
		0.7769609093666077,
		0.3602442145347595,
		0.9301753640174866
	],
	"14. left_shoulder": [
		0.5839179754257202,
		0.3484785556793213,
		0.022033022716641426,
		0.9999644756317139
	],
	"15. left_elbow": [
		0.6123037338256836,
		0.420563668012619,
		-0.05965801700949669,
		0.9423719048500061
	],
	"16. left_wrist": [
		0.6710808873176575,
		0.41285303235054016,
		-0.31400376558303833,
		0.9648346304893494
	],
	"19. right_shoulder": [
		0.48695993423461914,
		0.36379295587539673,
		0.013106069527566433,
		0.9998851418495178
	],
	"20. right_elbow": [
		0.4737881124019623,
		0.44650837779045105,
		0.0059133535251021385,
		0.9204497933387756
	],
	"21. right_wrist": [
		0.3985806703567505,
		0.4740792512893677,
		-0.14593128859996796,
		0.9240351915359497
	],
	"24. nose": [
		0.5286726355552673,
		0.2880386710166931,
		-0.26277077198028564,
		0.9999775290489197
	],
	"25. left_eye": [
		0.5409864783287048,
		0.2785552442073822,
		-0.2388162463903427,
		0.9999207258224487
	],
	"26. right_eye": [
		0.5198864340782166,
		0.2757036089897156,
		-0.23776592314243317,
		0.9999164342880249
	],
	"27. left_ear": [
		0.5536214709281921,
		0.2858010530471802,
		-0.08087383210659027,
		0.9998645186424255
	],
	"28. right_ear": [
		0.5105820298194885,
		0.2833039462566376,
		-0.07679250836372375,
		0.9998605251312256
	],
	"time stamp": 30.0
}