{
	"1. left_hip": [
		0.5613695383071899,
		0.5416713953018188,
		0.011714940890669823,
		0.9998118281364441
	],
	"2. left_knee": [
		0.6079190373420715,
		0.6691052317619324,
		-0.12800192832946777,
		0.9771469235420227
	],
	"3. left_ankle": [
		0.6487323045730591,
		0.8105533123016357,
		-0.09438537061214447,
		0.9474745988845825
	],
	"6. right_hip": [
		0.4925880432128906,
		0.5418350696563721,
		-0.011240585707128048,
		0.999750554561615
	],
	"7. right_knee": [
		0.48608681559562683,
		0.670993447303772,
		0.09329912066459656,
		0.9604780673980713
	],
	"8. right_ankle": [
		0.49570345878601074,
		0.7753208875656128,
		0.36747097969055176,
		0.9398118257522583
	],
	"14. left_shoulder": [
		0.5832642912864685,
		0.34941014647483826,
		0.018923871219158173,
		0.9999423623085022
	],
	"15. left_elbow": [
		0.5971022844314575,
		0.43933242559432983,
		-0.013627873733639717,
		0.8733769059181213
	],
	"16. left_wrist": [
		0.6715103387832642,
		0.4431781768798828,
		-0.2044270783662796,
		0.9208938479423523
	],
	"19. right_shoulder": [
		0.5023732781410217,
		0.3513287305831909,
		0.03446028381586075,
		0.9994653463363647
	],
	"20. right_elbow": [
		0.5016506910324097,
		0.4388134479522705,
		-0.015357148833572865,
		0.7659814357757568
	],
	"21. right_wrist": [
		0.5229792594909668,
		0.479778915643692,
		-0.21246206760406494,
		0.7700616717338562
	],
	"24. nose": [
		0.5478364825248718,
		0.28093966841697693,
		-0.2197287678718567,
		0.9999274015426636
	],
	"25. left_eye": [
		0.5564353466033936,
		0.27135661244392395,
		-0.1986629217863083,
		0.9998655915260315
	],
	"26. right_eye": [
		0.5391305088996887,
		0.26980507373809814,
		-0.19660919904708862,
		0.9996869564056396
	],
	"27. left_ear": [
		0.5625326633453369,
		0.27874743938446045,
		-0.05729133263230324,
		0.9997738003730774
	],
	"28. right_ear": [
		0.5310418605804443,
		0.27767911553382874,
		-0.049853019416332245,
		0.9994571805000305
	],
	"time stamp": 30.0
}