{
	"1. left_hip": [
		0.5589703917503357,
		0.5398260951042175,
		-0.07018410414457321,
		0.9998284578323364
	],
	"2. left_knee": [
		0.6027059555053711,
		0.6702002882957458,
		-0.1322009563446045,
		0.9837610125541687
	],
	"3. left_ankle": [
		0.6470478773117065,
		0.8058919906616211,
		-0.03841778263449669,
		0.9646522998809814
	],
	"6. right_hip": [
		0.4974265694618225,
		0.5402212142944336,
		0.07050266861915588,
		0.9997175931930542
	],
	"7. right_knee": [
		0.4511582553386688,
		0.6579975485801697,
		0.11641494184732437,
		0.9711979627609253
	],
	"8. right_ankle": [
		0.4914720356464386,
		0.7671893835067749,
		0.3983716666698456,
		0.9583872556686401
	],
	"14. left_shoulder": [
		0.5663727521896362,
		0.3522810637950897,
		-0.1657339483499527,
		0.999940812587738
	],
	"15. left_elbow": [
		0.577765166759491,
		0.45014986395835876,
		-0.17393183708190918,
		0.8667114973068237
	],
	"16. left_wrist": [
		0.6418250799179077,
		0.4920477271080017,
		-0.27218198776245117,
		0.8973352909088135
	],
	"19. right_shoulder": [
		0.5038643479347229,
		0.3473476469516754,
		0.0996120274066925,
		0.9990872740745544
	],
	"20. right_elbow": [
		0.49750378727912903,
		0.42585229873657227,
		0.19798676669597626,
		0.5200178027153015
	],
	"21. right_wrist": [
		0.5032143592834473,
		0.44733548164367676,
		0.12670229375362396,
		0.5399484038352966
	],
	"24. nose": [
		0.5518317818641663,
		0.2774691879749298,
		-0.30161985754966736,
		0.9999322295188904
	],
	"25. left_eye": [
		0.5655603408813477,
		0.2749890387058258,
		-0.29002848267555237,
		0.9998735785484314
	],
	"26. right_eye": [
		0.5510925054550171,
		0.26737430691719055,
		-0.2707245945930481,
		0.9996986985206604
	],
	"27. left_ear": [
		0.5716899037361145,
		0.29001501202583313,
		-0.1664040982723236,
		0.9997947812080383
	],
	"28. right_ear": [
		0.5448582768440247,
		0.27502959966659546,
		-0.10498535633087158,
		0.9994329214096069
	],
	"time stamp": 30.0
}