{
	"1. left_hip": [
		0.5256043672561646,
		0.5323469638824463,
		-0.08360608667135239,
		0.9997624754905701
	],
	"2. left_knee": [
		0.546962320804596,
		0.6406612396240234,
		-0.25163909792900085,
		0.9677592515945435
	],
	"3. left_ankle": [
		0.5829434990882874,
		0.7469333410263062,
		-0.17723797261714935,
		0.9808803200721741
	],
	"6. right_hip": [
		0.48708194494247437,
		0.5416479706764221,
		0.08380503952503204,
		0.9995272159576416
	],
	"7. right_knee": [
		0.44013527035713196,
		0.6441774368286133,
		-0.13702119886875153,
		0.7539163827896118
	],
	"8. right_ankle": [
		0.4873814582824707,
		0.7453783750534058,
		0.010403222404420376,
		0.789555549621582
	],
	"14. left_shoulder": [
		0.46643584966659546,
		0.39933356642723083,
		-0.2770632207393646,
		0.9999581575393677
	],
	"15. left_elbow": [
		0.49776941537857056,
		0.4755263924598694,
		-0.3071292042732239,
		0.9561774730682373
	],
	"16. left_wrist": [
		0.5269750356674194,
		0.5516663193702698,
		-0.32168686389923096,
		0.8748152852058411
	],
	"19. right_shoulder": [
		0.40847545862197876,
		0.3993379771709442,
		-0.08716600388288498,
		0.999319314956665
	],
	"20. right_elbow": [
		0.33702510595321655,
		0.39749154448509216,
		0.009713787585496902,
		0.4115160405635834
	],
	"21. right_wrist": [
		0.3980743885040283,
		0.3889397382736206,
		0.09184176474809647,
		0.35325631499290466
	],
	"24. nose": [
		0.42091116309165955,
		0.3386136591434479,
		-0.4418014883995056,
		0.9984400272369385
	],
	"25. left_eye": [
		0.43583184480667114,
		0.333839476108551,
		-0.42705291509628296,
		0.9987673759460449
	],
	"26. right_eye": [
		0.4236201047897339,
		0.33186236023902893,
		-0.41757702827453613,
		0.9968895316123962
	],
	"27. left_ear": [
		0.44516339898109436,
		0.34544771909713745,
		-0.31282350420951843,
		0.9989583492279053
	],
	"28. right_ear": [
		0.42278921604156494,
		0.340978741645813,
		-0.2730943262577057,
		0.9964436292648315
	],
	"time stamp": 30.0
}