{
	"1. left_hip": [
		0.5225261449813843,
		0.47475573420524597,
		0.030828488990664482,
		0.9998530149459839
	],
	"2. left_knee": [
		0.6045770645141602,
		0.5432682633399963,
		-0.12962748110294342,
		0.9843953251838684
	],
	"3. left_ankle": [
		0.549131453037262,
		0.5823478698730469,
		0.32753005623817444,
		0.8486830592155457
	],
	"6. right_hip": [
		0.46383437514305115,
		0.4846164584159851,
		-0.03064890392124653,
		0.9998443722724915
	],
	"7. right_knee": [
		0.4665391743183136,
		0.6177949905395508,
		-0.08222401142120361,
		0.9268471002578735
	],
	"8. right_ankle": [
		0.4583561420440674,
		0.7273795008659363,
		0.15761390328407288,
		0.9430122375488281
	],
	"14. left_shoulder": [
		0.5430412292480469,
		0.32643014192581177,
		-0.04001767188310623,
		0.9997853636741638
	],
	"15. left_elbow": [
		0.5383661985397339,
		0.4057939648628235,
		0.04634128138422966,
		0.8415539264678955
	],
	"16. left_wrist": [
		0.5504448413848877,
		0.47251319885253906,
		-0.05821246653795242,
		0.6889781355857849
	],
	"19. right_shoulder": [
		0.448400616645813,
		0.3168279230594635,
		-0.12363690137863159,
		0.9997216463088989
	],
	"20. right_elbow": [
		0.44338420033454895,
		0.39168357849121094,
		-0.045607488602399826,
		0.7188338041305542
	],
	"21. right_wrist": [
		0.4526621997356415,
		0.4325945973396301,
		-0.082276850938797,
		0.5981329679489136
	],
	"24. nose": [
		0.49567711353302,
		0.26291948556900024,
		-0.3612011671066284,
		0.9995453953742981
	],
	"25. left_eye": [
		0.503088653087616,
		0.2523905634880066,
		-0.335748553276062,
		0.9995531439781189
	],
	"26. right_eye": [
		0.4833478629589081,
		0.2543177008628845,
		-0.34122133255004883,
		0.9990171194076538
	],
	"27. left_ear": [
		0.5126993060112,
		0.2579621970653534,
		-0.1768806278705597,
		0.9996081590652466
	],
	"28. right_ear": [
		0.4736941456794739,
		0.2618902325630188,
		-0.19850505888462067,
		0.998735249042511
	],
	"time stamp": 30.0
}