{
	"1. left_hip": [
		0.5236057043075562,
		0.5597101449966431,
		0.09974776208400726,
		0.9997627139091492
	],
	"2. left_knee": [
		0.5758426785469055,
		0.6427811980247498,
		0.07284175604581833,
		0.8914357423782349
	],
	"3. left_ankle": [
		0.5410589575767517,
		0.7260693907737732,
		0.13934646546840668,
		0.8760926127433777
	],
	"6. right_hip": [
		0.48881614208221436,
		0.5581517219543457,
		-0.09987625479698181,
		0.9996877908706665
	],
	"7. right_knee": [
		0.5754240155220032,
		0.6442076563835144,
		-0.1462935358285904,
		0.9766488671302795
	],
	"8. right_ankle": [
		0.5331053733825684,
		0.7301274538040161,
		0.005085613112896681,
		0.950183093547821
	],
	"14. left_shoulder": [
		0.5804083943367004,
		0.42345359921455383,
		0.1382569521665573,
		0.9995591640472412
	],
	"15. left_elbow": [
		0.5970621705055237,
		0.46512526273727417,
		-0.03875454142689705,
		0.6762945652008057
	],
	"16. left_wrist": [
		0.5908963084220886,
		0.44073837995529175,
		-0.2722548842430115,
		0.6613658666610718
	],
	"19. right_shoulder": [
		0.5276286602020264,
		0.4069995880126953,
		-0.10332975536584854,
		0.9998342990875244
	],
	"20. right_elbow": [
		0.5389916300773621,
		0.47013142704963684,
		-0.16161014139652252,
		0.9218778014183044
	],
	"21. right_wrist": [
		0.5702636241912842,
		0.52054363489151,
		-0.09212540835142136,
		0.8764635324478149
	],
	"24. nose": [
		0.5640263557434082,
		0.3689210116863251,
		-0.1276441067457199,
		0.9997502565383911
	],
	"25. left_eye": [
		0.5679585337638855,
		0.3596406579017639,
		-0.10452894866466522,
		0.9996538162231445
	],
	"26. right_eye": [
		0.5538244247436523,
		0.3609355092048645,
		-0.11972841620445251,
		0.9995190501213074
	],
	"27. left_ear": [
		0.5695669651031494,
		0.36457234621047974,
		0.018201135098934174,
		0.99933922290802
	],
	"28. right_ear": [
		0.54328453540802,
		0.36718499660491943,
		-0.0429006852209568,
		0.999484121799469
	],
	"time stamp": 30.0
}