{
	"1. left_hip": [
		0.5380772352218628,
		0.5587354898452759,
		0.08566908538341522,
		0.9997461438179016
	],
	"2. left_knee": [
		0.5825453400611877,
		0.6467259526252747,
		0.20812922716140747,
		0.8784922361373901
	],
	"3. left_ankle": [
		0.535203218460083,
		0.7253304123878479,
		0.5227116346359253,
		0.8702450394630432
	],
	"6. right_hip": [
		0.4908423125743866,
		0.5503815412521362,
		-0.08606254309415817,
		0.9997476935386658
	],
	"7. right_knee": [
		0.5232728123664856,
		0.6622174978256226,
		-0.31878286600112915,
		0.9835569262504578
	],
	"8. right_ankle": [
		0.44417068362236023,
		0.7960196733474731,
		-0.3129797875881195,
		0.9672871232032776
	],
	"14. left_shoulder": [
		0.5866513252258301,
		0.417479544878006,
		0.021966909989714622,
		0.9995863437652588
	],
	"15. left_elbow": [
		0.6401501893997192,
		0.4268152117729187,
		-0.1602306067943573,
		0.7654668092727661
	],
	"16. left_wrist": [
		0.6062029004096985,
		0.39080381393432617,
		-0.4452187418937683,
		0.7455496788024902
	],
	"19. right_shoulder": [
		0.5128358006477356,
		0.3957444429397583,
		-0.0749969556927681,
		0.999683678150177
	],
	"20. right_elbow": [
		0.4436408281326294,
		0.4245090186595917,
		-0.04215146228671074,
		0.907751739025116
	],
	"21. right_wrist": [
		0.3752425014972687,
		0.44493451714515686,
		-0.045640334486961365,
		0.8596318960189819
	],
	"24. nose": [
		0.5580496191978455,
		0.351312518119812,
		-0.27256256341934204,
		0.9997105598449707
	],
	"25. left_eye": [
		0.5639714598655701,
		0.34230175614356995,
		-0.24858352541923523,
		0.9996356964111328
	],
	"26. right_eye": [
		0.5474000573158264,
		0.34402137994766235,
		-0.2549911141395569,
		0.9994837045669556
	],
	"27. left_ear": [
		0.5666547417640686,
		0.3513217270374298,
		-0.10198064148426056,
		0.9993599057197571
	],
	"28. right_ear": [
		0.5388447642326355,
		0.3546260893344879,
		-0.13030625879764557,
		0.9994192123413086
	],
	"time stamp": 30.0
}