{
	"1. left_hip": [
		0.5122259259223938,
		0.5343182682991028,
		0.11855407059192657,
		0.9995121359825134
	],
	"2. left_knee": [
		0.5452865958213806,
		0.6623730063438416,
		0.21409094333648682,
		0.9220020174980164
	],
	"3. left_ankle": [
		0.4945833384990692,
		0.7771288752555847,
		0.5274359583854675,
		0.9184319972991943
	],
	"6. right_hip": [
		0.4540436267852783,
		0.5329095125198364,
		-0.1186436265707016,
		0.999843180179596
	],
	"7. right_knee": [
		0.43533647060394287,
		0.6831517815589905,
		-0.20334678888320923,
		0.9922460913658142
	],
	"8. right_ankle": [
		0.40878868103027344,
		0.8417550921440125,
		-0.1181735247373581,
		0.9851939678192139
	],
	"14. left_shoulder": [
		0.5372356176376343,
		0.3295746147632599,
		0.09161131083965302,
		0.9992747902870178
	],
	"15. left_elbow": [
		0.512377917766571,
		0.4071013033390045,
		0.16073469817638397,
		0.6769696474075317
	],
	"16. left_wrist": [
		0.49435344338417053,
		0.49611783027648926,
		-0.016142966225743294,
		0.7240222692489624
	],
	"19. right_shoulder": [
		0.4358949065208435,
		0.3268422782421112,
		-0.19715189933776855,
		0.9998582005500793
	],
	"20. right_elbow": [
		0.363036572933197,
		0.40284380316734314,
		-0.20388387143611908,
		0.9592111110687256
	],
	"21. right_wrist": [
		0.29624268412590027,
		0.46559253334999084,
		-0.3365490436553955,
		0.9368942975997925
	],
	"24. nose": [
		0.5086326003074646,
		0.2612554430961609,
		-0.3957817554473877,
		0.99985271692276
	],
	"25. left_eye": [
		0.5176277160644531,
		0.2515229284763336,
		-0.35653167963027954,
		0.999786913394928
	],
	"26. right_eye": [
		0.4975147247314453,
		0.248220756649971,
		-0.37819698452949524,
		0.9997527599334717
	],
	"27. left_ear": [
		0.5215639472007751,
		0.2571786940097809,
		-0.1319391429424286,
		0.9994597434997559
	],
	"28. right_ear": [
		0.4825030565261841,
		0.2523644268512726,
		-0.23412173986434937,
		0.999726414680481
	],
	"time stamp": 30.0
}