{
	"1. left_hip": [
		0.49474918842315674,
		0.5246686935424805,
		0.12183891981840134,
		0.9983664751052856
	],
	"2. left_knee": [
		0.49736130237579346,
		0.6805788278579712,
		0.14692679047584534,
		0.9315860867500305
	],
	"3. left_ankle": [
		0.46227729320526123,
		0.8183518052101135,
		0.38900211453437805,
		0.9337519407272339
	],
	"6. right_hip": [
		0.43315044045448303,
		0.5258895754814148,
		-0.12176897376775742,
		0.9994937181472778
	],
	"7. right_knee": [
		0.4250932037830353,
		0.6907488703727722,
		-0.14385098218917847,
		0.9931423664093018
	],
	"8. right_ankle": [
		0.41121792793273926,
		0.8476994633674622,
		-0.013585221953690052,
		0.9895458221435547
	],
	"14. left_shoulder": [
		0.5077260136604309,
		0.32735344767570496,
		0.19470471143722534,
		0.9978480935096741
	],
	"15. left_elbow": [
		0.5026264786720276,
		0.4288904070854187,
		0.12047413736581802,
		0.3834069073200226
	],
	"16. left_wrist": [
		0.5666558146476746,
		0.36035776138305664,
		-0.18043020367622375,
		0.4433496296405792
	],
	"19. right_shoulder": [
		0.4064945578575134,
		0.30749526619911194,
		-0.1385360211133957,
		0.9999030828475952
	],
	"20. right_elbow": [
		0.4032045602798462,
		0.4211263954639435,
		-0.14029835164546967,
		0.9758589267730713
	],
	"21. right_wrist": [
		0.448552668094635,
		0.49594950675964355,
		-0.1167295053601265,
		0.9367133378982544
	],
	"24. nose": [
		0.49882951378822327,
		0.23367546498775482,
		-0.19500260055065155,
		0.9998013377189636
	],
	"25. left_eye": [
		0.5030671954154968,
		0.2234337031841278,
		-0.15766054391860962,
		0.9996213912963867
	],
	"26. right_eye": [
		0.48485857248306274,
		0.22023844718933105,
		-0.19356176257133484,
		0.999726414680481
	],
	"27. left_ear": [
		0.49942585825920105,
		0.23284365236759186,
		0.03841773048043251,
		0.9986899495124817
	],
	"28. right_ear": [
		0.46162623167037964,
		0.22444811463356018,
		-0.13109488785266876,
		0.9997683763504028
	],
	"time stamp": 30.0
}