{
	"1. left_hip": [
		0.49625658988952637,
		0.5223789215087891,
		0.11994083225727081,
		0.9984961152076721
	],
	"2. left_knee": [
		0.49834680557250977,
		0.6796271204948425,
		0.15020392835140228,
		0.9299727082252502
	],
	"3. left_ankle": [
		0.4630328416824341,
		0.8210920691490173,
		0.35879871249198914,
		0.9343083500862122
	],
	"6. right_hip": [
		0.4347072243690491,
		0.523540198802948,
		-0.1199866533279419,
		0.9995198845863342
	],
	"7. right_knee": [
		0.4257860481739044,
		0.6900437474250793,
		-0.14960333704948425,
		0.9925463199615479
	],
	"8. right_ankle": [
		0.411609023809433,
		0.8474938869476318,
		-0.02338271215558052,
		0.9891017079353333
	],
	"14. left_shoulder": [
		0.509080708026886,
		0.32291996479034424,
		0.18347875773906708,
		0.9980617165565491
	],
	"15. left_elbow": [
		0.5350256562232971,
		0.41625893115997314,
		0.09377935528755188,
		0.43880680203437805
	],
	"16. left_wrist": [
		0.5708612203598022,
		0.3128781318664551,
		-0.18996097147464752,
		0.49824273586273193
	],
	"19. right_shoulder": [
		0.40177544951438904,
		0.3068981170654297,
		-0.11809635162353516,
		0.9999119639396667
	],
	"20. right_elbow": [
		0.38305389881134033,
		0.4205435514450073,
		-0.13320070505142212,
		0.9767718315124512
	],
	"21. right_wrist": [
		0.3971758484840393,
		0.5130053758621216,
		-0.15516147017478943,
		0.9399816989898682
	],
	"24. nose": [
		0.4962204694747925,
		0.231413334608078,
		-0.17430654168128967,
		0.9998210668563843
	],
	"25. left_eye": [
		0.5001853704452515,
		0.22069403529167175,
		-0.1395561844110489,
		0.9996588826179504
	],
	"26. right_eye": [
		0.48245131969451904,
		0.2177782654762268,
		-0.1760103702545166,
		0.999753475189209
	],
	"27. left_ear": [
		0.4947071373462677,
		0.22929035127162933,
		0.045587942004203796,
		0.9988199472427368
	],
	"28. right_ear": [
		0.458632230758667,
		0.22162899374961853,
		-0.12671643495559692,
		0.9997913837432861
	],
	"time stamp": 30.0
}