{
	"1. left_hip": [
		0.5055810213088989,
		0.5213271379470825,
		0.11179664731025696,
		0.9991856813430786
	],
	"2. left_knee": [
		0.5068256855010986,
		0.6819829940795898,
		0.21205149590969086,
		0.9080663323402405
	],
	"3. left_ankle": [
		0.4736444652080536,
		0.8207479119300842,
		0.4173339009284973,
		0.934926450252533
	],
	"6. right_hip": [
		0.44984057545661926,
		0.5208820104598999,
		-0.11205501854419708,
		0.999599039554596
	],
	"7. right_knee": [
		0.43689438700675964,
		0.6920210719108582,
		-0.0799061506986618,
		0.9844397306442261
	],
	"8. right_ankle": [
		0.4215763211250305,
		0.8486045598983765,
		0.12055707722902298,
		0.9857947826385498
	],
	"14. left_shoulder": [
		0.5223952531814575,
		0.2986879050731659,
		0.12111655622720718,
		0.9992748498916626
	],
	"15. left_elbow": [
		0.6091299057006836,
		0.3163073658943176,
		0.02350699156522751,
		0.7580123543739319
	],
	"16. left_wrist": [
		0.6440787315368652,
		0.23011916875839233,
		-0.25252068042755127,
		0.7999519109725952
	],
	"19. right_shoulder": [
		0.4242764413356781,
		0.30216217041015625,
		-0.18172027170658112,
		0.9999514818191528
	],
	"20. right_elbow": [
		0.39649441838264465,
		0.4193689227104187,
		-0.09084166586399078,
		0.9815424084663391
	],
	"21. right_wrist": [
		0.39875489473342896,
		0.5261430144309998,
		0.0571189783513546,
		0.9454352259635925
	],
	"24. nose": [
		0.49611392617225647,
		0.21209117770195007,
		-0.22614288330078125,
		0.9999355673789978
	],
	"25. left_eye": [
		0.4859217405319214,
		0.199892058968544,
		-0.19394494593143463,
		0.9998742938041687
	],
	"26. right_eye": [
		0.4775809943675995,
		0.20306232571601868,
		-0.23724712431430817,
		0.9999116659164429
	],
	"27. left_ear": [
		0.4756953716278076,
		0.21141937375068665,
		-0.02002852037549019,
		0.9995763301849365
	],
	"28. right_ear": [
		0.45671695470809937,
		0.21748845279216766,
		-0.18086442351341248,
		0.9999262690544128
	],
	"time stamp": 30.0
}