{
	"1. left_hip": [
		0.5178846120834351,
		0.5209973454475403,
		0.04199131950736046,
		0.9991782903671265
	],
	"2. left_knee": [
		0.5219457149505615,
		0.6804959774017334,
		0.005714967381209135,
		0.9046736359596252
	],
	"3. left_ankle": [
		0.48343026638031006,
		0.8170093297958374,
		0.2637994885444641,
		0.9412140846252441
	],
	"6. right_hip": [
		0.4446501135826111,
		0.5195752382278442,
		-0.04210538789629936,
		0.9993916749954224
	],
	"7. right_knee": [
		0.4406971335411072,
		0.6853450536727905,
		-0.12499048560857773,
		0.9850671887397766
	],
	"8. right_ankle": [
		0.43191105127334595,
		0.8452275395393372,
		0.11980345845222473,
		0.9833917617797852
	],
	"14. left_shoulder": [
		0.5490045547485352,
		0.29479506611824036,
		-0.14093364775180817,
		0.9995740652084351
	],
	"15. left_elbow": [
		0.5724118947982788,
		0.405389666557312,
		-0.08280815929174423,
		0.8544001579284668
	],
	"16. left_wrist": [
		0.5893453359603882,
		0.5028767585754395,
		-0.22489887475967407,
		0.8687740564346313
	],
	"19. right_shoulder": [
		0.4085472822189331,
		0.3177677094936371,
		-0.18011027574539185,
		0.9998844265937805
	],
	"20. right_elbow": [
		0.40571513772010803,
		0.4333871603012085,
		-0.12339136004447937,
		0.9620792269706726
	],
	"21. right_wrist": [
		0.3977568447589874,
		0.5345666408538818,
		-0.23806937038898468,
		0.8923671841621399
	],
	"24. nose": [
		0.4603225290775299,
		0.2057047337293625,
		-0.47644615173339844,
		0.999946117401123
	],
	"25. left_eye": [
		0.4716346263885498,
		0.19201460480690002,
		-0.4499827027320862,
		0.9998777508735657
	],
	"26. right_eye": [
		0.443625271320343,
		0.19757632911205292,
		-0.4481795132160187,
		0.9998902082443237
	],
	"27. left_ear": [
		0.4796435832977295,
		0.20132043957710266,
		-0.27479907870292664,
		0.9996352195739746
	],
	"28. right_ear": [
		0.43318307399749756,
		0.2125483900308609,
		-0.2672378122806549,
		0.9998073577880859
	],
	"time stamp": 30.0
}