{
	"1. left_hip": [
		0.5174809098243713,
		0.5209906101226807,
		0.039783693850040436,
		0.9990968108177185
	],
	"2. left_knee": [
		0.5213683843612671,
		0.6808179616928101,
		-0.003316663671284914,
		0.906186580657959
	],
	"3. left_ankle": [
		0.4832703769207001,
		0.8157441020011902,
		0.29224133491516113,
		0.9421981573104858
	],
	"6. right_hip": [
		0.4428638517856598,
		0.5195844173431396,
		-0.03990987315773964,
		0.9993289113044739
	],
	"7. right_knee": [
		0.440866082906723,
		0.6849039793014526,
		-0.11040309071540833,
		0.984433114528656
	],
	"8. right_ankle": [
		0.43313589692115784,
		0.8443453311920166,
		0.1482071727514267,
		0.9828634858131409
	],
	"14. left_shoulder": [
		0.5491474270820618,
		0.29447969794273376,
		-0.1323716640472412,
		0.9995753765106201
	],
	"15. left_elbow": [
		0.563888430595398,
		0.40739357471466064,
		-0.08460425585508347,
		0.8557755351066589
	],
	"16. left_wrist": [
		0.5761239528656006,
		0.49988678097724915,
		-0.24410448968410492,
		0.8561318516731262
	],
	"19. right_shoulder": [
		0.4079210162162781,
		0.3173430860042572,
		-0.1761167347431183,
		0.9998596906661987
	],
	"20. right_elbow": [
		0.40552690625190735,
		0.4336622357368469,
		-0.11466611176729202,
		0.9533847570419312
	],
	"21. right_wrist": [
		0.3974458873271942,
		0.5362393856048584,
		-0.23221613466739655,
		0.8698067665100098
	],
	"24. nose": [
		0.4578242897987366,
		0.20452123880386353,
		-0.46856656670570374,
		0.9999349117279053
	],
	"25. left_eye": [
		0.4710199236869812,
		0.1910378336906433,
		-0.4411126971244812,
		0.9998418092727661
	],
	"26. right_eye": [
		0.44269490242004395,
		0.19540582597255707,
		-0.4401538074016571,
		0.9998485445976257
	],
	"27. left_ear": [
		0.481317937374115,
		0.2007094919681549,
		-0.263568252325058,
		0.9995342493057251
	],
	"28. right_ear": [
		0.43371549248695374,
		0.2095963954925537,
		-0.2595174014568329,
		0.9996863603591919
	],
	"time stamp": 30.0
}