{
	"1. left_hip": [
		0.5180813074111938,
		0.5188862085342407,
		0.03280370682477951,
		0.9989161491394043
	],
	"2. left_knee": [
		0.5462807416915894,
		0.6794761419296265,
		-0.08547412604093552,
		0.9111374616622925
	],
	"3. left_ankle": [
		0.4682057797908783,
		0.7639293074607849,
		0.35530370473861694,
		0.9034953713417053
	],
	"6. right_hip": [
		0.4441182315349579,
		0.519747257232666,
		-0.03281698748469353,
		0.9992560744285583
	],
	"7. right_knee": [
		0.4806775450706482,
		0.6909142136573792,
		-0.18938028812408447,
		0.9808043837547302
	],
	"8. right_ankle": [
		0.43530306220054626,
		0.833628237247467,
		0.015575902536511421,
		0.9767571687698364
	],
	"14. left_shoulder": [
		0.5481418371200562,
		0.29603809118270874,
		-0.17372192442417145,
		0.9995304942131042
	],
	"15. left_elbow": [
		0.5266793370246887,
		0.4114325940608978,
		-0.2107953131198883,
		0.8797081112861633
	],
	"16. left_wrist": [
		0.424272358417511,
		0.47410550713539124,
		-0.41470858454704285,
		0.8704975247383118
	],
	"19. right_shoulder": [
		0.4078611731529236,
		0.3081994652748108,
		-0.1255704164505005,
		0.9997559189796448
	],
	"20. right_elbow": [
		0.3962242603302002,
		0.42272093892097473,
		-0.0600297786295414,
		0.9354893565177917
	],
	"21. right_wrist": [
		0.4056623578071594,
		0.49612805247306824,
		-0.23044836521148682,
		0.8152511119842529
	],
	"24. nose": [
		0.47225943207740784,
		0.20383889973163605,
		-0.48341798782348633,
		0.9998440742492676
	],
	"25. left_eye": [
		0.48923569917678833,
		0.19391079246997833,
		-0.4506383240222931,
		0.9995411038398743
	],
	"26. right_eye": [
		0.46269166469573975,
		0.1939718872308731,
		-0.449764221906662,
		0.9995784759521484
	],
	"27. left_ear": [
		0.5061975121498108,
		0.20667040348052979,
		-0.26121586561203003,
		0.9990717172622681
	],
	"28. right_ear": [
		0.4502064883708954,
		0.20686961710453033,
		-0.25753387808799744,
		0.9989579319953918
	],
	"time stamp": 30.0
}