{
	"1. left_hip": [
		0.5181877017021179,
		0.5811185836791992,
		0.14924262464046478,
		0.9984433054924011
	],
	"2. left_knee": [
		0.5998960733413696,
		0.677727222442627,
		0.2146051675081253,
		0.9387961030006409
	],
	"3. left_ankle": [
		0.5426322221755981,
		0.7652182579040527,
		0.5612429976463318,
		0.9060603976249695
	],
	"6. right_hip": [
		0.4620380103588104,
		0.5828825831413269,
		-0.1492975503206253,
		0.9994562268257141
	],
	"7. right_knee": [
		0.501757025718689,
		0.7384598851203918,
		-0.2736542522907257,
		0.9888021945953369
	],
	"8. right_ankle": [
		0.407283753156662,
		0.8757211565971375,
		-0.19686181843280792,
		0.9857166409492493
	],
	"14. left_shoulder": [
		0.5339268445968628,
		0.39089682698249817,
		0.13509522378444672,
		0.9989877939224243
	],
	"15. left_elbow": [
		0.5240312218666077,
		0.479318231344223,
		0.11841020733118057,
		0.5467127561569214
	],
	"16. left_wrist": [
		0.5380797386169434,
		0.445048063993454,
		-0.20740990340709686,
		0.6144596934318542
	],
	"19. right_shoulder": [
		0.44182488322257996,
		0.34899377822875977,
		-0.2695602476596832,
		0.999862015247345
	],
	"20. right_elbow": [
		0.3743087351322174,
		0.39913350343704224,
		-0.2984219491481781,
		0.9631690979003906
	],
	"21. right_wrist": [
		0.375455379486084,
		0.5056755542755127,
		-0.3174706995487213,
		0.8782860040664673
	],
	"24. nose": [
		0.5167604088783264,
		0.29195764660835266,
		-0.3319920301437378,
		0.9998462200164795
	],
	"25. left_eye": [
		0.5215365886688232,
		0.28249838948249817,
		-0.295343279838562,
		0.9995121359825134
	],
	"26. right_eye": [
		0.5017039775848389,
		0.28082576394081116,
		-0.3338959515094757,
		0.9996516108512878
	],
	"27. left_ear": [
		0.5236225128173828,
		0.29142534732818604,
		-0.08309144526720047,
		0.9989393353462219
	],
	"28. right_ear": [
		0.48473185300827026,
		0.291061669588089,
		-0.2585129737854004,
		0.999270498752594
	],
	"time stamp": 30.0
}