{
	"1. left_hip": [
		0.5425617098808289,
		0.5112711787223816,
		0.07793691754341125,
		0.9987350106239319
	],
	"2. left_knee": [
		0.5690866112709045,
		0.6552136540412903,
		0.182096466422081,
		0.9566435813903809
	],
	"3. left_ankle": [
		0.5286259055137634,
		0.7613332867622375,
		0.446941077709198,
		0.8948622941970825
	],
	"6. right_hip": [
		0.48188015818595886,
		0.5158638954162598,
		-0.07788597047328949,
		0.9996546506881714
	],
	"7. right_knee": [
		0.4849989712238312,
		0.6716042160987854,
		-0.2678226828575134,
		0.9958288073539734
	],
	"8. right_ankle": [
		0.43663981556892395,
		0.8263304233551025,
		-0.29273906350135803,
		0.9943837523460388
	],
	"14. left_shoulder": [
		0.5364224314689636,
		0.30848339200019836,
		0.0012391251511871815,
		0.9991378784179688
	],
	"15. left_elbow": [
		0.5839919447898865,
		0.3823396563529968,
		0.08192940056324005,
		0.5021029710769653
	],
	"16. left_wrist": [
		0.6161999702453613,
		0.4620893597602844,
		-0.10503523051738739,
		0.49600550532341003
	],
	"19. right_shoulder": [
		0.4219632148742676,
		0.3351781964302063,
		-0.15446880459785461,
		0.9999325275421143
	],
	"20. right_elbow": [
		0.3742283582687378,
		0.4100387692451477,
		-0.16650214791297913,
		0.9848339557647705
	],
	"21. right_wrist": [
		0.3576135039329529,
		0.46296602487564087,
		-0.3332887291908264,
		0.931562602519989
	],
	"24. nose": [
		0.46639734506607056,
		0.2474900633096695,
		-0.40089625120162964,
		0.9999383091926575
	],
	"25. left_eye": [
		0.47032755613327026,
		0.238190695643425,
		-0.3702142834663391,
		0.9998541474342346
	],
	"26. right_eye": [
		0.4512540102005005,
		0.24331273138523102,
		-0.379893034696579,
		0.9999028444290161
	],
	"27. left_ear": [
		0.47646743059158325,
		0.24540916085243225,
		-0.1781129688024521,
		0.9996805787086487
	],
	"28. right_ear": [
		0.4398733377456665,
		0.25844284892082214,
		-0.22325526177883148,
		0.9998243451118469
	],
	"time stamp": 30.0
}