{
	"1. left_hip": [
		0.5204356908798218,
		0.5113795399665833,
		0.11697947233915329,
		0.9979301691055298
	],
	"2. left_knee": [
		0.5341175198554993,
		0.6368046402931213,
		0.17235471308231354,
		0.8146445751190186
	],
	"3. left_ankle": [
		0.4670442044734955,
		0.7213146686553955,
		0.40111932158470154,
		0.8816198706626892
	],
	"6. right_hip": [
		0.480953186750412,
		0.5096761584281921,
		-0.117086261510849,
		0.9992560148239136
	],
	"7. right_knee": [
		0.49160096049308777,
		0.6386037468910217,
		-0.12911655008792877,
		0.9878039956092834
	],
	"8. right_ankle": [
		0.454665869474411,
		0.7701992392539978,
		0.003578276140615344,
		0.9854862093925476
	],
	"14. left_shoulder": [
		0.5289039015769958,
		0.33649200201034546,
		0.13407164812088013,
		0.9980902671813965
	],
	"15. left_elbow": [
		0.5440950393676758,
		0.4070121645927429,
		0.07858477532863617,
		0.540556788444519
	],
	"16. left_wrist": [
		0.5256744623184204,
		0.33694708347320557,
		-0.12347137928009033,
		0.6704864501953125
	],
	"19. right_shoulder": [
		0.46726205945014954,
		0.3257611095905304,
		-0.1878083497285843,
		0.9999389052391052
	],
	"20. right_elbow": [
		0.42271801829338074,
		0.416678786277771,
		-0.1998629868030548,
		0.9848787188529968
	],
	"21. right_wrist": [
		0.36837223172187805,
		0.49622803926467896,
		-0.22448064386844635,
		0.9542010426521301
	],
	"24. nose": [
		0.5258296728134155,
		0.26383882761001587,
		-0.17716436088085175,
		0.9998852014541626
	],
	"25. left_eye": [
		0.519014298915863,
		0.25228357315063477,
		-0.15057730674743652,
		0.9997535347938538
	],
	"26. right_eye": [
		0.5113211274147034,
		0.25433066487312317,
		-0.18646135926246643,
		0.9998487830162048
	],
	"27. left_ear": [
		0.511850118637085,
		0.25966978073120117,
		-0.004629487171769142,
		0.9990895390510559
	],
	"28. right_ear": [
		0.49397751688957214,
		0.26544180512428284,
		-0.15650075674057007,
		0.9998393654823303
	],
	"time stamp": 30.0
}