{
	"1. left_hip": [
		0.5096292495727539,
		0.5135601758956909,
		0.13757610321044922,
		0.9982795715332031
	],
	"2. left_knee": [
		0.5227793455123901,
		0.6383723616600037,
		0.15339097380638123,
		0.7984514236450195
	],
	"3. left_ankle": [
		0.4574112296104431,
		0.7375084161758423,
		0.3614550828933716,
		0.8840941190719604
	],
	"6. right_hip": [
		0.4814284145832062,
		0.5120835304260254,
		-0.13776050508022308,
		0.9993413686752319
	],
	"7. right_knee": [
		0.5219252109527588,
		0.6395440697669983,
		-0.14006407558918,
		0.9874961376190186
	],
	"8. right_ankle": [
		0.43901145458221436,
		0.7217076420783997,
		0.10851944983005524,
		0.9842795133590698
	],
	"14. left_shoulder": [
		0.5148214101791382,
		0.3356294631958008,
		0.16740867495536804,
		0.9984034895896912
	],
	"15. left_elbow": [
		0.5259742736816406,
		0.36678823828697205,
		0.3361166715621948,
		0.4784299433231354
	],
	"16. left_wrist": [
		0.5325930714607239,
		0.34187284111976624,
		0.3861621916294098,
		0.6284521222114563
	],
	"19. right_shoulder": [
		0.46548765897750854,
		0.3268529176712036,
		-0.22142353653907776,
		0.999943733215332
	],
	"20. right_elbow": [
		0.4193267822265625,
		0.4190886616706848,
		-0.25202786922454834,
		0.9863413572311401
	],
	"21. right_wrist": [
		0.36810481548309326,
		0.5023705959320068,
		-0.2611545920372009,
		0.9596790671348572
	],
	"24. nose": [
		0.5313132405281067,
		0.25930649042129517,
		-0.09081857651472092,
		0.9998632669448853
	],
	"25. left_eye": [
		0.5210416316986084,
		0.2491741180419922,
		-0.07008454203605652,
		0.999664843082428
	],
	"26. right_eye": [
		0.5164890289306641,
		0.2492891252040863,
		-0.11478223651647568,
		0.9998345375061035
	],
	"27. left_ear": [
		0.5105387568473816,
		0.25881674885749817,
		0.038262318819761276,
		0.9990653395652771
	],
	"28. right_ear": [
		0.4978555142879486,
		0.2599291205406189,
		-0.1633838713169098,
		0.9998478293418884
	],
	"time stamp": 30.0
}