{
	"1. left_hip": [
		0.4977402687072754,
		0.5741668939590454,
		0.10716914385557175,
		0.9991360902786255
	],
	"2. left_knee": [
		0.4389093518257141,
		0.6851564645767212,
		0.1654360294342041,
		0.8241532444953918
	],
	"3. left_ankle": [
		0.3326708674430847,
		0.7562450170516968,
		0.3696604073047638,
		0.9367280602455139
	],
	"6. right_hip": [
		0.46385276317596436,
		0.573552131652832,
		-0.10707930475473404,
		0.9996833205223083
	],
	"7. right_knee": [
		0.5717424154281616,
		0.6542848348617554,
		-0.2695789039134979,
		0.988659679889679
	],
	"8. right_ankle": [
		0.6290021538734436,
		0.7584911584854126,
		-0.16917762160301208,
		0.991308331489563
	],
	"14. left_shoulder": [
		0.5326573252677917,
		0.3936382234096527,
		0.03851616010069847,
		0.9992782473564148
	],
	"15. left_elbow": [
		0.5593035221099854,
		0.47196027636528015,
		0.09969226270914078,
		0.5961304306983948
	],
	"16. left_wrist": [
		0.5773744583129883,
		0.5346776247024536,
		-0.04609217494726181,
		0.6619855165481567
	],
	"19. right_shoulder": [
		0.4361862540245056,
		0.4136786162853241,
		-0.2556327283382416,
		0.9999681711196899
	],
	"20. right_elbow": [
		0.42469218373298645,
		0.5004996657371521,
		-0.2654530107975006,
		0.9796029329299927
	],
	"21. right_wrist": [
		0.4180622398853302,
		0.5679652094841003,
		-0.3126700818538666,
		0.9085791707038879
	],
	"24. nose": [
		0.505804717540741,
		0.32741522789001465,
		-0.3059792220592499,
		0.9999278783798218
	],
	"25. left_eye": [
		0.5026241540908813,
		0.3193259537220001,
		-0.27830740809440613,
		0.9998124241828918
	],
	"26. right_eye": [
		0.4911462664604187,
		0.3209720849990845,
		-0.3070162534713745,
		0.9999021887779236
	],
	"27. left_ear": [
		0.4931356608867645,
		0.32738980650901794,
		-0.1274159997701645,
		0.9994823932647705
	],
	"28. right_ear": [
		0.4720270335674286,
		0.3320918083190918,
		-0.2557436525821686,
		0.9999039769172668
	],
	"time stamp": 30.0
}