{
	"1. left_hip": [
		0.5175004005432129,
		0.5657688975334167,
		0.10722851008176804,
		0.9992203116416931
	],
	"2. left_knee": [
		0.4490929841995239,
		0.6814882755279541,
		0.11741197109222412,
		0.8297109007835388
	],
	"3. left_ankle": [
		0.3351057171821594,
		0.7403388023376465,
		0.2834756672382355,
		0.9459468126296997
	],
	"6. right_hip": [
		0.4826834499835968,
		0.564071774482727,
		-0.10715550184249878,
		0.9997318983078003
	],
	"7. right_knee": [
		0.581544041633606,
		0.6521730422973633,
		-0.2540338635444641,
		0.987755537033081
	],
	"8. right_ankle": [
		0.6206768751144409,
		0.7604241967201233,
		-0.156503364443779,
		0.9923899173736572
	],
	"14. left_shoulder": [
		0.5401274561882019,
		0.3850235044956207,
		0.06979817152023315,
		0.9993668794631958
	],
	"15. left_elbow": [
		0.5543560981750488,
		0.46559491753578186,
		0.12200333178043365,
		0.5128005146980286
	],
	"16. left_wrist": [
		0.5570676326751709,
		0.5385609269142151,
		-0.04247613623738289,
		0.5541401505470276
	],
	"19. right_shoulder": [
		0.44982877373695374,
		0.41273629665374756,
		-0.22584669291973114,
		0.9999698996543884
	],
	"20. right_elbow": [
		0.43997547030448914,
		0.5000340938568115,
		-0.2090248316526413,
		0.9725789427757263
	],
	"21. right_wrist": [
		0.4345465898513794,
		0.5697140693664551,
		-0.24057213962078094,
		0.8621507883071899
	],
	"24. nose": [
		0.5060225129127502,
		0.3249819874763489,
		-0.2855607867240906,
		0.999933660030365
	],
	"25. left_eye": [
		0.5058339238166809,
		0.3174704313278198,
		-0.25775033235549927,
		0.9998288154602051
	],
	"26. right_eye": [
		0.4917761981487274,
		0.3184248208999634,
		-0.2845894694328308,
		0.9999099373817444
	],
	"27. left_ear": [
		0.505137026309967,
		0.32478395104408264,
		-0.1032213419675827,
		0.999518096446991
	],
	"28. right_ear": [
		0.47299954295158386,
		0.32971033453941345,
		-0.22696147859096527,
		0.9999127984046936
	],
	"time stamp": 30.0
}