{
	"1. left_hip": [
		0.5456721186637878,
		0.5297621488571167,
		0.12476078420877457,
		0.9992771744728088
	],
	"2. left_knee": [
		0.5653332471847534,
		0.6519197821617126,
		0.11849817633628845,
		0.8407801389694214
	],
	"3. left_ankle": [
		0.4622705578804016,
		0.6782575249671936,
		0.4115696847438812,
		0.9549641013145447
	],
	"6. right_hip": [
		0.5120314955711365,
		0.5318138003349304,
		-0.12488332390785217,
		0.999819815158844
	],
	"7. right_knee": [
		0.5806437730789185,
		0.6398658156394958,
		-0.1774662435054779,
		0.9890609383583069
	],
	"8. right_ankle": [
		0.6013897657394409,
		0.7587693333625793,
		0.002961895428597927,
		0.9946950674057007
	],
	"14. left_shoulder": [
		0.554793655872345,
		0.3581603467464447,
		0.07281836122274399,
		0.9993901252746582
	],
	"15. left_elbow": [
		0.533532440662384,
		0.44710487127304077,
		0.11541808396577835,
		0.32057806849479675
	],
	"16. left_wrist": [
		0.5246781706809998,
		0.5256894826889038,
		-0.034028902649879456,
		0.34530845284461975
	],
	"19. right_shoulder": [
		0.47519272565841675,
		0.3768906891345978,
		-0.23937983810901642,
		0.9999790787696838
	],
	"20. right_elbow": [
		0.47077006101608276,
		0.47121378779411316,
		-0.23084154725074768,
		0.9775950312614441
	],
	"21. right_wrist": [
		0.47304895520210266,
		0.5493977069854736,
		-0.24833418428897858,
		0.8754556179046631
	],
	"24. nose": [
		0.5179340243339539,
		0.2967575490474701,
		-0.3326082229614258,
		0.9999547004699707
	],
	"25. left_eye": [
		0.5196340084075928,
		0.28719839453697205,
		-0.299633651971817,
		0.9998810291290283
	],
	"26. right_eye": [
		0.5042661428451538,
		0.28928428888320923,
		-0.3211340308189392,
		0.9999403953552246
	],
	"27. left_ear": [
		0.5215331315994263,
		0.2936095893383026,
		-0.12404441833496094,
		0.9996384978294373
	],
	"28. right_ear": [
		0.49023470282554626,
		0.30008062720298767,
		-0.21351833641529083,
		0.999942421913147
	],
	"time stamp": 30.0
}