{
	"1. left_hip": [
		0.5647467374801636,
		0.5157616138458252,
		0.09283776581287384,
		0.9988769888877869
	],
	"2. left_knee": [
		0.6375455856323242,
		0.6044448018074036,
		-0.038487739861011505,
		0.8947060108184814
	],
	"3. left_ankle": [
		0.6074923872947693,
		0.6924461722373962,
		0.249790757894516,
		0.9335861802101135
	],
	"6. right_hip": [
		0.5144772529602051,
		0.5242581367492676,
		-0.09278127551078796,
		0.9995710849761963
	],
	"7. right_knee": [
		0.5448510050773621,
		0.6442517042160034,
		-0.12784934043884277,
		0.987017810344696
	],
	"8. right_ankle": [
		0.5526435971260071,
		0.7474976181983948,
		0.10672322660684586,
		0.9925500750541687
	],
	"14. left_shoulder": [
		0.5589452385902405,
		0.35336384177207947,
		0.04992550238966942,
		0.9984205961227417
	],
	"15. left_elbow": [
		0.5440356731414795,
		0.4358285665512085,
		0.1271032989025116,
		0.19626587629318237
	],
	"16. left_wrist": [
		0.5540562868118286,
		0.4890863597393036,
		0.018868159502744675,
		0.21535643935203552
	],
	"19. right_shoulder": [
		0.479843407869339,
		0.35754072666168213,
		-0.21685481071472168,
		0.9999361038208008
	],
	"20. right_elbow": [
		0.48081937432289124,
		0.4446607232093811,
		-0.20579282939434052,
		0.9815477728843689
	],
	"21. right_wrist": [
		0.48706045746803284,
		0.5264174342155457,
		-0.23257757723331451,
		0.886964738368988
	],
	"24. nose": [
		0.5297630429267883,
		0.284708708524704,
		-0.3244623839855194,
		0.999931275844574
	],
	"25. left_eye": [
		0.5352744460105896,
		0.27414119243621826,
		-0.29046785831451416,
		0.9998272657394409
	],
	"26. right_eye": [
		0.5167929530143738,
		0.274349182844162,
		-0.3138238787651062,
		0.9999117851257324
	],
	"27. left_ear": [
		0.5373817682266235,
		0.2808283865451813,
		-0.11570709198713303,
		0.9995445609092712
	],
	"28. right_ear": [
		0.5022398233413696,
		0.2829124927520752,
		-0.2178807407617569,
		0.999916672706604
	],
	"time stamp": 30.0
}