{
	"1. left_hip": [
		0.5524097681045532,
		0.5157680511474609,
		0.018481293693184853,
		0.9995937943458557
	],
	"2. left_knee": [
		0.5774410367012024,
		0.6248482465744019,
		0.04014478623867035,
		0.9739643931388855
	],
	"3. left_ankle": [
		0.6013413071632385,
		0.7309624552726746,
		0.25100740790367126,
		0.9827383160591125
	],
	"6. right_hip": [
		0.49201202392578125,
		0.5187247395515442,
		-0.0186296533793211,
		0.9997296929359436
	],
	"7. right_knee": [
		0.4526209533214569,
		0.6302325129508972,
		-0.0013110137078911066,
		0.9949893355369568
	],
	"8. right_ankle": [
		0.4226938784122467,
		0.7231272459030151,
		0.24207019805908203,
		0.9941307902336121
	],
	"14. left_shoulder": [
		0.5718380808830261,
		0.36447852849960327,
		-0.17878521978855133,
		0.999233603477478
	],
	"15. left_elbow": [
		0.563252329826355,
		0.4430474042892456,
		-0.08126553893089294,
		0.5010669231414795
	],
	"16. left_wrist": [
		0.5542870163917542,
		0.5073832869529724,
		-0.10532515496015549,
		0.4093848466873169
	],
	"19. right_shoulder": [
		0.4687146842479706,
		0.3655460476875305,
		-0.2276705801486969,
		0.999851405620575
	],
	"20. right_elbow": [
		0.4741346538066864,
		0.44724151492118835,
		-0.12058202177286148,
		0.9307665824890137
	],
	"21. right_wrist": [
		0.4895174205303192,
		0.5081735253334045,
		-0.17634016275405884,
		0.7305525541305542
	],
	"24. nose": [
		0.5229979753494263,
		0.29562610387802124,
		-0.4775930643081665,
		0.9999236464500427
	],
	"25. left_eye": [
		0.5308254957199097,
		0.28648504614830017,
		-0.45638176798820496,
		0.9998247623443604
	],
	"26. right_eye": [
		0.5125218033790588,
		0.2850954830646515,
		-0.4620572328567505,
		0.9998633861541748
	],
	"27. left_ear": [
		0.5389387607574463,
		0.2941301167011261,
		-0.30782315135002136,
		0.9993863105773926
	],
	"28. right_ear": [
		0.5006905198097229,
		0.2924449145793915,
		-0.3345244228839874,
		0.9998183846473694
	],
	"time stamp": 30.0
}