{
	"1. left_hip": [
		0.5490099191665649,
		0.5172786116600037,
		0.022056151181459427,
		0.9996220469474792
	],
	"2. left_knee": [
		0.5705075860023499,
		0.6253894567489624,
		0.06289055943489075,
		0.9820501804351807
	],
	"3. left_ankle": [
		0.5960434675216675,
		0.7312108278274536,
		0.28040361404418945,
		0.9883920550346375
	],
	"6. right_hip": [
		0.4880339205265045,
		0.5190368890762329,
		-0.022232741117477417,
		0.9997198581695557
	],
	"7. right_knee": [
		0.4530394673347473,
		0.6297042965888977,
		0.004815693944692612,
		0.9957694411277771
	],
	"8. right_ankle": [
		0.4216749966144562,
		0.7251245975494385,
		0.24027834832668304,
		0.9949309229850769
	],
	"14. left_shoulder": [
		0.5704194903373718,
		0.3679805397987366,
		-0.223044291138649,
		0.9988964200019836
	],
	"15. left_elbow": [
		0.5596473813056946,
		0.44749578833580017,
		-0.131287083029747,
		0.44928765296936035
	],
	"16. left_wrist": [
		0.5522171258926392,
		0.511996865272522,
		-0.1963944137096405,
		0.29549548029899597
	],
	"19. right_shoulder": [
		0.4664287567138672,
		0.36582687497138977,
		-0.28290554881095886,
		0.9998116493225098
	],
	"20. right_elbow": [
		0.4725527763366699,
		0.44885116815567017,
		-0.21126455068588257,
		0.9323001503944397
	],
	"21. right_wrist": [
		0.48889100551605225,
		0.5094489455223083,
		-0.2622056007385254,
		0.6816889047622681
	],
	"24. nose": [
		0.5234652757644653,
		0.2991456687450409,
		-0.5406302809715271,
		0.9998970627784729
	],
	"25. left_eye": [
		0.5308148264884949,
		0.2901671528816223,
		-0.5177711248397827,
		0.9997515082359314
	],
	"26. right_eye": [
		0.5131287574768066,
		0.2889716327190399,
		-0.5242100358009338,
		0.9998193979263306
	],
	"27. left_ear": [
		0.5373100638389587,
		0.29680272936820984,
		-0.3609257638454437,
		0.9989863038063049
	],
	"28. right_ear": [
		0.5008312463760376,
		0.2959248125553131,
		-0.3918572664260864,
		0.9997411966323853
	],
	"time stamp": 30.0
}