{
	"1. left_hip": [
		0.5483916401863098,
		0.517761766910553,
		0.01828865148127079,
		0.9996283054351807
	],
	"2. left_knee": [
		0.5708858966827393,
		0.6261364221572876,
		0.06629549711942673,
		0.9856499433517456
	],
	"3. left_ankle": [
		0.5949314832687378,
		0.7311357259750366,
		0.2856668531894684,
		0.990572988986969
	],
	"6. right_hip": [
		0.4869096875190735,
		0.5194708704948425,
		-0.018394693732261658,
		0.9997406601905823
	],
	"7. right_knee": [
		0.4531925916671753,
		0.6289961338043213,
		-0.0016870753606781363,
		0.9963632225990295
	],
	"8. right_ankle": [
		0.4234989583492279,
		0.7245794534683228,
		0.22747987508773804,
		0.9954047203063965
	],
	"14. left_shoulder": [
		0.5660317540168762,
		0.37017208337783813,
		-0.2682652771472931,
		0.9989821314811707
	],
	"15. left_elbow": [
		0.5556104183197021,
		0.44877564907073975,
		-0.14486344158649445,
		0.45203980803489685
	],
	"16. left_wrist": [
		0.5470589399337769,
		0.5120007991790771,
		-0.20272059738636017,
		0.258713036775589
	],
	"19. right_shoulder": [
		0.4637247622013092,
		0.3663763701915741,
		-0.33002418279647827,
		0.9998459815979004
	],
	"20. right_elbow": [
		0.4735797345638275,
		0.4485139548778534,
		-0.2084035873413086,
		0.9405180215835571
	],
	"21. right_wrist": [
		0.492287814617157,
		0.5080300569534302,
		-0.21491597592830658,
		0.7064804434776306
	],
	"24. nose": [
		0.5211560726165771,
		0.3223266899585724,
		-0.6417407393455505,
		0.9998958110809326
	],
	"25. left_eye": [
		0.5301234126091003,
		0.31155791878700256,
		-0.6223205924034119,
		0.9997389912605286
	],
	"26. right_eye": [
		0.5130271911621094,
		0.30880892276763916,
		-0.6284285187721252,
		0.9998238682746887
	],
	"27. left_ear": [
		0.5352262854576111,
		0.31305962800979614,
		-0.4509566128253937,
		0.9988735914230347
	],
	"28. right_ear": [
		0.5012801885604858,
		0.309184193611145,
		-0.480282723903656,
		0.9997571110725403
	],
	"time stamp": 30.0
}