{
	"1. left_hip": [
		0.4624842405319214,
		0.5229257941246033,
		0.04624960198998451,
		0.9995193481445312
	],
	"2. left_knee": [
		0.5096949934959412,
		0.6311298608779907,
		-0.11848278343677521,
		0.9289876818656921
	],
	"3. left_ankle": [
		0.4462948143482208,
		0.6865428686141968,
		0.20847755670547485,
		0.8677153587341309
	],
	"6. right_hip": [
		0.4157499670982361,
		0.5191458463668823,
		-0.046297892928123474,
		0.9993559122085571
	],
	"7. right_knee": [
		0.3877686858177185,
		0.6343076229095459,
		-0.06506580114364624,
		0.9801571369171143
	],
	"8. right_ankle": [
		0.3499339818954468,
		0.724017322063446,
		0.15020792186260223,
		0.9675811529159546
	],
	"14. left_shoulder": [
		0.48135629296302795,
		0.35894614458084106,
		0.037339214235544205,
		0.9986530542373657
	],
	"15. left_elbow": [
		0.5286977887153625,
		0.38890770077705383,
		-0.12134496867656708,
		0.8478975892066956
	],
	"16. left_wrist": [
		0.4713413119316101,
		0.4067135155200958,
		-0.34198611974716187,
		0.7721572518348694
	],
	"19. right_shoulder": [
		0.4028925597667694,
		0.37167325615882874,
		-0.08899131417274475,
		0.9977965950965881
	],
	"20. right_elbow": [
		0.43767043948173523,
		0.4300217032432556,
		-0.1599683165550232,
		0.6926717162132263
	],
	"21. right_wrist": [
		0.49588286876678467,
		0.4145969748497009,
		-0.17635519802570343,
		0.6395395398139954
	],
	"24. nose": [
		0.43704795837402344,
		0.3111819326877594,
		-0.22217127680778503,
		0.9983692765235901
	],
	"25. left_eye": [
		0.4459531605243683,
		0.30168774724006653,
		-0.19420699775218964,
		0.9969874024391174
	],
	"26. right_eye": [
		0.42553412914276123,
		0.3033749759197235,
		-0.2015727162361145,
		0.9964225888252258
	],
	"27. left_ear": [
		0.4558134377002716,
		0.30782318115234375,
		-0.05014044791460037,
		0.9956333637237549
	],
	"28. right_ear": [
		0.41854920983314514,
		0.3107320964336395,
		-0.07514224946498871,
		0.9926508069038391
	],
	"time stamp": 30.0
}