{
	"1. left_hip": [
		0.4803031086921692,
		0.5248669385910034,
		0.08210261911153793,
		0.9996639490127563
	],
	"2. left_knee": [
		0.547111451625824,
		0.623508095741272,
		-0.012200494296848774,
		0.951495885848999
	],
	"3. left_ankle": [
		0.5460949540138245,
		0.7199670672416687,
		0.27470213174819946,
		0.9108520746231079
	],
	"6. right_hip": [
		0.4199952781200409,
		0.5213059782981873,
		-0.08217709511518478,
		0.9995251893997192
	],
	"7. right_knee": [
		0.3925427794456482,
		0.6360013484954834,
		-0.08922416716814041,
		0.9862436056137085
	],
	"8. right_ankle": [
		0.3525984585285187,
		0.7272921204566956,
		0.1430303007364273,
		0.9776333570480347
	],
	"14. left_shoulder": [
		0.5029438138008118,
		0.36420220136642456,
		0.10423057526350021,
		0.9986373782157898
	],
	"15. left_elbow": [
		0.5517224669456482,
		0.4043508768081665,
		0.06333645433187485,
		0.7533594965934753
	],
	"16. left_wrist": [
		0.6060507297515869,
		0.35154134035110474,
		-0.08681775629520416,
		0.7256521582603455
	],
	"19. right_shoulder": [
		0.4258844256401062,
		0.3525086045265198,
		-0.2135571539402008,
		0.9985030293464661
	],
	"20. right_elbow": [
		0.47739508748054504,
		0.38816696405410767,
		-0.404572069644928,
		0.7969091534614563
	],
	"21. right_wrist": [
		0.5645090937614441,
		0.3844829499721527,
		-0.47046729922294617,
		0.756874680519104
	],
	"24. nose": [
		0.4743026793003082,
		0.30480876564979553,
		-0.23972515761852264,
		0.9989119172096252
	],
	"25. left_eye": [
		0.4818137288093567,
		0.2963067591190338,
		-0.2059069722890854,
		0.9979982376098633
	],
	"26. right_eye": [
		0.46331408619880676,
		0.29570621252059937,
		-0.22634688019752502,
		0.9976322054862976
	],
	"27. left_ear": [
		0.4853169620037079,
		0.301986962556839,
		-0.03664448484778404,
		0.997081458568573
	],
	"28. right_ear": [
		0.450796902179718,
		0.3026128113269806,
		-0.12912459671497345,
		0.9951687455177307
	],
	"time stamp": 30.0
}