{
	"1. left_hip": [
		0.4925481677055359,
		0.5279757380485535,
		0.08525850623846054,
		0.9997105598449707
	],
	"2. left_knee": [
		0.5567761063575745,
		0.618919849395752,
		-0.10508306324481964,
		0.9600489139556885
	],
	"3. left_ankle": [
		0.5508634448051453,
		0.7216103672981262,
		0.0853457897901535,
		0.9269201755523682
	],
	"6. right_hip": [
		0.4334634244441986,
		0.5236256718635559,
		-0.08529893308877945,
		0.9995824694633484
	],
	"7. right_knee": [
		0.396621435880661,
		0.6359230279922485,
		-0.10063797980546951,
		0.9886860251426697
	],
	"8. right_ankle": [
		0.35491248965263367,
		0.7268452048301697,
		0.0888499766588211,
		0.9816126227378845
	],
	"14. left_shoulder": [
		0.5138951539993286,
		0.36573803424835205,
		0.1346157044172287,
		0.9987697005271912
	],
	"15. left_elbow": [
		0.5671475529670715,
		0.4035336673259735,
		0.08364942669868469,
		0.7464141249656677
	],
	"16. left_wrist": [
		0.6241702437400818,
		0.36168044805526733,
		-0.09606684744358063,
		0.7610633373260498
	],
	"19. right_shoulder": [
		0.4422023892402649,
		0.3530809283256531,
		-0.17189383506774902,
		0.9987620711326599
	],
	"20. right_elbow": [
		0.4894354045391083,
		0.39084944128990173,
		-0.35516566038131714,
		0.8350310921669006
	],
	"21. right_wrist": [
		0.5646740794181824,
		0.399297833442688,
		-0.42293599247932434,
		0.8021152019500732
	],
	"24. nose": [
		0.48903587460517883,
		0.3050768971443176,
		-0.2140577882528305,
		0.9991171956062317
	],
	"25. left_eye": [
		0.49589526653289795,
		0.295646995306015,
		-0.18788045644760132,
		0.9983758926391602
	],
	"26. right_eye": [
		0.47851359844207764,
		0.29559242725372314,
		-0.1992311328649521,
		0.9980806112289429
	],
	"27. left_ear": [
		0.49770626425743103,
		0.3016073405742645,
		-0.012141444720327854,
		0.9976309537887573
	],
	"28. right_ear": [
		0.4654334485530853,
		0.30240732431411743,
		-0.09697859734296799,
		0.9960858225822449
	],
	"time stamp": 30.0
}