{
	"1. left_hip": [
		0.488439679145813,
		0.538483738899231,
		0.07560348510742188,
		0.999904215335846
	],
	"2. left_knee": [
		0.5594178438186646,
		0.6315786838531494,
		-0.031055450439453125,
		0.9899977445602417
	],
	"3. left_ankle": [
		0.5502951741218567,
		0.7340644598007202,
		0.23208363354206085,
		0.9818190932273865
	],
	"6. right_hip": [
		0.428297758102417,
		0.5317854881286621,
		-0.07557840645313263,
		0.9998086094856262
	],
	"7. right_knee": [
		0.3847501575946808,
		0.6380155682563782,
		-0.11701847612857819,
		0.9968817830085754
	],
	"8. right_ankle": [
		0.3406739830970764,
		0.7398471236228943,
		0.09236882627010345,
		0.9946581721305847
	],
	"14. left_shoulder": [
		0.5416785478591919,
		0.3958372473716736,
		-0.008645609021186829,
		0.9994558691978455
	],
	"15. left_elbow": [
		0.5343130826950073,
		0.46700575947761536,
		-0.052802689373493195,
		0.8406737446784973
	],
	"16. left_wrist": [
		0.5235128402709961,
		0.5287197828292847,
		-0.2650805115699768,
		0.8353662490844727
	],
	"19. right_shoulder": [
		0.4701840579509735,
		0.3472783863544464,
		-0.240632563829422,
		0.9995551109313965
	],
	"20. right_elbow": [
		0.4926324486732483,
		0.2994537949562073,
		-0.48553305864334106,
		0.9670979976654053
	],
	"21. right_wrist": [
		0.5516948103904724,
		0.31516027450561523,
		-0.5731276869773865,
		0.9520131945610046
	],
	"24. nose": [
		0.5466551184654236,
		0.3669147789478302,
		-0.2669822573661804,
		0.9997397661209106
	],
	"25. left_eye": [
		0.5531474947929382,
		0.35830196738243103,
		-0.24038709700107574,
		0.9995440244674683
	],
	"26. right_eye": [
		0.5461271405220032,
		0.35247310996055603,
		-0.2663704454898834,
		0.9994297623634338
	],
	"27. left_ear": [
		0.5435188412666321,
		0.3524248003959656,
		-0.09207405149936676,
		0.9994331002235413
	],
	"28. right_ear": [
		0.5290419459342957,
		0.3409920930862427,
		-0.21775491535663605,
		0.9990610480308533
	],
	"time stamp": 30.0
}