{
	"1. left_hip": [
		0.527120053768158,
		0.5058668255805969,
		0.08217184245586395,
		0.9996895790100098
	],
	"2. left_knee": [
		0.5326598286628723,
		0.6287657618522644,
		0.046939875930547714,
		0.9444422125816345
	],
	"3. left_ankle": [
		0.4924406409263611,
		0.7458536624908447,
		0.19301629066467285,
		0.9458504915237427
	],
	"6. right_hip": [
		0.4753881096839905,
		0.5002511143684387,
		-0.08212041109800339,
		0.9994344115257263
	],
	"7. right_knee": [
		0.5161179304122925,
		0.6248828172683716,
		-0.22030377388000488,
		0.9737608432769775
	],
	"8. right_ankle": [
		0.480374276638031,
		0.7395856380462646,
		-0.07228212058544159,
		0.96073979139328
	],
	"14. left_shoulder": [
		0.5356014370918274,
		0.35236141085624695,
		0.016373267397284508,
		0.9998595714569092
	],
	"15. left_elbow": [
		0.5468624830245972,
		0.44150641560554504,
		0.03693920373916626,
		0.8797361254692078
	],
	"16. left_wrist": [
		0.5525532364845276,
		0.5166423916816711,
		-0.10087821632623672,
		0.8866142630577087
	],
	"19. right_shoulder": [
		0.44027116894721985,
		0.3130256235599518,
		-0.15329869091510773,
		0.9986703395843506
	],
	"20. right_elbow": [
		0.46536633372306824,
		0.31616103649139404,
		-0.2775394320487976,
		0.7912035584449768
	],
	"21. right_wrist": [
		0.5054159164428711,
		0.30944743752479553,
		-0.2712406516075134,
		0.6747044324874878
	],
	"24. nose": [
		0.4965497851371765,
		0.28831055760383606,
		-0.34315192699432373,
		0.9995038509368896
	],
	"25. left_eye": [
		0.5080613493919373,
		0.2774753272533417,
		-0.3153076469898224,
		0.9989890456199646
	],
	"26. right_eye": [
		0.4903034567832947,
		0.27286678552627563,
		-0.3286912143230438,
		0.9985546469688416
	],
	"27. left_ear": [
		0.5165278911590576,
		0.2806204557418823,
		-0.13722699880599976,
		0.9986446499824524
	],
	"28. right_ear": [
		0.47842615842819214,
		0.2737866938114166,
		-0.20226116478443146,
		0.997591495513916
	],
	"time stamp": 30.0
}