{
	"1. left_hip": [
		0.5194481015205383,
		0.5102056860923767,
		-0.010853033512830734,
		0.9998031854629517
	],
	"2. left_knee": [
		0.5172988772392273,
		0.640923261642456,
		-0.09249094873666763,
		0.9760059714317322
	],
	"3. left_ankle": [
		0.5327050089836121,
		0.735598087310791,
		0.1442437767982483,
		0.9714112877845764
	],
	"6. right_hip": [
		0.4600972831249237,
		0.5158332586288452,
		0.01068965159356594,
		0.9996247291564941
	],
	"7. right_knee": [
		0.4605391323566437,
		0.6466056108474731,
		-0.001998102990910411,
		0.9844277501106262
	],
	"8. right_ankle": [
		0.48109719157218933,
		0.7275336384773254,
		0.3099042773246765,
		0.9576343894004822
	],
	"14. left_shoulder": [
		0.5350424647331238,
		0.33806610107421875,
		-0.007498246617615223,
		0.9984591603279114
	],
	"15. left_elbow": [
		0.5181061625480652,
		0.33352750539779663,
		-0.2612666189670563,
		0.8126709461212158
	],
	"16. left_wrist": [
		0.5063940286636353,
		0.2573317587375641,
		-0.4694424867630005,
		0.8226704001426697
	],
	"19. right_shoulder": [
		0.44631317257881165,
		0.34785255789756775,
		-0.003980547655373812,
		0.996428906917572
	],
	"20. right_elbow": [
		0.4615558087825775,
		0.4005216360092163,
		-0.2520957887172699,
		0.8420132994651794
	],
	"21. right_wrist": [
		0.4990854859352112,
		0.3267210125923157,
		-0.4575737714767456,
		0.7909321784973145
	],
	"24. nose": [
		0.4933268129825592,
		0.2827664613723755,
		-0.14439962804317474,
		0.9991406798362732
	],
	"25. left_eye": [
		0.5021305680274963,
		0.2738632559776306,
		-0.11838211119174957,
		0.99871426820755
	],
	"26. right_eye": [
		0.4849057197570801,
		0.27415719628334045,
		-0.11946165561676025,
		0.9979932308197021
	],
	"27. left_ear": [
		0.5078650712966919,
		0.2782527208328247,
		0.00674214493483305,
		0.9982104301452637
	],
	"28. right_ear": [
		0.47324660420417786,
		0.27939051389694214,
		0.004916050937026739,
		0.997310221195221
	],
	"time stamp": 30.0
}