{
	"1. left_hip": [
		0.5219096541404724,
		0.5075145363807678,
		-0.007965580560266972,
		0.9998603463172913
	],
	"2. left_knee": [
		0.5196268558502197,
		0.6335700750350952,
		-0.07874274998903275,
		0.9870944023132324
	],
	"3. left_ankle": [
		0.5385493636131287,
		0.7421727776527405,
		0.11704018712043762,
		0.9796749353408813
	],
	"6. right_hip": [
		0.46309995651245117,
		0.5096544027328491,
		0.00785877276211977,
		0.9996339678764343
	],
	"7. right_knee": [
		0.4629687964916229,
		0.6363658308982849,
		-0.0038950645830482244,
		0.9874663949012756
	],
	"8. right_ankle": [
		0.4826967120170593,
		0.7275765538215637,
		0.23849788308143616,
		0.9624338746070862
	],
	"14. left_shoulder": [
		0.5376560688018799,
		0.341535747051239,
		0.0039917766116559505,
		0.9989164471626282
	],
	"15. left_elbow": [
		0.5806633234024048,
		0.33315420150756836,
		-0.2591506838798523,
		0.9016860127449036
	],
	"16. left_wrist": [
		0.5120341777801514,
		0.30194294452667236,
		-0.43607380986213684,
		0.8847512006759644
	],
	"19. right_shoulder": [
		0.44685983657836914,
		0.3498646318912506,
		-0.018405165523290634,
		0.994106113910675
	],
	"20. right_elbow": [
		0.450814425945282,
		0.4010159373283386,
		-0.2557995915412903,
		0.8235702514648438
	],
	"21. right_wrist": [
		0.5200799703598022,
		0.3672234117984772,
		-0.44240912795066833,
		0.8043015003204346
	],
	"24. nose": [
		0.49420198798179626,
		0.27920103073120117,
		-0.16787400841712952,
		0.9991932511329651
	],
	"25. left_eye": [
		0.5015274882316589,
		0.2740851640701294,
		-0.13802464306354523,
		0.9988282322883606
	],
	"26. right_eye": [
		0.48636394739151,
		0.27129146456718445,
		-0.14144177734851837,
		0.9980981349945068
	],
	"27. left_ear": [
		0.5061542987823486,
		0.28333255648612976,
		0.0003688496944960207,
		0.9986833333969116
	],
	"28. right_ear": [
		0.47549909353256226,
		0.280477374792099,
		-0.014128690585494041,
		0.9971731901168823
	],
	"time stamp": 30.0
}