{
	"1. left_hip": [
		0.5310455560684204,
		0.5038156509399414,
		0.009387919679284096,
		0.9995311498641968
	],
	"2. left_knee": [
		0.533942461013794,
		0.6309875249862671,
		-0.06478708237409592,
		0.9845619797706604
	],
	"3. left_ankle": [
		0.5068614482879639,
		0.7106715440750122,
		0.27271905541419983,
		0.9554546475410461
	],
	"6. right_hip": [
		0.478487491607666,
		0.5063139796257019,
		-0.009510795585811138,
		0.9993288516998291
	],
	"7. right_knee": [
		0.47504374384880066,
		0.631397008895874,
		-0.035543639212846756,
		0.9864840507507324
	],
	"8. right_ankle": [
		0.4842603802680969,
		0.7303934693336487,
		0.22566111385822296,
		0.9630112051963806
	],
	"14. left_shoulder": [
		0.5439746379852295,
		0.3422892391681671,
		-0.06782461702823639,
		0.9978510737419128
	],
	"15. left_elbow": [
		0.5980169773101807,
		0.3356565833091736,
		-0.3511524498462677,
		0.9148370623588562
	],
	"16. left_wrist": [
		0.543239176273346,
		0.34827935695648193,
		-0.5489456057548523,
		0.8098242878913879
	],
	"19. right_shoulder": [
		0.45379966497421265,
		0.3387681245803833,
		-0.10813972353935242,
		0.9961725473403931
	],
	"20. right_elbow": [
		0.4178368151187897,
		0.33821186423301697,
		-0.38910242915153503,
		0.9146340489387512
	],
	"21. right_wrist": [
		0.49837374687194824,
		0.337693989276886,
		-0.5683122277259827,
		0.8763878345489502
	],
	"24. nose": [
		0.4997219443321228,
		0.28682851791381836,
		-0.24957020580768585,
		0.9989750981330872
	],
	"25. left_eye": [
		0.5087292194366455,
		0.2795551121234894,
		-0.21904844045639038,
		0.998092532157898
	],
	"26. right_eye": [
		0.49286168813705444,
		0.2783964276313782,
		-0.22304092347621918,
		0.99809730052948
	],
	"27. left_ear": [
		0.5184783339500427,
		0.2874402701854706,
		-0.07471562176942825,
		0.9981324672698975
	],
	"28. right_ear": [
		0.4818492531776428,
		0.2872796654701233,
		-0.0918879583477974,
		0.9976658225059509
	],
	"time stamp": 30.0
}