{
	"1. left_hip": [
		0.5328562259674072,
		0.5026078820228577,
		0.046768125146627426,
		0.9994326829910278
	],
	"2. left_knee": [
		0.535200297832489,
		0.6215024590492249,
		0.04301375895738602,
		0.9512888193130493
	],
	"3. left_ankle": [
		0.49579593539237976,
		0.7180026769638062,
		0.18637841939926147,
		0.9304584860801697
	],
	"6. right_hip": [
		0.48196953535079956,
		0.5030654668807983,
		-0.04716699570417404,
		0.9993635416030884
	],
	"7. right_knee": [
		0.5080632567405701,
		0.6177495121955872,
		-0.18529343605041504,
		0.9832781553268433
	],
	"8. right_ankle": [
		0.4838632345199585,
		0.7201901078224182,
		-0.09301958978176117,
		0.9364170432090759
	],
	"14. left_shoulder": [
		0.5495297908782959,
		0.3533443808555603,
		-0.18290133774280548,
		0.9978987574577332
	],
	"15. left_elbow": [
		0.6118906736373901,
		0.31841564178466797,
		-0.43387284874916077,
		0.9335190057754517
	],
	"16. left_wrist": [
		0.541751503944397,
		0.32635244727134705,
		-0.5705664157867432,
		0.7964182496070862
	],
	"19. right_shoulder": [
		0.4572595953941345,
		0.34186315536499023,
		-0.2609396278858185,
		0.9969772100448608
	],
	"20. right_elbow": [
		0.40566954016685486,
		0.2905556857585907,
		-0.5004286170005798,
		0.936689555644989
	],
	"21. right_wrist": [
		0.47421759366989136,
		0.30356183648109436,
		-0.6467297077178955,
		0.8705507516860962
	],
	"24. nose": [
		0.5026968121528625,
		0.30009379982948303,
		-0.43035951256752014,
		0.9991180300712585
	],
	"25. left_eye": [
		0.5128942728042603,
		0.29262977838516235,
		-0.40609487891197205,
		0.998354971408844
	],
	"26. right_eye": [
		0.49613842368125916,
		0.29056617617607117,
		-0.4117473065853119,
		0.9984031319618225
	],
	"27. left_ear": [
		0.5244762301445007,
		0.2993161380290985,
		-0.25418826937675476,
		0.9983778595924377
	],
	"28. right_ear": [
		0.48772814869880676,
		0.2958567440509796,
		-0.28079697489738464,
		0.9981693625450134
	],
	"time stamp": 30.0
}