{
	"1. left_hip": [
		0.5098615884780884,
		0.502767026424408,
		-0.03801194205880165,
		0.9995185732841492
	],
	"2. left_knee": [
		0.4808778464794159,
		0.610935628414154,
		-0.09926434606313705,
		0.9650598168373108
	],
	"3. left_ankle": [
		0.5127369165420532,
		0.7042427659034729,
		0.09546717256307602,
		0.9577738046646118
	],
	"6. right_hip": [
		0.456881582736969,
		0.5067248940467834,
		0.03750724345445633,
		0.9996569156646729
	],
	"7. right_knee": [
		0.4558964967727661,
		0.6198611259460449,
		0.021842127665877342,
		0.977480411529541
	],
	"8. right_ankle": [
		0.47404029965400696,
		0.7034362554550171,
		0.24591997265815735,
		0.9513038992881775
	],
	"14. left_shoulder": [
		0.540071964263916,
		0.36324381828308105,
		-0.20967110991477966,
		0.9992417097091675
	],
	"15. left_elbow": [
		0.5939837694168091,
		0.301546186208725,
		-0.4548530876636505,
		0.9857230186462402
	],
	"16. left_wrist": [
		0.5256286859512329,
		0.33115896582603455,
		-0.4921064078807831,
		0.8408675193786621
	],
	"19. right_shoulder": [
		0.45261722803115845,
		0.3564431071281433,
		-0.15183721482753754,
		0.9988874197006226
	],
	"20. right_elbow": [
		0.4011898338794708,
		0.32623186707496643,
		-0.3618853986263275,
		0.9784523844718933
	],
	"21. right_wrist": [
		0.46592605113983154,
		0.3322652280330658,
		-0.5726364254951477,
		0.7618041038513184
	],
	"24. nose": [
		0.4887085258960724,
		0.31780463457107544,
		-0.36406609416007996,
		0.9998078942298889
	],
	"25. left_eye": [
		0.5010212659835815,
		0.309656023979187,
		-0.3471199572086334,
		0.9996395111083984
	],
	"26. right_eye": [
		0.48343777656555176,
		0.30869239568710327,
		-0.34160053730010986,
		0.9995989799499512
	],
	"27. left_ear": [
		0.5134078860282898,
		0.31594762206077576,
		-0.23602059483528137,
		0.9996728301048279
	],
	"28. right_ear": [
		0.4785814881324768,
		0.3139500319957733,
		-0.20732949674129486,
		0.9996044635772705
	],
	"time stamp": 30.0
}