{
	"1. left_hip": [
		0.5287227034568787,
		0.5086020827293396,
		0.045006413012742996,
		0.9997127056121826
	],
	"2. left_knee": [
		0.5266726016998291,
		0.6133167743682861,
		0.02989892102777958,
		0.9800738096237183
	],
	"3. left_ankle": [
		0.5033483505249023,
		0.6976156830787659,
		0.15839426219463348,
		0.973051130771637
	],
	"6. right_hip": [
		0.4792718291282654,
		0.510847270488739,
		-0.045020394027233124,
		0.9996840953826904
	],
	"7. right_knee": [
		0.4993027150630951,
		0.611000657081604,
		-0.051775068044662476,
		0.9837618470191956
	],
	"8. right_ankle": [
		0.4857363700866699,
		0.6943817138671875,
		0.08849044889211655,
		0.9695195555686951
	],
	"14. left_shoulder": [
		0.5446800589561462,
		0.37174785137176514,
		0.014788216911256313,
		0.9995540380477905
	],
	"15. left_elbow": [
		0.6060695648193359,
		0.3625175952911377,
		0.1105758473277092,
		0.9910939931869507
	],
	"16. left_wrist": [
		0.6503463983535767,
		0.3215585947036743,
		0.08516408503055573,
		0.8840157985687256
	],
	"19. right_shoulder": [
		0.4580458700656891,
		0.35867658257484436,
		-0.13281545042991638,
		0.9992213845252991
	],
	"20. right_elbow": [
		0.3950384259223938,
		0.345211923122406,
		-0.1575062870979309,
		0.9884023666381836
	],
	"21. right_wrist": [
		0.3398594558238983,
		0.2997730076313019,
		-0.26317065954208374,
		0.8346109986305237
	],
	"24. nose": [
		0.5172065496444702,
		0.3255821168422699,
		-0.26234593987464905,
		0.9999175667762756
	],
	"25. left_eye": [
		0.5246893763542175,
		0.318472295999527,
		-0.23560841381549835,
		0.99984210729599
	],
	"26. right_eye": [
		0.5097159147262573,
		0.3155626356601715,
		-0.2516670227050781,
		0.9998199343681335
	],
	"27. left_ear": [
		0.5276023149490356,
		0.3223714232444763,
		-0.09072955697774887,
		0.9998546838760376
	],
	"28. right_ear": [
		0.4983839690685272,
		0.3184070289134979,
		-0.1708063781261444,
		0.9998438954353333
	],
	"time stamp": 30.0
}