{
	"1. left_hip": [
		0.5362409949302673,
		0.5059069395065308,
		0.04561169818043709,
		0.9993120431900024
	],
	"2. left_knee": [
		0.5407536625862122,
		0.6090759634971619,
		0.019963642582297325,
		0.9352843165397644
	],
	"3. left_ankle": [
		0.5084553360939026,
		0.7006756067276001,
		0.17401693761348724,
		0.9467101097106934
	],
	"6. right_hip": [
		0.4903627038002014,
		0.5037448406219482,
		-0.045679617673158646,
		0.9991697669029236
	],
	"7. right_knee": [
		0.5172504186630249,
		0.6033113598823547,
		-0.12029722332954407,
		0.9756008982658386
	],
	"8. right_ankle": [
		0.49516648054122925,
		0.6949296593666077,
		0.014653559774160385,
		0.9707930088043213
	],
	"14. left_shoulder": [
		0.552547037601471,
		0.3838048279285431,
		-0.14992356300354004,
		0.9998058676719666
	],
	"15. left_elbow": [
		0.5911252498626709,
		0.4330328106880188,
		-0.1202426627278328,
		0.9904923439025879
	],
	"16. left_wrist": [
		0.644416868686676,
		0.47038841247558594,
		-0.30405014753341675,
		0.9570379853248596
	],
	"19. right_shoulder": [
		0.47401344776153564,
		0.36513158679008484,
		-0.24285763502120972,
		0.9996495842933655
	],
	"20. right_elbow": [
		0.42178717255592346,
		0.40602797269821167,
		-0.2040465623140335,
		0.9939022064208984
	],
	"21. right_wrist": [
		0.36829638481140137,
		0.4343841075897217,
		-0.2918587923049927,
		0.9390740394592285
	],
	"24. nose": [
		0.5285254120826721,
		0.33150815963745117,
		-0.4728202521800995,
		0.9999565482139587
	],
	"25. left_eye": [
		0.534758985042572,
		0.3234889805316925,
		-0.4489409029483795,
		0.9998735785484314
	],
	"26. right_eye": [
		0.5206162929534912,
		0.32149702310562134,
		-0.46037572622299194,
		0.999871551990509
	],
	"27. left_ear": [
		0.535657525062561,
		0.32678455114364624,
		-0.2920644283294678,
		0.9997893571853638
	],
	"28. right_ear": [
		0.5088894963264465,
		0.3243248164653778,
		-0.345883846282959,
		0.9998372793197632
	],
	"time stamp": 30.0
}