{
	"1. left_hip": [
		0.5307772159576416,
		0.5064668655395508,
		-0.008424417115747929,
		0.9997566342353821
	],
	"2. left_knee": [
		0.5309783220291138,
		0.6106988787651062,
		-0.05817475914955139,
		0.9863831400871277
	],
	"3. left_ankle": [
		0.5323001742362976,
		0.6987001299858093,
		0.0840681940317154,
		0.9816387295722961
	],
	"6. right_hip": [
		0.4818999767303467,
		0.5068530440330505,
		0.008459363132715225,
		0.999654233455658
	],
	"7. right_knee": [
		0.48759257793426514,
		0.6114540100097656,
		-0.010660740546882153,
		0.9899263381958008
	],
	"8. right_ankle": [
		0.4993791878223419,
		0.687891960144043,
		0.1844615340232849,
		0.9707686305046082
	],
	"14. left_shoulder": [
		0.553225040435791,
		0.37355154752731323,
		0.054641809314489365,
		0.9996410012245178
	],
	"15. left_elbow": [
		0.5536115169525146,
		0.41679254174232483,
		-0.08522340655326843,
		0.9440802335739136
	],
	"16. left_wrist": [
		0.5175009369850159,
		0.37153512239456177,
		-0.19456827640533447,
		0.9185152053833008
	],
	"19. right_shoulder": [
		0.47423282265663147,
		0.37708133459091187,
		0.07316429913043976,
		0.999179482460022
	],
	"20. right_elbow": [
		0.46739596128463745,
		0.42271751165390015,
		-0.0645599290728569,
		0.9120888113975525
	],
	"21. right_wrist": [
		0.5026773810386658,
		0.37628525495529175,
		-0.20223376154899597,
		0.9333498477935791
	],
	"24. nose": [
		0.5156461596488953,
		0.33366858959198,
		-0.04339044913649559,
		0.9992684125900269
	],
	"25. left_eye": [
		0.5218724012374878,
		0.3239240050315857,
		-0.02823495864868164,
		0.9986504316329956
	],
	"26. right_eye": [
		0.5064916610717773,
		0.3253738582134247,
		-0.02576351910829544,
		0.9979910254478455
	],
	"27. left_ear": [
		0.5266240239143372,
		0.32942718267440796,
		0.054210636764764786,
		0.9987533688545227
	],
	"28. right_ear": [
		0.4977536201477051,
		0.33008256554603577,
		0.06827329844236374,
		0.9974527359008789
	],
	"time stamp": 30.0
}