{
	"1. left_hip": [
		0.5284796953201294,
		0.505805253982544,
		-0.01545487530529499,
		0.9998300075531006
	],
	"2. left_knee": [
		0.5311320424079895,
		0.6124985218048096,
		-0.06657914072275162,
		0.9910841584205627
	],
	"3. left_ankle": [
		0.5321838855743408,
		0.7011492252349854,
		0.06071164458990097,
		0.9857264161109924
	],
	"6. right_hip": [
		0.4801553189754486,
		0.5071064829826355,
		0.015323172323405743,
		0.999752938747406
	],
	"7. right_knee": [
		0.48631277680397034,
		0.6115443110466003,
		-0.0012259011855348945,
		0.9908637404441833
	],
	"8. right_ankle": [
		0.49899178743362427,
		0.6905566453933716,
		0.1689130812883377,
		0.9733779430389404
	],
	"14. left_shoulder": [
		0.5520354509353638,
		0.3725757598876953,
		0.020630743354558945,
		0.9996031522750854
	],
	"15. left_elbow": [
		0.5410340428352356,
		0.38355234265327454,
		-0.1513671576976776,
		0.9269987344741821
	],
	"16. left_wrist": [
		0.5119563341140747,
		0.3548305928707123,
		-0.2808534502983093,
		0.9074826240539551
	],
	"19. right_shoulder": [
		0.47596392035484314,
		0.3728524446487427,
		0.07950035482645035,
		0.9992524981498718
	],
	"20. right_elbow": [
		0.4582260251045227,
		0.395263671875,
		-0.07997015118598938,
		0.9093310832977295
	],
	"21. right_wrist": [
		0.501882016658783,
		0.3607954680919647,
		-0.23986147344112396,
		0.8992828130722046
	],
	"24. nose": [
		0.5053912401199341,
		0.32856398820877075,
		-0.037783194333314896,
		0.9995051026344299
	],
	"25. left_eye": [
		0.5134753584861755,
		0.3197167217731476,
		-0.029190540313720703,
		0.9991104006767273
	],
	"26. right_eye": [
		0.49983829259872437,
		0.3211211562156677,
		-0.017150674015283585,
		0.9986752271652222
	],
	"27. left_ear": [
		0.5236663222312927,
		0.3271552324295044,
		0.03239522874355316,
		0.9991646409034729
	],
	"28. right_ear": [
		0.49657008051872253,
		0.3280670940876007,
		0.08415070921182632,
		0.9983882904052734
	],
	"time stamp": 30.0
}