{
	"1. left_hip": [
		0.5298551917076111,
		0.5360798835754395,
		0.017131485044956207,
		0.999377429485321
	],
	"2. left_knee": [
		0.5427189469337463,
		0.6711940169334412,
		-0.0676492303609848,
		0.900700032711029
	],
	"3. left_ankle": [
		0.489215224981308,
		0.6864228844642639,
		0.3904842436313629,
		0.7239996790885925
	],
	"6. right_hip": [
		0.46058303117752075,
		0.5346835851669312,
		-0.01726565510034561,
		0.9997079968452454
	],
	"7. right_knee": [
		0.4726531505584717,
		0.6619898676872253,
		-0.2640775144100189,
		0.9513989686965942
	],
	"8. right_ankle": [
		0.4835349917411804,
		0.7894249558448792,
		-0.07505137473344803,
		0.8825428485870361
	],
	"14. left_shoulder": [
		0.5554415583610535,
		0.34085750579833984,
		-0.09187811613082886,
		0.9999485015869141
	],
	"15. left_elbow": [
		0.5746282935142517,
		0.4374207854270935,
		-0.0584031380712986,
		0.9214344024658203
	],
	"16. left_wrist": [
		0.5739568471908569,
		0.5305432081222534,
		-0.21098898351192474,
		0.8677783608436584
	],
	"19. right_shoulder": [
		0.4375149607658386,
		0.35668450593948364,
		-0.10394287109375,
		0.9999135136604309
	],
	"20. right_elbow": [
		0.4270060658454895,
		0.4582407772541046,
		-0.06474532186985016,
		0.9264335632324219
	],
	"21. right_wrist": [
		0.41727355122566223,
		0.5482010841369629,
		-0.20608410239219666,
		0.81698077917099
	],
	"24. nose": [
		0.4914771318435669,
		0.27049824595451355,
		-0.36118680238723755,
		0.9999691843986511
	],
	"25. left_eye": [
		0.5043309330940247,
		0.26032397150993347,
		-0.3344620168209076,
		0.9999222755432129
	],
	"26. right_eye": [
		0.4804118275642395,
		0.2597052752971649,
		-0.3370797336101532,
		0.99989253282547
	],
	"27. left_ear": [
		0.5157828330993652,
		0.26892322301864624,
		-0.18026317656040192,
		0.9998610615730286
	],
	"28. right_ear": [
		0.47070223093032837,
		0.267884761095047,
		-0.19312460720539093,
		0.9998177886009216
	],
	"time stamp": 30.0
}