{
	"1. left_hip": [
		0.5344502329826355,
		0.5849709510803223,
		0.028651107102632523,
		0.9997093081474304
	],
	"2. left_knee": [
		0.5507836937904358,
		0.7065845727920532,
		-0.29805487394332886,
		0.9501251578330994
	],
	"3. left_ankle": [
		0.49686363339424133,
		0.8560270667076111,
		-0.18773938715457916,
		0.8529847264289856
	],
	"6. right_hip": [
		0.4643208384513855,
		0.5860446691513062,
		-0.02865607477724552,
		0.9997677206993103
	],
	"7. right_knee": [
		0.4666413962841034,
		0.7266272902488708,
		-0.0026832695584744215,
		0.9496142268180847
	],
	"8. right_ankle": [
		0.5073939561843872,
		0.8063151836395264,
		0.46554407477378845,
		0.783072292804718
	],
	"14. left_shoulder": [
		0.5603561997413635,
		0.4014767110347748,
		-0.14358177781105042,
		0.9999289512634277
	],
	"15. left_elbow": [
		0.5878698825836182,
		0.41480767726898193,
		-0.4181648790836334,
		0.9368468523025513
	],
	"16. left_wrist": [
		0.6198208332061768,
		0.33595162630081177,
		-0.7715023756027222,
		0.9337389469146729
	],
	"19. right_shoulder": [
		0.460813045501709,
		0.392421692609787,
		-0.2634574770927429,
		0.999823808670044
	],
	"20. right_elbow": [
		0.44571706652641296,
		0.40226200222969055,
		-0.6026813983917236,
		0.9459890127182007
	],
	"21. right_wrist": [
		0.4713689684867859,
		0.31979572772979736,
		-0.8974896669387817,
		0.9036571383476257
	],
	"24. nose": [
		0.5235082507133484,
		0.35442280769348145,
		-0.4914708733558655,
		0.9999666213989258
	],
	"25. left_eye": [
		0.531924843788147,
		0.35200756788253784,
		-0.4692731201648712,
		0.9999353885650635
	],
	"26. right_eye": [
		0.5137803554534912,
		0.34732502698898315,
		-0.4481542408466339,
		0.9998986124992371
	],
	"27. left_ear": [
		0.5377604961395264,
		0.34951403737068176,
		-0.2599650025367737,
		0.9998937249183655
	],
	"28. right_ear": [
		0.4969746768474579,
		0.34833824634552,
		-0.26619482040405273,
		0.9998642206192017
	],
	"time stamp": 30.0
}