{
	"1. left_hip": [
		0.534832239151001,
		0.6186691522598267,
		0.029171587899327278,
		0.9998683929443359
	],
	"2. left_knee": [
		0.5542632937431335,
		0.7250444293022156,
		-0.35702407360076904,
		0.9735746383666992
	],
	"3. left_ankle": [
		0.4974738359451294,
		0.849117636680603,
		-0.16878071427345276,
		0.9143141508102417
	],
	"6. right_hip": [
		0.46225106716156006,
		0.623339056968689,
		-0.029005590826272964,
		0.9998499155044556
	],
	"7. right_knee": [
		0.4800938367843628,
		0.7597141861915588,
		0.03067598305642605,
		0.9563746452331543
	],
	"8. right_ankle": [
		0.5112189650535583,
		0.8096769452095032,
		0.5871956944465637,
		0.6446764469146729
	],
	"14. left_shoulder": [
		0.5690468549728394,
		0.44314977526664734,
		-0.13817808032035828,
		0.9998533725738525
	],
	"15. left_elbow": [
		0.5893223881721497,
		0.5204702019691467,
		-0.36452049016952515,
		0.9612253308296204
	],
	"16. left_wrist": [
		0.5972417593002319,
		0.42968228459358215,
		-0.6937623620033264,
		0.9629233479499817
	],
	"19. right_shoulder": [
		0.4494330585002899,
		0.43050527572631836,
		-0.19891010224819183,
		0.9997249245643616
	],
	"20. right_elbow": [
		0.4239327013492584,
		0.5029900670051575,
		-0.42708641290664673,
		0.9679556488990784
	],
	"21. right_wrist": [
		0.4447111487388611,
		0.4412931799888611,
		-0.7928125262260437,
		0.9443268775939941
	],
	"24. nose": [
		0.5212468504905701,
		0.36881911754608154,
		-0.4542725086212158,
		0.9999800324440002
	],
	"25. left_eye": [
		0.5370007157325745,
		0.3606555461883545,
		-0.42518025636672974,
		0.999963641166687
	],
	"26. right_eye": [
		0.5116102695465088,
		0.35694757103919983,
		-0.4279301166534424,
		0.9999423027038574
	],
	"27. left_ear": [
		0.5443511605262756,
		0.36846280097961426,
		-0.2415718138217926,
		0.9999422430992126
	],
	"28. right_ear": [
		0.4964727759361267,
		0.36085087060928345,
		-0.25886523723602295,
		0.999921441078186
	],
	"time stamp": 30.0
}