{
	"1. left_hip": [
		0.5231363773345947,
		0.5842070579528809,
		0.03714355453848839,
		0.9999154210090637
	],
	"2. left_knee": [
		0.5450383424758911,
		0.7155982851982117,
		-0.16022086143493652,
		0.9755064249038696
	],
	"3. left_ankle": [
		0.510121762752533,
		0.8327865600585938,
		0.0493537113070488,
		0.9290374517440796
	],
	"6. right_hip": [
		0.4495111107826233,
		0.5822726488113403,
		-0.03713815286755562,
		0.9997284412384033
	],
	"7. right_knee": [
		0.45483770966529846,
		0.7262020707130432,
		-0.01133476197719574,
		0.9467276930809021
	],
	"8. right_ankle": [
		0.4493919312953949,
		0.7289432287216187,
		0.5095149874687195,
		0.4905710220336914
	],
	"14. left_shoulder": [
		0.5741869807243347,
		0.3970397114753723,
		-0.08787329494953156,
		0.9996645450592041
	],
	"15. left_elbow": [
		0.5711476802825928,
		0.493546724319458,
		-0.12469466775655746,
		0.872505247592926
	],
	"16. left_wrist": [
		0.5462981462478638,
		0.5526387691497803,
		-0.3827470541000366,
		0.8815310597419739
	],
	"19. right_shoulder": [
		0.4449985921382904,
		0.390990287065506,
		-0.1690397560596466,
		0.9991264343261719
	],
	"20. right_elbow": [
		0.4304317533969879,
		0.5038343071937561,
		-0.217082217335701,
		0.937225878238678
	],
	"21. right_wrist": [
		0.4721357524394989,
		0.5740131735801697,
		-0.3563152253627777,
		0.8882031440734863
	],
	"24. nose": [
		0.525980532169342,
		0.3059581518173218,
		-0.3598887622356415,
		0.999847948551178
	],
	"25. left_eye": [
		0.5351410508155823,
		0.29418137669563293,
		-0.3310832977294922,
		0.9998088479042053
	],
	"26. right_eye": [
		0.5104180574417114,
		0.2958524227142334,
		-0.3398725986480713,
		0.9996861815452576
	],
	"27. left_ear": [
		0.5443735122680664,
		0.30265510082244873,
		-0.1773185431957245,
		0.9996290802955627
	],
	"28. right_ear": [
		0.4943329691886902,
		0.3064543902873993,
		-0.2135278880596161,
		0.999554455280304
	],
	"time stamp": 30.0
}