{
	"1. left_hip": [
		0.5237809419631958,
		0.5808261632919312,
		0.0403253436088562,
		0.9999231696128845
	],
	"2. left_knee": [
		0.5453549027442932,
		0.7160090804100037,
		-0.08986292034387589,
		0.9771666526794434
	],
	"3. left_ankle": [
		0.5108129978179932,
		0.8310158848762512,
		0.14595253765583038,
		0.934601902961731
	],
	"6. right_hip": [
		0.45037880539894104,
		0.5785426497459412,
		-0.040348462760448456,
		0.9997508525848389
	],
	"7. right_knee": [
		0.4534774720668793,
		0.7198522686958313,
		-0.0011595763498917222,
		0.9508447051048279
	],
	"8. right_ankle": [
		0.445096492767334,
		0.7326995730400085,
		0.5074911117553711,
		0.5216865539550781
	],
	"14. left_shoulder": [
		0.5739647150039673,
		0.39535951614379883,
		-0.07542601227760315,
		0.9996969103813171
	],
	"15. left_elbow": [
		0.5738483667373657,
		0.4866775572299957,
		-0.10137568414211273,
		0.8813104033470154
	],
	"16. left_wrist": [
		0.5508254170417786,
		0.5509154200553894,
		-0.3511872887611389,
		0.892016589641571
	],
	"19. right_shoulder": [
		0.44553709030151367,
		0.38830938935279846,
		-0.175041064620018,
		0.999203622341156
	],
	"20. right_elbow": [
		0.43002548813819885,
		0.5001764297485352,
		-0.21231229603290558,
		0.9429230690002441
	],
	"21. right_wrist": [
		0.46682846546173096,
		0.5739514827728271,
		-0.34984129667282104,
		0.8976258635520935
	],
	"24. nose": [
		0.5263898372650146,
		0.30475765466690063,
		-0.35403794050216675,
		0.9998615384101868
	],
	"25. left_eye": [
		0.5351773500442505,
		0.2931888699531555,
		-0.32520315051078796,
		0.9998244643211365
	],
	"26. right_eye": [
		0.5111424922943115,
		0.2938677966594696,
		-0.3360477685928345,
		0.9997129440307617
	],
	"27. left_ear": [
		0.5443434715270996,
		0.3032994568347931,
		-0.16939878463745117,
		0.9996550679206848
	],
	"28. right_ear": [
		0.49480104446411133,
		0.3037317395210266,
		-0.21663765609264374,
		0.9995929002761841
	],
	"time stamp": 30.0
}