{
	"1. left_hip": [
		0.45177125930786133,
		0.603901743888855,
		0.08991126716136932,
		0.9998747706413269
	],
	"2. left_knee": [
		0.5376552939414978,
		0.7032907009124756,
		-0.1782938688993454,
		0.9950323104858398
	],
	"3. left_ankle": [
		0.5365360379219055,
		0.814734160900116,
		0.1080564633011818,
		0.9911386370658875
	],
	"6. right_hip": [
		0.38830825686454773,
		0.6097943782806396,
		-0.09000196307897568,
		0.9998741745948792
	],
	"7. right_knee": [
		0.357345312833786,
		0.7583714127540588,
		-0.12917941808700562,
		0.9946795105934143
	],
	"8. right_ankle": [
		0.2603205442428589,
		0.816870391368866,
		0.2467258870601654,
		0.9537229537963867
	],
	"14. left_shoulder": [
		0.49221739172935486,
		0.4249711334705353,
		0.07711529731750488,
		0.998510479927063
	],
	"15. left_elbow": [
		0.4663276672363281,
		0.5052856802940369,
		0.12500128149986267,
		0.21479658782482147
	],
	"16. left_wrist": [
		0.4708707928657532,
		0.5511550307273865,
		-0.03990117833018303,
		0.31100475788116455
	],
	"19. right_shoulder": [
		0.3867967426776886,
		0.4056309163570404,
		-0.17481152713298798,
		0.9998995661735535
	],
	"20. right_elbow": [
		0.319020539522171,
		0.48618239164352417,
		-0.2663310766220093,
		0.9938626289367676
	],
	"21. right_wrist": [
		0.3811938464641571,
		0.5548455715179443,
		-0.4131806194782257,
		0.9791576266288757
	],
	"24. nose": [
		0.46113869547843933,
		0.3378073573112488,
		-0.36744287610054016,
		0.9999660849571228
	],
	"25. left_eye": [
		0.47322171926498413,
		0.3268391489982605,
		-0.32288509607315063,
		0.9999328851699829
	],
	"26. right_eye": [
		0.447427362203598,
		0.3272641897201538,
		-0.33811652660369873,
		0.9999514222145081
	],
	"27. left_ear": [
		0.47896265983581543,
		0.3368392586708069,
		-0.10518718510866165,
		0.9997352957725525
	],
	"28. right_ear": [
		0.43355628848075867,
		0.33824974298477173,
		-0.180351123213768,
		0.9999518394470215
	],
	"time stamp": 30.0
}