{
	"1. left_hip": [
		0.48116791248321533,
		0.5617726445198059,
		0.10306069254875183,
		0.9998303651809692
	],
	"2. left_knee": [
		0.5451744794845581,
		0.6826577186584473,
		-0.0359991155564785,
		0.9953770637512207
	],
	"3. left_ankle": [
		0.5285178422927856,
		0.7982409000396729,
		0.2210017591714859,
		0.9935468435287476
	],
	"6. right_hip": [
		0.4152824878692627,
		0.5606460571289062,
		-0.10304845124483109,
		0.9998131990432739
	],
	"7. right_knee": [
		0.36250293254852295,
		0.694633960723877,
		-0.12405212968587875,
		0.9972927570343018
	],
	"8. right_ankle": [
		0.277374804019928,
		0.797491729259491,
		0.09458712488412857,
		0.9818657040596008
	],
	"14. left_shoulder": [
		0.5024983286857605,
		0.3611820340156555,
		0.15427620708942413,
		0.9986881017684937
	],
	"15. left_elbow": [
		0.5528371334075928,
		0.41783571243286133,
		0.1480046659708023,
		0.28666314482688904
	],
	"16. left_wrist": [
		0.6481508016586304,
		0.42057159543037415,
		-0.013900748454034328,
		0.4041479229927063
	],
	"19. right_shoulder": [
		0.41963258385658264,
		0.3408268392086029,
		-0.22380951046943665,
		0.9999192357063293
	],
	"20. right_elbow": [
		0.47327888011932373,
		0.40608474612236023,
		-0.3871007263660431,
		0.9957457184791565
	],
	"21. right_wrist": [
		0.5585118532180786,
		0.4281883239746094,
		-0.37862759828567505,
		0.9833622574806213
	],
	"24. nose": [
		0.48593994975090027,
		0.28832167387008667,
		-0.26230382919311523,
		0.999960720539093
	],
	"25. left_eye": [
		0.493538498878479,
		0.2796742022037506,
		-0.22500872611999512,
		0.999919056892395
	],
	"26. right_eye": [
		0.474929541349411,
		0.2755967974662781,
		-0.24791058897972107,
		0.999952495098114
	],
	"27. left_ear": [
		0.49296069145202637,
		0.28688183426856995,
		-0.026958467438817024,
		0.9997431039810181
	],
	"28. right_ear": [
		0.45559242367744446,
		0.2806330919265747,
		-0.12515093386173248,
		0.9999645352363586
	],
	"time stamp": 30.0
}