{
	"1. left_hip": [
		0.49113938212394714,
		0.5586878061294556,
		0.12118193507194519,
		0.999808132648468
	],
	"2. left_knee": [
		0.5447123050689697,
		0.6815570592880249,
		0.09930716454982758,
		0.9937325119972229
	],
	"3. left_ankle": [
		0.5236412286758423,
		0.8014070987701416,
		0.3719390034675598,
		0.9935718774795532
	],
	"6. right_hip": [
		0.42916586995124817,
		0.5580052137374878,
		-0.12124944478273392,
		0.9998049139976501
	],
	"7. right_knee": [
		0.4043627977371216,
		0.6940990686416626,
		-0.12012017518281937,
		0.9976313710212708
	],
	"8. right_ankle": [
		0.298875629901886,
		0.7833207249641418,
		0.11423750221729279,
		0.9850900769233704
	],
	"14. left_shoulder": [
		0.508515477180481,
		0.35571298003196716,
		0.16740120947360992,
		0.9985628128051758
	],
	"15. left_elbow": [
		0.5661947727203369,
		0.4031878709793091,
		0.22464841604232788,
		0.2749331593513489
	],
	"16. left_wrist": [
		0.649628221988678,
		0.3926900327205658,
		0.12397351861000061,
		0.4178211987018585
	],
	"19. right_shoulder": [
		0.43201014399528503,
		0.339703232049942,
		-0.2744787037372589,
		0.9999189376831055
	],
	"20. right_elbow": [
		0.4943808615207672,
		0.3986569344997406,
		-0.4204808473587036,
		0.996178150177002
	],
	"21. right_wrist": [
		0.5715905427932739,
		0.4057559669017792,
		-0.36872926354408264,
		0.9849867224693298
	],
	"24. nose": [
		0.4910294711589813,
		0.28416937589645386,
		-0.30005332827568054,
		0.9999657869338989
	],
	"25. left_eye": [
		0.4969545006752014,
		0.27297288179397583,
		-0.25664299726486206,
		0.9999261498451233
	],
	"26. right_eye": [
		0.4774942994117737,
		0.2725318372249603,
		-0.285891056060791,
		0.9999589323997498
	],
	"27. left_ear": [
		0.4967159330844879,
		0.2789847254753113,
		-0.039648957550525665,
		0.9997535943984985
	],
	"28. right_ear": [
		0.4597071707248688,
		0.27895909547805786,
		-0.1701141893863678,
		0.9999695420265198
	],
	"time stamp": 30.0
}