{
	"1. left_hip": [
		0.5177196264266968,
		0.5349352359771729,
		0.11808201670646667,
		0.9997189044952393
	],
	"2. left_knee": [
		0.5434913039207458,
		0.6623276472091675,
		0.08108357340097427,
		0.8995048999786377
	],
	"3. left_ankle": [
		0.5066904425621033,
		0.7849103212356567,
		0.25735580921173096,
		0.9557434916496277
	],
	"6. right_hip": [
		0.4655575156211853,
		0.5295764207839966,
		-0.11801008880138397,
		0.9997446537017822
	],
	"7. right_knee": [
		0.5323116779327393,
		0.6407202482223511,
		-0.2796678841114044,
		0.9956722855567932
	],
	"8. right_ankle": [
		0.4908098578453064,
		0.7750257849693298,
		-0.14582103490829468,
		0.9851452112197876
	],
	"14. left_shoulder": [
		0.5636659264564514,
		0.3672966957092285,
		-0.04350151866674423,
		0.9990231990814209
	],
	"15. left_elbow": [
		0.5459429621696472,
		0.47144466638565063,
		0.05471113696694374,
		0.37662363052368164
	],
	"16. left_wrist": [
		0.5574583411216736,
		0.5332643985748291,
		-0.06458090990781784,
		0.4792209565639496
	],
	"19. right_shoulder": [
		0.4756903350353241,
		0.34967660903930664,
		-0.4024590253829956,
		0.9999375343322754
	],
	"20. right_elbow": [
		0.4377087950706482,
		0.44955798983573914,
		-0.4503370523452759,
		0.9964388012886047
	],
	"21. right_wrist": [
		0.4754055440425873,
		0.5330914258956909,
		-0.510291337966919,
		0.9846380352973938
	],
	"24. nose": [
		0.564791202545166,
		0.29070210456848145,
		-0.4287478029727936,
		0.9997508525848389
	],
	"25. left_eye": [
		0.569189727306366,
		0.2783851623535156,
		-0.40031492710113525,
		0.9994000792503357
	],
	"26. right_eye": [
		0.5532268285751343,
		0.27574458718299866,
		-0.4362139105796814,
		0.9997058510780334
	],
	"27. left_ear": [
		0.5668608546257019,
		0.2839367687702179,
		-0.23550379276275635,
		0.9980255961418152
	],
	"28. right_ear": [
		0.5322241187095642,
		0.2791849672794342,
		-0.393809050321579,
		0.9997940063476562
	],
	"time stamp": 30.0
}