{
	"1. left_hip": [
		0.5307305455207825,
		0.5227227807044983,
		0.09057476371526718,
		0.9991724491119385
	],
	"2. left_knee": [
		0.5264500379562378,
		0.6613291501998901,
		0.09359030425548553,
		0.9020594358444214
	],
	"3. left_ankle": [
		0.5036557912826538,
		0.7790173888206482,
		0.3002869784832001,
		0.9493106603622437
	],
	"6. right_hip": [
		0.4741850197315216,
		0.5247058272361755,
		-0.09060696512460709,
		0.9994359016418457
	],
	"7. right_knee": [
		0.4622388482093811,
		0.6662578582763672,
		-0.051611561328172684,
		0.9920258522033691
	],
	"8. right_ankle": [
		0.46288007497787476,
		0.7946024537086487,
		0.11628732830286026,
		0.9864301681518555
	],
	"14. left_shoulder": [
		0.5420910120010376,
		0.3325565457344055,
		0.11791814863681793,
		0.9991194605827332
	],
	"15. left_elbow": [
		0.5497129559516907,
		0.39806675910949707,
		0.1752086728811264,
		0.3899105489253998
	],
	"16. left_wrist": [
		0.5775123834609985,
		0.39081352949142456,
		0.0858355388045311,
		0.5635513663291931
	],
	"19. right_shoulder": [
		0.4578504264354706,
		0.3174360990524292,
		-0.16691167652606964,
		0.9999374151229858
	],
	"20. right_elbow": [
		0.389737069606781,
		0.3596227467060089,
		-0.3866633176803589,
		0.996516764163971
	],
	"21. right_wrist": [
		0.4734346270561218,
		0.3569270670413971,
		-0.5930442214012146,
		0.9870373606681824
	],
	"24. nose": [
		0.5349225401878357,
		0.2687925100326538,
		-0.24382728338241577,
		0.99981689453125
	],
	"25. left_eye": [
		0.5408127903938293,
		0.2592163383960724,
		-0.21266193687915802,
		0.999533474445343
	],
	"26. right_eye": [
		0.5235379338264465,
		0.25365832448005676,
		-0.23680727183818817,
		0.9997663497924805
	],
	"27. left_ear": [
		0.538912832736969,
		0.2657400667667389,
		-0.03331739827990532,
		0.9983517527580261
	],
	"28. right_ear": [
		0.5037269592285156,
		0.25546562671661377,
		-0.15714578330516815,
		0.9998181462287903
	],
	"time stamp": 30.0
}