{
	"1. left_hip": [
		0.5338718891143799,
		0.5195587873458862,
		0.09291739016771317,
		0.9991114139556885
	],
	"2. left_knee": [
		0.5274171829223633,
		0.6599161028862,
		0.11155391484498978,
		0.9035181403160095
	],
	"3. left_ankle": [
		0.5024746656417847,
		0.7741798162460327,
		0.308281809091568,
		0.9471509456634521
	],
	"6. right_hip": [
		0.47719806432724,
		0.52326899766922,
		-0.0929039865732193,
		0.9994271993637085
	],
	"7. right_knee": [
		0.46127933263778687,
		0.6640275120735168,
		-0.12180571258068085,
		0.9917744994163513
	],
	"8. right_ankle": [
		0.4621967375278473,
		0.79502272605896,
		-0.0018598122987896204,
		0.9863259792327881
	],
	"14. left_shoulder": [
		0.5424987077713013,
		0.3356224596500397,
		0.15615248680114746,
		0.9991891980171204
	],
	"15. left_elbow": [
		0.5607027411460876,
		0.4078717529773712,
		0.08127154409885406,
		0.43481558561325073
	],
	"16. left_wrist": [
		0.576718807220459,
		0.3801589012145996,
		-0.17334313690662384,
		0.6042484641075134
	],
	"19. right_shoulder": [
		0.44957873225212097,
		0.31660714745521545,
		-0.11304263025522232,
		0.9999418258666992
	],
	"20. right_elbow": [
		0.3789820671081543,
		0.3345208764076233,
		-0.3627752661705017,
		0.9967676997184753
	],
	"21. right_wrist": [
		0.46568793058395386,
		0.3291732370853424,
		-0.5556981563568115,
		0.9879844784736633
	],
	"24. nose": [
		0.5289480090141296,
		0.26955270767211914,
		-0.18299797177314758,
		0.9998340010643005
	],
	"25. left_eye": [
		0.5362188816070557,
		0.26040318608283997,
		-0.15011799335479736,
		0.9995778203010559
	],
	"26. right_eye": [
		0.5187550783157349,
		0.2545258104801178,
		-0.1770332306623459,
		0.9997883439064026
	],
	"27. left_ear": [
		0.536217987537384,
		0.2666037380695343,
		0.029216457158327103,
		0.9985109567642212
	],
	"28. right_ear": [
		0.4990842938423157,
		0.2566961646080017,
		-0.099538654088974,
		0.9998356103897095
	],
	"time stamp": 30.0
}