{
	"1. left_hip": [
		0.5145311951637268,
		0.5539700388908386,
		0.11393072456121445,
		0.998934805393219
	],
	"2. left_knee": [
		0.5443308353424072,
		0.680431604385376,
		0.029871299862861633,
		0.9042649269104004
	],
	"3. left_ankle": [
		0.48907041549682617,
		0.7734825015068054,
		0.2930722236633301,
		0.928798258304596
	],
	"6. right_hip": [
		0.46022212505340576,
		0.5549024939537048,
		-0.11397303640842438,
		0.9990591406822205
	],
	"7. right_knee": [
		0.4909956157207489,
		0.6883161664009094,
		-0.13918840885162354,
		0.9836998581886292
	],
	"8. right_ankle": [
		0.4534183442592621,
		0.7880709171295166,
		0.20493604242801666,
		0.9761857390403748
	],
	"14. left_shoulder": [
		0.5388320088386536,
		0.3714275062084198,
		0.10305846482515335,
		0.9990899562835693
	],
	"15. left_elbow": [
		0.549325704574585,
		0.44599151611328125,
		0.1724528968334198,
		0.43912407755851746
	],
	"16. left_wrist": [
		0.5729500651359558,
		0.49885818362236023,
		-0.05042319372296333,
		0.6276645064353943
	],
	"19. right_shoulder": [
		0.45558828115463257,
		0.36193016171455383,
		-0.22870655357837677,
		0.9998972415924072
	],
	"20. right_elbow": [
		0.4475226104259491,
		0.4519538879394531,
		-0.2952882647514343,
		0.9948294162750244
	],
	"21. right_wrist": [
		0.49767762422561646,
		0.4996192455291748,
		-0.3770057260990143,
		0.9776049256324768
	],
	"24. nose": [
		0.5218197703361511,
		0.2914550304412842,
		-0.32683396339416504,
		0.9997928142547607
	],
	"25. left_eye": [
		0.5231847763061523,
		0.28151971101760864,
		-0.28543567657470703,
		0.9994262456893921
	],
	"26. right_eye": [
		0.5067199468612671,
		0.2807212471961975,
		-0.3122820556163788,
		0.9996614456176758
	],
	"27. left_ear": [
		0.5230487585067749,
		0.2883184850215912,
		-0.08068906515836716,
		0.9979960918426514
	],
	"28. right_ear": [
		0.4888981282711029,
		0.28976690769195557,
		-0.20047573745250702,
		0.999678373336792
	],
	"time stamp": 30.0
}