{
	"1. left_hip": [
		0.6043381094932556,
		0.5766934156417847,
		0.06752268224954605,
		0.9996729493141174
	],
	"2. left_knee": [
		0.6779971718788147,
		0.6701958179473877,
		-0.08682479709386826,
		0.9768947958946228
	],
	"3. left_ankle": [
		0.6689913272857666,
		0.7681245803833008,
		0.21305476129055023,
		0.969095766544342
	],
	"6. right_hip": [
		0.5360183119773865,
		0.571012556552887,
		-0.06756345927715302,
		0.9996117949485779
	],
	"7. right_knee": [
		0.48918235301971436,
		0.6906988620758057,
		-0.058885522186756134,
		0.9935166239738464
	],
	"8. right_ankle": [
		0.4338880777359009,
		0.7716949582099915,
		0.22963140904903412,
		0.9868621826171875
	],
	"14. left_shoulder": [
		0.6745064854621887,
		0.4196326732635498,
		0.04314759373664856,
		0.9976011514663696
	],
	"15. left_elbow": [
		0.661927342414856,
		0.4863935112953186,
		0.04866037517786026,
		0.21506984531879425
	],
	"16. left_wrist": [
		0.6554622650146484,
		0.5168073177337646,
		-0.1401394158601761,
		0.3477984070777893
	],
	"19. right_shoulder": [
		0.5730782151222229,
		0.3731319010257721,
		-0.1290479451417923,
		0.9998342990875244
	],
	"20. right_elbow": [
		0.4964110553264618,
		0.3803061544895172,
		-0.08948849886655807,
		0.9932593107223511
	],
	"21. right_wrist": [
		0.41804465651512146,
		0.37820959091186523,
		-0.11070170998573303,
		0.9564898014068604
	],
	"24. nose": [
		0.6422816514968872,
		0.33110395073890686,
		-0.30015450716018677,
		0.9998641610145569
	],
	"25. left_eye": [
		0.6515543460845947,
		0.32389402389526367,
		-0.27432510256767273,
		0.9996939897537231
	],
	"26. right_eye": [
		0.6305321455001831,
		0.3216811418533325,
		-0.2863275706768036,
		0.9997926354408264
	],
	"27. left_ear": [
		0.6584826111793518,
		0.33282896876335144,
		-0.11605463176965714,
		0.9992927312850952
	],
	"28. right_ear": [
		0.6171995997428894,
		0.3300604820251465,
		-0.16976746916770935,
		0.9998302459716797
	],
	"time stamp": 30.0
}