{
	"1. left_hip": [
		0.6041194200515747,
		0.580178439617157,
		0.029150735586881638,
		0.9997186064720154
	],
	"2. left_knee": [
		0.6736198663711548,
		0.6761369705200195,
		-0.19867263734340668,
		0.9838200211524963
	],
	"3. left_ankle": [
		0.6638351678848267,
		0.7689442038536072,
		0.15164127945899963,
		0.9776648879051208
	],
	"6. right_hip": [
		0.5352678894996643,
		0.570042610168457,
		-0.029020655900239944,
		0.9996395707130432
	],
	"7. right_knee": [
		0.47748005390167236,
		0.6834782361984253,
		-0.09887386113405228,
		0.9945992231369019
	],
	"8. right_ankle": [
		0.4284907579421997,
		0.7633036375045776,
		0.24447646737098694,
		0.9894251227378845
	],
	"14. left_shoulder": [
		0.6833469271659851,
		0.42776399850845337,
		-0.053978919982910156,
		0.9982795715332031
	],
	"15. left_elbow": [
		0.7079381942749023,
		0.5042914748191833,
		-0.07910376042127609,
		0.42465612292289734
	],
	"16. left_wrist": [
		0.6726594567298889,
		0.5480332970619202,
		-0.27232974767684937,
		0.4677231013774872
	],
	"19. right_shoulder": [
		0.5792903304100037,
		0.3835078477859497,
		-0.06644011288881302,
		0.9997860193252563
	],
	"20. right_elbow": [
		0.5108848810195923,
		0.43388569355010986,
		-0.05895498767495155,
		0.983661949634552
	],
	"21. right_wrist": [
		0.48822903633117676,
		0.4610469937324524,
		-0.19719591736793518,
		0.901229739189148
	],
	"24. nose": [
		0.6413158178329468,
		0.3359668552875519,
		-0.32025834918022156,
		0.9998853802680969
	],
	"25. left_eye": [
		0.6511128544807434,
		0.3288334310054779,
		-0.2925318777561188,
		0.9997527599334717
	],
	"26. right_eye": [
		0.630915641784668,
		0.32711920142173767,
		-0.28872150182724,
		0.9997736215591431
	],
	"27. left_ear": [
		0.6605693101882935,
		0.33856478333473206,
		-0.1415923833847046,
		0.9994712471961975
	],
	"28. right_ear": [
		0.6239492893218994,
		0.3362637162208557,
		-0.13568012416362762,
		0.9997383952140808
	],
	"time stamp": 30.0
}