{
	"1. left_hip": [
		0.5649335384368896,
		0.5649865865707397,
		-0.042408350855112076,
		0.9996442198753357
	],
	"2. left_knee": [
		0.6177517175674438,
		0.664459764957428,
		-0.0959111824631691,
		0.9932465553283691
	],
	"3. left_ankle": [
		0.6688666343688965,
		0.7637361288070679,
		0.16262277960777283,
		0.9892702698707581
	],
	"6. right_hip": [
		0.5021509528160095,
		0.5565974712371826,
		0.04240448772907257,
		0.9997968077659607
	],
	"7. right_knee": [
		0.42696136236190796,
		0.6458518505096436,
		-0.12751908600330353,
		0.9976039528846741
	],
	"8. right_ankle": [
		0.40848544239997864,
		0.7534641623497009,
		0.05196266621351242,
		0.995673418045044
	],
	"14. left_shoulder": [
		0.6217585206031799,
		0.3903438150882721,
		-0.151325985789299,
		0.9993010759353638
	],
	"15. left_elbow": [
		0.5527007579803467,
		0.44201090931892395,
		-0.2549484968185425,
		0.8089401125907898
	],
	"16. left_wrist": [
		0.4874521493911743,
		0.391663134098053,
		-0.3589880168437958,
		0.8096646666526794
	],
	"19. right_shoulder": [
		0.5477097034454346,
		0.3873559236526489,
		0.10697093605995178,
		0.9995936751365662
	],
	"20. right_elbow": [
		0.531516432762146,
		0.4557421803474426,
		0.21577483415603638,
		0.5923812985420227
	],
	"21. right_wrist": [
		0.5020256638526917,
		0.4947943687438965,
		0.1970335692167282,
		0.5117357969284058
	],
	"24. nose": [
		0.5812646746635437,
		0.3290444314479828,
		-0.18792378902435303,
		0.9998002052307129
	],
	"25. left_eye": [
		0.592821478843689,
		0.3220116198062897,
		-0.17637379467487335,
		0.9995997548103333
	],
	"26. right_eye": [
		0.5748282670974731,
		0.32016104459762573,
		-0.15818706154823303,
		0.9992724061012268
	],
	"27. left_ear": [
		0.6035323739051819,
		0.33008861541748047,
		-0.1007639691233635,
		0.9995567202568054
	],
	"28. right_ear": [
		0.5722265243530273,
		0.3272147476673126,
		-0.012682055123150349,
		0.9985878467559814
	],
	"time stamp": 30.0
}