{
	"1. left_hip": [
		0.5404292941093445,
		0.5576938986778259,
		-0.058875326067209244,
		0.9997113943099976
	],
	"2. left_knee": [
		0.6008002758026123,
		0.6628766655921936,
		-0.09502056241035461,
		0.9946900606155396
	],
	"3. left_ankle": [
		0.6726328730583191,
		0.7543632388114929,
		0.14270630478858948,
		0.991470217704773
	],
	"6. right_hip": [
		0.47831377387046814,
		0.5533297061920166,
		0.05864306166768074,
		0.9998434782028198
	],
	"7. right_knee": [
		0.41259023547172546,
		0.6478396058082581,
		-0.05809392035007477,
		0.9980093240737915
	],
	"8. right_ankle": [
		0.41017118096351624,
		0.754412829875946,
		0.16188620030879974,
		0.9965016841888428
	],
	"14. left_shoulder": [
		0.5798181891441345,
		0.37803688645362854,
		-0.1974128782749176,
		0.9994726777076721
	],
	"15. left_elbow": [
		0.5295563340187073,
		0.4224484860897064,
		-0.3999669849872589,
		0.8583084344863892
	],
	"16. left_wrist": [
		0.4781959652900696,
		0.37355419993400574,
		-0.5643994212150574,
		0.8579522967338562
	],
	"19. right_shoulder": [
		0.5128799676895142,
		0.3824255168437958,
		0.08857185393571854,
		0.9996610283851624
	],
	"20. right_elbow": [
		0.503196656703949,
		0.46716591715812683,
		0.2041269689798355,
		0.44822919368743896
	],
	"21. right_wrist": [
		0.48506394028663635,
		0.5210925340652466,
		0.17962200939655304,
		0.40153712034225464
	],
	"24. nose": [
		0.5283450484275818,
		0.3144725263118744,
		-0.2106797695159912,
		0.9998362064361572
	],
	"25. left_eye": [
		0.5405661463737488,
		0.3073370158672333,
		-0.21513858437538147,
		0.9996607303619385
	],
	"26. right_eye": [
		0.5274664759635925,
		0.3055263161659241,
		-0.16612578928470612,
		0.9993706345558167
	],
	"27. left_ear": [
		0.5602919459342957,
		0.31672489643096924,
		-0.16386309266090393,
		0.9996302127838135
	],
	"28. right_ear": [
		0.5333219766616821,
		0.31320399045944214,
		-0.03361529856920242,
		0.9987877011299133
	],
	"time stamp": 30.0
}