{
	"1. left_hip": [
		0.4901893138885498,
		0.5360667109489441,
		-0.09900295734405518,
		0.9998387098312378
	],
	"2. left_knee": [
		0.5110344886779785,
		0.6534209251403809,
		-0.11263589560985565,
		0.9960588216781616
	],
	"3. left_ankle": [
		0.5766511559486389,
		0.7535682916641235,
		0.017278004437685013,
		0.9946500062942505
	],
	"6. right_hip": [
		0.4452756345272064,
		0.5338212251663208,
		0.09900106489658356,
		0.9998988509178162
	],
	"7. right_knee": [
		0.41309547424316406,
		0.6490522027015686,
		0.12360555678606033,
		0.99669349193573
	],
	"8. right_ankle": [
		0.4387566149234772,
		0.7554855346679688,
		0.2673255503177643,
		0.996953547000885
	],
	"14. left_shoulder": [
		0.5161933302879333,
		0.35290420055389404,
		-0.19557014107704163,
		0.9997259378433228
	],
	"15. left_elbow": [
		0.5489583015441895,
		0.3930419385433197,
		-0.42129647731781006,
		0.9279962778091431
	],
	"16. left_wrist": [
		0.48249709606170654,
		0.3525142967700958,
		-0.5568956136703491,
		0.9201822876930237
	],
	"19. right_shoulder": [
		0.47264018654823303,
		0.3655827045440674,
		0.1335691511631012,
		0.9997240304946899
	],
	"20. right_elbow": [
		0.4729470908641815,
		0.44793763756752014,
		0.22814875841140747,
		0.24835172295570374
	],
	"21. right_wrist": [
		0.45320188999176025,
		0.5106791853904724,
		0.1670851707458496,
		0.2555624544620514
	],
	"24. nose": [
		0.45890548825263977,
		0.30341070890426636,
		-0.1696271300315857,
		0.9998214244842529
	],
	"25. left_eye": [
		0.47349074482917786,
		0.2936002016067505,
		-0.17643097043037415,
		0.9996402263641357
	],
	"26. right_eye": [
		0.46071484684944153,
		0.29195094108581543,
		-0.14471006393432617,
		0.9992584586143494
	],
	"27. left_ear": [
		0.49213728308677673,
		0.3006086051464081,
		-0.14818748831748962,
		0.9996721744537354
	],
	"28. right_ear": [
		0.46927374601364136,
		0.29823458194732666,
		-0.003032689681276679,
		0.9987825155258179
	],
	"time stamp": 30.0
}