{
	"1. left_hip": [
		0.49611765146255493,
		0.5137996077537537,
		-0.10907000303268433,
		0.999839186668396
	],
	"2. left_knee": [
		0.47654369473457336,
		0.6438366174697876,
		-0.10089778900146484,
		0.9940453171730042
	],
	"3. left_ankle": [
		0.49722039699554443,
		0.7653001546859741,
		-0.02961103618144989,
		0.9942222833633423
	],
	"6. right_hip": [
		0.4495992362499237,
		0.5147171020507812,
		0.10921397805213928,
		0.9998087286949158
	],
	"7. right_knee": [
		0.43645909428596497,
		0.6428031325340271,
		0.11901514232158661,
		0.9662418365478516
	],
	"8. right_ankle": [
		0.4660528898239136,
		0.7554134726524353,
		0.24592971801757812,
		0.9835485219955444
	],
	"14. left_shoulder": [
		0.518216073513031,
		0.3378344774246216,
		-0.04582127556204796,
		0.9998605847358704
	],
	"15. left_elbow": [
		0.4841974973678589,
		0.39245834946632385,
		-0.11296773701906204,
		0.9624844193458557
	],
	"16. left_wrist": [
		0.4439578056335449,
		0.36146584153175354,
		-0.10341726988554001,
		0.9355432987213135
	],
	"19. right_shoulder": [
		0.45184317231178284,
		0.3471823036670685,
		0.1955287754535675,
		0.9996174573898315
	],
	"20. right_elbow": [
		0.43019697070121765,
		0.42273229360580444,
		0.09204766154289246,
		0.24784241616725922
	],
	"21. right_wrist": [
		0.4426943361759186,
		0.43786823749542236,
		-0.11828691512346268,
		0.3690817654132843
	],
	"24. nose": [
		0.4699159264564514,
		0.2835969626903534,
		-0.10026339441537857,
		0.9998701214790344
	],
	"25. left_eye": [
		0.4848395884037018,
		0.2758541405200958,
		-0.08874871581792831,
		0.9997506141662598
	],
	"26. right_eye": [
		0.4677991271018982,
		0.2736089825630188,
		-0.07552926987409592,
		0.9994820952415466
	],
	"27. left_ear": [
		0.5012090802192688,
		0.28479716181755066,
		0.004553087987005711,
		0.9997901320457458
	],
	"28. right_ear": [
		0.47212228178977966,
		0.27962741255760193,
		0.06227057799696922,
		0.9991273880004883
	],
	"time stamp": 30.0
}