{
	"1. left_hip": [
		0.5345504283905029,
		0.5670254230499268,
		-0.12263498455286026,
		0.9999370574951172
	],
	"2. left_knee": [
		0.5986648201942444,
		0.6776233911514282,
		-0.11859623342752457,
		0.9897448420524597
	],
	"3. left_ankle": [
		0.6996150612831116,
		0.7585698366165161,
		0.04104773327708244,
		0.9916696548461914
	],
	"6. right_hip": [
		0.4781913459300995,
		0.5802658796310425,
		0.12290991842746735,
		0.9998334050178528
	],
	"7. right_knee": [
		0.439278244972229,
		0.6790855526924133,
		0.14382202923297882,
		0.8938063979148865
	],
	"8. right_ankle": [
		0.5162200331687927,
		0.7664622068405151,
		0.444685161113739,
		0.8963766098022461
	],
	"14. left_shoulder": [
		0.5022076368331909,
		0.3992363512516022,
		-0.3523932993412018,
		0.9999334216117859
	],
	"15. left_elbow": [
		0.5473530292510986,
		0.4847104847431183,
		-0.35572972893714905,
		0.9846540093421936
	],
	"16. left_wrist": [
		0.59392249584198,
		0.5636822581291199,
		-0.3471473753452301,
		0.9339644312858582
	],
	"19. right_shoulder": [
		0.43227067589759827,
		0.3919328451156616,
		0.014472456648945808,
		0.9992626309394836
	],
	"20. right_elbow": [
		0.4836287498474121,
		0.47596731781959534,
		0.11876842379570007,
		0.34918010234832764
	],
	"21. right_wrist": [
		0.5139966607093811,
		0.5396190881729126,
		0.011645233258605003,
		0.45904994010925293
	],
	"24. nose": [
		0.45011991262435913,
		0.31510478258132935,
		-0.38705334067344666,
		0.9994204640388489
	],
	"25. left_eye": [
		0.4647575914859772,
		0.3078438937664032,
		-0.39084094762802124,
		0.9991620779037476
	],
	"26. right_eye": [
		0.45084163546562195,
		0.3058323860168457,
		-0.3562377393245697,
		0.9987712502479553
	],
	"27. left_ear": [
		0.4813079535961151,
		0.32012471556663513,
		-0.3304978907108307,
		0.9990206956863403
	],
	"28. right_ear": [
		0.45454296469688416,
		0.31517818570137024,
		-0.18543334305286407,
		0.9989901781082153
	],
	"time stamp": 30.0
}