{
	"1. left_hip": [
		0.5143207311630249,
		0.5413322448730469,
		-0.09042415767908096,
		0.9999279379844666
	],
	"2. left_knee": [
		0.5122919082641602,
		0.6768050789833069,
		-0.09817495197057724,
		0.9940568208694458
	],
	"3. left_ankle": [
		0.5858042240142822,
		0.7550690770149231,
		0.2496187686920166,
		0.9939456582069397
	],
	"6. right_hip": [
		0.45757296681404114,
		0.5397907495498657,
		0.09043846279382706,
		0.9998761415481567
	],
	"7. right_knee": [
		0.451265811920166,
		0.6763817071914673,
		0.082706019282341,
		0.9555585384368896
	],
	"8. right_ankle": [
		0.5020420551300049,
		0.7771737575531006,
		0.2749367654323578,
		0.9577369689941406
	],
	"14. left_shoulder": [
		0.5441901087760925,
		0.3415379226207733,
		-0.22254766523838043,
		0.9999668002128601
	],
	"15. left_elbow": [
		0.5768091678619385,
		0.4418087303638458,
		-0.24803803861141205,
		0.9908744096755981
	],
	"16. left_wrist": [
		0.5519047379493713,
		0.5222790241241455,
		-0.27855950593948364,
		0.9485636353492737
	],
	"19. right_shoulder": [
		0.4592026174068451,
		0.3485718071460724,
		0.09879252314567566,
		0.9993498921394348
	],
	"20. right_elbow": [
		0.4662339389324188,
		0.4438682198524475,
		0.17970412969589233,
		0.1584245264530182
	],
	"21. right_wrist": [
		0.4456983208656311,
		0.5137393474578857,
		0.0365268774330616,
		0.24640768766403198
	],
	"24. nose": [
		0.4550730884075165,
		0.27572619915008545,
		-0.26798194646835327,
		0.9997540712356567
	],
	"25. left_eye": [
		0.4663775861263275,
		0.26075175404548645,
		-0.2683408558368683,
		0.9996392130851746
	],
	"26. right_eye": [
		0.449420303106308,
		0.26773303747177124,
		-0.23866581916809082,
		0.9994004368782043
	],
	"27. left_ear": [
		0.48996853828430176,
		0.2623750865459442,
		-0.20958228409290314,
		0.9996030330657959
	],
	"28. right_ear": [
		0.45499470829963684,
		0.2727682888507843,
		-0.07011739909648895,
		0.9991997480392456
	],
	"time stamp": 30.0
}