{
	"1. left_hip": [
		0.516045093536377,
		0.5307069420814514,
		-0.10931406915187836,
		0.9999303221702576
	],
	"2. left_knee": [
		0.4904431104660034,
		0.6740456223487854,
		-0.1970095932483673,
		0.993694543838501
	],
	"3. left_ankle": [
		0.5598762631416321,
		0.755136251449585,
		0.19133472442626953,
		0.9902362823486328
	],
	"6. right_hip": [
		0.46006038784980774,
		0.5301574468612671,
		0.10928976535797119,
		0.9998682141304016
	],
	"7. right_knee": [
		0.4522803723812103,
		0.6760207414627075,
		0.13755975663661957,
		0.9524840116500854
	],
	"8. right_ankle": [
		0.5003831386566162,
		0.7763310074806213,
		0.38100725412368774,
		0.9608471393585205
	],
	"14. left_shoulder": [
		0.5496364831924438,
		0.33245429396629333,
		-0.2161639779806137,
		0.999972939491272
	],
	"15. left_elbow": [
		0.584857702255249,
		0.4302159249782562,
		-0.2479170709848404,
		0.9925028681755066
	],
	"16. left_wrist": [
		0.5506114959716797,
		0.5088326334953308,
		-0.29534316062927246,
		0.9579062461853027
	],
	"19. right_shoulder": [
		0.46043670177459717,
		0.3438017964363098,
		0.13178464770317078,
		0.9994186758995056
	],
	"20. right_elbow": [
		0.46568286418914795,
		0.4353979825973511,
		0.2292517125606537,
		0.15911619365215302
	],
	"21. right_wrist": [
		0.43958523869514465,
		0.508723258972168,
		0.08576632291078568,
		0.29572179913520813
	],
	"24. nose": [
		0.4549047350883484,
		0.2726227939128876,
		-0.252975732088089,
		0.9997955560684204
	],
	"25. left_eye": [
		0.4660845398902893,
		0.25689709186553955,
		-0.2548537254333496,
		0.9997002482414246
	],
	"26. right_eye": [
		0.448025643825531,
		0.2634085416793823,
		-0.22307761013507843,
		0.9994825720787048
	],
	"27. left_ear": [
		0.4890548586845398,
		0.2576920986175537,
		-0.2006302922964096,
		0.9996760487556458
	],
	"28. right_ear": [
		0.4537120759487152,
		0.26912224292755127,
		-0.05070282518863678,
		0.9992565512657166
	],
	"time stamp": 30.0
}