{
	"1. left_hip": [
		0.5164564251899719,
		0.5288957357406616,
		-0.12997077405452728,
		0.9999309778213501
	],
	"2. left_knee": [
		0.4803547263145447,
		0.6719145178794861,
		-0.23330488801002502,
		0.9930211901664734
	],
	"3. left_ankle": [
		0.5427515506744385,
		0.7577442526817322,
		0.10384843498468399,
		0.9882579445838928
	],
	"6. right_hip": [
		0.4617302417755127,
		0.5265408158302307,
		0.12994059920310974,
		0.9998626708984375
	],
	"7. right_knee": [
		0.45201539993286133,
		0.6711757183074951,
		0.13694904744625092,
		0.9408011436462402
	],
	"8. right_ankle": [
		0.5010349750518799,
		0.7757003903388977,
		0.37024104595184326,
		0.9582277536392212
	],
	"14. left_shoulder": [
		0.5526500940322876,
		0.3275582492351532,
		-0.23483863472938538,
		0.9999755620956421
	],
	"15. left_elbow": [
		0.5857932567596436,
		0.4246785044670105,
		-0.25912585854530334,
		0.9932243824005127
	],
	"16. left_wrist": [
		0.5456659197807312,
		0.5031185150146484,
		-0.354462206363678,
		0.9620068073272705
	],
	"19. right_shoulder": [
		0.4594525992870331,
		0.341315895318985,
		0.12766282260417938,
		0.9994598627090454
	],
	"20. right_elbow": [
		0.46525344252586365,
		0.43379032611846924,
		0.21137341856956482,
		0.18013527989387512
	],
	"21. right_wrist": [
		0.4354831576347351,
		0.5014243125915527,
		0.030268676578998566,
		0.34730836749076843
	],
	"24. nose": [
		0.455154687166214,
		0.27103742957115173,
		-0.2715968191623688,
		0.9998140335083008
	],
	"25. left_eye": [
		0.4661291241645813,
		0.2540804445743561,
		-0.2744309902191162,
		0.9997274279594421
	],
	"26. right_eye": [
		0.4477313160896301,
		0.26142022013664246,
		-0.2418474406003952,
		0.9995232224464417
	],
	"27. left_ear": [
		0.4887388348579407,
		0.25424835085868835,
		-0.21965503692626953,
		0.9997075200080872
	],
	"28. right_ear": [
		0.4528340995311737,
		0.2668691873550415,
		-0.06480228900909424,
		0.9992993474006653
	],
	"time stamp": 30.0
}