{
	"1. left_hip": [
		0.5691362619400024,
		0.5570681691169739,
		-0.10209882259368896,
		0.9998852610588074
	],
	"2. left_knee": [
		0.6283552646636963,
		0.6885765790939331,
		-0.18053215742111206,
		0.9963303208351135
	],
	"3. left_ankle": [
		0.7281618118286133,
		0.7830613851547241,
		0.09035375714302063,
		0.9937605261802673
	],
	"6. right_hip": [
		0.5025341510772705,
		0.5630373358726501,
		0.10201036930084229,
		0.9998831748962402
	],
	"7. right_knee": [
		0.429381400346756,
		0.6665059328079224,
		-0.11281844973564148,
		0.9670805931091309
	],
	"8. right_ankle": [
		0.4713074564933777,
		0.785813570022583,
		0.17713981866836548,
		0.9803445339202881
	],
	"14. left_shoulder": [
		0.5245024561882019,
		0.36605310440063477,
		-0.32868000864982605,
		0.9999650120735168
	],
	"15. left_elbow": [
		0.48845091462135315,
		0.48410356044769287,
		-0.3614780008792877,
		0.9890208840370178
	],
	"16. left_wrist": [
		0.46289825439453125,
		0.5780859589576721,
		-0.3400842547416687,
		0.9549583196640015
	],
	"19. right_shoulder": [
		0.44412514567375183,
		0.3823479413986206,
		-0.0004999070079065859,
		0.9997056722640991
	],
	"20. right_elbow": [
		0.47945818305015564,
		0.4786057770252228,
		0.06910678744316101,
		0.2638514041900635
	],
	"21. right_wrist": [
		0.4933655261993408,
		0.5628010034561157,
		-0.057162437587976456,
		0.44182708859443665
	],
	"24. nose": [
		0.44909316301345825,
		0.30406883358955383,
		-0.4486704170703888,
		0.9999057054519653
	],
	"25. left_eye": [
		0.4639238715171814,
		0.2908065915107727,
		-0.43535473942756653,
		0.9998188018798828
	],
	"26. right_eye": [
		0.44187164306640625,
		0.29151707887649536,
		-0.41439083218574524,
		0.9997148513793945
	],
	"27. left_ear": [
		0.4842824339866638,
		0.2970668375492096,
		-0.31717997789382935,
		0.9998264312744141
	],
	"28. right_ear": [
		0.4449009299278259,
		0.2984195053577423,
		-0.2166765034198761,
		0.999468982219696
	],
	"time stamp": 30.0
}