{
	"1. left_hip": [
		0.5762745141983032,
		0.5924404859542847,
		-0.038623932749032974,
		0.9998593926429749
	],
	"2. left_knee": [
		0.6310320496559143,
		0.7276850342750549,
		-0.12240287661552429,
		0.9974368810653687
	],
	"3. left_ankle": [
		0.7318556904792786,
		0.8053768873214722,
		0.2636862099170685,
		0.9960212707519531
	],
	"6. right_hip": [
		0.4980514943599701,
		0.579336941242218,
		0.03844249248504639,
		0.9999240636825562
	],
	"7. right_knee": [
		0.3902646005153656,
		0.6892528533935547,
		-0.186624675989151,
		0.986585259437561
	],
	"8. right_ankle": [
		0.4523424506187439,
		0.7953914999961853,
		0.2296067625284195,
		0.9908717274665833
	],
	"14. left_shoulder": [
		0.6637856960296631,
		0.39835014939308167,
		-0.1451856940984726,
		0.9999678730964661
	],
	"15. left_elbow": [
		0.7493352890014648,
		0.460104763507843,
		-0.2043367177248001,
		0.9920517206192017
	],
	"16. left_wrist": [
		0.8551483750343323,
		0.4790281057357788,
		-0.38358616828918457,
		0.9610872268676758
	],
	"19. right_shoulder": [
		0.5298010110855103,
		0.3666357696056366,
		-0.05367467179894447,
		0.9998436570167542
	],
	"20. right_elbow": [
		0.43602484464645386,
		0.38592860102653503,
		0.07996400445699692,
		0.6432818174362183
	],
	"21. right_wrist": [
		0.357212096452713,
		0.3997644782066345,
		0.07259134203195572,
		0.7206389307975769
	],
	"24. nose": [
		0.6222944259643555,
		0.3027667999267578,
		-0.3744107186794281,
		0.9999488592147827
	],
	"25. left_eye": [
		0.6314360499382019,
		0.2918378412723541,
		-0.3479766249656677,
		0.9998748302459717
	],
	"26. right_eye": [
		0.6065616607666016,
		0.29098743200302124,
		-0.3411429524421692,
		0.9998162984848022
	],
	"27. left_ear": [
		0.632941722869873,
		0.3002138137817383,
		-0.1998261958360672,
		0.9998759627342224
	],
	"28. right_ear": [
		0.5860230922698975,
		0.29947134852409363,
		-0.16331958770751953,
		0.9996915459632874
	],
	"time stamp": 30.0
}