{
	"1. left_hip": [
		0.5640629529953003,
		0.5262149572372437,
		-0.04729636013507843,
		0.9998266100883484
	],
	"2. left_knee": [
		0.63078373670578,
		0.6734764575958252,
		-0.1391667127609253,
		0.9983294606208801
	],
	"3. left_ankle": [
		0.6953808069229126,
		0.8027542233467102,
		0.17488211393356323,
		0.996823787689209
	],
	"6. right_hip": [
		0.48590439558029175,
		0.5371638536453247,
		0.046888310462236404,
		0.9999077916145325
	],
	"7. right_knee": [
		0.41860613226890564,
		0.6817940473556519,
		0.049671635031700134,
		0.9938105940818787
	],
	"8. right_ankle": [
		0.43426474928855896,
		0.8055394291877747,
		0.34690341353416443,
		0.9946801662445068
	],
	"14. left_shoulder": [
		0.5543688535690308,
		0.31985363364219666,
		-0.20886269211769104,
		0.9998013377189636
	],
	"15. left_elbow": [
		0.5169618129730225,
		0.4459373354911804,
		-0.25020283460617065,
		0.9474828243255615
	],
	"16. left_wrist": [
		0.4326655864715576,
		0.5170274376869202,
		-0.27104243636131287,
		0.8597878217697144
	],
	"19. right_shoulder": [
		0.4473234713077545,
		0.3183448314666748,
		-0.0701843649148941,
		0.9997389912605286
	],
	"20. right_elbow": [
		0.4362185597419739,
		0.42680370807647705,
		-0.26382508873939514,
		0.8191380500793457
	],
	"21. right_wrist": [
		0.5028478503227234,
		0.35549840331077576,
		-0.5816576480865479,
		0.855798065662384
	],
	"24. nose": [
		0.4967231750488281,
		0.2367323338985443,
		-0.39994919300079346,
		0.999955415725708
	],
	"25. left_eye": [
		0.5156311392784119,
		0.2280881404876709,
		-0.38158145546913147,
		0.9998747110366821
	],
	"26. right_eye": [
		0.49160873889923096,
		0.2230796217918396,
		-0.3750440776348114,
		0.999853253364563
	],
	"27. left_ear": [
		0.5302563309669495,
		0.24054676294326782,
		-0.22398848831653595,
		0.9998641610145569
	],
	"28. right_ear": [
		0.48541852831840515,
		0.23158681392669678,
		-0.21015664935112,
		0.9997281432151794
	],
	"time stamp": 30.0
}