{
	"1. left_hip": [
		0.5506678819656372,
		0.5020442008972168,
		-0.08414201438426971,
		0.9998347759246826
	],
	"2. left_knee": [
		0.5996941924095154,
		0.659538745880127,
		-0.11830144375562668,
		0.9985871911048889
	],
	"3. left_ankle": [
		0.6597216129302979,
		0.7874712347984314,
		0.16505493223667145,
		0.9978430271148682
	],
	"6. right_hip": [
		0.47062569856643677,
		0.5041433572769165,
		0.08395007252693176,
		0.9998793005943298
	],
	"7. right_knee": [
		0.42454448342323303,
		0.6448612809181213,
		0.08069293200969696,
		0.9960464835166931
	],
	"8. right_ankle": [
		0.417647123336792,
		0.7825777530670166,
		0.3878951966762543,
		0.9965922832489014
	],
	"14. left_shoulder": [
		0.5689979195594788,
		0.26818639039993286,
		-0.23846293985843658,
		0.9997785091400146
	],
	"15. left_elbow": [
		0.475568562746048,
		0.33136147260665894,
		-0.3450809419155121,
		0.9619014263153076
	],
	"16. left_wrist": [
		0.36561843752861023,
		0.369726300239563,
		-0.38441145420074463,
		0.86491459608078
	],
	"19. right_shoulder": [
		0.4738525450229645,
		0.28781166672706604,
		0.13404345512390137,
		0.9992232322692871
	],
	"20. right_elbow": [
		0.4394057095050812,
		0.3668953478336334,
		0.04335886612534523,
		0.646651566028595
	],
	"21. right_wrist": [
		0.44003042578697205,
		0.36648088693618774,
		-0.27710288763046265,
		0.6405739188194275
	],
	"24. nose": [
		0.5057631134986877,
		0.21171894669532776,
		-0.3192616403102875,
		0.999843180179596
	],
	"25. left_eye": [
		0.5221603512763977,
		0.1965598613023758,
		-0.3089008033275604,
		0.9997103810310364
	],
	"26. right_eye": [
		0.49626651406288147,
		0.19825619459152222,
		-0.2827787697315216,
		0.9996418356895447
	],
	"27. left_ear": [
		0.535834014415741,
		0.2047795206308365,
		-0.19148600101470947,
		0.999762237071991
	],
	"28. right_ear": [
		0.48939764499664307,
		0.20591752231121063,
		-0.07117096334695816,
		0.9991090893745422
	],
	"time stamp": 30.0
}