{
	"1. left_hip": [
		0.5571439266204834,
		0.5585582256317139,
		-0.03673100098967552,
		0.9998115301132202
	],
	"2. left_knee": [
		0.6051727533340454,
		0.7030361890792847,
		-0.13210523128509521,
		0.9987025260925293
	],
	"3. left_ankle": [
		0.6644213199615479,
		0.7877758741378784,
		0.3429310619831085,
		0.9979839324951172
	],
	"6. right_hip": [
		0.48028573393821716,
		0.5670146346092224,
		0.036296065896749496,
		0.9998824596405029
	],
	"7. right_knee": [
		0.39939114451408386,
		0.6972406506538391,
		-0.10564298927783966,
		0.9974822998046875
	],
	"8. right_ankle": [
		0.4060461223125458,
		0.8047550916671753,
		0.2560299336910248,
		0.997856080532074
	],
	"14. left_shoulder": [
		0.5476255416870117,
		0.37309977412223816,
		-0.1522517055273056,
		0.999557375907898
	],
	"15. left_elbow": [
		0.5473546385765076,
		0.49155282974243164,
		-0.15509454905986786,
		0.8886891007423401
	],
	"16. left_wrist": [
		0.5530406832695007,
		0.5865535736083984,
		-0.2738988697528839,
		0.7769644260406494
	],
	"19. right_shoulder": [
		0.4343293607234955,
		0.35530415177345276,
		-0.09416110813617706,
		0.999272882938385
	],
	"20. right_elbow": [
		0.3739657998085022,
		0.4258285164833069,
		-0.2855684459209442,
		0.6738900542259216
	],
	"21. right_wrist": [
		0.43298622965812683,
		0.39546647667884827,
		-0.6305346488952637,
		0.6702892780303955
	],
	"24. nose": [
		0.486405611038208,
		0.27818652987480164,
		-0.40492719411849976,
		0.9998437762260437
	],
	"25. left_eye": [
		0.5037645697593689,
		0.2714519202709198,
		-0.37351706624031067,
		0.9996449947357178
	],
	"26. right_eye": [
		0.4804461896419525,
		0.2686827480792999,
		-0.37593603134155273,
		0.9995548725128174
	],
	"27. left_ear": [
		0.5184674859046936,
		0.28384631872177124,
		-0.19478560984134674,
		0.9995582103729248
	],
	"28. right_ear": [
		0.47372013330459595,
		0.27717605233192444,
		-0.21205124258995056,
		0.9988892674446106
	],
	"time stamp": 30.0
}