{
	"1. left_hip": [
		0.5492181777954102,
		0.6049187183380127,
		-0.056437429040670395,
		0.9998667240142822
	],
	"2. left_knee": [
		0.5912618637084961,
		0.7563531398773193,
		-0.16378580033779144,
		0.9987802505493164
	],
	"3. left_ankle": [
		0.6728084087371826,
		0.78434157371521,
		0.3468931019306183,
		0.9973154067993164
	],
	"6. right_hip": [
		0.4711835980415344,
		0.5998229384422302,
		0.0562778115272522,
		0.9999187588691711
	],
	"7. right_knee": [
		0.372810035943985,
		0.7120999693870544,
		-0.25989624857902527,
		0.997938334941864
	],
	"8. right_ankle": [
		0.4058395028114319,
		0.8065615892410278,
		0.1417132318019867,
		0.9977304935455322
	],
	"14. left_shoulder": [
		0.5849955081939697,
		0.38954463601112366,
		-0.1622898131608963,
		0.9997050166130066
	],
	"15. left_elbow": [
		0.672896683216095,
		0.4645119607448578,
		-0.21320396661758423,
		0.9240140318870544
	],
	"16. left_wrist": [
		0.7625869512557983,
		0.542546808719635,
		-0.3511532247066498,
		0.8450085520744324
	],
	"19. right_shoulder": [
		0.46359243988990784,
		0.3813457787036896,
		0.0008022979600355029,
		0.9994505643844604
	],
	"20. right_elbow": [
		0.416300892829895,
		0.4052220582962036,
		-0.032961126416921616,
		0.7050475478172302
	],
	"21. right_wrist": [
		0.4411986470222473,
		0.40562310814857483,
		-0.26618099212646484,
		0.7040709853172302
	],
	"24. nose": [
		0.49879878759384155,
		0.3129105269908905,
		-0.392334520816803,
		0.9998961091041565
	],
	"25. left_eye": [
		0.5136650800704956,
		0.3018012046813965,
		-0.3740660846233368,
		0.999763548374176
	],
	"26. right_eye": [
		0.49101248383522034,
		0.30252841114997864,
		-0.35787254571914673,
		0.9997003674507141
	],
	"27. left_ear": [
		0.5345844626426697,
		0.3098457157611847,
		-0.22481505572795868,
		0.9997079372406006
	],
	"28. right_ear": [
		0.48578089475631714,
		0.31183338165283203,
		-0.15392425656318665,
		0.9992584586143494
	],
	"time stamp": 30.0
}