{
	"1. left_hip": [
		0.5496399998664856,
		0.6090621948242188,
		-0.06315525621175766,
		0.9998807311058044
	],
	"2. left_knee": [
		0.592563271522522,
		0.7541656494140625,
		-0.19879555702209473,
		0.9986136555671692
	],
	"3. left_ankle": [
		0.6726746559143066,
		0.7923719882965088,
		0.3114158809185028,
		0.9968458414077759
	],
	"6. right_hip": [
		0.4707399904727936,
		0.6019405722618103,
		0.06308065354824066,
		0.9999292492866516
	],
	"7. right_knee": [
		0.3727751076221466,
		0.7098124027252197,
		-0.27786877751350403,
		0.998197615146637
	],
	"8. right_ankle": [
		0.4045777916908264,
		0.8067609071731567,
		0.11675053834915161,
		0.99776691198349
	],
	"14. left_shoulder": [
		0.6001138091087341,
		0.3962879478931427,
		-0.16366882622241974,
		0.9997603297233582
	],
	"15. left_elbow": [
		0.6851043105125427,
		0.46328306198120117,
		-0.21263469755649567,
		0.9382959604263306
	],
	"16. left_wrist": [
		0.7667011022567749,
		0.5172077417373657,
		-0.37791797518730164,
		0.8734363317489624
	],
	"19. right_shoulder": [
		0.47954699397087097,
		0.38961681723594666,
		0.028470728546380997,
		0.9993880391120911
	],
	"20. right_elbow": [
		0.4495844542980194,
		0.4234656095504761,
		0.24982865154743195,
		0.6560388207435608
	],
	"21. right_wrist": [
		0.45603904128074646,
		0.4184107780456543,
		0.30835023522377014,
		0.6598299145698547
	],
	"24. nose": [
		0.5212501287460327,
		0.31795984506607056,
		-0.3771022856235504,
		0.9999144673347473
	],
	"25. left_eye": [
		0.5345665216445923,
		0.30614522099494934,
		-0.3549879193305969,
		0.9998052716255188
	],
	"26. right_eye": [
		0.5136139392852783,
		0.3061484396457672,
		-0.3403136730194092,
		0.9997469186782837
	],
	"27. left_ear": [
		0.5565016269683838,
		0.316638320684433,
		-0.20865881443023682,
		0.9997610449790955
	],
	"28. right_ear": [
		0.5092402696609497,
		0.3167957365512848,
		-0.14194895327091217,
		0.9993802309036255
	],
	"time stamp": 30.0
}