{
	"1. left_hip": [
		0.5705806612968445,
		0.5686262845993042,
		-0.06124632805585861,
		0.9999116659164429
	],
	"2. left_knee": [
		0.6139951944351196,
		0.7103286981582642,
		-0.13819563388824463,
		0.9985678791999817
	],
	"3. left_ankle": [
		0.6761674880981445,
		0.7984296083450317,
		0.3389473557472229,
		0.9969088435173035
	],
	"6. right_hip": [
		0.49881672859191895,
		0.5688074827194214,
		0.061221521347761154,
		0.9999502897262573
	],
	"7. right_knee": [
		0.3861358165740967,
		0.6717672348022461,
		-0.12940393388271332,
		0.9987820386886597
	],
	"8. right_ankle": [
		0.40973836183547974,
		0.7873564958572388,
		0.21309827268123627,
		0.9982248544692993
	],
	"14. left_shoulder": [
		0.5684932470321655,
		0.37853139638900757,
		-0.26469284296035767,
		0.9998603463172913
	],
	"15. left_elbow": [
		0.5517982244491577,
		0.5012891292572021,
		-0.2731553614139557,
		0.9589807391166687
	],
	"16. left_wrist": [
		0.5071814656257629,
		0.5997706651687622,
		-0.34404245018959045,
		0.8988869786262512
	],
	"19. right_shoulder": [
		0.4939866065979004,
		0.36997365951538086,
		-0.023178698495030403,
		0.9995011687278748
	],
	"20. right_elbow": [
		0.4901304543018341,
		0.46469178795814514,
		0.0631890743970871,
		0.46637964248657227
	],
	"21. right_wrist": [
		0.48444849252700806,
		0.542633056640625,
		-0.0950632318854332,
		0.515781819820404
	],
	"24. nose": [
		0.5169057846069336,
		0.2913432717323303,
		-0.44587457180023193,
		0.9999479651451111
	],
	"25. left_eye": [
		0.5347281694412231,
		0.28135472536087036,
		-0.42540207505226135,
		0.9998762607574463
	],
	"26. right_eye": [
		0.510525107383728,
		0.27924105525016785,
		-0.4090745747089386,
		0.9998278617858887
	],
	"27. left_ear": [
		0.5540701746940613,
		0.2943602204322815,
		-0.2851272225379944,
		0.9998531341552734
	],
	"28. right_ear": [
		0.5077491998672485,
		0.28826892375946045,
		-0.20769339799880981,
		0.9995788335800171
	],
	"time stamp": 30.0
}