{
	"1. left_hip": [
		0.5694835782051086,
		0.5574371814727783,
		-0.06598570197820663,
		0.9999083876609802
	],
	"2. left_knee": [
		0.6188606023788452,
		0.6983596086502075,
		-0.14853626489639282,
		0.9986375570297241
	],
	"3. left_ankle": [
		0.6760508418083191,
		0.7937698364257812,
		0.2892285883426666,
		0.9970065951347351
	],
	"6. right_hip": [
		0.4978012144565582,
		0.5561464428901672,
		0.06590785831212997,
		0.9999486207962036
	],
	"7. right_knee": [
		0.39911001920700073,
		0.6740697622299194,
		-0.0717727467417717,
		0.9988158941268921
	],
	"8. right_ankle": [
		0.4132731556892395,
		0.7942535281181335,
		0.2243048995733261,
		0.998291552066803
	],
	"14. left_shoulder": [
		0.552318274974823,
		0.36025160551071167,
		-0.3016946017742157,
		0.99985671043396
	],
	"15. left_elbow": [
		0.5118268132209778,
		0.48458653688430786,
		-0.3298291862010956,
		0.9596166610717773
	],
	"16. left_wrist": [
		0.42329415678977966,
		0.54063481092453,
		-0.37233322858810425,
		0.894542932510376
	],
	"19. right_shoulder": [
		0.48882561922073364,
		0.35809898376464844,
		-0.016431966796517372,
		0.9995014071464539
	],
	"20. right_elbow": [
		0.49195754528045654,
		0.4606723487377167,
		0.0681275799870491,
		0.4330945611000061
	],
	"21. right_wrist": [
		0.4789348542690277,
		0.5256832838058472,
		-0.07977519184350967,
		0.47357913851737976
	],
	"24. nose": [
		0.4986604154109955,
		0.27667057514190674,
		-0.452431321144104,
		0.9999487996101379
	],
	"25. left_eye": [
		0.5147981643676758,
		0.26563164591789246,
		-0.434472918510437,
		0.999876081943512
	],
	"26. right_eye": [
		0.49274125695228577,
		0.26486316323280334,
		-0.41507941484451294,
		0.9998289942741394
	],
	"27. left_ear": [
		0.5351297855377197,
		0.2786805331707001,
		-0.301330029964447,
		0.9998567700386047
	],
	"28. right_ear": [
		0.4907692074775696,
		0.2730608880519867,
		-0.2098734974861145,
		0.9995800256729126
	],
	"time stamp": 30.0
}