{
	"1. left_hip": [
		0.5517115592956543,
		0.5053033232688904,
		-0.07082285732030869,
		0.9999076724052429
	],
	"2. left_knee": [
		0.5995787382125854,
		0.6580585241317749,
		-0.07517650723457336,
		0.998467743396759
	],
	"3. left_ankle": [
		0.6520939469337463,
		0.7809763550758362,
		0.2812957763671875,
		0.9975292086601257
	],
	"6. right_hip": [
		0.47258758544921875,
		0.5075314044952393,
		0.0704350396990776,
		0.9999228119850159
	],
	"7. right_knee": [
		0.4182491600513458,
		0.6486591100692749,
		-0.030331749469041824,
		0.9988526701927185
	],
	"8. right_ankle": [
		0.4132358133792877,
		0.7831427454948425,
		0.2724444568157196,
		0.9985501170158386
	],
	"14. left_shoulder": [
		0.5571146011352539,
		0.27798157930374146,
		-0.26739463210105896,
		0.9998283386230469
	],
	"15. left_elbow": [
		0.4631344676017761,
		0.31362631916999817,
		-0.4780319333076477,
		0.9634429216384888
	],
	"16. left_wrist": [
		0.34912750124931335,
		0.3110849857330322,
		-0.6701288223266602,
		0.8931393027305603
	],
	"19. right_shoulder": [
		0.4700614809989929,
		0.3010339140892029,
		0.06111884489655495,
		0.9991526007652283
	],
	"20. right_elbow": [
		0.4557371735572815,
		0.38274943828582764,
		0.1395912915468216,
		0.2801826000213623
	],
	"21. right_wrist": [
		0.422841340303421,
		0.4654069244861603,
		0.0027353945188224316,
		0.2922241985797882
	],
	"24. nose": [
		0.49910101294517517,
		0.2218688726425171,
		-0.39979663491249084,
		0.9998488426208496
	],
	"25. left_eye": [
		0.5141261219978333,
		0.21144329011440277,
		-0.3798742890357971,
		0.9996318221092224
	],
	"26. right_eye": [
		0.4866553843021393,
		0.21073777973651886,
		-0.35835495591163635,
		0.9994794726371765
	],
	"27. left_ear": [
		0.5285634398460388,
		0.22009408473968506,
		-0.24083341658115387,
		0.9996284246444702
	],
	"28. right_ear": [
		0.4825115501880646,
		0.22011685371398926,
		-0.12418802827596664,
		0.9986221790313721
	],
	"time stamp": 30.0
}