{
	"1. left_hip": [
		0.5288267731666565,
		0.5339953303337097,
		-0.0065671298652887344,
		0.9999111890792847
	],
	"2. left_knee": [
		0.5860117673873901,
		0.6693668961524963,
		-0.07528703659772873,
		0.9983406066894531
	],
	"3. left_ankle": [
		0.6282150745391846,
		0.7796428203582764,
		0.23195014894008636,
		0.997863233089447
	],
	"6. right_hip": [
		0.4497954845428467,
		0.5392376780509949,
		0.006657561287283897,
		0.9998616576194763
	],
	"7. right_knee": [
		0.4214257001876831,
		0.6842228770256042,
		0.04299352318048477,
		0.9989852905273438
	],
	"8. right_ankle": [
		0.4136385917663574,
		0.790160059928894,
		0.41090887784957886,
		0.9980319738388062
	],
	"14. left_shoulder": [
		0.5484716892242432,
		0.3229444921016693,
		-0.13080830872058868,
		0.9998943209648132
	],
	"15. left_elbow": [
		0.6161664724349976,
		0.3715563118457794,
		-0.22326761484146118,
		0.9640995860099792
	],
	"16. left_wrist": [
		0.6701619625091553,
		0.41155049204826355,
		-0.5313892960548401,
		0.8974785208702087
	],
	"19. right_shoulder": [
		0.4253312945365906,
		0.3527693450450897,
		-0.14167025685310364,
		0.9993202686309814
	],
	"20. right_elbow": [
		0.4106898307800293,
		0.44928592443466187,
		-0.280098021030426,
		0.624793291091919
	],
	"21. right_wrist": [
		0.4563930034637451,
		0.4638410806655884,
		-0.6144146919250488,
		0.6419749855995178
	],
	"24. nose": [
		0.4711017608642578,
		0.27667665481567383,
		-0.4480399787425995,
		0.9999001622200012
	],
	"25. left_eye": [
		0.4883280098438263,
		0.26837748289108276,
		-0.4251154661178589,
		0.9997254014015198
	],
	"26. right_eye": [
		0.46553996205329895,
		0.2625980079174042,
		-0.42576903104782104,
		0.9995962977409363
	],
	"27. left_ear": [
		0.5049937963485718,
		0.27622190117836,
		-0.25356876850128174,
		0.9996055364608765
	],
	"28. right_ear": [
		0.46466904878616333,
		0.2677752673625946,
		-0.2502535283565521,
		0.9989902973175049
	],
	"time stamp": 30.0
}