{
	"1. left_hip": [
		0.5571669936180115,
		0.5644614100456238,
		0.03203754499554634,
		0.9999167323112488
	],
	"2. left_knee": [
		0.6112642288208008,
		0.6879523992538452,
		-0.06105230003595352,
		0.9982825517654419
	],
	"3. left_ankle": [
		0.6168361902236938,
		0.7867648005485535,
		0.24553453922271729,
		0.9960132837295532
	],
	"6. right_hip": [
		0.4843966066837311,
		0.5572701692581177,
		-0.032238516956567764,
		0.9999272227287292
	],
	"7. right_knee": [
		0.44023841619491577,
		0.6891130208969116,
		-0.06743525713682175,
		0.9987773299217224
	],
	"8. right_ankle": [
		0.39064154028892517,
		0.7811616659164429,
		0.2251349538564682,
		0.9976853132247925
	],
	"14. left_shoulder": [
		0.5957096815109253,
		0.4143673777580261,
		-0.04842040687799454,
		0.9998070597648621
	],
	"15. left_elbow": [
		0.6177231073379517,
		0.5077967643737793,
		-0.19139757752418518,
		0.8310973048210144
	],
	"16. left_wrist": [
		0.5824182033538818,
		0.4771113097667694,
		-0.5094860196113586,
		0.8474065661430359
	],
	"19. right_shoulder": [
		0.49598994851112366,
		0.36359256505966187,
		-0.12878233194351196,
		0.9998955130577087
	],
	"20. right_elbow": [
		0.42539870738983154,
		0.38412877917289734,
		-0.2850440442562103,
		0.9616315960884094
	],
	"21. right_wrist": [
		0.468185693025589,
		0.4355376064777374,
		-0.5268595814704895,
		0.9467936158180237
	],
	"24. nose": [
		0.5630103349685669,
		0.3261112868785858,
		-0.3484492599964142,
		0.9999546408653259
	],
	"25. left_eye": [
		0.57264643907547,
		0.3182319700717926,
		-0.3201195299625397,
		0.9998656511306763
	],
	"26. right_eye": [
		0.5525962114334106,
		0.31525862216949463,
		-0.32869502902030945,
		0.9998694658279419
	],
	"27. left_ear": [
		0.5786688923835754,
		0.3264717757701874,
		-0.1478240191936493,
		0.9996060132980347
	],
	"28. right_ear": [
		0.5389692187309265,
		0.3224978446960449,
		-0.1974589079618454,
		0.9997956156730652
	],
	"time stamp": 30.0
}