{
	"1. left_hip": [
		0.5052379369735718,
		0.5567956566810608,
		-0.04584447667002678,
		0.9998845458030701
	],
	"2. left_knee": [
		0.5378450155258179,
		0.6772738099098206,
		-0.10665696114301682,
		0.998713493347168
	],
	"3. left_ankle": [
		0.5851353406906128,
		0.7705602049827576,
		0.15040400624275208,
		0.9979919791221619
	],
	"6. right_hip": [
		0.44116494059562683,
		0.5491951704025269,
		0.04586591571569443,
		0.9999002814292908
	],
	"7. right_knee": [
		0.3801640272140503,
		0.662689745426178,
		-0.07591810077428818,
		0.9993547201156616
	],
	"8. right_ankle": [
		0.37327858805656433,
		0.7662369608879089,
		0.138810396194458,
		0.9986890554428101
	],
	"14. left_shoulder": [
		0.5227692723274231,
		0.3608531057834625,
		-0.0827905684709549,
		0.9999375939369202
	],
	"15. left_elbow": [
		0.5397075414657593,
		0.4289398491382599,
		-0.2149868607521057,
		0.9318352341651917
	],
	"16. left_wrist": [
		0.4538719058036804,
		0.4534449279308319,
		-0.33456504344940186,
		0.919255256652832
	],
	"19. right_shoulder": [
		0.4444267749786377,
		0.3903992176055908,
		0.15441074967384338,
		0.9997684955596924
	],
	"20. right_elbow": [
		0.4136664867401123,
		0.445997416973114,
		0.06114635616540909,
		0.703874409198761
	],
	"21. right_wrist": [
		0.4251709282398224,
		0.4484412670135498,
		-0.21131199598312378,
		0.7352479100227356
	],
	"24. nose": [
		0.4537516236305237,
		0.3274591565132141,
		-0.1552688479423523,
		0.9999563694000244
	],
	"25. left_eye": [
		0.4656037986278534,
		0.31531161069869995,
		-0.15150168538093567,
		0.999900758266449
	],
	"26. right_eye": [
		0.4502370059490204,
		0.3177408277988434,
		-0.12805862724781036,
		0.9998024702072144
	],
	"27. left_ear": [
		0.4850272238254547,
		0.31920358538627625,
		-0.07854075729846954,
		0.9998440146446228
	],
	"28. right_ear": [
		0.45412638783454895,
		0.32189902663230896,
		0.030292008072137833,
		0.9995663166046143
	],
	"time stamp": 30.0
}