{
	"1. left_hip": [
		0.5494883060455322,
		0.5411278009414673,
		-0.014466929249465466,
		0.9999008774757385
	],
	"2. left_knee": [
		0.5559853315353394,
		0.6650143265724182,
		-0.03482531011104584,
		0.9987894892692566
	],
	"3. left_ankle": [
		0.5802743434906006,
		0.767290472984314,
		0.19627687335014343,
		0.9981045126914978
	],
	"6. right_hip": [
		0.48481741547584534,
		0.5383443236351013,
		0.01434454694390297,
		0.999851405620575
	],
	"7. right_knee": [
		0.4606989920139313,
		0.6543640494346619,
		0.051008712500333786,
		0.9988117218017578
	],
	"8. right_ankle": [
		0.46214917302131653,
		0.7324361801147461,
		0.38636916875839233,
		0.9978739619255066
	],
	"14. left_shoulder": [
		0.5604584813117981,
		0.36396127939224243,
		-0.164104625582695,
		0.9999659657478333
	],
	"15. left_elbow": [
		0.5935615301132202,
		0.45118191838264465,
		-0.12973012030124664,
		0.9639696478843689
	],
	"16. left_wrist": [
		0.6363887786865234,
		0.5211614966392517,
		-0.2923179864883423,
		0.9563714265823364
	],
	"19. right_shoulder": [
		0.4592263400554657,
		0.3788338005542755,
		-0.11982829868793488,
		0.9996700882911682
	],
	"20. right_elbow": [
		0.4563688635826111,
		0.4627450704574585,
		-0.06399587541818619,
		0.6963769793510437
	],
	"21. right_wrist": [
		0.4253987669944763,
		0.524689793586731,
		-0.20619378983974457,
		0.7563851475715637
	],
	"24. nose": [
		0.4976567029953003,
		0.299378901720047,
		-0.39088472723960876,
		0.9999634623527527
	],
	"25. left_eye": [
		0.5109320282936096,
		0.2881213426589966,
		-0.37322723865509033,
		0.9999178051948547
	],
	"26. right_eye": [
		0.49022454023361206,
		0.2877383828163147,
		-0.3713211119174957,
		0.999824583530426
	],
	"27. left_ear": [
		0.5263258814811707,
		0.29637619853019714,
		-0.24430662393569946,
		0.9998876452445984
	],
	"28. right_ear": [
		0.48384830355644226,
		0.294402152299881,
		-0.23543418943881989,
		0.9995101690292358
	],
	"time stamp": 30.0
}