{
	"1. left_hip": [
		0.565800666809082,
		0.5301231145858765,
		0.020497797057032585,
		0.9998949766159058
	],
	"2. left_knee": [
		0.5929574966430664,
		0.6598802208900452,
		-0.06211123615503311,
		0.996084451675415
	],
	"3. left_ankle": [
		0.5983410477638245,
		0.7433643937110901,
		0.25505879521369934,
		0.9928230047225952
	],
	"6. right_hip": [
		0.501270055770874,
		0.5331125259399414,
		-0.02077120915055275,
		0.9997509717941284
	],
	"7. right_knee": [
		0.4589007496833801,
		0.6455090641975403,
		-0.018010877072811127,
		0.9935786724090576
	],
	"8. right_ankle": [
		0.41616302728652954,
		0.7282445430755615,
		0.28138667345046997,
		0.9755994081497192
	],
	"14. left_shoulder": [
		0.5836381316184998,
		0.37026122212409973,
		-0.06973619759082794,
		0.9997822642326355
	],
	"15. left_elbow": [
		0.5774256587028503,
		0.4195338487625122,
		-0.3854174017906189,
		0.9038317799568176
	],
	"16. left_wrist": [
		0.5464630722999573,
		0.4014216959476471,
		-0.7480695247650146,
		0.902300238609314
	],
	"19. right_shoulder": [
		0.4811975359916687,
		0.36171793937683105,
		-0.08133555203676224,
		0.9997174739837646
	],
	"20. right_elbow": [
		0.4687245786190033,
		0.40872782468795776,
		-0.4142919182777405,
		0.9228734374046326
	],
	"21. right_wrist": [
		0.505683958530426,
		0.4077322781085968,
		-0.6975343823432922,
		0.884663462638855
	],
	"24. nose": [
		0.5346442461013794,
		0.3065639138221741,
		-0.25645363330841064,
		0.999893069267273
	],
	"25. left_eye": [
		0.5424540638923645,
		0.2973306477069855,
		-0.23381902277469635,
		0.9997484087944031
	],
	"26. right_eye": [
		0.5237046480178833,
		0.2966749966144562,
		-0.23763777315616608,
		0.999700129032135
	],
	"27. left_ear": [
		0.5532433986663818,
		0.30450940132141113,
		-0.09445340931415558,
		0.9996218681335449
	],
	"28. right_ear": [
		0.5116156935691833,
		0.30462074279785156,
		-0.10832956433296204,
		0.9995102286338806
	],
	"time stamp": 30.0
}