{
	"1. left_hip": [
		0.5338422060012817,
		0.5139908194541931,
		-0.020240429788827896,
		0.9996738433837891
	],
	"2. left_knee": [
		0.527218222618103,
		0.6031901240348816,
		-0.0423491969704628,
		0.9572343230247498
	],
	"3. left_ankle": [
		0.5341746807098389,
		0.6911564469337463,
		0.17580623924732208,
		0.7652101516723633
	],
	"6. right_hip": [
		0.47783127427101135,
		0.51764315366745,
		0.020340291783213615,
		0.9998186230659485
	],
	"7. right_knee": [
		0.4813196361064911,
		0.6339672803878784,
		-0.03030651994049549,
		0.9537463188171387
	],
	"8. right_ankle": [
		0.5038995146751404,
		0.7342295050621033,
		0.19104881584644318,
		0.9580402970314026
	],
	"14. left_shoulder": [
		0.5601040124893188,
		0.37930065393447876,
		-0.1744251847267151,
		0.9997581839561462
	],
	"15. left_elbow": [
		0.5681445598602295,
		0.4609314501285553,
		-0.3179478049278259,
		0.9182286262512207
	],
	"16. left_wrist": [
		0.5591325163841248,
		0.41317346692085266,
		-0.6095622777938843,
		0.902645468711853
	],
	"19. right_shoulder": [
		0.4595392942428589,
		0.3757425546646118,
		-0.1230502799153328,
		0.9997988939285278
	],
	"20. right_elbow": [
		0.4488105773925781,
		0.4544086456298828,
		-0.0800611600279808,
		0.9313103556632996
	],
	"21. right_wrist": [
		0.4436652362346649,
		0.5200612545013428,
		-0.17520371079444885,
		0.8709404468536377
	],
	"24. nose": [
		0.5161358714103699,
		0.30661678314208984,
		-0.3883528709411621,
		0.9998162388801575
	],
	"25. left_eye": [
		0.5247878432273865,
		0.2993454039096832,
		-0.3674260079860687,
		0.9995843768119812
	],
	"26. right_eye": [
		0.5072827935218811,
		0.29861095547676086,
		-0.3668442964553833,
		0.999493420124054
	],
	"27. left_ear": [
		0.5316175818443298,
		0.3060826361179352,
		-0.2361423224210739,
		0.9994193315505981
	],
	"28. right_ear": [
		0.4960973560810089,
		0.3060806393623352,
		-0.23369327187538147,
		0.9991565942764282
	],
	"time stamp": 30.0
}