{
	"1. left_hip": [
		0.5294061899185181,
		0.5148833394050598,
		-0.06126585975289345,
		0.9998818039894104
	],
	"2. left_knee": [
		0.5341244339942932,
		0.6416566371917725,
		-0.11569815874099731,
		0.9816741347312927
	],
	"3. left_ankle": [
		0.5335304141044617,
		0.764266312122345,
		-0.08478783816099167,
		0.9222107529640198
	],
	"6. right_hip": [
		0.47868797183036804,
		0.5183128118515015,
		0.06138620898127556,
		0.9998618960380554
	],
	"7. right_knee": [
		0.4832024574279785,
		0.637091875076294,
		0.1377618908882141,
		0.9421547055244446
	],
	"8. right_ankle": [
		0.5070337057113647,
		0.7347120642662048,
		0.35668089985847473,
		0.9579500555992126
	],
	"14. left_shoulder": [
		0.5426563620567322,
		0.35791265964508057,
		-0.013563212938606739,
		0.9999128580093384
	],
	"15. left_elbow": [
		0.5818980932235718,
		0.4032508432865143,
		-0.16982194781303406,
		0.9628963470458984
	],
	"16. left_wrist": [
		0.5813012719154358,
		0.31878605484962463,
		-0.34858444333076477,
		0.9514818787574768
	],
	"19. right_shoulder": [
		0.45959192514419556,
		0.36824044585227966,
		0.10978993028402328,
		0.999832272529602
	],
	"20. right_elbow": [
		0.46551230549812317,
		0.44401922821998596,
		0.16252189874649048,
		0.5751339197158813
	],
	"21. right_wrist": [
		0.46828794479370117,
		0.5021361708641052,
		0.09580516070127487,
		0.5794483423233032
	],
	"24. nose": [
		0.484294593334198,
		0.3045123815536499,
		-0.17229297757148743,
		0.9999321103096008
	],
	"25. left_eye": [
		0.493747740983963,
		0.2937554717063904,
		-0.1549004316329956,
		0.999852180480957
	],
	"26. right_eye": [
		0.47768479585647583,
		0.2976154685020447,
		-0.14761392772197723,
		0.9998136162757874
	],
	"27. left_ear": [
		0.5101114511489868,
		0.2981312572956085,
		-0.04071623831987381,
		0.9997901916503906
	],
	"28. right_ear": [
		0.4751227796077728,
		0.3059884309768677,
		-0.008049359545111656,
		0.9997143149375916
	],
	"time stamp": 30.0
}