{
	"1. left_hip": [
		0.5355619788169861,
		0.5245397090911865,
		-0.059667784720659256,
		0.9999107718467712
	],
	"2. left_knee": [
		0.5260213017463684,
		0.6493679881095886,
		-0.17174047231674194,
		0.9845697283744812
	],
	"3. left_ankle": [
		0.5340667963027954,
		0.764161229133606,
		-0.04836605489253998,
		0.9412017464637756
	],
	"6. right_hip": [
		0.48046064376831055,
		0.5294827818870544,
		0.05975939333438873,
		0.9998688697814941
	],
	"7. right_knee": [
		0.46491342782974243,
		0.6472060680389404,
		0.0671912133693695,
		0.9417126178741455
	],
	"8. right_ankle": [
		0.5071468949317932,
		0.7309352159500122,
		0.39698025584220886,
		0.9481654763221741
	],
	"14. left_shoulder": [
		0.544166624546051,
		0.3610394299030304,
		-0.04445132613182068,
		0.9999354481697083
	],
	"15. left_elbow": [
		0.6023755669593811,
		0.39521411061286926,
		-0.2493414282798767,
		0.9708771705627441
	],
	"16. left_wrist": [
		0.5978049635887146,
		0.3140118420124054,
		-0.5082679390907288,
		0.9604015350341797
	],
	"19. right_shoulder": [
		0.4574051797389984,
		0.37462493777275085,
		0.0733124390244484,
		0.9998120069503784
	],
	"20. right_elbow": [
		0.465961754322052,
		0.45410236716270447,
		0.15901802480220795,
		0.49756959080696106
	],
	"21. right_wrist": [
		0.4720310568809509,
		0.5183073878288269,
		0.11369828134775162,
		0.506485104560852
	],
	"24. nose": [
		0.48786482214927673,
		0.3102622926235199,
		-0.22316941618919373,
		0.9999489784240723
	],
	"25. left_eye": [
		0.49947038292884827,
		0.2988263964653015,
		-0.20093947649002075,
		0.9998899102210999
	],
	"26. right_eye": [
		0.48189032077789307,
		0.30009725689888,
		-0.1947086602449417,
		0.9998578429222107
	],
	"27. left_ear": [
		0.5130529999732971,
		0.30418533086776733,
		-0.07620908319950104,
		0.9998438358306885
	],
	"28. right_ear": [
		0.47841963171958923,
		0.3070729076862335,
		-0.04580630362033844,
		0.9997862577438354
	],
	"time stamp": 30.0
}