{
	"1. left_hip": [
		0.4303148090839386,
		0.5543267726898193,
		-0.12428667396306992,
		0.9998147487640381
	],
	"2. left_knee": [
		0.3797874450683594,
		0.6691758036613464,
		0.05976574122905731,
		0.9719178080558777
	],
	"3. left_ankle": [
		0.36656874418258667,
		0.7962275147438049,
		0.2571142315864563,
		0.9858017563819885
	],
	"6. right_hip": [
		0.4723222851753235,
		0.5523721575737,
		0.12407905608415604,
		0.9993133544921875
	],
	"7. right_knee": [
		0.4809601306915283,
		0.6640875339508057,
		0.2651154100894928,
		0.731726884841919
	],
	"8. right_ankle": [
		0.5553094744682312,
		0.7629320621490479,
		0.424063116312027,
		0.862264096736908
	],
	"14. left_shoulder": [
		0.4398877024650574,
		0.3637864291667938,
		-0.32632356882095337,
		0.9999861717224121
	],
	"15. left_elbow": [
		0.4117385745048523,
		0.47097328305244446,
		-0.3582594692707062,
		0.9881519079208374
	],
	"16. left_wrist": [
		0.3831283450126648,
		0.557572066783905,
		-0.2814316749572754,
		0.9664866924285889
	],
	"19. right_shoulder": [
		0.47872745990753174,
		0.35927221179008484,
		0.09528052806854248,
		0.999365508556366
	],
	"20. right_elbow": [
		0.47629314661026,
		0.4616349935531616,
		0.12348287552595139,
		0.15048424899578094
	],
	"21. right_wrist": [
		0.44757965207099915,
		0.5460554957389832,
		0.0538264736533165,
		0.14566563069820404
	],
	"24. nose": [
		0.41812488436698914,
		0.2876872718334198,
		-0.20491451025009155,
		0.999981701374054
	],
	"25. left_eye": [
		0.4277316927909851,
		0.2769221067428589,
		-0.22135597467422485,
		0.9999665021896362
	],
	"26. right_eye": [
		0.4244546592235565,
		0.2764550447463989,
		-0.18235166370868683,
		0.9999331831932068
	],
	"27. left_ear": [
		0.44887903332710266,
		0.2850804626941681,
		-0.24039272964000702,
		0.9999629259109497
	],
	"28. right_ear": [
		0.4463377296924591,
		0.2831735908985138,
		-0.07572999596595764,
		0.999885082244873
	],
	"time stamp": 30.0
}