{
	"1. left_hip": [
		0.5577861070632935,
		0.5614055395126343,
		-0.03695959597826004,
		0.9987879991531372
	],
	"2. left_knee": [
		0.5465672016143799,
		0.736847996711731,
		-0.07371006906032562,
		0.9892845749855042
	],
	"3. left_ankle": [
		0.5527521967887878,
		0.8922128677368164,
		0.095359206199646,
		0.9844921827316284
	],
	"6. right_hip": [
		0.48467788100242615,
		0.5659281611442566,
		0.03729135915637016,
		0.9985865950584412
	],
	"7. right_knee": [
		0.5003674030303955,
		0.7406929731369019,
		0.01139062736183405,
		0.9814419150352478
	],
	"8. right_ankle": [
		0.5254808068275452,
		0.8880404233932495,
		0.1742432415485382,
		0.9731971025466919
	],
	"14. left_shoulder": [
		0.5820106863975525,
		0.37162891030311584,
		0.16518419981002808,
		0.9994930624961853
	],
	"15. left_elbow": [
		0.5773643255233765,
		0.45041266083717346,
		-0.003591064363718033,
		0.8876650929450989
	],
	"16. left_wrist": [
		0.5061810612678528,
		0.3844218850135803,
		-0.1943206787109375,
		0.7630958557128906
	],
	"19. right_shoulder": [
		0.457472562789917,
		0.37552088499069214,
		0.18248867988586426,
		0.9993468523025513
	],
	"20. right_elbow": [
		0.4881243109703064,
		0.4532986879348755,
		0.0755455270409584,
		0.8483582735061646
	],
	"21. right_wrist": [
		0.552764356136322,
		0.383770614862442,
		-0.0535951629281044,
		0.7690073847770691
	],
	"24. nose": [
		0.5262752175331116,
		0.3056360185146332,
		-0.05609779804944992,
		0.9996527433395386
	],
	"25. left_eye": [
		0.5398811101913452,
		0.2964532673358917,
		-0.02690236270427704,
		0.999312162399292
	],
	"26. right_eye": [
		0.5121771693229675,
		0.2942265272140503,
		-0.031394507735967636,
		0.9991477131843567
	],
	"27. left_ear": [
		0.5499829053878784,
		0.30321207642555237,
		0.13805589079856873,
		0.9991214275360107
	],
	"28. right_ear": [
		0.4976647198200226,
		0.2997210919857025,
		0.12063264101743698,
		0.9988957643508911
	],
	"time stamp": 30.0
}