{
	"1. left_hip": [
		0.5575559139251709,
		0.5609745979309082,
		-0.036216702312231064,
		0.9989426732063293
	],
	"2. left_knee": [
		0.5462126731872559,
		0.7368000745773315,
		-0.07611729949712753,
		0.9892644882202148
	],
	"3. left_ankle": [
		0.5525481104850769,
		0.8930169939994812,
		0.09373539686203003,
		0.9836472868919373
	],
	"6. right_hip": [
		0.48455628752708435,
		0.5654752254486084,
		0.03655049577355385,
		0.9986802935600281
	],
	"7. right_knee": [
		0.500085175037384,
		0.7407603859901428,
		0.012448207475244999,
		0.9801703691482544
	],
	"8. right_ankle": [
		0.5253778100013733,
		0.8880773186683655,
		0.17361076176166534,
		0.9709120392799377
	],
	"14. left_shoulder": [
		0.5819143652915955,
		0.37098172307014465,
		0.16322632133960724,
		0.9995687007904053
	],
	"15. left_elbow": [
		0.5775246024131775,
		0.44937625527381897,
		-0.007938941940665245,
		0.9010761976242065
	],
	"16. left_wrist": [
		0.5070244073867798,
		0.3858821988105774,
		-0.1930205523967743,
		0.7893495559692383
	],
	"19. right_shoulder": [
		0.4572181701660156,
		0.3751031160354614,
		0.17651459574699402,
		0.9993889927864075
	],
	"20. right_elbow": [
		0.48797133564949036,
		0.4530932605266571,
		0.06593775004148483,
		0.8609304428100586
	],
	"21. right_wrist": [
		0.5521693825721741,
		0.38379254937171936,
		-0.05360937491059303,
		0.7954385876655579
	],
	"24. nose": [
		0.5252753496170044,
		0.30469757318496704,
		-0.062537781894207,
		0.9996827244758606
	],
	"25. left_eye": [
		0.5393831133842468,
		0.2960858643054962,
		-0.03417849540710449,
		0.9993849992752075
	],
	"26. right_eye": [
		0.5114080309867859,
		0.2937133312225342,
		-0.03831014409661293,
		0.9992241859436035
	],
	"27. left_ear": [
		0.5495787858963013,
		0.3028062582015991,
		0.13034608960151672,
		0.99924635887146
	],
	"28. right_ear": [
		0.49718040227890015,
		0.29928427934646606,
		0.11463940888643265,
		0.9990261793136597
	],
	"time stamp": 30.0
}