{
	"1. left_hip": [
		0.575311005115509,
		0.6726124882698059,
		-0.012515757232904434,
		0.9997573494911194
	],
	"2. left_knee": [
		0.5545544624328613,
		0.779068648815155,
		-0.471018522977829,
		0.9888455867767334
	],
	"3. left_ankle": [
		0.5570777654647827,
		0.9164580702781677,
		-0.24478620290756226,
		0.972560465335846
	],
	"6. right_hip": [
		0.4985649585723877,
		0.681625247001648,
		0.012760926969349384,
		0.9992325305938721
	],
	"7. right_knee": [
		0.5134439468383789,
		0.8414644002914429,
		-0.006552969105541706,
		0.9431074261665344
	],
	"8. right_ankle": [
		0.5278022289276123,
		0.8866007328033447,
		0.4937288463115692,
		0.8023174405097961
	],
	"14. left_shoulder": [
		0.5842880606651306,
		0.49461162090301514,
		-0.017723293974995613,
		0.9991410970687866
	],
	"15. left_elbow": [
		0.5869210362434387,
		0.5790144205093384,
		-0.21582522988319397,
		0.7071941494941711
	],
	"16. left_wrist": [
		0.5649822354316711,
		0.5241353511810303,
		-0.5099351406097412,
		0.5983185768127441
	],
	"19. right_shoulder": [
		0.4630054533481598,
		0.5073670744895935,
		-0.08389443904161453,
		0.9981990456581116
	],
	"20. right_elbow": [
		0.5015119910240173,
		0.5876556038856506,
		-0.27977800369262695,
		0.9065446853637695
	],
	"21. right_wrist": [
		0.5543932318687439,
		0.5172839760780334,
		-0.48757433891296387,
		0.9108667373657227
	],
	"24. nose": [
		0.5405548810958862,
		0.425571471452713,
		-0.3192976117134094,
		0.999405026435852
	],
	"25. left_eye": [
		0.5526487231254578,
		0.41477033495903015,
		-0.28396785259246826,
		0.9991843700408936
	],
	"26. right_eye": [
		0.5262206792831421,
		0.4111960232257843,
		-0.29348620772361755,
		0.9988872408866882
	],
	"27. left_ear": [
		0.5590782165527344,
		0.42184746265411377,
		-0.09377090632915497,
		0.9989116787910461
	],
	"28. right_ear": [
		0.5062825679779053,
		0.4160422384738922,
		-0.13330331444740295,
		0.9987027049064636
	],
	"time stamp": 30.0
}