{
	"1. left_hip": [
		0.567494809627533,
		0.7916778326034546,
		0.00390423065982759,
		0.9999458193778992
	],
	"2. left_knee": [
		0.5557535290718079,
		0.7939931154251099,
		-0.4953483045101166,
		0.9901155233383179
	],
	"3. left_ankle": [
		0.5570014119148254,
		0.9044120907783508,
		-0.19938363134860992,
		0.8832495808601379
	],
	"6. right_hip": [
		0.48733407258987427,
		0.7943636775016785,
		-0.0038950969465076923,
		0.9994425177574158
	],
	"7. right_knee": [
		0.5001946687698364,
		0.9807233810424805,
		-0.17190907895565033,
		0.9368933439254761
	],
	"8. right_ankle": [
		0.49622729420661926,
		0.8992925882339478,
		0.4720086455345154,
		0.1952025294303894
	],
	"14. left_shoulder": [
		0.6122751235961914,
		0.6091722846031189,
		0.024190198630094528,
		0.9992628693580627
	],
	"15. left_elbow": [
		0.6342802047729492,
		0.7225136756896973,
		-0.1434820294380188,
		0.8093861937522888
	],
	"16. left_wrist": [
		0.6560938954353333,
		0.6773077845573425,
		-0.4929087460041046,
		0.798183798789978
	],
	"19. right_shoulder": [
		0.48880696296691895,
		0.588005006313324,
		0.013580025173723698,
		0.996421754360199
	],
	"20. right_elbow": [
		0.4358372986316681,
		0.6811242699623108,
		-0.13787943124771118,
		0.9258117079734802
	],
	"21. right_wrist": [
		0.4178166687488556,
		0.6843867897987366,
		-0.4829712212085724,
		0.8646257519721985
	],
	"24. nose": [
		0.5613310933113098,
		0.5144805908203125,
		-0.29182806611061096,
		0.9996342658996582
	],
	"25. left_eye": [
		0.5711861252784729,
		0.5035300254821777,
		-0.25273385643959045,
		0.9997521638870239
	],
	"26. right_eye": [
		0.545417845249176,
		0.5023577809333801,
		-0.24898497760295868,
		0.9995111227035522
	],
	"27. left_ear": [
		0.5816861391067505,
		0.5134442448616028,
		-0.0677434578537941,
		0.9996777176856995
	],
	"28. right_ear": [
		0.527752161026001,
		0.5138932466506958,
		-0.06241769716143608,
		0.9991046190261841
	],
	"time stamp": 30.0
}