{
	"1. left_hip": [
		0.5648160576820374,
		0.7936835289001465,
		0.004731371067464352,
		0.9999496936798096
	],
	"2. left_knee": [
		0.5566179752349854,
		0.7877589464187622,
		-0.5087870955467224,
		0.9904108643531799
	],
	"3. left_ankle": [
		0.5564349293708801,
		0.9047030210494995,
		-0.28256845474243164,
		0.885515034198761
	],
	"6. right_hip": [
		0.485848069190979,
		0.7964041829109192,
		-0.004687542095780373,
		0.9994656443595886
	],
	"7. right_knee": [
		0.5003123879432678,
		0.983172595500946,
		-0.1991073340177536,
		0.9399022459983826
	],
	"8. right_ankle": [
		0.4908512830734253,
		0.8902457356452942,
		0.3710160553455353,
		0.18592067062854767
	],
	"14. left_shoulder": [
		0.6151370406150818,
		0.6144976615905762,
		0.02104962430894375,
		0.999335527420044
	],
	"15. left_elbow": [
		0.6287902593612671,
		0.7179025411605835,
		-0.1286701112985611,
		0.810017466545105
	],
	"16. left_wrist": [
		0.6848054528236389,
		0.7255023717880249,
		-0.424791544675827,
		0.8151801824569702
	],
	"19. right_shoulder": [
		0.49719852209091187,
		0.598199188709259,
		0.011292379349470139,
		0.9967450499534607
	],
	"20. right_elbow": [
		0.4355722963809967,
		0.6839509010314941,
		-0.061267752200365067,
		0.930854082107544
	],
	"21. right_wrist": [
		0.37698954343795776,
		0.728499174118042,
		-0.2615711987018585,
		0.8734981417655945
	],
	"24. nose": [
		0.5678027868270874,
		0.5145837664604187,
		-0.24158413708209991,
		0.9996703863143921
	],
	"25. left_eye": [
		0.5778034925460815,
		0.5037047863006592,
		-0.20979872345924377,
		0.9997766613960266
	],
	"26. right_eye": [
		0.5520417094230652,
		0.5025493502616882,
		-0.2055429220199585,
		0.9995583295822144
	],
	"27. left_ear": [
		0.5888303518295288,
		0.5134775638580322,
		-0.05997469276189804,
		0.9997093677520752
	],
	"28. right_ear": [
		0.5363095998764038,
		0.514910101890564,
		-0.0408843494951725,
		0.9991889595985413
	],
	"time stamp": 30.0
}