{
	"1. left_hip": [
		0.5500596165657043,
		0.8090920448303223,
		0.05477694049477577,
		0.9999586939811707
	],
	"2. left_knee": [
		0.569959819316864,
		0.7905905842781067,
		-0.4134673774242401,
		0.9877296090126038
	],
	"3. left_ankle": [
		0.5509865880012512,
		0.9071775674819946,
		-0.2559525668621063,
		0.8661166429519653
	],
	"6. right_hip": [
		0.4780678153038025,
		0.8170678019523621,
		-0.054690949618816376,
		0.9995602965354919
	],
	"7. right_knee": [
		0.5024382472038269,
		0.9846187233924866,
		-0.2563382387161255,
		0.9449958205223083
	],
	"8. right_ankle": [
		0.48477622866630554,
		0.8979328870773315,
		0.25254493951797485,
		0.16094191372394562
	],
	"14. left_shoulder": [
		0.6136609315872192,
		0.6305729150772095,
		0.08505474030971527,
		0.9995090365409851
	],
	"15. left_elbow": [
		0.6170880794525146,
		0.7240765690803528,
		0.13164262473583221,
		0.7549454569816589
	],
	"16. left_wrist": [
		0.6577505469322205,
		0.8016136288642883,
		0.039906516671180725,
		0.8408951163291931
	],
	"19. right_shoulder": [
		0.5217466354370117,
		0.6280995011329651,
		-0.06800423562526703,
		0.9974573850631714
	],
	"20. right_elbow": [
		0.4463556110858917,
		0.7040758728981018,
		-0.031167199835181236,
		0.9316466450691223
	],
	"21. right_wrist": [
		0.3756859600543976,
		0.7497155070304871,
		-0.2904684841632843,
		0.8756094574928284
	],
	"24. nose": [
		0.5821959376335144,
		0.5298207402229309,
		-0.23089051246643066,
		0.9997584223747253
	],
	"25. left_eye": [
		0.5912868976593018,
		0.5193323493003845,
		-0.19722862541675568,
		0.9998365044593811
	],
	"26. right_eye": [
		0.5639541745185852,
		0.523180365562439,
		-0.20350994169712067,
		0.9996748566627502
	],
	"27. left_ear": [
		0.60213303565979,
		0.5291164517402649,
		-0.028465837240219116,
		0.999786913394928
	],
	"28. right_ear": [
		0.5515801906585693,
		0.537582516670227,
		-0.052132491022348404,
		0.9994001388549805
	],
	"time stamp": 30.0
}