{
	"1. left_hip": [
		0.5691452026367188,
		0.7778127789497375,
		0.009850038215517998,
		0.999811053276062
	],
	"2. left_knee": [
		0.5478020310401917,
		0.8335933089256287,
		-0.38342031836509705,
		0.9692936539649963
	],
	"3. left_ankle": [
		0.5569441318511963,
		0.9045727849006653,
		0.09630513936281204,
		0.6849510073661804
	],
	"6. right_hip": [
		0.4845307171344757,
		0.7887689471244812,
		-0.010203801095485687,
		0.9992939233779907
	],
	"7. right_knee": [
		0.4985623359680176,
		0.9692217707633972,
		-0.35139796137809753,
		0.91037917137146
	],
	"8. right_ankle": [
		0.5260786414146423,
		0.9093825221061707,
		0.31575673818588257,
		0.10193125903606415
	],
	"14. left_shoulder": [
		0.5860505104064941,
		0.578493058681488,
		-0.4008687734603882,
		0.9992558360099792
	],
	"15. left_elbow": [
		0.594799280166626,
		0.4838032126426697,
		-0.6553040742874146,
		0.8981516361236572
	],
	"16. left_wrist": [
		0.5401713252067566,
		0.378696471452713,
		-0.7433079481124878,
		0.9401872158050537
	],
	"19. right_shoulder": [
		0.47616279125213623,
		0.5796542167663574,
		-0.425188273191452,
		0.9983198642730713
	],
	"20. right_elbow": [
		0.4754796624183655,
		0.4742739796638489,
		-0.6954811215400696,
		0.9752715826034546
	],
	"21. right_wrist": [
		0.5302461385726929,
		0.38202035427093506,
		-0.8022528886795044,
		0.9461773037910461
	],
	"24. nose": [
		0.5283520817756653,
		0.5244003534317017,
		-0.5917443037033081,
		0.9997183084487915
	],
	"25. left_eye": [
		0.541820228099823,
		0.5086681246757507,
		-0.5652285814285278,
		0.9997678995132446
	],
	"26. right_eye": [
		0.5133934617042542,
		0.5077045559883118,
		-0.5632206201553345,
		0.999413788318634
	],
	"27. left_ear": [
		0.5520561933517456,
		0.5126283168792725,
		-0.4179750680923462,
		0.9997483491897583
	],
	"28. right_ear": [
		0.5038650035858154,
		0.5135670304298401,
		-0.4045109748840332,
		0.9993062019348145
	],
	"time stamp": 30.0
}