{
	"1. left_hip": [
		0.5770451426506042,
		0.7872881293296814,
		-0.0039812359027564526,
		0.9997177720069885
	],
	"2. left_knee": [
		0.565744936466217,
		0.8207089900970459,
		-0.45657697319984436,
		0.8960174322128296
	],
	"3. left_ankle": [
		0.5597203373908997,
		0.8960337042808533,
		-0.1402416080236435,
		0.40838080644607544
	],
	"6. right_hip": [
		0.49388933181762695,
		0.786296010017395,
		0.0038577497471123934,
		0.9993558526039124
	],
	"7. right_knee": [
		0.49895918369293213,
		0.9528796672821045,
		-0.1809743046760559,
		0.8036856055259705
	],
	"8. right_ankle": [
		0.5097842216491699,
		0.8855680823326111,
		0.36446788907051086,
		0.12238267064094543
	],
	"14. left_shoulder": [
		0.5859442353248596,
		0.5858005285263062,
		-0.12768179178237915,
		0.999742865562439
	],
	"15. left_elbow": [
		0.5689378380775452,
		0.6849678754806519,
		-0.3151696026325226,
		0.939793050289154
	],
	"16. left_wrist": [
		0.5030444264411926,
		0.6014923453330994,
		-0.5682470798492432,
		0.9300729036331177
	],
	"19. right_shoulder": [
		0.464155375957489,
		0.6095241904258728,
		-0.15202021598815918,
		0.999589204788208
	],
	"20. right_elbow": [
		0.49966830015182495,
		0.6955897212028503,
		-0.20256048440933228,
		0.8954976201057434
	],
	"21. right_wrist": [
		0.545956015586853,
		0.7629072666168213,
		-0.2874995470046997,
		0.7061454057693481
	],
	"24. nose": [
		0.5379477143287659,
		0.5206366777420044,
		-0.3484477996826172,
		0.9998220205307007
	],
	"25. left_eye": [
		0.5509467720985413,
		0.5143704414367676,
		-0.3209025263786316,
		0.9998900294303894
	],
	"26. right_eye": [
		0.5257033705711365,
		0.5049904584884644,
		-0.32576248049736023,
		0.9997638463973999
	],
	"27. left_ear": [
		0.5589063167572021,
		0.5247222185134888,
		-0.16688469052314758,
		0.9998524188995361
	],
	"28. right_ear": [
		0.5048956274986267,
		0.512745201587677,
		-0.1920749694108963,
		0.9997259378433228
	],
	"time stamp": 30.0
}