{
	"1. left_hip": [
		0.636401891708374,
		0.559287428855896,
		-0.0016703562578186393,
		0.9999218583106995
	],
	"2. left_knee": [
		0.6824624538421631,
		0.7404485940933228,
		-0.0900445505976677,
		0.9904624223709106
	],
	"3. left_ankle": [
		0.7426760196685791,
		0.8773582577705383,
		0.11552879214286804,
		0.9546432495117188
	],
	"6. right_hip": [
		0.5540568232536316,
		0.5598041415214539,
		0.0015622683567926288,
		0.9998037219047546
	],
	"7. right_knee": [
		0.536139965057373,
		0.7361613512039185,
		-0.028681710362434387,
		0.9771152138710022
	],
	"8. right_ankle": [
		0.5175670385360718,
		0.8785148859024048,
		0.24901239573955536,
		0.9131390452384949
	],
	"14. left_shoulder": [
		0.6592890620231628,
		0.360398530960083,
		-0.11114772409200668,
		0.999972939491272
	],
	"15. left_elbow": [
		0.6896460652351379,
		0.465337872505188,
		-0.007855691947042942,
		0.9892249703407288
	],
	"16. left_wrist": [
		0.7337899208068848,
		0.5466234683990479,
		-0.15858930349349976,
		0.9673681855201721
	],
	"19. right_shoulder": [
		0.5329602360725403,
		0.37418392300605774,
		-0.111143559217453,
		0.9998859763145447
	],
	"20. right_elbow": [
		0.5265499949455261,
		0.4733838438987732,
		-0.013165950775146484,
		0.9586142301559448
	],
	"21. right_wrist": [
		0.46892184019088745,
		0.5272645354270935,
		-0.18562795221805573,
		0.9377608299255371
	],
	"24. nose": [
		0.5881980657577515,
		0.2918812334537506,
		-0.4381283223628998,
		0.999983012676239
	],
	"25. left_eye": [
		0.6021587252616882,
		0.2805417478084564,
		-0.41767001152038574,
		0.9999762177467346
	],
	"26. right_eye": [
		0.5746859908103943,
		0.27749037742614746,
		-0.4175878167152405,
		0.9999653100967407
	],
	"27. left_ear": [
		0.6150702238082886,
		0.2851145565509796,
		-0.24976007640361786,
		0.9999662637710571
	],
	"28. right_ear": [
		0.5636789202690125,
		0.2814282774925232,
		-0.24564486742019653,
		0.999953031539917
	],
	"time stamp": 30.0
}