{
	"1. left_hip": [
		0.6517174243927002,
		0.5770444869995117,
		-0.022831924259662628,
		0.9999155402183533
	],
	"2. left_knee": [
		0.6825921535491943,
		0.75547856092453,
		-0.07624554634094238,
		0.9918849468231201
	],
	"3. left_ankle": [
		0.7446627020835876,
		0.877575695514679,
		0.20037274062633514,
		0.9625117778778076
	],
	"6. right_hip": [
		0.5734806656837463,
		0.568747878074646,
		0.0227192435413599,
		0.9997842907905579
	],
	"7. right_knee": [
		0.5408576130867004,
		0.738085150718689,
		-0.01168902963399887,
		0.9807385802268982
	],
	"8. right_ankle": [
		0.5176428556442261,
		0.8760120868682861,
		0.2884692847728729,
		0.9279958009719849
	],
	"14. left_shoulder": [
		0.6758070588111877,
		0.36180195212364197,
		-0.1043313592672348,
		0.9999775290489197
	],
	"15. left_elbow": [
		0.7065638303756714,
		0.4681800901889801,
		-0.034758295863866806,
		0.9901350736618042
	],
	"16. left_wrist": [
		0.7560720443725586,
		0.5488584041595459,
		-0.17592284083366394,
		0.9719077944755554
	],
	"19. right_shoulder": [
		0.5528278946876526,
		0.3913879692554474,
		-0.0064397850073874,
		0.9998903274536133
	],
	"20. right_elbow": [
		0.5421256422996521,
		0.4929368197917938,
		-0.01570112630724907,
		0.9574142694473267
	],
	"21. right_wrist": [
		0.4710540771484375,
		0.4578336477279663,
		-0.31380197405815125,
		0.9468637108802795
	],
	"24. nose": [
		0.6027579307556152,
		0.3028508126735687,
		-0.36206021904945374,
		0.9999857544898987
	],
	"25. left_eye": [
		0.6146756410598755,
		0.2869679629802704,
		-0.34181198477745056,
		0.9999796152114868
	],
	"26. right_eye": [
		0.5893290042877197,
		0.28872445225715637,
		-0.3365707993507385,
		0.9999691247940063
	],
	"27. left_ear": [
		0.6266411542892456,
		0.2901409864425659,
		-0.19043180346488953,
		0.9999715089797974
	],
	"28. right_ear": [
		0.5785755515098572,
		0.2956342399120331,
		-0.1618490070104599,
		0.999953031539917
	],
	"time stamp": 30.0
}