{
	"1. left_hip": [
		0.687968373298645,
		0.5870043039321899,
		-0.07429921627044678,
		0.999931812286377
	],
	"2. left_knee": [
		0.68438720703125,
		0.7660200595855713,
		-0.15570242702960968,
		0.9942655563354492
	],
	"3. left_ankle": [
		0.744646430015564,
		0.8836437463760376,
		0.13480879366397858,
		0.9747220873832703
	],
	"6. right_hip": [
		0.6104084849357605,
		0.5808886289596558,
		0.07399418205022812,
		0.9998363852500916
	],
	"7. right_knee": [
		0.5198554396629333,
		0.7326256632804871,
		-0.06375580281019211,
		0.9862781763076782
	],
	"8. right_ankle": [
		0.535667359828949,
		0.8797866702079773,
		0.15981166064739227,
		0.9515982866287231
	],
	"14. left_shoulder": [
		0.7154079675674438,
		0.3860742747783661,
		-0.004045484121888876,
		0.9999849200248718
	],
	"15. left_elbow": [
		0.7501280903816223,
		0.4853915870189667,
		0.010016119107604027,
		0.9930084943771362
	],
	"16. left_wrist": [
		0.7916687726974487,
		0.5748536586761475,
		-0.038732100278139114,
		0.9809092879295349
	],
	"19. right_shoulder": [
		0.5902212262153625,
		0.3960433602333069,
		0.13664914667606354,
		0.9999094009399414
	],
	"20. right_elbow": [
		0.5152406692504883,
		0.39355728030204773,
		-0.06932222098112106,
		0.967157244682312
	],
	"21. right_wrist": [
		0.5491653084754944,
		0.3228020966053009,
		-0.3659455180168152,
		0.9624950885772705
	],
	"24. nose": [
		0.6349400281906128,
		0.31953978538513184,
		-0.2045847773551941,
		0.9999903440475464
	],
	"25. left_eye": [
		0.6441906690597534,
		0.3043561577796936,
		-0.18136803805828094,
		0.9999858140945435
	],
	"26. right_eye": [
		0.6198332905769348,
		0.3099757134914398,
		-0.16839440166950226,
		0.999977707862854
	],
	"27. left_ear": [
		0.6567262411117554,
		0.30687496066093445,
		-0.040889009833335876,
		0.9999807476997375
	],
	"28. right_ear": [
		0.6109188199043274,
		0.3191498816013336,
		0.02154863066971302,
		0.9999618530273438
	],
	"time stamp": 30.0
}