{
	"1. left_hip": [
		0.7012814283370972,
		0.6072434186935425,
		-0.07103490829467773,
		0.9999392032623291
	],
	"2. left_knee": [
		0.6922091841697693,
		0.7760124802589417,
		-0.16607661545276642,
		0.9950225949287415
	],
	"3. left_ankle": [
		0.7471715211868286,
		0.8861374855041504,
		0.18610207736492157,
		0.9789218902587891
	],
	"6. right_hip": [
		0.6205006241798401,
		0.6044812202453613,
		0.0706898495554924,
		0.9998652935028076
	],
	"7. right_knee": [
		0.5030308365821838,
		0.7269848585128784,
		-0.14504505693912506,
		0.9883514642715454
	],
	"8. right_ankle": [
		0.551443338394165,
		0.8836425542831421,
		0.08673793822526932,
		0.960165798664093
	],
	"14. left_shoulder": [
		0.7275393009185791,
		0.40718138217926025,
		0.014939500018954277,
		0.9999874830245972
	],
	"15. left_elbow": [
		0.7649382948875427,
		0.5117353200912476,
		-0.01212281547486782,
		0.9941579103469849
	],
	"16. left_wrist": [
		0.8021422624588013,
		0.6017783880233765,
		-0.07531731575727463,
		0.9838771224021912
	],
	"19. right_shoulder": [
		0.6036025285720825,
		0.39459869265556335,
		0.10645956546068192,
		0.9999232292175293
	],
	"20. right_elbow": [
		0.5235493779182434,
		0.32425105571746826,
		-0.10753313452005386,
		0.9731663465499878
	],
	"21. right_wrist": [
		0.5387107133865356,
		0.23707887530326843,
		-0.3124086260795593,
		0.9686233401298523
	],
	"24. nose": [
		0.6612169742584229,
		0.32178714871406555,
		-0.19106006622314453,
		0.9999921321868896
	],
	"25. left_eye": [
		0.6701648235321045,
		0.3088195025920868,
		-0.1593087911605835,
		0.9999883770942688
	],
	"26. right_eye": [
		0.646859884262085,
		0.3114416003227234,
		-0.1530991792678833,
		0.9999817609786987
	],
	"27. left_ear": [
		0.6798537373542786,
		0.3161545991897583,
		-0.006486976053565741,
		0.9999843239784241
	],
	"28. right_ear": [
		0.6339531540870667,
		0.321333110332489,
		0.02572798915207386,
		0.9999688863754272
	],
	"time stamp": 30.0
}