{
	"1. left_hip": [
		0.674230694770813,
		0.5577742457389832,
		-0.06012857332825661,
		0.9998038411140442
	],
	"2. left_knee": [
		0.7035455107688904,
		0.7360518574714661,
		-0.10147693753242493,
		0.9977433085441589
	],
	"3. left_ankle": [
		0.746900200843811,
		0.882053017616272,
		0.032020896673202515,
		0.9925466179847717
	],
	"6. right_hip": [
		0.6002093553543091,
		0.5603951215744019,
		0.05992457643151283,
		0.9998928308486938
	],
	"7. right_knee": [
		0.5447702407836914,
		0.7173760533332825,
		0.010322577320039272,
		0.9940570592880249
	],
	"8. right_ankle": [
		0.5458332896232605,
		0.8831482529640198,
		0.1175028458237648,
		0.9880349040031433
	],
	"14. left_shoulder": [
		0.6785048246383667,
		0.38645675778388977,
		-0.12474463880062103,
		0.9999849796295166
	],
	"15. left_elbow": [
		0.6998428106307983,
		0.48855066299438477,
		-0.08732126653194427,
		0.996465802192688
	],
	"16. left_wrist": [
		0.7343796491622925,
		0.5803443193435669,
		-0.14713241159915924,
		0.9914736747741699
	],
	"19. right_shoulder": [
		0.5717388987541199,
		0.3563266694545746,
		0.015464726835489273,
		0.9999270439147949
	],
	"20. right_elbow": [
		0.4806530773639679,
		0.3893619477748871,
		-0.1500590443611145,
		0.9898130297660828
	],
	"21. right_wrist": [
		0.5133304595947266,
		0.30817660689353943,
		-0.43525195121765137,
		0.9811796545982361
	],
	"24. nose": [
		0.6571429967880249,
		0.2946224510669708,
		-0.3493143916130066,
		0.999995231628418
	],
	"25. left_eye": [
		0.6765688061714172,
		0.29660800099372864,
		-0.32548201084136963,
		0.999987006187439
	],
	"26. right_eye": [
		0.661418080329895,
		0.27961474657058716,
		-0.32437145709991455,
		0.9999805688858032
	],
	"27. left_ear": [
		0.681886613368988,
		0.31123459339141846,
		-0.17207807302474976,
		0.9999873042106628
	],
	"28. right_ear": [
		0.64873206615448,
		0.2822744846343994,
		-0.17350132763385773,
		0.9999741911888123
	],
	"time stamp": 30.0
}