{
	"1. left_hip": [
		0.6583446264266968,
		0.5497071743011475,
		-0.10347917675971985,
		0.9996100068092346
	],
	"2. left_knee": [
		0.6948327422142029,
		0.7250388264656067,
		-0.15483492612838745,
		0.9972586035728455
	],
	"3. left_ankle": [
		0.7353373169898987,
		0.8802019953727722,
		-0.04545744135975838,
		0.9937358498573303
	],
	"6. right_hip": [
		0.5869683623313904,
		0.5529429912567139,
		0.10335282236337662,
		0.9996553659439087
	],
	"7. right_knee": [
		0.5598646998405457,
		0.7205175757408142,
		0.09924718737602234,
		0.9845978617668152
	],
	"8. right_ankle": [
		0.5453588962554932,
		0.8865243792533875,
		0.20846231281757355,
		0.9879082441329956
	],
	"14. left_shoulder": [
		0.6398046016693115,
		0.34016308188438416,
		-0.1525847166776657,
		0.999882698059082
	],
	"15. left_elbow": [
		0.622229814529419,
		0.4364703595638275,
		-0.2438507229089737,
		0.9776573777198792
	],
	"16. left_wrist": [
		0.6141132116317749,
		0.5285215377807617,
		-0.41462624073028564,
		0.9481351971626282
	],
	"19. right_shoulder": [
		0.5505411028862,
		0.3460758924484253,
		0.1472003161907196,
		0.9994497299194336
	],
	"20. right_elbow": [
		0.4537392556667328,
		0.3745744824409485,
		0.15564095973968506,
		0.9631232619285583
	],
	"21. right_wrist": [
		0.35576269030570984,
		0.38730528950691223,
		-0.006279930006712675,
		0.9618234634399414
	],
	"24. nose": [
		0.597996711730957,
		0.26555854082107544,
		-0.24856065213680267,
		0.999885082244873
	],
	"25. left_eye": [
		0.6112738251686096,
		0.25641068816185,
		-0.22930140793323517,
		0.9998107552528381
	],
	"26. right_eye": [
		0.5877952575683594,
		0.2534860372543335,
		-0.21927930414676666,
		0.9997168779373169
	],
	"27. left_ear": [
		0.622833251953125,
		0.2678285241127014,
		-0.09679535776376724,
		0.9998201131820679
	],
	"28. right_ear": [
		0.5765712261199951,
		0.262391060590744,
		-0.05449311062693596,
		0.9993971586227417
	],
	"time stamp": 30.0
}