{
	"1. left_hip": [
		0.6550996899604797,
		0.5436400771141052,
		-0.1289595067501068,
		0.9995532035827637
	],
	"2. left_knee": [
		0.6730270981788635,
		0.7218186855316162,
		-0.221337229013443,
		0.9951151013374329
	],
	"3. left_ankle": [
		0.7151720523834229,
		0.8870496153831482,
		-0.14854097366333008,
		0.994022786617279
	],
	"6. right_hip": [
		0.5840790867805481,
		0.5513513088226318,
		0.128651961684227,
		0.9994885921478271
	],
	"7. right_knee": [
		0.5640654563903809,
		0.7180936336517334,
		0.050381194800138474,
		0.9668499827384949
	],
	"8. right_ankle": [
		0.5460434556007385,
		0.8863203525543213,
		0.12856130301952362,
		0.9834079146385193
	],
	"14. left_shoulder": [
		0.6532573103904724,
		0.33679860830307007,
		-0.20631259679794312,
		0.9998736381530762
	],
	"15. left_elbow": [
		0.560502827167511,
		0.3725630044937134,
		-0.4301294684410095,
		0.978669285774231
	],
	"16. left_wrist": [
		0.46631231904029846,
		0.3808121979236603,
		-0.602030336856842,
		0.9455783367156982
	],
	"19. right_shoulder": [
		0.5561876893043518,
		0.36723580956459045,
		0.18489395081996918,
		0.9992050528526306
	],
	"20. right_elbow": [
		0.47406551241874695,
		0.44246429204940796,
		0.10591530054807663,
		0.8614508509635925
	],
	"21. right_wrist": [
		0.40137219429016113,
		0.5157052278518677,
		-0.25163447856903076,
		0.8972415328025818
	],
	"24. nose": [
		0.5910557508468628,
		0.2755367159843445,
		-0.2862437963485718,
		0.999864935874939
	],
	"25. left_eye": [
		0.5996531844139099,
		0.26443609595298767,
		-0.27218717336654663,
		0.9997904300689697
	],
	"26. right_eye": [
		0.57298344373703,
		0.27112284302711487,
		-0.24561253190040588,
		0.9996926188468933
	],
	"27. left_ear": [
		0.6128745675086975,
		0.2683577835559845,
		-0.1431276798248291,
		0.9997953772544861
	],
	"28. right_ear": [
		0.564978837966919,
		0.2848028838634491,
		0.022365275770425797,
		0.999294638633728
	],
	"time stamp": 30.0
}