{
	"1. left_hip": [
		0.6954930424690247,
		0.5979191660881042,
		-0.09724739193916321,
		0.9994786977767944
	],
	"2. left_knee": [
		0.6577238440513611,
		0.7526364922523499,
		-0.20494309067726135,
		0.9946258664131165
	],
	"3. left_ankle": [
		0.7111949324607849,
		0.8947022557258606,
		-0.09422824531793594,
		0.9948373436927795
	],
	"6. right_hip": [
		0.6270743012428284,
		0.5954844355583191,
		0.09712500125169754,
		0.9997632503509521
	],
	"7. right_knee": [
		0.5350126028060913,
		0.7169318199157715,
		-0.19858552515506744,
		0.9651193618774414
	],
	"8. right_ankle": [
		0.5337011814117432,
		0.888812243938446,
		-0.06269793212413788,
		0.981705367565155
	],
	"14. left_shoulder": [
		0.6979337334632874,
		0.4270699918270111,
		-0.2786320447921753,
		0.9996213912963867
	],
	"15. left_elbow": [
		0.6603679656982422,
		0.5223230123519897,
		-0.35353797674179077,
		0.9902742505073547
	],
	"16. left_wrist": [
		0.5800273418426514,
		0.5410926938056946,
		-0.3779386281967163,
		0.969726026058197
	],
	"19. right_shoulder": [
		0.6129622459411621,
		0.37958797812461853,
		0.013765418902039528,
		0.9996557831764221
	],
	"20. right_elbow": [
		0.5384951829910278,
		0.3474847674369812,
		-0.13573580980300903,
		0.8560450673103333
	],
	"21. right_wrist": [
		0.5295392274856567,
		0.31512725353240967,
		-0.430373877286911,
		0.8809571862220764
	],
	"24. nose": [
		0.6700200438499451,
		0.3277181088924408,
		-0.40209662914276123,
		0.9999128580093384
	],
	"25. left_eye": [
		0.6924520134925842,
		0.32732659578323364,
		-0.38223597407341003,
		0.9998347759246826
	],
	"26. right_eye": [
		0.6732875108718872,
		0.3151407539844513,
		-0.367810994386673,
		0.999832034111023
	],
	"27. left_ear": [
		0.7044357061386108,
		0.34599629044532776,
		-0.24530556797981262,
		0.9998236894607544
	],
	"28. right_ear": [
		0.6729966998100281,
		0.32067546248435974,
		-0.18088465929031372,
		0.9997473955154419
	],
	"time stamp": 30.0
}