{
	"1. left_hip": [
		0.7021735906600952,
		0.6017783880233765,
		-0.11256937682628632,
		0.9994420409202576
	],
	"2. left_knee": [
		0.6607360243797302,
		0.7479322552680969,
		-0.35087037086486816,
		0.9934539198875427
	],
	"3. left_ankle": [
		0.711401641368866,
		0.8924340009689331,
		-0.23046398162841797,
		0.9945431351661682
	],
	"6. right_hip": [
		0.6359724402427673,
		0.5981491804122925,
		0.11239230632781982,
		0.9997639060020447
	],
	"7. right_knee": [
		0.5348467230796814,
		0.7015841007232666,
		-0.18624509871006012,
		0.9667387008666992
	],
	"8. right_ankle": [
		0.5524932146072388,
		0.8712984919548035,
		-0.020523689687252045,
		0.980440080165863
	],
	"14. left_shoulder": [
		0.7058728337287903,
		0.42033565044403076,
		-0.3356429934501648,
		0.9996194243431091
	],
	"15. left_elbow": [
		0.6638950705528259,
		0.516319215297699,
		-0.4232364296913147,
		0.9908984303474426
	],
	"16. left_wrist": [
		0.598501443862915,
		0.5573738813400269,
		-0.48303496837615967,
		0.9651781320571899
	],
	"19. right_shoulder": [
		0.6184520125389099,
		0.39622658491134644,
		-0.006954552140086889,
		0.9996193051338196
	],
	"20. right_elbow": [
		0.5211134552955627,
		0.40997743606567383,
		-0.012935366481542587,
		0.8896197080612183
	],
	"21. right_wrist": [
		0.5285658836364746,
		0.3253626227378845,
		-0.20912334322929382,
		0.9042511582374573
	],
	"24. nose": [
		0.6695432066917419,
		0.32722023129463196,
		-0.39537903666496277,
		0.9998435378074646
	],
	"25. left_eye": [
		0.6897159814834595,
		0.3245604336261749,
		-0.3969561755657196,
		0.9996922612190247
	],
	"26. right_eye": [
		0.6735302805900574,
		0.3135957419872284,
		-0.36363011598587036,
		0.9996715784072876
	],
	"27. left_ear": [
		0.7050256133079529,
		0.3407219648361206,
		-0.29051652550697327,
		0.9996331334114075
	],
	"28. right_ear": [
		0.67772376537323,
		0.31803905963897705,
		-0.22446297109127045,
		0.9995006918907166
	],
	"time stamp": 30.0
}