{
	"1. left_hip": [
		0.6636785864830017,
		0.5459379553794861,
		-0.11361287534236908,
		0.9997108578681946
	],
	"2. left_knee": [
		0.6117579340934753,
		0.7053367495536804,
		-0.21680258214473724,
		0.9922172427177429
	],
	"3. left_ankle": [
		0.660248339176178,
		0.8617672324180603,
		-0.22273395955562592,
		0.9931935667991638
	],
	"6. right_hip": [
		0.6116598844528198,
		0.552039623260498,
		0.11358758807182312,
		0.9996923208236694
	],
	"7. right_knee": [
		0.6068050265312195,
		0.7155341506004333,
		0.09501946717500687,
		0.8564965724945068
	],
	"8. right_ankle": [
		0.6495510935783386,
		0.852846622467041,
		0.13238050043582916,
		0.9285148978233337
	],
	"14. left_shoulder": [
		0.6853788495063782,
		0.3630114197731018,
		0.01563245616853237,
		0.9995920062065125
	],
	"15. left_elbow": [
		0.6910712122917175,
		0.41077864170074463,
		-0.08954662829637527,
		0.9141029715538025
	],
	"16. left_wrist": [
		0.621037483215332,
		0.3847843110561371,
		-0.10037597268819809,
		0.7709489464759827
	],
	"19. right_shoulder": [
		0.5844922661781311,
		0.386221319437027,
		0.20541872084140778,
		0.9992727637290955
	],
	"20. right_elbow": [
		0.5461540818214417,
		0.4298684000968933,
		0.03983340784907341,
		0.6394880414009094
	],
	"21. right_wrist": [
		0.6042240262031555,
		0.38698890805244446,
		-0.18921782076358795,
		0.7226995229721069
	],
	"24. nose": [
		0.6171855926513672,
		0.2984263598918915,
		-0.05763544514775276,
		0.9997912049293518
	],
	"25. left_eye": [
		0.6253950595855713,
		0.283991277217865,
		-0.04122219234704971,
		0.999608039855957
	],
	"26. right_eye": [
		0.6048316955566406,
		0.29339995980262756,
		-0.024760447442531586,
		0.9996749758720398
	],
	"27. left_ear": [
		0.6386620998382568,
		0.2908724844455719,
		0.05843636021018028,
		0.9994973540306091
	],
	"28. right_ear": [
		0.5953578352928162,
		0.3081035912036896,
		0.13468970358371735,
		0.9994896054267883
	],
	"time stamp": 30.0
}