{
	"1. left_hip": [
		0.6595295071601868,
		0.5564730167388916,
		-0.1076294332742691,
		0.9997052550315857
	],
	"2. left_knee": [
		0.5954604148864746,
		0.6981703042984009,
		-0.27573245763778687,
		0.9871144890785217
	],
	"3. left_ankle": [
		0.6331437826156616,
		0.8419249653816223,
		-0.26681506633758545,
		0.9857695698738098
	],
	"6. right_hip": [
		0.6028207540512085,
		0.5564645528793335,
		0.10776778310537338,
		0.9996410012245178
	],
	"7. right_knee": [
		0.6021304726600647,
		0.7152710556983948,
		0.05746996030211449,
		0.7938516139984131
	],
	"8. right_ankle": [
		0.6444554924964905,
		0.8515914678573608,
		0.12681224942207336,
		0.8951916098594666
	],
	"14. left_shoulder": [
		0.6872603297233582,
		0.38175129890441895,
		0.0260201133787632,
		0.9996504187583923
	],
	"15. left_elbow": [
		0.7466922402381897,
		0.4486142098903656,
		-0.1720992475748062,
		0.9299992322921753
	],
	"16. left_wrist": [
		0.6951325535774231,
		0.3813152313232422,
		-0.3608538806438446,
		0.8127325177192688
	],
	"19. right_shoulder": [
		0.5827638506889343,
		0.3998613655567169,
		0.21219393610954285,
		0.9993278980255127
	],
	"20. right_elbow": [
		0.5270832777023315,
		0.4652347266674042,
		0.05727503076195717,
		0.6978867650032043
	],
	"21. right_wrist": [
		0.5432754755020142,
		0.4072752594947815,
		-0.29121506214141846,
		0.767507016658783
	],
	"24. nose": [
		0.6063145399093628,
		0.32067689299583435,
		-0.1459561437368393,
		0.9998112320899963
	],
	"25. left_eye": [
		0.6150796413421631,
		0.3049602806568146,
		-0.12792903184890747,
		0.999645471572876
	],
	"26. right_eye": [
		0.5952791571617126,
		0.31512269377708435,
		-0.10835298895835876,
		0.9996922612190247
	],
	"27. left_ear": [
		0.6358187198638916,
		0.3069201409816742,
		-0.008992327377200127,
		0.9995526075363159
	],
	"28. right_ear": [
		0.5915842652320862,
		0.32576483488082886,
		0.08015347272157669,
		0.999502956867218
	],
	"time stamp": 30.0
}