{
	"1. left_hip": [
		0.6425144672393799,
		0.5542314648628235,
		-0.10600419342517853,
		0.9999493360519409
	],
	"2. left_knee": [
		0.5945428609848022,
		0.7060578465461731,
		-0.2857416272163391,
		0.9862797856330872
	],
	"3. left_ankle": [
		0.6012387275695801,
		0.8551684021949768,
		-0.28006577491760254,
		0.99227374792099
	],
	"6. right_hip": [
		0.5871751308441162,
		0.5607162714004517,
		0.10643970966339111,
		0.9997890591621399
	],
	"7. right_knee": [
		0.6119745373725891,
		0.7139151692390442,
		0.10412664711475372,
		0.798841655254364
	],
	"8. right_ankle": [
		0.653394341468811,
		0.8476988077163696,
		0.2175145000219345,
		0.8932568430900574
	],
	"14. left_shoulder": [
		0.6617358326911926,
		0.3740864098072052,
		0.025673972442746162,
		0.9999811053276062
	],
	"15. left_elbow": [
		0.6966239213943481,
		0.46741268038749695,
		-0.010251259431242943,
		0.995547890663147
	],
	"16. left_wrist": [
		0.7495241165161133,
		0.44695380330085754,
		-0.17558076977729797,
		0.9892817139625549
	],
	"19. right_shoulder": [
		0.5636460781097412,
		0.3924078345298767,
		0.22940237820148468,
		0.9998989701271057
	],
	"20. right_elbow": [
		0.5390920639038086,
		0.47256502509117126,
		0.2373717874288559,
		0.9278336763381958
	],
	"21. right_wrist": [
		0.4747467041015625,
		0.43768391013145447,
		0.005473189055919647,
		0.9795819520950317
	],
	"24. nose": [
		0.5900827050209045,
		0.32597941160202026,
		-0.1517348438501358,
		0.999987781047821
	],
	"25. left_eye": [
		0.5972987413406372,
		0.3091632127761841,
		-0.13864772021770477,
		0.9999791383743286
	],
	"26. right_eye": [
		0.5762749314308167,
		0.3173730969429016,
		-0.12415406107902527,
		0.9999738931655884
	],
	"27. left_ear": [
		0.6127778887748718,
		0.30605751276016235,
		-0.018673930317163467,
		0.9999750852584839
	],
	"28. right_ear": [
		0.5725073218345642,
		0.3223227560520172,
		0.04728175699710846,
		0.9999602437019348
	],
	"time stamp": 30.0
}