{
	"1. left_hip": [
		0.6399306058883667,
		0.551440954208374,
		-0.10661062598228455,
		0.9999479055404663
	],
	"2. left_knee": [
		0.5946325659751892,
		0.7048173546791077,
		-0.26786014437675476,
		0.9861634969711304
	],
	"3. left_ankle": [
		0.6012347936630249,
		0.8539375066757202,
		-0.25545981526374817,
		0.9923024773597717
	],
	"6. right_hip": [
		0.5864730477333069,
		0.5572578310966492,
		0.10700950771570206,
		0.999771773815155
	],
	"7. right_knee": [
		0.6121158003807068,
		0.7115687131881714,
		0.10307782143354416,
		0.8045961260795593
	],
	"8. right_ankle": [
		0.6540306806564331,
		0.8475794196128845,
		0.20350949466228485,
		0.8955879211425781
	],
	"14. left_shoulder": [
		0.6618943214416504,
		0.3724077045917511,
		0.016846241429448128,
		0.9999829530715942
	],
	"15. left_elbow": [
		0.694675087928772,
		0.46767354011535645,
		-0.02301432378590107,
		0.9958409667015076
	],
	"16. left_wrist": [
		0.7495197653770447,
		0.4536726176738739,
		-0.1881098598241806,
		0.9902122616767883
	],
	"19. right_shoulder": [
		0.5645124912261963,
		0.39078742265701294,
		0.2270030528306961,
		0.9998993277549744
	],
	"20. right_elbow": [
		0.5419231653213501,
		0.4726032614707947,
		0.24491973221302032,
		0.9228977560997009
	],
	"21. right_wrist": [
		0.47452136874198914,
		0.44528311491012573,
		0.021833807229995728,
		0.9795152544975281
	],
	"24. nose": [
		0.5922582149505615,
		0.32605665922164917,
		-0.16139930486679077,
		0.9999885559082031
	],
	"25. left_eye": [
		0.5985637903213501,
		0.30898794531822205,
		-0.14759323000907898,
		0.9999808073043823
	],
	"26. right_eye": [
		0.577784538269043,
		0.31739383935928345,
		-0.132185697555542,
		0.9999743700027466
	],
	"27. left_ear": [
		0.6128023862838745,
		0.3053973913192749,
		-0.02758498676121235,
		0.9999773502349854
	],
	"28. right_ear": [
		0.5730078220367432,
		0.3221825361251831,
		0.04498102888464928,
		0.9999610781669617
	],
	"time stamp": 30.0
}