{
	"1. left_hip": [
		0.6374439597129822,
		0.5493701696395874,
		-0.10493743419647217,
		0.9999521970748901
	],
	"2. left_knee": [
		0.5859962701797485,
		0.6931983232498169,
		-0.3409595787525177,
		0.9854236841201782
	],
	"3. left_ankle": [
		0.5992711186408997,
		0.8506276607513428,
		-0.3979043662548065,
		0.9923235774040222
	],
	"6. right_hip": [
		0.5826253294944763,
		0.5545274615287781,
		0.10540887713432312,
		0.999778151512146
	],
	"7. right_knee": [
		0.6108225584030151,
		0.7080307006835938,
		0.11242158710956573,
		0.8088247776031494
	],
	"8. right_ankle": [
		0.6545584201812744,
		0.8483846783638,
		0.21191942691802979,
		0.8970441818237305
	],
	"14. left_shoulder": [
		0.6626118421554565,
		0.37131422758102417,
		0.06610004603862762,
		0.9999874830245972
	],
	"15. left_elbow": [
		0.696665346622467,
		0.45732054114341736,
		-0.031780995428562164,
		0.9965722560882568
	],
	"16. left_wrist": [
		0.7489959597587585,
		0.4516126811504364,
		-0.2571955919265747,
		0.9924536347389221
	],
	"19. right_shoulder": [
		0.566407322883606,
		0.38894402980804443,
		0.2699814438819885,
		0.9999132752418518
	],
	"20. right_elbow": [
		0.5390230417251587,
		0.46319958567619324,
		0.3012930452823639,
		0.9217395782470703
	],
	"21. right_wrist": [
		0.45645901560783386,
		0.44962984323501587,
		0.11283457279205322,
		0.9811892509460449
	],
	"24. nose": [
		0.5900090336799622,
		0.31902435421943665,
		-0.09919899702072144,
		0.999991238117218
	],
	"25. left_eye": [
		0.5988427400588989,
		0.30350735783576965,
		-0.08290131390094757,
		0.9999855756759644
	],
	"26. right_eye": [
		0.5779454112052917,
		0.30895641446113586,
		-0.06677958369255066,
		0.9999791383743286
	],
	"27. left_ear": [
		0.6136427521705627,
		0.3023722469806671,
		0.036445312201976776,
		0.9999832510948181
	],
	"28. right_ear": [
		0.5741202235221863,
		0.31402531266212463,
		0.11019516736268997,
		0.9999688267707825
	],
	"time stamp": 30.0
}