{
	"1. left_hip": [
		0.6424355506896973,
		0.5798222422599792,
		-0.11898759007453918,
		0.9999629259109497
	],
	"2. left_knee": [
		0.5477964878082275,
		0.693839967250824,
		-0.385858416557312,
		0.9865314364433289
	],
	"3. left_ankle": [
		0.5952093601226807,
		0.8469496965408325,
		-0.35133862495422363,
		0.992481529712677
	],
	"6. right_hip": [
		0.5877817273139954,
		0.5825493931770325,
		0.11896717548370361,
		0.9998340010643005
	],
	"7. right_knee": [
		0.5865815281867981,
		0.7323190569877625,
		0.13983522355556488,
		0.7175416946411133
	],
	"8. right_ankle": [
		0.6475899815559387,
		0.8527598977088928,
		0.28937044739723206,
		0.8760663270950317
	],
	"14. left_shoulder": [
		0.6569331884384155,
		0.39765220880508423,
		-0.061442673206329346,
		0.9999847412109375
	],
	"15. left_elbow": [
		0.7459442019462585,
		0.3982944190502167,
		-0.2789073586463928,
		0.9977798461914062
	],
	"16. left_wrist": [
		0.7355499267578125,
		0.3271177113056183,
		-0.48482757806777954,
		0.9941449761390686
	],
	"19. right_shoulder": [
		0.5502615571022034,
		0.41145235300064087,
		0.1710660755634308,
		0.9998984932899475
	],
	"20. right_elbow": [
		0.4773368537425995,
		0.41815879940986633,
		0.06487033516168594,
		0.9495654106140137
	],
	"21. right_wrist": [
		0.45000791549682617,
		0.353787362575531,
		-0.210385262966156,
		0.987673819065094
	],
	"24. nose": [
		0.5858120322227478,
		0.3204101622104645,
		-0.2236103117465973,
		0.9999926686286926
	],
	"25. left_eye": [
		0.6010400652885437,
		0.31419557332992554,
		-0.1971084624528885,
		0.9999885559082031
	],
	"26. right_eye": [
		0.5784959197044373,
		0.3124244809150696,
		-0.17817752063274384,
		0.9999831914901733
	],
	"27. left_ear": [
		0.6179286241531372,
		0.32731154561042786,
		-0.06556279212236404,
		0.9999864101409912
	],
	"28. right_ear": [
		0.5735606551170349,
		0.3253730237483978,
		0.009335697628557682,
		0.9999765157699585
	],
	"time stamp": 30.0
}