{
	"1. left_hip": [
		0.6433414220809937,
		0.5966829061508179,
		-0.1273241937160492,
		0.9999675750732422
	],
	"2. left_knee": [
		0.5374225974082947,
		0.6950451135635376,
		-0.40182435512542725,
		0.9875370860099792
	],
	"3. left_ankle": [
		0.5912503004074097,
		0.8472832441329956,
		-0.32842734456062317,
		0.9926976561546326
	],
	"6. right_hip": [
		0.5921276211738586,
		0.5996049046516418,
		0.12728941440582275,
		0.9998629689216614
	],
	"7. right_knee": [
		0.5802310705184937,
		0.753446638584137,
		0.14431802928447723,
		0.670865535736084
	],
	"8. right_ankle": [
		0.6450631618499756,
		0.8560419082641602,
		0.30426153540611267,
		0.8658156394958496
	],
	"14. left_shoulder": [
		0.6532759070396423,
		0.41250720620155334,
		-0.11028996855020523,
		0.9999809265136719
	],
	"15. left_elbow": [
		0.7436304688453674,
		0.41394758224487305,
		-0.31246665120124817,
		0.9982478022575378
	],
	"16. left_wrist": [
		0.7346300482749939,
		0.3448926508426666,
		-0.508141279220581,
		0.994196355342865
	],
	"19. right_shoulder": [
		0.5442513227462769,
		0.4229281544685364,
		0.1613900065422058,
		0.9998887181282043
	],
	"20. right_elbow": [
		0.4585690498352051,
		0.4195980131626129,
		0.1568768471479416,
		0.9617224931716919
	],
	"21. right_wrist": [
		0.4600280821323395,
		0.3489156663417816,
		0.04853514954447746,
		0.9897087812423706
	],
	"24. nose": [
		0.5849806070327759,
		0.3320966958999634,
		-0.25595733523368835,
		0.999993622303009
	],
	"25. left_eye": [
		0.6012943387031555,
		0.32686200737953186,
		-0.2301609069108963,
		0.9999903440475464
	],
	"26. right_eye": [
		0.5784313082695007,
		0.32424527406692505,
		-0.2107330709695816,
		0.9999858736991882
	],
	"27. left_ear": [
		0.617641031742096,
		0.3374757170677185,
		-0.09965235739946365,
		0.9999884963035583
	],
	"28. right_ear": [
		0.5731928944587708,
		0.3340444266796112,
		-0.015229616314172745,
		0.9999814629554749
	],
	"time stamp": 30.0
}