{
	"1. left_hip": [
		0.6436665058135986,
		0.596354603767395,
		-0.11809243261814117,
		0.9999727010726929
	],
	"2. left_knee": [
		0.543578565120697,
		0.6943700909614563,
		-0.47651323676109314,
		0.9887504577636719
	],
	"3. left_ankle": [
		0.5851417183876038,
		0.8508545756340027,
		-0.4301915168762207,
		0.9933724403381348
	],
	"6. right_hip": [
		0.5832992196083069,
		0.6007619500160217,
		0.1180337592959404,
		0.9998876452445984
	],
	"7. right_knee": [
		0.5718311071395874,
		0.7462834715843201,
		0.08826205134391785,
		0.6712321043014526
	],
	"8. right_ankle": [
		0.6398318409919739,
		0.8530849814414978,
		0.29121822118759155,
		0.8719207644462585
	],
	"14. left_shoulder": [
		0.6486532092094421,
		0.42226800322532654,
		-0.09564854204654694,
		0.9999836683273315
	],
	"15. left_elbow": [
		0.7327905297279358,
		0.4584353268146515,
		-0.2791634202003479,
		0.9986385703086853
	],
	"16. left_wrist": [
		0.7534374594688416,
		0.3810723125934601,
		-0.4906916618347168,
		0.9952117204666138
	],
	"19. right_shoulder": [
		0.5366978645324707,
		0.42538511753082275,
		0.1212814673781395,
		0.9998854994773865
	],
	"20. right_elbow": [
		0.45297372341156006,
		0.4396038353443146,
		-0.06466899812221527,
		0.9707154035568237
	],
	"21. right_wrist": [
		0.46725937724113464,
		0.3652060329914093,
		-0.42620036005973816,
		0.991433322429657
	],
	"24. nose": [
		0.5867792963981628,
		0.3385619521141052,
		-0.2705487012863159,
		0.9999948143959045
	],
	"25. left_eye": [
		0.6018416285514832,
		0.3310905992984772,
		-0.24131368100643158,
		0.9999922513961792
	],
	"26. right_eye": [
		0.5787551403045654,
		0.3278858959674835,
		-0.22678783535957336,
		0.9999884366989136
	],
	"27. left_ear": [
		0.6144640445709229,
		0.34223705530166626,
		-0.09762899577617645,
		0.9999908804893494
	],
	"28. right_ear": [
		0.5713456273078918,
		0.33586567640304565,
		-0.03476084768772125,
		0.9999855160713196
	],
	"time stamp": 30.0
}