{
	"1. left_hip": [
		0.5968382954597473,
		0.5592256188392639,
		0.06350728869438171,
		0.9999698996543884
	],
	"2. left_knee": [
		0.5806693434715271,
		0.7376376390457153,
		0.040464263409376144,
		0.9915184378623962
	],
	"3. left_ankle": [
		0.5567152500152588,
		0.8859415650367737,
		0.24869365990161896,
		0.9917876124382019
	],
	"6. right_hip": [
		0.5275394320487976,
		0.5564056634902954,
		-0.06307347863912582,
		0.9998965263366699
	],
	"7. right_knee": [
		0.44208744168281555,
		0.7274386286735535,
		-0.15337832272052765,
		0.931961715221405
	],
	"8. right_ankle": [
		0.35030731558799744,
		0.8703095316886902,
		-0.020083485171198845,
		0.9371975064277649
	],
	"14. left_shoulder": [
		0.5994428992271423,
		0.37817713618278503,
		0.3337509036064148,
		0.9999407529830933
	],
	"15. left_elbow": [
		0.63377845287323,
		0.4408791959285736,
		0.13832435011863708,
		0.9016090035438538
	],
	"16. left_wrist": [
		0.6659102439880371,
		0.3520572781562805,
		-0.22985482215881348,
		0.8628726005554199
	],
	"19. right_shoulder": [
		0.4982956051826477,
		0.3591623604297638,
		0.09014706313610077,
		0.9996759295463562
	],
	"20. right_elbow": [
		0.5300711393356323,
		0.41769933700561523,
		0.11774848401546478,
		0.7229053378105164
	],
	"21. right_wrist": [
		0.5849683880805969,
		0.37424150109291077,
		0.2916603982448578,
		0.594039261341095
	],
	"24. nose": [
		0.5619668960571289,
		0.30963584780693054,
		-0.05140403285622597,
		0.9999337792396545
	],
	"25. left_eye": [
		0.5720029473304749,
		0.2981453835964203,
		-0.010919595137238503,
		0.9999006390571594
	],
	"26. right_eye": [
		0.551642119884491,
		0.29583168029785156,
		-0.03792333975434303,
		0.9998700022697449
	],
	"27. left_ear": [
		0.577055037021637,
		0.3012438416481018,
		0.20519647002220154,
		0.9998352527618408
	],
	"28. right_ear": [
		0.535189688205719,
		0.2984902560710907,
		0.07913712412118912,
		0.9998977184295654
	],
	"time stamp": 30.0
}