{
	"1. left_hip": [
		0.5896225571632385,
		0.5589727759361267,
		0.0949786901473999,
		0.999971866607666
	],
	"2. left_knee": [
		0.5763272047042847,
		0.7389239072799683,
		0.0629192590713501,
		0.9915948510169983
	],
	"3. left_ankle": [
		0.5560787916183472,
		0.8862808346748352,
		0.21979567408561707,
		0.992163360118866
	],
	"6. right_hip": [
		0.5231893062591553,
		0.5555291175842285,
		-0.09463061392307281,
		0.9999051690101624
	],
	"7. right_knee": [
		0.4365692138671875,
		0.7274710536003113,
		-0.2152377814054489,
		0.9386665225028992
	],
	"8. right_ankle": [
		0.34306800365448,
		0.8689987063407898,
		-0.14584043622016907,
		0.9433591365814209
	],
	"14. left_shoulder": [
		0.5883057117462158,
		0.3780549466609955,
		0.38111579418182373,
		0.9999452233314514
	],
	"15. left_elbow": [
		0.6288651823997498,
		0.4323948323726654,
		0.1634032428264618,
		0.8872377276420593
	],
	"16. left_wrist": [
		0.6873465776443481,
		0.3557504117488861,
		-0.2144128531217575,
		0.8727771639823914
	],
	"19. right_shoulder": [
		0.4937277138233185,
		0.35647210478782654,
		0.04101014882326126,
		0.9997057318687439
	],
	"20. right_elbow": [
		0.529336154460907,
		0.4100542664527893,
		-0.13703948259353638,
		0.7479137182235718
	],
	"21. right_wrist": [
		0.5932786464691162,
		0.36462321877479553,
		-0.1108371913433075,
		0.6293220520019531
	],
	"24. nose": [
		0.5599111914634705,
		0.3081192374229431,
		-0.011875431053340435,
		0.9999403357505798
	],
	"25. left_eye": [
		0.5701934099197388,
		0.29754555225372314,
		0.03427669033408165,
		0.9999105334281921
	],
	"26. right_eye": [
		0.5494385361671448,
		0.2940306067466736,
		0.0034641583915799856,
		0.9998829364776611
	],
	"27. left_ear": [
		0.5747894644737244,
		0.3019830286502838,
		0.2542680501937866,
		0.9998515844345093
	],
	"28. right_ear": [
		0.5317138433456421,
		0.2959432303905487,
		0.10998649895191193,
		0.999907910823822
	],
	"time stamp": 30.0
}