{
	"1. left_hip": [
		0.5641024708747864,
		0.5580350160598755,
		0.08550266921520233,
		0.9999794363975525
	],
	"2. left_knee": [
		0.5666295886039734,
		0.7416589260101318,
		0.07287020981311798,
		0.9922453165054321
	],
	"3. left_ankle": [
		0.555110514163971,
		0.8862627744674683,
		0.23627819120883942,
		0.9943597316741943
	],
	"6. right_hip": [
		0.5019332766532898,
		0.5530409812927246,
		-0.08516372740268707,
		0.9999387860298157
	],
	"7. right_knee": [
		0.42072945833206177,
		0.7243638634681702,
		-0.15972772240638733,
		0.9666879773139954
	],
	"8. right_ankle": [
		0.32740429043769836,
		0.871934175491333,
		-0.030091391876339912,
		0.9692685604095459
	],
	"14. left_shoulder": [
		0.5661292672157288,
		0.3775566816329956,
		0.3497036099433899,
		0.999967098236084
	],
	"15. left_elbow": [
		0.6140781044960022,
		0.4487748444080353,
		0.12766927480697632,
		0.8887061476707458
	],
	"16. left_wrist": [
		0.624233603477478,
		0.3681757152080536,
		-0.26675111055374146,
		0.9162224531173706
	],
	"19. right_shoulder": [
		0.47708240151405334,
		0.35007134079933167,
		0.028508618474006653,
		0.9998305439949036
	],
	"20. right_elbow": [
		0.5261364579200745,
		0.37256279587745667,
		0.03455812484025955,
		0.8317472338676453
	],
	"21. right_wrist": [
		0.5977323055267334,
		0.34024012088775635,
		0.26951631903648376,
		0.7092391848564148
	],
	"24. nose": [
		0.5435178279876709,
		0.30451762676239014,
		-0.04270828887820244,
		0.9999679923057556
	],
	"25. left_eye": [
		0.552500307559967,
		0.2925574481487274,
		0.002162656281143427,
		0.9999523162841797
	],
	"26. right_eye": [
		0.5344841480255127,
		0.28891605138778687,
		-0.030706951394677162,
		0.9999375343322754
	],
	"27. left_ear": [
		0.5569464564323425,
		0.29800736904144287,
		0.2253902703523636,
		0.999920666217804
	],
	"28. right_ear": [
		0.5170068740844727,
		0.29020044207572937,
		0.07741305232048035,
		0.9999509453773499
	],
	"time stamp": 30.0
}