{
	"1. left_hip": [
		0.4901655912399292,
		0.5899083614349365,
		0.13304582238197327,
		0.9999547004699707
	],
	"2. left_knee": [
		0.5732975006103516,
		0.7374632954597473,
		-0.04733588546514511,
		0.9897542595863342
	],
	"3. left_ankle": [
		0.5512085556983948,
		0.8852220177650452,
		0.09383224695920944,
		0.9938490986824036
	],
	"6. right_hip": [
		0.42435434460639954,
		0.5876776576042175,
		-0.13291320204734802,
		0.9998785853385925
	],
	"7. right_knee": [
		0.40529197454452515,
		0.7696971297264099,
		-0.18263737857341766,
		0.9935746192932129
	],
	"8. right_ankle": [
		0.3331427574157715,
		0.8856281638145447,
		0.06274386495351791,
		0.9931347966194153
	],
	"14. left_shoulder": [
		0.49935370683670044,
		0.38932913541793823,
		0.31862398982048035,
		0.9999504089355469
	],
	"15. left_elbow": [
		0.500730574131012,
		0.4764179587364197,
		0.22982537746429443,
		0.6198281049728394
	],
	"16. left_wrist": [
		0.5059442520141602,
		0.4961357116699219,
		-0.07480669766664505,
		0.7441293597221375
	],
	"19. right_shoulder": [
		0.41875505447387695,
		0.3724011778831482,
		-0.10788353532552719,
		0.9998900294303894
	],
	"20. right_elbow": [
		0.4434851408004761,
		0.46524763107299805,
		-0.12521657347679138,
		0.9516023993492126
	],
	"21. right_wrist": [
		0.5046229958534241,
		0.4784327745437622,
		-0.05649435147643089,
		0.8626104593276978
	],
	"24. nose": [
		0.4739716947078705,
		0.31125977635383606,
		-0.17191320657730103,
		0.9999856352806091
	],
	"25. left_eye": [
		0.48421064019203186,
		0.2990224063396454,
		-0.12246176600456238,
		0.9999849796295166
	],
	"26. right_eye": [
		0.46093741059303284,
		0.2984708249568939,
		-0.15266451239585876,
		0.9999799728393555
	],
	"27. left_ear": [
		0.4896169900894165,
		0.30612435936927795,
		0.1169515922665596,
		0.9999624490737915
	],
	"28. right_ear": [
		0.44703084230422974,
		0.30349937081336975,
		-0.009848428890109062,
		0.9999859929084778
	],
	"time stamp": 30.0
}