{
	"1. left_hip": [
		0.43416717648506165,
		0.6329788565635681,
		0.12069515883922577,
		0.9999535083770752
	],
	"2. left_knee": [
		0.5439537763595581,
		0.7196226119995117,
		-0.20787328481674194,
		0.987775444984436
	],
	"3. left_ankle": [
		0.5338354110717773,
		0.8920631408691406,
		-0.14591768383979797,
		0.9910615682601929
	],
	"6. right_hip": [
		0.363477885723114,
		0.6381279826164246,
		-0.12084823101758957,
		0.9998506903648376
	],
	"7. right_knee": [
		0.3958668112754822,
		0.7914392948150635,
		-0.1279202252626419,
		0.9934423565864563
	],
	"8. right_ankle": [
		0.32978302240371704,
		0.8915199041366577,
		0.2692185938358307,
		0.980247437953949
	],
	"14. left_shoulder": [
		0.4621748924255371,
		0.43956416845321655,
		0.16295886039733887,
		0.9998663663864136
	],
	"15. left_elbow": [
		0.4771750867366791,
		0.5272971987724304,
		0.04124779626727104,
		0.7517136335372925
	],
	"16. left_wrist": [
		0.5374934077262878,
		0.4708003103733063,
		-0.2984396517276764,
		0.8128335475921631
	],
	"19. right_shoulder": [
		0.35032039880752563,
		0.4396517872810364,
		-0.06623060256242752,
		0.9998937845230103
	],
	"20. right_elbow": [
		0.3345184028148651,
		0.5471497774124146,
		-0.20387810468673706,
		0.9520539045333862
	],
	"21. right_wrist": [
		0.28701645135879517,
		0.5128934383392334,
		-0.48506805300712585,
		0.8857179284095764
	],
	"24. nose": [
		0.43506625294685364,
		0.35330379009246826,
		-0.2265562266111374,
		0.9999926686286926
	],
	"25. left_eye": [
		0.44754719734191895,
		0.3457871675491333,
		-0.18594732880592346,
		0.9999908208847046
	],
	"26. right_eye": [
		0.4220496416091919,
		0.33690547943115234,
		-0.2089097946882248,
		0.9999884366989136
	],
	"27. left_ear": [
		0.45249634981155396,
		0.35369548201560974,
		0.01896807923913002,
		0.9999725222587585
	],
	"28. right_ear": [
		0.4061708152294159,
		0.34293633699417114,
		-0.08923976868391037,
		0.9999892711639404
	],
	"time stamp": 30.0
}