{
	"1. left_hip": [
		0.4691126048564911,
		0.6116808652877808,
		0.14713336527347565,
		0.9999512434005737
	],
	"2. left_knee": [
		0.555947482585907,
		0.7400815486907959,
		-0.05728626251220703,
		0.9845821261405945
	],
	"3. left_ankle": [
		0.4991719424724579,
		0.9005484580993652,
		0.08448535203933716,
		0.9858682751655579
	],
	"6. right_hip": [
		0.41216737031936646,
		0.6098294258117676,
		-0.1470600962638855,
		0.9998629093170166
	],
	"7. right_knee": [
		0.4005393981933594,
		0.7909646034240723,
		-0.2046051174402237,
		0.992207944393158
	],
	"8. right_ankle": [
		0.32991817593574524,
		0.8918172121047974,
		0.0297070499509573,
		0.9763487577438354
	],
	"14. left_shoulder": [
		0.45900774002075195,
		0.4114445149898529,
		0.24680006504058838,
		0.9997463226318359
	],
	"15. left_elbow": [
		0.45555412769317627,
		0.5203813314437866,
		0.3592935800552368,
		0.5514131188392639
	],
	"16. left_wrist": [
		0.49114444851875305,
		0.5928449630737305,
		0.23701119422912598,
		0.6316704154014587
	],
	"19. right_shoulder": [
		0.39666277170181274,
		0.3892954885959625,
		-0.233137845993042,
		0.9997894763946533
	],
	"20. right_elbow": [
		0.4357091188430786,
		0.4826027452945709,
		-0.2653437852859497,
		0.9737353324890137
	],
	"21. right_wrist": [
		0.5064300298690796,
		0.5659722685813904,
		-0.27066901326179504,
		0.944377064704895
	],
	"24. nose": [
		0.4522596001625061,
		0.34035298228263855,
		-0.254681259393692,
		0.9999902248382568
	],
	"25. left_eye": [
		0.4604112505912781,
		0.32925763726234436,
		-0.21729925274848938,
		0.9999832510948181
	],
	"26. right_eye": [
		0.4386916160583496,
		0.3247484862804413,
		-0.2548516094684601,
		0.9999837875366211
	],
	"27. left_ear": [
		0.46163511276245117,
		0.3360489010810852,
		-0.014369945041835308,
		0.9999470710754395
	],
	"28. right_ear": [
		0.4198898375034332,
		0.3267709016799927,
		-0.15727218985557556,
		0.9999783039093018
	],
	"time stamp": 30.0
}