{
	"1. left_hip": [
		0.535499632358551,
		0.5615412592887878,
		0.1832950860261917,
		0.9999626874923706
	],
	"2. left_knee": [
		0.5285679697990417,
		0.7428092360496521,
		0.1239066943526268,
		0.8971741199493408
	],
	"3. left_ankle": [
		0.4985745847225189,
		0.9052531123161316,
		0.14046525955200195,
		0.9721762537956238
	],
	"6. right_hip": [
		0.5077131986618042,
		0.5566403269767761,
		-0.18362531065940857,
		0.9998871088027954
	],
	"7. right_knee": [
		0.6311027407646179,
		0.6725085973739624,
		-0.2689627408981323,
		0.994937002658844
	],
	"8. right_ankle": [
		0.5082271695137024,
		0.7836815714836121,
		-0.048902612179517746,
		0.9677138328552246
	],
	"14. left_shoulder": [
		0.5456042885780334,
		0.3487376868724823,
		0.29325994849205017,
		0.9998465776443481
	],
	"15. left_elbow": [
		0.6162827610969543,
		0.32161960005760193,
		0.3797111511230469,
		0.5813456177711487
	],
	"16. left_wrist": [
		0.5845131278038025,
		0.24332818388938904,
		0.38472530245780945,
		0.8413070440292358
	],
	"19. right_shoulder": [
		0.4702964723110199,
		0.3497593402862549,
		-0.20049139857292175,
		0.9999618530273438
	],
	"20. right_elbow": [
		0.4781254529953003,
		0.4497956931591034,
		-0.28878867626190186,
		0.9770240783691406
	],
	"21. right_wrist": [
		0.5437029004096985,
		0.5087942481040955,
		-0.2634134590625763,
		0.9413371086120605
	],
	"24. nose": [
		0.5357217788696289,
		0.27762371301651,
		-0.248590886592865,
		0.9999984502792358
	],
	"25. left_eye": [
		0.5431294441223145,
		0.26688146591186523,
		-0.2031288743019104,
		0.9999960064888
	],
	"26. right_eye": [
		0.5215288996696472,
		0.2627023160457611,
		-0.23986193537712097,
		0.9999973773956299
	],
	"27. left_ear": [
		0.5437953472137451,
		0.2725386321544647,
		0.025427229702472687,
		0.9999856948852539
	],
	"28. right_ear": [
		0.5024310350418091,
		0.26879632472991943,
		-0.13268916308879852,
		0.9999967813491821
	],
	"time stamp": 30.0
}