{
	"1. left_hip": [
		0.560340940952301,
		0.5646699666976929,
		0.1403849720954895,
		0.999681830406189
	],
	"2. left_knee": [
		0.5744808912277222,
		0.7342482805252075,
		0.04271594062447548,
		0.6196508407592773
	],
	"3. left_ankle": [
		0.5161389708518982,
		0.8898000717163086,
		0.07973612844944,
		0.7939664125442505
	],
	"6. right_hip": [
		0.5175157189369202,
		0.5636911392211914,
		-0.1406707763671875,
		0.9996030330657959
	],
	"7. right_knee": [
		0.5722536444664001,
		0.7315129637718201,
		-0.24085009098052979,
		0.9661135077476501
	],
	"8. right_ankle": [
		0.5169731378555298,
		0.9019835591316223,
		-0.22153422236442566,
		0.9570342898368835
	],
	"14. left_shoulder": [
		0.586161732673645,
		0.3577316701412201,
		0.22682130336761475,
		0.9998055696487427
	],
	"15. left_elbow": [
		0.6476827263832092,
		0.3202303349971771,
		0.2692664563655853,
		0.7501457929611206
	],
	"16. left_wrist": [
		0.5666125416755676,
		0.274175226688385,
		0.3382352292537689,
		0.8614944815635681
	],
	"19. right_shoulder": [
		0.5035056471824646,
		0.3741837441921234,
		-0.11563678085803986,
		0.9999633431434631
	],
	"20. right_elbow": [
		0.4924007058143616,
		0.46598926186561584,
		-0.21982663869857788,
		0.9761625528335571
	],
	"21. right_wrist": [
		0.5464900732040405,
		0.510699450969696,
		-0.26913338899612427,
		0.9429047107696533
	],
	"24. nose": [
		0.5464540123939514,
		0.27889859676361084,
		-0.18039719760417938,
		0.9999964833259583
	],
	"25. left_eye": [
		0.5446144342422485,
		0.266257643699646,
		-0.13952794671058655,
		0.9999840259552002
	],
	"26. right_eye": [
		0.5257832407951355,
		0.2744760811328888,
		-0.16148962080478668,
		0.9999955296516418
	],
	"27. left_ear": [
		0.5472284555435181,
		0.2728766202926636,
		0.051012929528951645,
		0.9999717473983765
	],
	"28. right_ear": [
		0.5080804824829102,
		0.2912547290325165,
		-0.04471679404377937,
		0.9999964237213135
	],
	"time stamp": 30.0
}