{
	"1. left_hip": [
		0.5937964916229248,
		0.5687605738639832,
		0.06905245780944824,
		0.999416708946228
	],
	"2. left_knee": [
		0.5969436168670654,
		0.7434508204460144,
		0.03900403901934624,
		0.8517599105834961
	],
	"3. left_ankle": [
		0.5630257725715637,
		0.8911315202713013,
		0.17437297105789185,
		0.9040995836257935
	],
	"6. right_hip": [
		0.5205205678939819,
		0.5642468333244324,
		-0.06925974786281586,
		0.999420166015625
	],
	"7. right_knee": [
		0.5566613674163818,
		0.722054123878479,
		-0.10269918292760849,
		0.9783745408058167
	],
	"8. right_ankle": [
		0.5371432900428772,
		0.8836365342140198,
		0.050189949572086334,
		0.9706796407699585
	],
	"14. left_shoulder": [
		0.6240155696868896,
		0.3730228543281555,
		0.09744589030742645,
		0.9993684887886047
	],
	"15. left_elbow": [
		0.6731853485107422,
		0.40616336464881897,
		-0.13402342796325684,
		0.947069525718689
	],
	"16. left_wrist": [
		0.627894937992096,
		0.3257623612880707,
		-0.42837753891944885,
		0.9160327911376953
	],
	"19. right_shoulder": [
		0.5071122646331787,
		0.3767682909965515,
		-0.024406488984823227,
		0.9998748302459717
	],
	"20. right_elbow": [
		0.44576534628868103,
		0.45657357573509216,
		-0.04288492351770401,
		0.9911837577819824
	],
	"21. right_wrist": [
		0.48866894841194153,
		0.5037068128585815,
		-0.18845006823539734,
		0.9608635306358337
	],
	"24. nose": [
		0.5743294358253479,
		0.2830723524093628,
		-0.24030327796936035,
		0.9999663233757019
	],
	"25. left_eye": [
		0.5859439969062805,
		0.2750442326068878,
		-0.2011500895023346,
		0.99991774559021
	],
	"26. right_eye": [
		0.5623884201049805,
		0.2704097628593445,
		-0.2126680314540863,
		0.9999533891677856
	],
	"27. left_ear": [
		0.5956147313117981,
		0.2867625057697296,
		-0.008084294386208057,
		0.9997538328170776
	],
	"28. right_ear": [
		0.5477970838546753,
		0.2770603895187378,
		-0.06260549277067184,
		0.9999719262123108
	],
	"time stamp": 30.0
}