{
	"1. left_hip": [
		0.5937073230743408,
		0.5586951971054077,
		0.06613951921463013,
		0.9995744824409485
	],
	"2. left_knee": [
		0.5873442888259888,
		0.7390325665473938,
		-0.062328364700078964,
		0.8915150165557861
	],
	"3. left_ankle": [
		0.5630856156349182,
		0.8811531662940979,
		0.16025584936141968,
		0.9305651783943176
	],
	"6. right_hip": [
		0.5223974585533142,
		0.556094765663147,
		-0.06612527370452881,
		0.9994481801986694
	],
	"7. right_knee": [
		0.5438149571418762,
		0.7216514348983765,
		-0.11671837419271469,
		0.9795501828193665
	],
	"8. right_ankle": [
		0.5137771368026733,
		0.8255686163902283,
		0.35070860385894775,
		0.9463949799537659
	],
	"14. left_shoulder": [
		0.6169140934944153,
		0.3670180141925812,
		0.04967319592833519,
		0.9996102452278137
	],
	"15. left_elbow": [
		0.6317096948623657,
		0.4593023955821991,
		0.12450826168060303,
		0.9462922811508179
	],
	"16. left_wrist": [
		0.6646073460578918,
		0.5124079585075378,
		-0.040521785616874695,
		0.945074200630188
	],
	"19. right_shoulder": [
		0.4986531138420105,
		0.3722155690193176,
		-0.08998072892427444,
		0.9998375177383423
	],
	"20. right_elbow": [
		0.476397842168808,
		0.47462934255599976,
		-0.2669083774089813,
		0.9866633415222168
	],
	"21. right_wrist": [
		0.4933117628097534,
		0.40851590037345886,
		-0.6396803259849548,
		0.9695886969566345
	],
	"24. nose": [
		0.5733635425567627,
		0.28755781054496765,
		-0.3519723117351532,
		0.9999639987945557
	],
	"25. left_eye": [
		0.5847277045249939,
		0.2779204547405243,
		-0.32055598497390747,
		0.9999163150787354
	],
	"26. right_eye": [
		0.5602402687072754,
		0.273258239030838,
		-0.3340598940849304,
		0.9999282956123352
	],
	"27. left_ear": [
		0.5925039052963257,
		0.2870289087295532,
		-0.11633463203907013,
		0.9997664093971252
	],
	"28. right_ear": [
		0.5421406626701355,
		0.27840831875801086,
		-0.18296930193901062,
		0.9999029636383057
	],
	"time stamp": 30.0
}