{
	"1. left_hip": [
		0.563465416431427,
		0.583751916885376,
		-0.001161497551947832,
		0.9998430013656616
	],
	"2. left_knee": [
		0.5764707326889038,
		0.7397651076316833,
		-0.11870735138654709,
		0.9715304374694824
	],
	"3. left_ankle": [
		0.5405747294425964,
		0.8845258951187134,
		0.0693085789680481,
		0.9600780010223389
	],
	"6. right_hip": [
		0.49198734760284424,
		0.5827053189277649,
		0.0014783109072595835,
		0.9997268319129944
	],
	"7. right_knee": [
		0.5103198289871216,
		0.7474899888038635,
		-0.07319468259811401,
		0.9728362560272217
	],
	"8. right_ankle": [
		0.5442582964897156,
		0.874132513999939,
		0.19726261496543884,
		0.9307405352592468
	],
	"14. left_shoulder": [
		0.6001409888267517,
		0.4087601900100708,
		0.1064719632267952,
		0.9999300837516785
	],
	"15. left_elbow": [
		0.601519763469696,
		0.503097414970398,
		-0.031692489981651306,
		0.9338770508766174
	],
	"16. left_wrist": [
		0.5983317494392395,
		0.5005680322647095,
		-0.37306949496269226,
		0.9178898930549622
	],
	"19. right_shoulder": [
		0.4866686165332794,
		0.4079594910144806,
		0.14312158524990082,
		0.999850332736969
	],
	"20. right_elbow": [
		0.462857723236084,
		0.4936653673648834,
		0.053560543805360794,
		0.8392461538314819
	],
	"21. right_wrist": [
		0.45791012048721313,
		0.5267977714538574,
		-0.27455711364746094,
		0.8344502449035645
	],
	"24. nose": [
		0.5518147349357605,
		0.34221351146698,
		-0.18542999029159546,
		0.9999639987945557
	],
	"25. left_eye": [
		0.5632612109184265,
		0.33193621039390564,
		-0.15313810110092163,
		0.9999411106109619
	],
	"26. right_eye": [
		0.5400665998458862,
		0.3269607424736023,
		-0.1550566405057907,
		0.9999155402183533
	],
	"27. left_ear": [
		0.5723811984062195,
		0.33867013454437256,
		0.034411314874887466,
		0.9999232292175293
	],
	"28. right_ear": [
		0.5273729562759399,
		0.33066555857658386,
		0.020139925181865692,
		0.9999115467071533
	],
	"time stamp": 30.0
}