{
	"1. left_hip": [
		0.5586476922035217,
		0.5689763426780701,
		-0.004125310108065605,
		0.9998834133148193
	],
	"2. left_knee": [
		0.5701149702072144,
		0.7230609655380249,
		-0.15517176687717438,
		0.9756490588188171
	],
	"3. left_ankle": [
		0.5459583401679993,
		0.8818464279174805,
		0.0046132393181324005,
		0.9621490240097046
	],
	"6. right_hip": [
		0.48724886775016785,
		0.5719932913780212,
		0.004421411082148552,
		0.9997281432151794
	],
	"7. right_knee": [
		0.5033606290817261,
		0.738318145275116,
		-0.03936596214771271,
		0.9586016535758972
	],
	"8. right_ankle": [
		0.5435167551040649,
		0.871097981929779,
		0.16381137073040009,
		0.9257549047470093
	],
	"14. left_shoulder": [
		0.5942577123641968,
		0.3995649516582489,
		0.06392242759466171,
		0.9999585151672363
	],
	"15. left_elbow": [
		0.597900927066803,
		0.4883553087711334,
		0.08320446312427521,
		0.9346188902854919
	],
	"16. left_wrist": [
		0.6118362545967102,
		0.5290777087211609,
		-0.08081803470849991,
		0.9393830895423889
	],
	"19. right_shoulder": [
		0.4902747571468353,
		0.4028977155685425,
		0.07308924943208694,
		0.9997383952140808
	],
	"20. right_elbow": [
		0.4803832173347473,
		0.4988495409488678,
		-0.05239426717162132,
		0.7279555201530457
	],
	"21. right_wrist": [
		0.4644140899181366,
		0.4681773781776428,
		-0.4298449754714966,
		0.8179645538330078
	],
	"24. nose": [
		0.5488541722297668,
		0.3370739817619324,
		-0.24900786578655243,
		0.9999645352363586
	],
	"25. left_eye": [
		0.562309980392456,
		0.32817476987838745,
		-0.2212752401828766,
		0.999952495098114
	],
	"26. right_eye": [
		0.5376967787742615,
		0.3223060965538025,
		-0.22182539105415344,
		0.9999082684516907
	],
	"27. left_ear": [
		0.5706902146339417,
		0.33211052417755127,
		-0.0401543565094471,
		0.9999492168426514
	],
	"28. right_ear": [
		0.5269368290901184,
		0.32438135147094727,
		-0.045824505388736725,
		0.9998831152915955
	],
	"time stamp": 30.0
}