{
	"1. left_hip": [
		0.5652577877044678,
		0.5472367405891418,
		-0.06190171092748642,
		0.9998707175254822
	],
	"2. left_knee": [
		0.5583627223968506,
		0.7109217643737793,
		-0.11953895539045334,
		0.9849053621292114
	],
	"3. left_ankle": [
		0.5882530808448792,
		0.8726467490196228,
		-0.009753012098371983,
		0.977468729019165
	],
	"6. right_hip": [
		0.4979810118675232,
		0.5512461066246033,
		0.061971597373485565,
		0.9997163414955139
	],
	"7. right_knee": [
		0.5079362392425537,
		0.7207292318344116,
		0.0184943825006485,
		0.9674944281578064
	],
	"8. right_ankle": [
		0.5432661771774292,
		0.8605499267578125,
		0.1376301795244217,
		0.9548304677009583
	],
	"14. left_shoulder": [
		0.5893762111663818,
		0.37439486384391785,
		0.0180335845798254,
		0.9999698996543884
	],
	"15. left_elbow": [
		0.6185322999954224,
		0.4625440239906311,
		0.08152935653924942,
		0.9510067701339722
	],
	"16. left_wrist": [
		0.6168286204338074,
		0.5354519486427307,
		0.038852035999298096,
		0.9444242715835571
	],
	"19. right_shoulder": [
		0.487751305103302,
		0.3760237693786621,
		0.11699822545051575,
		0.9997668266296387
	],
	"20. right_elbow": [
		0.4455931484699249,
		0.43687957525253296,
		-0.08409660309553146,
		0.8289059996604919
	],
	"21. right_wrist": [
		0.4775519371032715,
		0.3689994513988495,
		-0.44182875752449036,
		0.8956282138824463
	],
	"24. nose": [
		0.5448364615440369,
		0.3073744475841522,
		-0.21837642788887024,
		0.9999721050262451
	],
	"25. left_eye": [
		0.558491587638855,
		0.2972318232059479,
		-0.19266170263290405,
		0.9999592900276184
	],
	"26. right_eye": [
		0.5344472527503967,
		0.29284724593162537,
		-0.19042262434959412,
		0.9999327063560486
	],
	"27. left_ear": [
		0.5671612024307251,
		0.3046223223209381,
		-0.03176841512322426,
		0.9999615550041199
	],
	"28. right_ear": [
		0.5220521092414856,
		0.2982487082481384,
		-0.023606302216649055,
		0.9999095797538757
	],
	"time stamp": 30.0
}