{
	"1. left_hip": [
		0.5593579411506653,
		0.5570580959320068,
		-0.004224584903568029,
		0.9998735785484314
	],
	"2. left_knee": [
		0.5763616561889648,
		0.7190895080566406,
		-0.12211976945400238,
		0.9922512769699097
	],
	"3. left_ankle": [
		0.5665916204452515,
		0.879267692565918,
		-0.0070926714688539505,
		0.9880183339118958
	],
	"6. right_hip": [
		0.4889587461948395,
		0.5606781840324402,
		0.003926258999854326,
		0.9997469782829285
	],
	"7. right_knee": [
		0.5059748888015747,
		0.7285647988319397,
		0.014524469152092934,
		0.9753332138061523
	],
	"8. right_ankle": [
		0.5364066362380981,
		0.8557845950126648,
		0.22091147303581238,
		0.9666081070899963
	],
	"14. left_shoulder": [
		0.5784730911254883,
		0.36720678210258484,
		0.05974162369966507,
		0.9997380375862122
	],
	"15. left_elbow": [
		0.5779517889022827,
		0.26164859533309937,
		-0.02447386272251606,
		0.8857219815254211
	],
	"16. left_wrist": [
		0.5761187076568604,
		0.18118225038051605,
		-0.049361616373062134,
		0.8715054392814636
	],
	"19. right_shoulder": [
		0.4729647636413574,
		0.3891119956970215,
		0.02980814501643181,
		0.9996874332427979
	],
	"20. right_elbow": [
		0.4327561557292938,
		0.4557546377182007,
		-0.240488663315773,
		0.8646694421768188
	],
	"21. right_wrist": [
		0.43257051706314087,
		0.43480047583580017,
		-0.6406253576278687,
		0.8697689175605774
	],
	"24. nose": [
		0.5226296186447144,
		0.3014203608036041,
		-0.17315615713596344,
		0.9999260902404785
	],
	"25. left_eye": [
		0.5381447672843933,
		0.29373517632484436,
		-0.13925862312316895,
		0.9998450875282288
	],
	"26. right_eye": [
		0.5163333415985107,
		0.29365336894989014,
		-0.14067590236663818,
		0.9998431205749512
	],
	"27. left_ear": [
		0.5477094054222107,
		0.3041151165962219,
		0.023047642782330513,
		0.9997908473014832
	],
	"28. right_ear": [
		0.5098642110824585,
		0.3016192317008972,
		0.010900110937654972,
		0.9998276829719543
	],
	"time stamp": 30.0
}