{
	"1. left_hip": [
		0.5585814714431763,
		0.564122200012207,
		-0.007282727863639593,
		0.9998853802680969
	],
	"2. left_knee": [
		0.5717448592185974,
		0.7266709804534912,
		-0.07357288151979446,
		0.9932252168655396
	],
	"3. left_ankle": [
		0.5680007338523865,
		0.8814671635627747,
		0.08910802006721497,
		0.988654375076294
	],
	"6. right_hip": [
		0.4876668155193329,
		0.5671175718307495,
		0.007154963910579681,
		0.999776303768158
	],
	"7. right_knee": [
		0.501868486404419,
		0.7351192831993103,
		0.03307734802365303,
		0.9766082763671875
	],
	"8. right_ankle": [
		0.5361950397491455,
		0.8556807041168213,
		0.23985259234905243,
		0.9707335233688354
	],
	"14. left_shoulder": [
		0.5823633670806885,
		0.37445157766342163,
		-0.0023112620692700148,
		0.9995977878570557
	],
	"15. left_elbow": [
		0.5910764932632446,
		0.2875412702560425,
		-0.17469796538352966,
		0.9098727107048035
	],
	"16. left_wrist": [
		0.5803347826004028,
		0.21061158180236816,
		-0.3112425208091736,
		0.9003363251686096
	],
	"19. right_shoulder": [
		0.4730059802532196,
		0.39163851737976074,
		-0.02957598678767681,
		0.999690592288971
	],
	"20. right_elbow": [
		0.41134193539619446,
		0.44089430570602417,
		-0.3853963613510132,
		0.8956578373908997
	],
	"21. right_wrist": [
		0.43245819211006165,
		0.4290073812007904,
		-0.7871115803718567,
		0.9028895497322083
	],
	"24. nose": [
		0.5349352955818176,
		0.3098721504211426,
		-0.2488795965909958,
		0.9999263882637024
	],
	"25. left_eye": [
		0.5465210676193237,
		0.30042529106140137,
		-0.21205687522888184,
		0.9998359680175781
	],
	"26. right_eye": [
		0.5231203436851501,
		0.2980903387069702,
		-0.21699081361293793,
		0.9998772144317627
	],
	"27. left_ear": [
		0.5533150434494019,
		0.3115696310997009,
		-0.030633805319666862,
		0.9998026490211487
	],
	"28. right_ear": [
		0.5097118616104126,
		0.3063178062438965,
		-0.05532785505056381,
		0.9998737573623657
	],
	"time stamp": 30.0
}