{
	"1. left_hip": [
		0.5573782324790955,
		0.5680631995201111,
		-0.015837809070944786,
		0.9997676610946655
	],
	"2. left_knee": [
		0.564682126045227,
		0.7265228033065796,
		-0.022852322086691856,
		0.9932496547698975
	],
	"3. left_ankle": [
		0.5693239569664001,
		0.872489333152771,
		0.13321669399738312,
		0.9891443848609924
	],
	"6. right_hip": [
		0.4859495759010315,
		0.570859968662262,
		0.015564052388072014,
		0.9995678663253784
	],
	"7. right_knee": [
		0.5015566945075989,
		0.7357964515686035,
		0.04415375739336014,
		0.9776187539100647
	],
	"8. right_ankle": [
		0.5364681482315063,
		0.8567057847976685,
		0.2191435694694519,
		0.9732787013053894
	],
	"14. left_shoulder": [
		0.5850476622581482,
		0.38226425647735596,
		-0.18150143325328827,
		0.9995089173316956
	],
	"15. left_elbow": [
		0.6430189609527588,
		0.3112386465072632,
		-0.4185565412044525,
		0.9250166416168213
	],
	"16. left_wrist": [
		0.5785611271858215,
		0.27067723870277405,
		-0.5878414511680603,
		0.9113211035728455
	],
	"19. right_shoulder": [
		0.4728356599807739,
		0.39198586344718933,
		-0.15232831239700317,
		0.9995719790458679
	],
	"20. right_elbow": [
		0.3857032358646393,
		0.43206262588500977,
		-0.40332403779029846,
		0.9127328991889954
	],
	"21. right_wrist": [
		0.43346938490867615,
		0.40539994835853577,
		-0.6792371273040771,
		0.9152663350105286
	],
	"24. nose": [
		0.5362735986709595,
		0.31785255670547485,
		-0.4347214698791504,
		0.9999057650566101
	],
	"25. left_eye": [
		0.5472129583358765,
		0.307539701461792,
		-0.40322548151016235,
		0.9997971057891846
	],
	"26. right_eye": [
		0.5225437879562378,
		0.3044123947620392,
		-0.40915361046791077,
		0.9998536705970764
	],
	"27. left_ear": [
		0.5554746389389038,
		0.3200513422489166,
		-0.22923007607460022,
		0.9997713565826416
	],
	"28. right_ear": [
		0.508776843547821,
		0.313189834356308,
		-0.2558024525642395,
		0.9998580813407898
	],
	"time stamp": 30.0
}