{
	"1. left_hip": [
		0.5658667683601379,
		0.5718063712120056,
		-0.03714781999588013,
		0.9996318817138672
	],
	"2. left_knee": [
		0.5529353022575378,
		0.7399231195449829,
		-0.016431793570518494,
		0.9937585592269897
	],
	"3. left_ankle": [
		0.5686730146408081,
		0.8543806076049805,
		0.21999259293079376,
		0.9890667200088501
	],
	"6. right_hip": [
		0.4934963583946228,
		0.5743421912193298,
		0.03695988282561302,
		0.9995173215866089
	],
	"7. right_knee": [
		0.5065891146659851,
		0.7414582371711731,
		0.062625952064991,
		0.9671690464019775
	],
	"8. right_ankle": [
		0.5380253791809082,
		0.8574929237365723,
		0.3062448799610138,
		0.969017744064331
	],
	"14. left_shoulder": [
		0.5948786735534668,
		0.39648258686065674,
		-0.16478703916072845,
		0.9998425841331482
	],
	"15. left_elbow": [
		0.6574376225471497,
		0.45705896615982056,
		-0.373264342546463,
		0.9797800183296204
	],
	"16. left_wrist": [
		0.6405920386314392,
		0.3924616873264313,
		-0.6862364411354065,
		0.9708133339881897
	],
	"19. right_shoulder": [
		0.46886059641838074,
		0.3901512026786804,
		-0.15990497171878815,
		0.9997994899749756
	],
	"20. right_elbow": [
		0.3686418831348419,
		0.4074194133281708,
		-0.36017748713493347,
		0.9764571785926819
	],
	"21. right_wrist": [
		0.4424622058868408,
		0.40451502799987793,
		-0.64661705493927,
		0.9723316431045532
	],
	"24. nose": [
		0.5354909896850586,
		0.3253181576728821,
		-0.48476630449295044,
		0.9999682903289795
	],
	"25. left_eye": [
		0.5468579530715942,
		0.3146730959415436,
		-0.45548853278160095,
		0.9999334216117859
	],
	"26. right_eye": [
		0.5228642225265503,
		0.3108771741390228,
		-0.46028557419776917,
		0.99994957447052
	],
	"27. left_ear": [
		0.5573879480361938,
		0.3221077024936676,
		-0.2708738446235657,
		0.999930739402771
	],
	"28. right_ear": [
		0.5091679692268372,
		0.3161032199859619,
		-0.2948967516422272,
		0.9999536275863647
	],
	"time stamp": 30.0
}