{
	"1. left_hip": [
		0.5774089097976685,
		0.5660857558250427,
		-0.023643987253308296,
		0.999591052532196
	],
	"2. left_knee": [
		0.5662258863449097,
		0.7309291362762451,
		-0.04093175381422043,
		0.9943033456802368
	],
	"3. left_ankle": [
		0.568305492401123,
		0.85707688331604,
		0.1396254599094391,
		0.9898974895477295
	],
	"6. right_hip": [
		0.5072155594825745,
		0.5757042169570923,
		0.023745255544781685,
		0.9995260834693909
	],
	"7. right_knee": [
		0.5111525058746338,
		0.7417466044425964,
		0.026431122794747353,
		0.9671496748924255
	],
	"8. right_ankle": [
		0.5381803512573242,
		0.8590844869613647,
		0.1948661208152771,
		0.9709151387214661
	],
	"14. left_shoulder": [
		0.5808157324790955,
		0.4003562033176422,
		-0.051872074604034424,
		0.9998804926872253
	],
	"15. left_elbow": [
		0.6213134527206421,
		0.49040892720222473,
		-0.1501062959432602,
		0.9831262230873108
	],
	"16. left_wrist": [
		0.664358377456665,
		0.424559623003006,
		-0.4232946038246155,
		0.9778382182121277
	],
	"19. right_shoulder": [
		0.46372586488723755,
		0.384920209646225,
		-0.09879770129919052,
		0.999848484992981
	],
	"20. right_elbow": [
		0.3613561987876892,
		0.3966563642024994,
		-0.306551069021225,
		0.9824985265731812
	],
	"21. right_wrist": [
		0.4325941801071167,
		0.3952479958534241,
		-0.593075156211853,
		0.9786403179168701
	],
	"24. nose": [
		0.5476933121681213,
		0.32316476106643677,
		-0.402272492647171,
		0.9999762177467346
	],
	"25. left_eye": [
		0.5565633177757263,
		0.31363213062286377,
		-0.36780551075935364,
		0.999950110912323
	],
	"26. right_eye": [
		0.5356014370918274,
		0.3080308735370636,
		-0.3809662163257599,
		0.9999619722366333
	],
	"27. left_ear": [
		0.5588364005088806,
		0.320528507232666,
		-0.16521307826042175,
		0.9999480843544006
	],
	"28. right_ear": [
		0.5142633318901062,
		0.31057220697402954,
		-0.2331874668598175,
		0.9999656677246094
	],
	"time stamp": 30.0
}