{
	"1. left_hip": [
		0.5605148077011108,
		0.5698658227920532,
		-0.051241032779216766,
		0.9996463060379028
	],
	"2. left_knee": [
		0.5360890626907349,
		0.7241748571395874,
		-0.11497243493795395,
		0.9939219951629639
	],
	"3. left_ankle": [
		0.5543485879898071,
		0.8531419634819031,
		0.13169734179973602,
		0.9900612235069275
	],
	"6. right_hip": [
		0.49175581336021423,
		0.5712354183197021,
		0.05103643611073494,
		0.9996287226676941
	],
	"7. right_knee": [
		0.4949474036693573,
		0.7390862107276917,
		0.034581758081912994,
		0.9588044285774231
	],
	"8. right_ankle": [
		0.5367040634155273,
		0.8629662990570068,
		0.25601911544799805,
		0.9705487489700317
	],
	"14. left_shoulder": [
		0.58917236328125,
		0.3910614550113678,
		-0.2012232393026352,
		0.9999234080314636
	],
	"15. left_elbow": [
		0.6886847019195557,
		0.3931230306625366,
		-0.43904924392700195,
		0.993770956993103
	],
	"16. left_wrist": [
		0.6461663842201233,
		0.4008394479751587,
		-0.7251033186912537,
		0.9837083220481873
	],
	"19. right_shoulder": [
		0.46900931000709534,
		0.3863098919391632,
		-0.13722921907901764,
		0.9999054074287415
	],
	"20. right_elbow": [
		0.3741432726383209,
		0.3913221061229706,
		-0.37031999230384827,
		0.9933766722679138
	],
	"21. right_wrist": [
		0.43268272280693054,
		0.41610386967658997,
		-0.688911497592926,
		0.98507159948349
	],
	"24. nose": [
		0.5469134449958801,
		0.3147556483745575,
		-0.4523797631263733,
		0.9999831318855286
	],
	"25. left_eye": [
		0.557544469833374,
		0.3076261878013611,
		-0.42261677980422974,
		0.9999673962593079
	],
	"26. right_eye": [
		0.5351130962371826,
		0.30125701427459717,
		-0.424898624420166,
		0.9999765157699585
	],
	"27. left_ear": [
		0.5642468333244324,
		0.31754109263420105,
		-0.24565662443637848,
		0.9999744296073914
	],
	"28. right_ear": [
		0.5171411633491516,
		0.30692917108535767,
		-0.2570202946662903,
		0.9999828934669495
	],
	"time stamp": 30.0
}