{
	"1. left_hip": [
		0.574524998664856,
		0.5468222498893738,
		-0.0068020932376384735,
		0.9997625350952148
	],
	"2. left_knee": [
		0.5669484734535217,
		0.7308727502822876,
		-0.1029869094491005,
		0.9937618374824524
	],
	"3. left_ankle": [
		0.5605826377868652,
		0.887603759765625,
		0.03374321013689041,
		0.9902063608169556
	],
	"6. right_hip": [
		0.5022048950195312,
		0.5480984449386597,
		0.0069548506289720535,
		0.9996002316474915
	],
	"7. right_knee": [
		0.5072284936904907,
		0.7232979536056519,
		-0.02213471010327339,
		0.9753659963607788
	],
	"8. right_ankle": [
		0.5332818627357483,
		0.8525292277336121,
		0.25057366490364075,
		0.9707841873168945
	],
	"14. left_shoulder": [
		0.5914229154586792,
		0.36016154289245605,
		0.10083555430173874,
		0.9994779825210571
	],
	"15. left_elbow": [
		0.5754122138023376,
		0.4037838280200958,
		-0.1663554459810257,
		0.7808183431625366
	],
	"16. left_wrist": [
		0.535832405090332,
		0.3160095810890198,
		-0.44088315963745117,
		0.7348591685295105
	],
	"19. right_shoulder": [
		0.48371878266334534,
		0.35801878571510315,
		0.07267888635396957,
		0.9989686012268066
	],
	"20. right_elbow": [
		0.49626851081848145,
		0.40195155143737793,
		-0.19335147738456726,
		0.9139326214790344
	],
	"21. right_wrist": [
		0.544146716594696,
		0.3163543939590454,
		-0.44525888562202454,
		0.8900922536849976
	],
	"24. nose": [
		0.5499212145805359,
		0.2808918356895447,
		-0.11716784536838531,
		0.9996938109397888
	],
	"25. left_eye": [
		0.5631897449493408,
		0.273287832736969,
		-0.08182454854249954,
		0.9996082186698914
	],
	"26. right_eye": [
		0.5400490760803223,
		0.2711196541786194,
		-0.08808573335409164,
		0.9995681047439575
	],
	"27. left_ear": [
		0.5700455904006958,
		0.28256523609161377,
		0.08917008340358734,
		0.9996371269226074
	],
	"28. right_ear": [
		0.5279476046562195,
		0.27971911430358887,
		0.06270354241132736,
		0.9996950030326843
	],
	"time stamp": 30.0
}