{
	"1. left_hip": [
		0.5841538310050964,
		0.5518060922622681,
		-0.020208805799484253,
		0.999750018119812
	],
	"2. left_knee": [
		0.571567714214325,
		0.7363085150718689,
		-0.09079408645629883,
		0.9931076765060425
	],
	"3. left_ankle": [
		0.5638915300369263,
		0.8893144130706787,
		0.06319155544042587,
		0.9888002276420593
	],
	"6. right_hip": [
		0.5058125853538513,
		0.5543025135993958,
		0.020068207755684853,
		0.9995338320732117
	],
	"7. right_knee": [
		0.5136911869049072,
		0.7327622175216675,
		-0.02411106415092945,
		0.978244960308075
	],
	"8. right_ankle": [
		0.5315507054328918,
		0.8695994019508362,
		0.15787260234355927,
		0.9682872295379639
	],
	"14. left_shoulder": [
		0.6044860482215881,
		0.3559245765209198,
		0.06798329204320908,
		0.9991286396980286
	],
	"15. left_elbow": [
		0.5815993547439575,
		0.3904117941856384,
		-0.28589439392089844,
		0.7919318079948425
	],
	"16. left_wrist": [
		0.5800051689147949,
		0.30511474609375,
		-0.5973010659217834,
		0.7521608471870422
	],
	"19. right_shoulder": [
		0.4868455231189728,
		0.3558976948261261,
		0.08205140382051468,
		0.9982001185417175
	],
	"20. right_elbow": [
		0.4998229444026947,
		0.38331085443496704,
		-0.24252064526081085,
		0.9039468765258789
	],
	"21. right_wrist": [
		0.5191940665245056,
		0.29826095700263977,
		-0.5493444204330444,
		0.8987823128700256
	],
	"24. nose": [
		0.5426309108734131,
		0.29411786794662476,
		-0.09346193820238113,
		0.999453067779541
	],
	"25. left_eye": [
		0.559293806552887,
		0.28320276737213135,
		-0.06763233244419098,
		0.9993162751197815
	],
	"26. right_eye": [
		0.5351704359054565,
		0.2786785960197449,
		-0.06642498075962067,
		0.9991165399551392
	],
	"27. left_ear": [
		0.5738241672515869,
		0.29155391454696655,
		0.08256406337022781,
		0.9993999004364014
	],
	"28. right_ear": [
		0.5281785726547241,
		0.282847136259079,
		0.09036427736282349,
		0.9992278814315796
	],
	"time stamp": 30.0
}