{
	"1. left_hip": [
		0.5800781846046448,
		0.5619873404502869,
		-0.018576964735984802,
		0.9997261166572571
	],
	"2. left_knee": [
		0.5715412497520447,
		0.7571976780891418,
		-0.10460218787193298,
		0.9858084917068481
	],
	"3. left_ankle": [
		0.5623306632041931,
		0.9218288660049438,
		0.033734556287527084,
		0.9794394373893738
	],
	"6. right_hip": [
		0.5018693804740906,
		0.562609076499939,
		0.01862478069961071,
		0.9994158744812012
	],
	"7. right_knee": [
		0.5133352279663086,
		0.7467733025550842,
		0.00546392984688282,
		0.9686726331710815
	],
	"8. right_ankle": [
		0.524304986000061,
		0.8872702121734619,
		0.19526407122612,
		0.9503931403160095
	],
	"14. left_shoulder": [
		0.6071861386299133,
		0.3540078401565552,
		0.11995923519134521,
		0.9998395442962646
	],
	"15. left_elbow": [
		0.6061205863952637,
		0.3960224688053131,
		-0.29150789976119995,
		0.9139780402183533
	],
	"16. left_wrist": [
		0.5882400274276733,
		0.3152022659778595,
		-0.6175419092178345,
		0.9377238154411316
	],
	"19. right_shoulder": [
		0.48526009917259216,
		0.3468380570411682,
		0.09783082455396652,
		0.9992744326591492
	],
	"20. right_elbow": [
		0.4822402596473694,
		0.37756797671318054,
		-0.23726363480091095,
		0.8846295475959778
	],
	"21. right_wrist": [
		0.5115607380867004,
		0.33169516921043396,
		-0.5979044437408447,
		0.9053021669387817
	],
	"24. nose": [
		0.5503023266792297,
		0.28430598974227905,
		-0.12008684128522873,
		0.9999346137046814
	],
	"25. left_eye": [
		0.5646937489509583,
		0.27292948961257935,
		-0.08962854743003845,
		0.9999141097068787
	],
	"26. right_eye": [
		0.5391716957092285,
		0.26891839504241943,
		-0.09268351644277573,
		0.9998612403869629
	],
	"27. left_ear": [
		0.5760248303413391,
		0.28213316202163696,
		0.09597288072109222,
		0.9999064803123474
	],
	"28. right_ear": [
		0.5240076780319214,
		0.27497243881225586,
		0.08037213981151581,
		0.9998569488525391
	],
	"time stamp": 30.0
}