{
	"1. left_hip": [
		0.5778595209121704,
		0.5999512076377869,
		-0.0050162519328296185,
		0.9992245435714722
	],
	"2. left_knee": [
		0.5732548832893372,
		0.7923513054847717,
		-0.07170164585113525,
		0.9807538986206055
	],
	"3. left_ankle": [
		0.5607188940048218,
		0.939556896686554,
		0.1995849609375,
		0.9696169495582581
	],
	"6. right_hip": [
		0.49812570214271545,
		0.6001915335655212,
		0.0049499827437102795,
		0.9985060691833496
	],
	"7. right_knee": [
		0.5139478445053101,
		0.786402702331543,
		-0.041030678898096085,
		0.9714176654815674
	],
	"8. right_ankle": [
		0.5190868377685547,
		0.9370488524436951,
		0.1931586116552353,
		0.9492666721343994
	],
	"14. left_shoulder": [
		0.6152929663658142,
		0.3732582628726959,
		0.0013924617087468505,
		0.9991390109062195
	],
	"15. left_elbow": [
		0.669762134552002,
		0.37662795186042786,
		-0.3704630434513092,
		0.9421068429946899
	],
	"16. left_wrist": [
		0.5684335827827454,
		0.3955601155757904,
		-0.6808528900146484,
		0.9133316278457642
	],
	"19. right_shoulder": [
		0.4792410135269165,
		0.3778820037841797,
		0.016271691769361496,
		0.997745931148529
	],
	"20. right_elbow": [
		0.4215938150882721,
		0.4018602669239044,
		-0.3732006847858429,
		0.9251939058303833
	],
	"21. right_wrist": [
		0.5170426368713379,
		0.39137357473373413,
		-0.6739147901535034,
		0.8747071623802185
	],
	"24. nose": [
		0.5457743406295776,
		0.2809711694717407,
		-0.189059317111969,
		0.9988459944725037
	],
	"25. left_eye": [
		0.5632604360580444,
		0.2744424641132355,
		-0.14851033687591553,
		0.9979835748672485
	],
	"26. right_eye": [
		0.5332669019699097,
		0.2732527256011963,
		-0.15053324401378632,
		0.9978480935096741
	],
	"27. left_ear": [
		0.5763654708862305,
		0.28621214628219604,
		0.03501153364777565,
		0.9983019232749939
	],
	"28. right_ear": [
		0.5207235217094421,
		0.28531932830810547,
		0.025796815752983093,
		0.9976320862770081
	],
	"time stamp": 30.0
}