{
	"1. left_hip": [
		0.5684677958488464,
		0.6001856923103333,
		0.003310590283945203,
		0.9991061687469482
	],
	"2. left_knee": [
		0.5623877048492432,
		0.7944167256355286,
		-0.06446529924869537,
		0.978161633014679
	],
	"3. left_ankle": [
		0.5587402582168579,
		0.9355134963989258,
		0.24599219858646393,
		0.9617913961410522
	],
	"6. right_hip": [
		0.4919555187225342,
		0.5998499393463135,
		-0.003349615028128028,
		0.9983342289924622
	],
	"7. right_knee": [
		0.5062175989151001,
		0.7891103029251099,
		-0.04255205765366554,
		0.9714416861534119
	],
	"8. right_ankle": [
		0.5172691941261292,
		0.9352912306785583,
		0.22168239951133728,
		0.9461531043052673
	],
	"14. left_shoulder": [
		0.6041845679283142,
		0.3850141167640686,
		0.06624799966812134,
		0.9987602233886719
	],
	"15. left_elbow": [
		0.6243408918380737,
		0.4230178892612457,
		-0.2851286232471466,
		0.940838098526001
	],
	"16. left_wrist": [
		0.5519636869430542,
		0.3989661633968353,
		-0.6172927618026733,
		0.8885220885276794
	],
	"19. right_shoulder": [
		0.47100093960762024,
		0.3823125660419464,
		0.03435320779681206,
		0.9976911544799805
	],
	"20. right_elbow": [
		0.42012134194374084,
		0.41701599955558777,
		-0.3052061200141907,
		0.946344792842865
	],
	"21. right_wrist": [
		0.5091477632522583,
		0.40099093317985535,
		-0.5799809098243713,
		0.8815721273422241
	],
	"24. nose": [
		0.5457656383514404,
		0.29706940054893494,
		-0.16583490371704102,
		0.9983603954315186
	],
	"25. left_eye": [
		0.5628003478050232,
		0.2881963551044464,
		-0.12653982639312744,
		0.9972022175788879
	],
	"26. right_eye": [
		0.5333138108253479,
		0.28477180004119873,
		-0.13335004448890686,
		0.9971901178359985
	],
	"27. left_ear": [
		0.5749993920326233,
		0.2999219596385956,
		0.06427138298749924,
		0.9975407123565674
	],
	"28. right_ear": [
		0.518979012966156,
		0.2945144772529602,
		0.03284928947687149,
		0.9972251653671265
	],
	"time stamp": 30.0
}