{
	"1. left_hip": [
		0.5629234313964844,
		0.5993271470069885,
		-0.02493499591946602,
		0.9990997314453125
	],
	"2. left_knee": [
		0.5472449064254761,
		0.7840284705162048,
		-0.08390367031097412,
		0.9785446524620056
	],
	"3. left_ankle": [
		0.5609198808670044,
		0.9314218163490295,
		0.17822377383708954,
		0.9630944728851318
	],
	"6. right_hip": [
		0.48550957441329956,
		0.5987972617149353,
		0.024936191737651825,
		0.9982743859291077
	],
	"7. right_knee": [
		0.5011337995529175,
		0.787493884563446,
		-0.017150845378637314,
		0.970820963382721
	],
	"8. right_ankle": [
		0.5172141790390015,
		0.9337901473045349,
		0.22658008337020874,
		0.9469297528266907
	],
	"14. left_shoulder": [
		0.6097245216369629,
		0.3864234387874603,
		0.07867468893527985,
		0.9986827969551086
	],
	"15. left_elbow": [
		0.6268921494483948,
		0.43421506881713867,
		-0.19844377040863037,
		0.9448400139808655
	],
	"16. left_wrist": [
		0.5564698576927185,
		0.3881685435771942,
		-0.4589041471481323,
		0.8914139866828918
	],
	"19. right_shoulder": [
		0.47184714674949646,
		0.3876022696495056,
		0.13360700011253357,
		0.9975939393043518
	],
	"20. right_elbow": [
		0.4220120310783386,
		0.44989827275276184,
		-0.1252557337284088,
		0.9504367113113403
	],
	"21. right_wrist": [
		0.5052257776260376,
		0.4097210764884949,
		-0.4103741943836212,
		0.890626072883606
	],
	"24. nose": [
		0.5484107136726379,
		0.3011254072189331,
		-0.1329520046710968,
		0.9980432391166687
	],
	"25. left_eye": [
		0.562792181968689,
		0.2906498312950134,
		-0.09867443144321442,
		0.996667206287384
	],
	"26. right_eye": [
		0.5360413193702698,
		0.28789350390434265,
		-0.09544975310564041,
		0.996627151966095
	],
	"27. left_ear": [
		0.5747013688087463,
		0.30099308490753174,
		0.07299058884382248,
		0.996910035610199
	],
	"28. right_ear": [
		0.519827127456665,
		0.2963820695877075,
		0.088406041264534,
		0.996658444404602
	],
	"time stamp": 30.0
}