{
	"1. left_hip": [
		0.5739063024520874,
		0.6051796078681946,
		-0.022513987496495247,
		0.9991399645805359
	],
	"2. left_knee": [
		0.5529663562774658,
		0.8013398051261902,
		-0.04827607423067093,
		0.98462975025177
	],
	"3. left_ankle": [
		0.5650262832641602,
		0.9506073594093323,
		0.21430933475494385,
		0.9709599018096924
	],
	"6. right_hip": [
		0.49829089641571045,
		0.6076326370239258,
		0.02262846939265728,
		0.9984104037284851
	],
	"7. right_knee": [
		0.49873611330986023,
		0.7992371320724487,
		-0.005684015341103077,
		0.9740576148033142
	],
	"8. right_ankle": [
		0.5205040574073792,
		0.9357348680496216,
		0.2625245749950409,
		0.950282633304596
	],
	"14. left_shoulder": [
		0.5987186431884766,
		0.3982570171356201,
		0.13123933970928192,
		0.9991341233253479
	],
	"15. left_elbow": [
		0.5916945934295654,
		0.48761415481567383,
		-0.02372618019580841,
		0.9376705884933472
	],
	"16. left_wrist": [
		0.5268862247467041,
		0.4252036511898041,
		-0.21671007573604584,
		0.8937442898750305
	],
	"19. right_shoulder": [
		0.46787410974502563,
		0.3949420154094696,
		0.17331978678703308,
		0.9985622763633728
	],
	"20. right_elbow": [
		0.4339657127857208,
		0.486971378326416,
		0.02852916158735752,
		0.9601888656616211
	],
	"21. right_wrist": [
		0.5212292671203613,
		0.4305209815502167,
		-0.16988998651504517,
		0.9236062169075012
	],
	"24. nose": [
		0.5522208213806152,
		0.3164767622947693,
		-0.09924323856830597,
		0.9987460374832153
	],
	"25. left_eye": [
		0.5648082494735718,
		0.3067379295825958,
		-0.06456605345010757,
		0.9977529048919678
	],
	"26. right_eye": [
		0.5392065644264221,
		0.3015153408050537,
		-0.06812097132205963,
		0.9977920055389404
	],
	"27. left_ear": [
		0.574065089225769,
		0.31338784098625183,
		0.10660972446203232,
		0.9977066516876221
	],
	"28. right_ear": [
		0.5222614407539368,
		0.30581551790237427,
		0.08486625552177429,
		0.9978487491607666
	],
	"time stamp": 30.0
}