{
	"1. left_hip": [
		0.5886508822441101,
		0.6068572402000427,
		-0.009009236469864845,
		0.9991070032119751
	],
	"2. left_knee": [
		0.5766848921775818,
		0.8023157119750977,
		-0.06444982439279556,
		0.9868168830871582
	],
	"3. left_ankle": [
		0.5685720443725586,
		0.9508227705955505,
		0.21176192164421082,
		0.9704058766365051
	],
	"6. right_hip": [
		0.5125887393951416,
		0.6121329069137573,
		0.009199347347021103,
		0.9984039068222046
	],
	"7. right_knee": [
		0.5116199851036072,
		0.8026978373527527,
		-0.06601965427398682,
		0.9758896231651306
	],
	"8. right_ankle": [
		0.5219237208366394,
		0.9349439740180969,
		0.24895112216472626,
		0.9423925876617432
	],
	"14. left_shoulder": [
		0.5975577235221863,
		0.3954008221626282,
		0.1073305532336235,
		0.9993054270744324
	],
	"15. left_elbow": [
		0.603646993637085,
		0.4892676770687103,
		-0.059728071093559265,
		0.9446097016334534
	],
	"16. left_wrist": [
		0.5348191857337952,
		0.4349953234195709,
		-0.28941819071769714,
		0.9144130945205688
	],
	"19. right_shoulder": [
		0.46492868661880493,
		0.3945038318634033,
		0.12621210515499115,
		0.9988793730735779
	],
	"20. right_elbow": [
		0.45329874753952026,
		0.4822089374065399,
		-0.024177324026823044,
		0.9605727791786194
	],
	"21. right_wrist": [
		0.5286566615104675,
		0.4287548065185547,
		-0.24120786786079407,
		0.9339383244514465
	],
	"24. nose": [
		0.5518896579742432,
		0.31955158710479736,
		-0.16244284808635712,
		0.9990200400352478
	],
	"25. left_eye": [
		0.5653151273727417,
		0.3100226819515228,
		-0.12836480140686035,
		0.9981375336647034
	],
	"26. right_eye": [
		0.5396148562431335,
		0.3029913306236267,
		-0.13509537279605865,
		0.9981962442398071
	],
	"27. left_ear": [
		0.5734739899635315,
		0.316752165555954,
		0.057077281177043915,
		0.9979230165481567
	],
	"28. right_ear": [
		0.5218583345413208,
		0.3062422275543213,
		0.023617425933480263,
		0.9982104301452637
	],
	"time stamp": 30.0
}