{
	"1. left_hip": [
		0.5682398676872253,
		0.6010593771934509,
		-0.06731093674898148,
		0.999019205570221
	],
	"2. left_knee": [
		0.5425048470497131,
		0.7801195979118347,
		-0.12458018213510513,
		0.9806640148162842
	],
	"3. left_ankle": [
		0.5632274150848389,
		0.9540661573410034,
		0.004535378888249397,
		0.9722799062728882
	],
	"6. right_hip": [
		0.49268701672554016,
		0.6022145748138428,
		0.06720646470785141,
		0.9984649419784546
	],
	"7. right_knee": [
		0.499198317527771,
		0.7898123264312744,
		0.03427589312195778,
		0.9032182097434998
	],
	"8. right_ankle": [
		0.5276422500610352,
		0.9448472857475281,
		0.1930677890777588,
		0.9071252942085266
	],
	"14. left_shoulder": [
		0.5991153717041016,
		0.39477458596229553,
		-0.12544545531272888,
		0.9994992017745972
	],
	"15. left_elbow": [
		0.6292061805725098,
		0.5014655590057373,
		-0.07061450183391571,
		0.9166857004165649
	],
	"16. left_wrist": [
		0.5915442705154419,
		0.5772457122802734,
		-0.14087344706058502,
		0.8345997929573059
	],
	"19. right_shoulder": [
		0.4691333770751953,
		0.3972574770450592,
		-0.01074340008199215,
		0.9992060661315918
	],
	"20. right_elbow": [
		0.3919333517551422,
		0.45207297801971436,
		-0.18229641020298004,
		0.9196177124977112
	],
	"21. right_wrist": [
		0.4730769693851471,
		0.37775400280952454,
		-0.5278999209403992,
		0.8785102963447571
	],
	"24. nose": [
		0.5354627370834351,
		0.30690401792526245,
		-0.41786739230155945,
		0.9997247457504272
	],
	"25. left_eye": [
		0.551176130771637,
		0.29658159613609314,
		-0.38716205954551697,
		0.999495267868042
	],
	"26. right_eye": [
		0.5236215591430664,
		0.29431024193763733,
		-0.39342620968818665,
		0.9993544220924377
	],
	"27. left_ear": [
		0.5636186003684998,
		0.3061322569847107,
		-0.20955578982830048,
		0.9993466138839722
	],
	"28. right_ear": [
		0.5106613039970398,
		0.30275651812553406,
		-0.21310032904148102,
		0.9992908239364624
	],
	"time stamp": 30.0
}