{
	"1. left_hip": [
		0.569058895111084,
		0.5967848896980286,
		-0.07969921082258224,
		0.9991559386253357
	],
	"2. left_knee": [
		0.5256691575050354,
		0.7743777632713318,
		-0.16993051767349243,
		0.984958291053772
	],
	"3. left_ankle": [
		0.5593814849853516,
		0.9493696689605713,
		-0.041176073253154755,
		0.9766005873680115
	],
	"6. right_hip": [
		0.48937153816223145,
		0.5968604683876038,
		0.0797867551445961,
		0.998381495475769
	],
	"7. right_knee": [
		0.5005888938903809,
		0.7834635972976685,
		0.012853387743234634,
		0.8919440507888794
	],
	"8. right_ankle": [
		0.5278112888336182,
		0.9455877542495728,
		0.12613558769226074,
		0.9023908376693726
	],
	"14. left_shoulder": [
		0.6072343587875366,
		0.3863934278488159,
		0.0697508156299591,
		0.9996803998947144
	],
	"15. left_elbow": [
		0.6172381639480591,
		0.47609126567840576,
		-0.09817660599946976,
		0.9518117904663086
	],
	"16. left_wrist": [
		0.4958682656288147,
		0.4412614703178406,
		-0.2692406475543976,
		0.8997679948806763
	],
	"19. right_shoulder": [
		0.4759843647480011,
		0.39654502272605896,
		0.27656954526901245,
		0.9987229704856873
	],
	"20. right_elbow": [
		0.4578406810760498,
		0.49319297075271606,
		0.15273120999336243,
		0.841185986995697
	],
	"21. right_wrist": [
		0.39138299226760864,
		0.4480379819869995,
		-0.22920730710029602,
		0.8944497108459473
	],
	"24. nose": [
		0.53575199842453,
		0.2993999719619751,
		-0.07435142248868942,
		0.9997842907905579
	],
	"25. left_eye": [
		0.5517504215240479,
		0.28937190771102905,
		-0.04790308326482773,
		0.9996462464332581
	],
	"26. right_eye": [
		0.52357017993927,
		0.2873321771621704,
		-0.03808363154530525,
		0.9995283484458923
	],
	"27. left_ear": [
		0.5660421252250671,
		0.2987876534461975,
		0.09570737183094025,
		0.9995980262756348
	],
	"28. right_ear": [
		0.5110839605331421,
		0.2960842251777649,
		0.13883014023303986,
		0.999340832233429
	],
	"time stamp": 30.0
}