{
	"1. left_hip": [
		0.5782378315925598,
		0.5775413513183594,
		-0.10856161266565323,
		0.9996024966239929
	],
	"2. left_knee": [
		0.561693012714386,
		0.7759367823600769,
		-0.14261272549629211,
		0.9889069199562073
	],
	"3. left_ankle": [
		0.5855423808097839,
		0.9467321038246155,
		-0.08419549465179443,
		0.9787817001342773
	],
	"6. right_hip": [
		0.5111427903175354,
		0.5875566005706787,
		0.10839097946882248,
		0.9991790056228638
	],
	"7. right_knee": [
		0.5188325643539429,
		0.777388334274292,
		0.08294791728258133,
		0.8787327408790588
	],
	"8. right_ankle": [
		0.5500748157501221,
		0.9426199793815613,
		0.13922205567359924,
		0.8959150910377502
	],
	"14. left_shoulder": [
		0.5993536114692688,
		0.3459432125091553,
		-0.0062063317745924,
		0.9996944069862366
	],
	"15. left_elbow": [
		0.6629706621170044,
		0.32998040318489075,
		-0.39295414090156555,
		0.9705811738967896
	],
	"16. left_wrist": [
		0.6738350987434387,
		0.24820785224437714,
		-0.7751207947731018,
		0.9399112462997437
	],
	"19. right_shoulder": [
		0.4899018108844757,
		0.3836416006088257,
		0.23992875218391418,
		0.9992946982383728
	],
	"20. right_elbow": [
		0.47376811504364014,
		0.49200186133384705,
		0.11983800679445267,
		0.7170804738998413
	],
	"21. right_wrist": [
		0.39451587200164795,
		0.47174641489982605,
		-0.20178428292274475,
		0.8807807564735413
	],
	"24. nose": [
		0.5420738458633423,
		0.27798333764076233,
		-0.07662487775087357,
		0.9999165534973145
	],
	"25. left_eye": [
		0.55622398853302,
		0.26528114080429077,
		-0.0512632355093956,
		0.9998698234558105
	],
	"26. right_eye": [
		0.5310653448104858,
		0.2629612684249878,
		-0.04094003513455391,
		0.9998351335525513
	],
	"27. left_ear": [
		0.5694596767425537,
		0.2755892276763916,
		0.0780012309551239,
		0.9998601078987122
	],
	"28. right_ear": [
		0.5219715237617493,
		0.27083784341812134,
		0.12450850009918213,
		0.9997793436050415
	],
	"time stamp": 30.0
}