{
	"1. left_hip": [
		0.6099840998649597,
		0.6353403925895691,
		-0.110235296189785,
		0.9997827410697937
	],
	"2. left_knee": [
		0.5280272364616394,
		0.7910124659538269,
		-0.2868295907974243,
		0.9876394271850586
	],
	"3. left_ankle": [
		0.5782584547996521,
		0.9443534016609192,
		-0.1290554255247116,
		0.9808914065361023
	],
	"6. right_hip": [
		0.5422427654266357,
		0.6470713019371033,
		0.11032377183437347,
		0.9994285106658936
	],
	"7. right_knee": [
		0.47077542543411255,
		0.7833012342453003,
		-0.021345485001802444,
		0.8484891653060913
	],
	"8. right_ankle": [
		0.5604677200317383,
		0.912350058555603,
		0.1793845295906067,
		0.8244624733924866
	],
	"14. left_shoulder": [
		0.5853912830352783,
		0.4458507001399994,
		0.03697759658098221,
		0.9998998641967773
	],
	"15. left_elbow": [
		0.6766219139099121,
		0.5145920515060425,
		-0.15200115740299225,
		0.9895665049552917
	],
	"16. left_wrist": [
		0.6051798462867737,
		0.5253980755805969,
		-0.4235721230506897,
		0.9655218124389648
	],
	"19. right_shoulder": [
		0.46373817324638367,
		0.46293899416923523,
		0.16324792802333832,
		0.9988494515419006
	],
	"20. right_elbow": [
		0.4419623911380768,
		0.5599926114082336,
		-0.009218853898346424,
		0.900254487991333
	],
	"21. right_wrist": [
		0.5187599062919617,
		0.5188764333724976,
		-0.32194218039512634,
		0.9534045457839966
	],
	"24. nose": [
		0.5159451365470886,
		0.3699842691421509,
		-0.15909746289253235,
		0.9999548196792603
	],
	"25. left_eye": [
		0.5319538712501526,
		0.36032727360725403,
		-0.12482377886772156,
		0.999908983707428
	],
	"26. right_eye": [
		0.5040280222892761,
		0.35582149028778076,
		-0.12358259409666061,
		0.9998988509178162
	],
	"27. left_ear": [
		0.544151246547699,
		0.37014561891555786,
		0.040711093693971634,
		0.9999135136604309
	],
	"28. right_ear": [
		0.4930906891822815,
		0.3646622598171234,
		0.044002849608659744,
		0.9998378753662109
	],
	"time stamp": 30.0
}