{
	"1. left_hip": [
		0.5852670669555664,
		0.5925905704498291,
		-0.0764726996421814,
		0.9993389248847961
	],
	"2. left_knee": [
		0.5503683686256409,
		0.7745903730392456,
		-0.18133649230003357,
		0.9411397576332092
	],
	"3. left_ankle": [
		0.5629681348800659,
		0.9231278300285339,
		-0.16407302021980286,
		0.9294888973236084
	],
	"6. right_hip": [
		0.5222293138504028,
		0.6030312180519104,
		0.07652045786380768,
		0.9995724558830261
	],
	"7. right_knee": [
		0.4879675507545471,
		0.7512921094894409,
		-0.10938724875450134,
		0.8342180252075195
	],
	"8. right_ankle": [
		0.5632261037826538,
		0.9129555821418762,
		-0.04321897402405739,
		0.7716396450996399
	],
	"14. left_shoulder": [
		0.58084636926651,
		0.4039965867996216,
		0.05256723240017891,
		0.9995425939559937
	],
	"15. left_elbow": [
		0.5571230053901672,
		0.4916618764400482,
		-0.06427226215600967,
		0.9434689283370972
	],
	"16. left_wrist": [
		0.5495753288269043,
		0.4126392900943756,
		-0.20880839228630066,
		0.9038636088371277
	],
	"19. right_shoulder": [
		0.4670677185058594,
		0.40095260739326477,
		0.18618908524513245,
		0.9995405077934265
	],
	"20. right_elbow": [
		0.45446136593818665,
		0.4938778281211853,
		0.09539368003606796,
		0.9527109861373901
	],
	"21. right_wrist": [
		0.5307585597038269,
		0.4788069427013397,
		-0.08044455945491791,
		0.9684092402458191
	],
	"24. nose": [
		0.5320204496383667,
		0.34692898392677307,
		-0.12238319218158722,
		0.9999682307243347
	],
	"25. left_eye": [
		0.5421543717384338,
		0.3321860730648041,
		-0.0997845008969307,
		0.9999291896820068
	],
	"26. right_eye": [
		0.5182704925537109,
		0.3300868272781372,
		-0.09520254284143448,
		0.9999440908432007
	],
	"27. left_ear": [
		0.5501488447189331,
		0.3353516161441803,
		0.044429533183574677,
		0.9998806118965149
	],
	"28. right_ear": [
		0.5041983127593994,
		0.33223575353622437,
		0.05802899971604347,
		0.9999315142631531
	],
	"time stamp": 30.0
}