{
	"1. left_hip": [
		0.5646845698356628,
		0.5611981153488159,
		-0.12107045948505402,
		0.9998058676719666
	],
	"2. left_knee": [
		0.5504730939865112,
		0.7383671402931213,
		-0.22985096275806427,
		0.979013204574585
	],
	"3. left_ankle": [
		0.5728474259376526,
		0.9135845899581909,
		-0.17226001620292664,
		0.9776683449745178
	],
	"6. right_hip": [
		0.5068309903144836,
		0.5690562129020691,
		0.12117381393909454,
		0.9996128082275391
	],
	"7. right_knee": [
		0.5162850022315979,
		0.7388845086097717,
		0.1269758939743042,
		0.7693018317222595
	],
	"8. right_ankle": [
		0.5344372391700745,
		0.8861408829689026,
		0.28095629811286926,
		0.8201239705085754
	],
	"14. left_shoulder": [
		0.5480223298072815,
		0.3462584316730499,
		-0.20819127559661865,
		0.9999187588691711
	],
	"15. left_elbow": [
		0.6141825318336487,
		0.45033302903175354,
		-0.23720882833003998,
		0.9723539352416992
	],
	"16. left_wrist": [
		0.6952575445175171,
		0.5064643025398254,
		-0.5097460150718689,
		0.9197520613670349
	],
	"19. right_shoulder": [
		0.4404917061328888,
		0.3601722717285156,
		0.053868941962718964,
		0.9996941685676575
	],
	"20. right_elbow": [
		0.4057919681072235,
		0.4673027992248535,
		0.14514413475990295,
		0.84131920337677
	],
	"21. right_wrist": [
		0.35821691155433655,
		0.5504451394081116,
		-0.031231608241796494,
		0.8470132946968079
	],
	"24. nose": [
		0.5001085996627808,
		0.26193124055862427,
		-0.3905879259109497,
		0.9999623894691467
	],
	"25. left_eye": [
		0.5152709484100342,
		0.25520169734954834,
		-0.3671048581600189,
		0.9999352097511292
	],
	"26. right_eye": [
		0.49057477712631226,
		0.2479986548423767,
		-0.3566639721393585,
		0.999928891658783
	],
	"27. left_ear": [
		0.5259107947349548,
		0.267996221780777,
		-0.21464093029499054,
		0.99991375207901
	],
	"28. right_ear": [
		0.47801879048347473,
		0.256073534488678,
		-0.17516347765922546,
		0.9998896718025208
	],
	"time stamp": 30.0
}