{
	"1. left_hip": [
		0.5641546249389648,
		0.5485104322433472,
		-0.11186155676841736,
		0.999816358089447
	],
	"2. left_knee": [
		0.5510396957397461,
		0.7260808944702148,
		-0.2250758558511734,
		0.9781894087791443
	],
	"3. left_ankle": [
		0.5691221356391907,
		0.9058964252471924,
		-0.17697027325630188,
		0.9787870049476624
	],
	"6. right_hip": [
		0.5048326849937439,
		0.5607714056968689,
		0.11207761615514755,
		0.9996023774147034
	],
	"7. right_knee": [
		0.5155050754547119,
		0.7311365008354187,
		0.035858042538166046,
		0.7559231519699097
	],
	"8. right_ankle": [
		0.5392488837242126,
		0.8884745240211487,
		0.10456908494234085,
		0.8317680954933167
	],
	"14. left_shoulder": [
		0.5472897887229919,
		0.3472743034362793,
		0.01415238156914711,
		0.9999403357505798
	],
	"15. left_elbow": [
		0.6334420442581177,
		0.40665578842163086,
		-0.013286474160850048,
		0.9794620871543884
	],
	"16. left_wrist": [
		0.728546679019928,
		0.4372357726097107,
		-0.2824859917163849,
		0.9408831000328064
	],
	"19. right_shoulder": [
		0.4353790283203125,
		0.35043686628341675,
		0.1662958413362503,
		0.9997637271881104
	],
	"20. right_elbow": [
		0.35954979062080383,
		0.41989487409591675,
		0.22580845654010773,
		0.8751305937767029
	],
	"21. right_wrist": [
		0.28622013330459595,
		0.46698930859565735,
		0.04770221561193466,
		0.8852163553237915
	],
	"24. nose": [
		0.5023557543754578,
		0.2626732289791107,
		-0.21076825261116028,
		0.9999719262123108
	],
	"25. left_eye": [
		0.5179947018623352,
		0.25544455647468567,
		-0.1748500019311905,
		0.9999509453773499
	],
	"26. right_eye": [
		0.4927757680416107,
		0.2484840452671051,
		-0.1785144805908203,
		0.9999457001686096
	],
	"27. left_ear": [
		0.52723228931427,
		0.2667236030101776,
		0.0053114015609025955,
		0.9999352097511292
	],
	"28. right_ear": [
		0.47905105352401733,
		0.2550017535686493,
		-0.019596710801124573,
		0.9999151229858398
	],
	"time stamp": 30.0
}