{
	"1. left_hip": [
		0.558377206325531,
		0.5572627186775208,
		-0.10182608664035797,
		0.9998087286949158
	],
	"2. left_knee": [
		0.5255042910575867,
		0.7250725030899048,
		-0.2921885550022125,
		0.9785774350166321
	],
	"3. left_ankle": [
		0.5550103187561035,
		0.8993405103683472,
		-0.22725063562393188,
		0.9775715470314026
	],
	"6. right_hip": [
		0.48752090334892273,
		0.5708786845207214,
		0.10223041474819183,
		0.9996309876441956
	],
	"7. right_knee": [
		0.4962159991264343,
		0.7461449503898621,
		0.009116007015109062,
		0.7649877071380615
	],
	"8. right_ankle": [
		0.5503413081169128,
		0.895271897315979,
		0.12305250018835068,
		0.8489224910736084
	],
	"14. left_shoulder": [
		0.563000500202179,
		0.3689899742603302,
		0.0709078311920166,
		0.9999604225158691
	],
	"15. left_elbow": [
		0.6313252449035645,
		0.43584099411964417,
		-0.07330803573131561,
		0.9867420792579651
	],
	"16. left_wrist": [
		0.7060303688049316,
		0.375046044588089,
		-0.373068243265152,
		0.963925302028656
	],
	"19. right_shoulder": [
		0.4323447644710541,
		0.35963690280914307,
		0.21634279191493988,
		0.9998317360877991
	],
	"20. right_elbow": [
		0.35001564025878906,
		0.4115576446056366,
		0.2740280032157898,
		0.9228425025939941
	],
	"21. right_wrist": [
		0.27573835849761963,
		0.3666636645793915,
		0.15880058705806732,
		0.9311656355857849
	],
	"24. nose": [
		0.5026777982711792,
		0.2804398536682129,
		-0.2133338749408722,
		0.9999790191650391
	],
	"25. left_eye": [
		0.5172111392021179,
		0.27046406269073486,
		-0.18249191343784332,
		0.9999609589576721
	],
	"26. right_eye": [
		0.4921397864818573,
		0.26913177967071533,
		-0.17672906816005707,
		0.999953031539917
	],
	"27. left_ear": [
		0.5275155305862427,
		0.27701419591903687,
		-0.011629610322415829,
		0.9999534487724304
	],
	"28. right_ear": [
		0.47878456115722656,
		0.27535903453826904,
		0.01433614268898964,
		0.9999344944953918
	],
	"time stamp": 30.0
}