{
	"1. left_hip": [
		0.5381332635879517,
		0.593877911567688,
		-0.05408187955617905,
		0.9996849894523621
	],
	"2. left_knee": [
		0.5173397064208984,
		0.7424830794334412,
		-0.2060565948486328,
		0.9736353754997253
	],
	"3. left_ankle": [
		0.4931774437427521,
		0.9070643186569214,
		0.05449262633919716,
		0.9768151044845581
	],
	"6. right_hip": [
		0.4739493131637573,
		0.5917391777038574,
		0.0541057325899601,
		0.999488353729248
	],
	"7. right_knee": [
		0.4719798266887665,
		0.763604998588562,
		0.04634947329759598,
		0.8332340717315674
	],
	"8. right_ankle": [
		0.5280460715293884,
		0.8716450333595276,
		0.4575454294681549,
		0.8737074136734009
	],
	"14. left_shoulder": [
		0.5661711096763611,
		0.41160404682159424,
		-0.37038248777389526,
		0.9998008608818054
	],
	"15. left_elbow": [
		0.6070529222488403,
		0.4704965054988861,
		-0.6846475005149841,
		0.9875462651252747
	],
	"16. left_wrist": [
		0.6022078394889832,
		0.39201998710632324,
		-1.0805326700210571,
		0.9704427719116211
	],
	"19. right_shoulder": [
		0.45546942949295044,
		0.40925103425979614,
		-0.19096314907073975,
		0.999647319316864
	],
	"20. right_elbow": [
		0.36996889114379883,
		0.4562967121601105,
		-0.35975638031959534,
		0.9485995769500732
	],
	"21. right_wrist": [
		0.3993091285228729,
		0.40828394889831543,
		-0.7072688937187195,
		0.9344786405563354
	],
	"24. nose": [
		0.470260888338089,
		0.3300466239452362,
		-0.5825148820877075,
		0.9999487400054932
	],
	"25. left_eye": [
		0.48801761865615845,
		0.3175283968448639,
		-0.5767467617988586,
		0.9999238848686218
	],
	"26. right_eye": [
		0.4809761941432953,
		0.3178069293498993,
		-0.5504927039146423,
		0.9998651146888733
	],
	"27. left_ear": [
		0.5094963908195496,
		0.3269024193286896,
		-0.4587772488594055,
		0.9998956918716431
	],
	"28. right_ear": [
		0.49076706171035767,
		0.3263433873653412,
		-0.34521484375,
		0.9998168349266052
	],
	"time stamp": 30.0
}