{
	"1. left_hip": [
		0.5265244245529175,
		0.5938510298728943,
		-0.05989597737789154,
		0.999679684638977
	],
	"2. left_knee": [
		0.5155804753303528,
		0.7405423521995544,
		-0.21911215782165527,
		0.9715235829353333
	],
	"3. left_ankle": [
		0.49528440833091736,
		0.9071741700172424,
		-0.05892620608210564,
		0.976738452911377
	],
	"6. right_hip": [
		0.48085817694664,
		0.5959346294403076,
		0.05965862423181534,
		0.9995051622390747
	],
	"7. right_knee": [
		0.4720543622970581,
		0.762687623500824,
		-0.013480893336236477,
		0.8464785814285278
	],
	"8. right_ankle": [
		0.5277106165885925,
		0.880737841129303,
		0.24052537977695465,
		0.8697223663330078
	],
	"14. left_shoulder": [
		0.566085934638977,
		0.4109856188297272,
		-0.2731193006038666,
		0.9997541904449463
	],
	"15. left_elbow": [
		0.6053783893585205,
		0.46878284215927124,
		-0.5160262584686279,
		0.9831821918487549
	],
	"16. left_wrist": [
		0.5923455357551575,
		0.40451017022132874,
		-0.8010978102684021,
		0.9570596814155579
	],
	"19. right_shoulder": [
		0.4658626616001129,
		0.41201919317245483,
		-0.03764469176530838,
		0.9995703101158142
	],
	"20. right_elbow": [
		0.37520116567611694,
		0.4572106599807739,
		-0.2597655951976776,
		0.9385312795639038
	],
	"21. right_wrist": [
		0.397929310798645,
		0.40970882773399353,
		-0.630713164806366,
		0.9172820448875427
	],
	"24. nose": [
		0.4896593689918518,
		0.3333994150161743,
		-0.321211576461792,
		0.9999356269836426
	],
	"25. left_eye": [
		0.5002844333648682,
		0.3204997479915619,
		-0.325805127620697,
		0.9999126195907593
	],
	"26. right_eye": [
		0.49535080790519714,
		0.32100000977516174,
		-0.29617297649383545,
		0.9998458027839661
	],
	"27. left_ear": [
		0.5121784806251526,
		0.32746684551239014,
		-0.27661508321762085,
		0.9998898506164551
	],
	"28. right_ear": [
		0.5016466379165649,
		0.3276585340499878,
		-0.1431916058063507,
		0.9998037815093994
	],
	"time stamp": 30.0
}