{
	"1. left_hip": [
		0.5294907689094543,
		0.592399001121521,
		-0.06067902594804764,
		0.9996776580810547
	],
	"2. left_knee": [
		0.5157254934310913,
		0.7404221296310425,
		-0.17816032469272614,
		0.971646785736084
	],
	"3. left_ankle": [
		0.49419817328453064,
		0.9076237082481384,
		0.062186919152736664,
		0.9774900078773499
	],
	"6. right_hip": [
		0.4786735475063324,
		0.5944952368736267,
		0.0606021024286747,
		0.9995190501213074
	],
	"7. right_knee": [
		0.47082751989364624,
		0.761175274848938,
		0.007980379275977612,
		0.8573669195175171
	],
	"8. right_ankle": [
		0.5269827246665955,
		0.8807317018508911,
		0.34563860297203064,
		0.8764125108718872
	],
	"14. left_shoulder": [
		0.5653455853462219,
		0.41111353039741516,
		-0.34525638818740845,
		0.9997542500495911
	],
	"15. left_elbow": [
		0.6064298152923584,
		0.467562198638916,
		-0.6329204440116882,
		0.9824322462081909
	],
	"16. left_wrist": [
		0.6028041243553162,
		0.40528979897499084,
		-0.971917450428009,
		0.9522512555122375
	],
	"19. right_shoulder": [
		0.46455875039100647,
		0.4118109345436096,
		-0.15481294691562653,
		0.9995806813240051
	],
	"20. right_elbow": [
		0.37534594535827637,
		0.4560006558895111,
		-0.3659355938434601,
		0.9394018650054932
	],
	"21. right_wrist": [
		0.3954903781414032,
		0.40956225991249084,
		-0.7507950663566589,
		0.913327693939209
	],
	"24. nose": [
		0.4893408417701721,
		0.33234232664108276,
		-0.49779266119003296,
		0.9999388456344604
	],
	"25. left_eye": [
		0.5001121759414673,
		0.3195057809352875,
		-0.5016797184944153,
		0.999917209148407
	],
	"26. right_eye": [
		0.49398234486579895,
		0.31978440284729004,
		-0.4725680947303772,
		0.9998536705970764
	],
	"27. left_ear": [
		0.5122380256652832,
		0.3263842761516571,
		-0.4185638427734375,
		0.999897301197052
	],
	"28. right_ear": [
		0.5007240772247314,
		0.3264596164226532,
		-0.29044562578201294,
		0.9998171329498291
	],
	"time stamp": 30.0
}