{
	"1. left_hip": [
		0.5645437836647034,
		0.562911868095398,
		-0.09895016252994537,
		0.9998201727867126
	],
	"2. left_knee": [
		0.5207237005233765,
		0.7150338888168335,
		-0.3001382052898407,
		0.9823448061943054
	],
	"3. left_ankle": [
		0.5400485992431641,
		0.8946192264556885,
		-0.2587994635105133,
		0.9845502376556396
	],
	"6. right_hip": [
		0.4975724220275879,
		0.5750774145126343,
		0.09906229376792908,
		0.9996798634529114
	],
	"7. right_knee": [
		0.48786112666130066,
		0.7409772276878357,
		0.027164120227098465,
		0.8514249324798584
	],
	"8. right_ankle": [
		0.5369080305099487,
		0.8888884782791138,
		0.14441029727458954,
		0.8934330940246582
	],
	"14. left_shoulder": [
		0.5694732666015625,
		0.37740153074264526,
		-0.08005674928426743,
		0.9998863339424133
	],
	"15. left_elbow": [
		0.6041826605796814,
		0.45608583092689514,
		-0.30349355936050415,
		0.990376353263855
	],
	"16. left_wrist": [
		0.6413261890411377,
		0.38115885853767395,
		-0.670463502407074,
		0.9795411229133606
	],
	"19. right_shoulder": [
		0.4551103711128235,
		0.3725724220275879,
		0.1025095283985138,
		0.9997202754020691
	],
	"20. right_elbow": [
		0.3999843895435333,
		0.4476417601108551,
		0.05757715925574303,
		0.9673693776130676
	],
	"21. right_wrist": [
		0.3633413016796112,
		0.37144410610198975,
		-0.21573923528194427,
		0.9692030549049377
	],
	"24. nose": [
		0.5088974237442017,
		0.2922804355621338,
		-0.327359676361084,
		0.9999646544456482
	],
	"25. left_eye": [
		0.5237690210342407,
		0.28286829590797424,
		-0.2965075373649597,
		0.9999514222145081
	],
	"26. right_eye": [
		0.498046338558197,
		0.2782760262489319,
		-0.2910149395465851,
		0.9999094605445862
	],
	"27. left_ear": [
		0.537352979183197,
		0.29322636127471924,
		-0.11808694899082184,
		0.9999427199363708
	],
	"28. right_ear": [
		0.4893232583999634,
		0.28475937247276306,
		-0.09482124447822571,
		0.9998919367790222
	],
	"time stamp": 30.0
}