{
	"1. left_hip": [
		0.5500125288963318,
		0.5903820395469666,
		-0.05333324894309044,
		0.9998179078102112
	],
	"2. left_knee": [
		0.5032011866569519,
		0.7176452875137329,
		-0.42785143852233887,
		0.9778041243553162
	],
	"3. left_ankle": [
		0.5144609212875366,
		0.900506317615509,
		-0.440752238035202,
		0.9782416820526123
	],
	"6. right_hip": [
		0.4765392243862152,
		0.5954450964927673,
		0.053431060165166855,
		0.9995729327201843
	],
	"7. right_knee": [
		0.4943503141403198,
		0.7468595504760742,
		0.024543900042772293,
		0.760105550289154
	],
	"8. right_ankle": [
		0.5339533686637878,
		0.8803601861000061,
		0.2500349283218384,
		0.8411850333213806
	],
	"14. left_shoulder": [
		0.5658444166183472,
		0.41588693857192993,
		-0.3604314923286438,
		0.9999590516090393
	],
	"15. left_elbow": [
		0.5935651063919067,
		0.5225731134414673,
		-0.2983277142047882,
		0.9864422678947449
	],
	"16. left_wrist": [
		0.6023677587509155,
		0.6224073767662048,
		-0.40875744819641113,
		0.978144645690918
	],
	"19. right_shoulder": [
		0.44068244099617004,
		0.41685959696769714,
		-0.26839128136634827,
		0.9998525381088257
	],
	"20. right_elbow": [
		0.4317677915096283,
		0.5257021188735962,
		-0.1409876048564911,
		0.9804279208183289
	],
	"21. right_wrist": [
		0.4120355248451233,
		0.6219773888587952,
		-0.3157638609409332,
		0.9866740107536316
	],
	"24. nose": [
		0.5191134810447693,
		0.3247775733470917,
		-0.6612664461135864,
		0.9999836087226868
	],
	"25. left_eye": [
		0.5317773222923279,
		0.31847742199897766,
		-0.637577474117279,
		0.9999699592590332
	],
	"26. right_eye": [
		0.5088431239128113,
		0.3114066421985626,
		-0.6364664435386658,
		0.9999629259109497
	],
	"27. left_ear": [
		0.5386336445808411,
		0.33131343126296997,
		-0.4659256339073181,
		0.9999591708183289
	],
	"28. right_ear": [
		0.49146589636802673,
		0.3180823028087616,
		-0.46326589584350586,
		0.9999490976333618
	],
	"time stamp": 30.0
}