{
	"1. left_hip": [
		0.5648971199989319,
		0.618405282497406,
		-0.07232136279344559,
		0.9999328851699829
	],
	"2. left_knee": [
		0.5021226406097412,
		0.7196959853172302,
		-0.5189408659934998,
		0.9842357039451599
	],
	"3. left_ankle": [
		0.5248141288757324,
		0.886083722114563,
		-0.40040847659111023,
		0.9851062893867493
	],
	"6. right_hip": [
		0.48871922492980957,
		0.6275896430015564,
		0.07240873575210571,
		0.9997847080230713
	],
	"7. right_knee": [
		0.48138219118118286,
		0.7717317938804626,
		0.016663452610373497,
		0.7788923978805542
	],
	"8. right_ankle": [
		0.531420111656189,
		0.8907093405723572,
		0.22576268017292023,
		0.8643181324005127
	],
	"14. left_shoulder": [
		0.5756717324256897,
		0.45067834854125977,
		-0.27965736389160156,
		0.9999863505363464
	],
	"15. left_elbow": [
		0.654661238193512,
		0.5257998108863831,
		-0.2319791316986084,
		0.9924681782722473
	],
	"16. left_wrist": [
		0.7012686133384705,
		0.5958744883537292,
		-0.39753833413124084,
		0.9775028824806213
	],
	"19. right_shoulder": [
		0.44153672456741333,
		0.4335460662841797,
		-0.1833716332912445,
		0.9999403953552246
	],
	"20. right_elbow": [
		0.4264324903488159,
		0.546198844909668,
		-0.09027475863695145,
		0.9813594818115234
	],
	"21. right_wrist": [
		0.4184724688529968,
		0.6397882103919983,
		-0.22398366034030914,
		0.9803786277770996
	],
	"24. nose": [
		0.532736599445343,
		0.3616754710674286,
		-0.5573086142539978,
		0.9999943375587463
	],
	"25. left_eye": [
		0.5451604127883911,
		0.35294148325920105,
		-0.5326013565063477,
		0.9999874830245972
	],
	"26. right_eye": [
		0.5207691788673401,
		0.3451368808746338,
		-0.534906268119812,
		0.9999837279319763
	],
	"27. left_ear": [
		0.5519938468933105,
		0.3642001152038574,
		-0.3635793924331665,
		0.9999816417694092
	],
	"28. right_ear": [
		0.5044135451316833,
		0.3497416079044342,
		-0.3789551258087158,
		0.9999704360961914
	],
	"time stamp": 30.0
}