{
	"1. left_hip": [
		0.5746016502380371,
		0.6123828887939453,
		-0.06770345568656921,
		0.9999491572380066
	],
	"2. left_knee": [
		0.4996875822544098,
		0.7195450067520142,
		-0.5118059515953064,
		0.9863565564155579
	],
	"3. left_ankle": [
		0.5251216292381287,
		0.8837069272994995,
		-0.4130227267742157,
		0.986936092376709
	],
	"6. right_hip": [
		0.49983352422714233,
		0.6163226366043091,
		0.06774087250232697,
		0.9998283386230469
	],
	"7. right_knee": [
		0.5019789934158325,
		0.7681273818016052,
		0.06095987930893898,
		0.7697868943214417
	],
	"8. right_ankle": [
		0.5418375134468079,
		0.9044857621192932,
		0.23929019272327423,
		0.8747072219848633
	],
	"14. left_shoulder": [
		0.5902406573295593,
		0.4366951882839203,
		-0.237234428524971,
		0.9999911785125732
	],
	"15. left_elbow": [
		0.6382904648780823,
		0.5288744568824768,
		-0.16706475615501404,
		0.9951875805854797
	],
	"16. left_wrist": [
		0.6844518780708313,
		0.6020514369010925,
		-0.3078915774822235,
		0.9856672883033752
	],
	"19. right_shoulder": [
		0.4576936960220337,
		0.42906707525253296,
		-0.19483281672000885,
		0.9999597072601318
	],
	"20. right_elbow": [
		0.3821772336959839,
		0.5131914615631104,
		-0.1576872020959854,
		0.9869901537895203
	],
	"21. right_wrist": [
		0.390943706035614,
		0.5920345187187195,
		-0.30649539828300476,
		0.985501766204834
	],
	"24. nose": [
		0.5450415015220642,
		0.3607579171657562,
		-0.5844823122024536,
		0.9999962449073792
	],
	"25. left_eye": [
		0.5560737252235413,
		0.35185810923576355,
		-0.5563636422157288,
		0.9999914765357971
	],
	"26. right_eye": [
		0.5313718914985657,
		0.34458497166633606,
		-0.5616542100906372,
		0.9999890923500061
	],
	"27. left_ear": [
		0.5618330836296082,
		0.3603042662143707,
		-0.3584931194782257,
		0.9999876618385315
	],
	"28. right_ear": [
		0.5161060094833374,
		0.34915971755981445,
		-0.3948245644569397,
		0.9999797344207764
	],
	"time stamp": 30.0
}