{
	"1. left_hip": [
		0.5810992121696472,
		0.6080510020256042,
		-0.053996264934539795,
		0.9999521970748901
	],
	"2. left_knee": [
		0.5112886428833008,
		0.7193561792373657,
		-0.4957035779953003,
		0.9867932200431824
	],
	"3. left_ankle": [
		0.5252538323402405,
		0.8830825686454773,
		-0.37975218892097473,
		0.9873672127723694
	],
	"6. right_hip": [
		0.5072301030158997,
		0.6081563234329224,
		0.054070744663476944,
		0.999840497970581
	],
	"7. right_knee": [
		0.49464988708496094,
		0.7516589760780334,
		-0.08222364634275436,
		0.7844740152359009
	],
	"8. right_ankle": [
		0.5377294421195984,
		0.8916547298431396,
		0.12443027645349503,
		0.8830031156539917
	],
	"14. left_shoulder": [
		0.5987659692764282,
		0.4343893826007843,
		-0.3430485129356384,
		0.999992311000824
	],
	"15. left_elbow": [
		0.6360310912132263,
		0.5294820666313171,
		-0.24754074215888977,
		0.9957122206687927
	],
	"16. left_wrist": [
		0.682392954826355,
		0.6027897000312805,
		-0.3818267285823822,
		0.9875794053077698
	],
	"19. right_shoulder": [
		0.4681771695613861,
		0.4282892346382141,
		-0.29871854186058044,
		0.9999650120735168
	],
	"20. right_elbow": [
		0.3877609372138977,
		0.5098346471786499,
		-0.2446627914905548,
		0.9889457821846008
	],
	"21. right_wrist": [
		0.38913407921791077,
		0.5853027105331421,
		-0.38588765263557434,
		0.9870963096618652
	],
	"24. nose": [
		0.5487251877784729,
		0.3607237935066223,
		-0.7260416746139526,
		0.9999966621398926
	],
	"25. left_eye": [
		0.5608722567558289,
		0.3513364791870117,
		-0.6997166275978088,
		0.9999922513961792
	],
	"26. right_eye": [
		0.5354475975036621,
		0.3444230854511261,
		-0.7035203576087952,
		0.9999901652336121
	],
	"27. left_ear": [
		0.5678372979164124,
		0.3576087951660156,
		-0.4969117045402527,
		0.9999887347221375
	],
	"28. right_ear": [
		0.5207980871200562,
		0.34902065992355347,
		-0.5196115374565125,
		0.9999822378158569
	],
	"time stamp": 30.0
}