{
	"1. left_hip": [
		0.600910484790802,
		0.6065342426300049,
		-0.06202489137649536,
		0.999958872795105
	],
	"2. left_knee": [
		0.5380791425704956,
		0.7210546731948853,
		-0.48131418228149414,
		0.9882312417030334
	],
	"3. left_ankle": [
		0.5368650555610657,
		0.8985620141029358,
		-0.3842729330062866,
		0.9881410002708435
	],
	"6. right_hip": [
		0.5209766030311584,
		0.6056455969810486,
		0.062065623700618744,
		0.9998554587364197
	],
	"7. right_knee": [
		0.4856550395488739,
		0.7576932311058044,
		-0.0272503774613142,
		0.8221331834793091
	],
	"8. right_ankle": [
		0.5383648872375488,
		0.8870508670806885,
		0.16945774853229523,
		0.8907940983772278
	],
	"14. left_shoulder": [
		0.6256330609321594,
		0.42097827792167664,
		-0.2509850561618805,
		0.9999939799308777
	],
	"15. left_elbow": [
		0.6744549870491028,
		0.4977627992630005,
		-0.20696941018104553,
		0.9965635538101196
	],
	"16. left_wrist": [
		0.6771597266197205,
		0.5669733881950378,
		-0.3436524569988251,
		0.9904916882514954
	],
	"19. right_shoulder": [
		0.49484363198280334,
		0.4357404410839081,
		-0.1535862535238266,
		0.9999552965164185
	],
	"20. right_elbow": [
		0.45114296674728394,
		0.5179951190948486,
		-0.18050378561019897,
		0.9897900819778442
	],
	"21. right_wrist": [
		0.40358060598373413,
		0.5758604407310486,
		-0.4491787850856781,
		0.9886043071746826
	],
	"24. nose": [
		0.5564318895339966,
		0.34890273213386536,
		-0.5767551064491272,
		0.9999972581863403
	],
	"25. left_eye": [
		0.5662304162979126,
		0.335140198469162,
		-0.5508308410644531,
		0.999993622303009
	],
	"26. right_eye": [
		0.5414097905158997,
		0.3358379006385803,
		-0.5452306866645813,
		0.9999917149543762
	],
	"27. left_ear": [
		0.5764357447624207,
		0.3410930931568146,
		-0.366617888212204,
		0.9999913573265076
	],
	"28. right_ear": [
		0.5266636610031128,
		0.3446199297904968,
		-0.3423999845981598,
		0.9999852776527405
	],
	"time stamp": 30.0
}