{
	"1. left_hip": [
		0.746929943561554,
		0.5748524069786072,
		-0.09794071316719055,
		0.9996652603149414
	],
	"2. left_knee": [
		0.7171702980995178,
		0.7399906516075134,
		-0.29962050914764404,
		0.9849666953086853
	],
	"3. left_ankle": [
		0.7089107036590576,
		0.8890085816383362,
		-0.2657696306705475,
		0.992124617099762
	],
	"6. right_hip": [
		0.6769773960113525,
		0.5854579210281372,
		0.09807568788528442,
		0.9992066621780396
	],
	"7. right_knee": [
		0.7502027750015259,
		0.758894681930542,
		0.1749241054058075,
		0.878633439540863
	],
	"8. right_ankle": [
		0.842647910118103,
		0.8697683811187744,
		0.41227152943611145,
		0.93986576795578
	],
	"14. left_shoulder": [
		0.7616318464279175,
		0.38022854924201965,
		-0.16915583610534668,
		0.9999961256980896
	],
	"15. left_elbow": [
		0.8311709761619568,
		0.4551025331020355,
		-0.18461960554122925,
		0.9987480640411377
	],
	"16. left_wrist": [
		0.7823559045791626,
		0.5059512257575989,
		-0.36858415603637695,
		0.991155743598938
	],
	"19. right_shoulder": [
		0.6319968104362488,
		0.37288177013397217,
		5.540717393159866e-05,
		0.9997095465660095
	],
	"20. right_elbow": [
		0.6174193024635315,
		0.4843619763851166,
		0.06598422676324844,
		0.7808161377906799
	],
	"21. right_wrist": [
		0.6323964595794678,
		0.5761780738830566,
		-0.10400335490703583,
		0.7041032910346985
	],
	"24. nose": [
		0.697816014289856,
		0.3087642192840576,
		-0.41898396611213684,
		0.9999899864196777
	],
	"25. left_eye": [
		0.7141517400741577,
		0.2955611050128937,
		-0.3941577076911926,
		0.9999798536300659
	],
	"26. right_eye": [
		0.6886538863182068,
		0.2918187081813812,
		-0.3867993652820587,
		0.9999678730964661
	],
	"27. left_ear": [
		0.7290287613868713,
		0.3044038712978363,
		-0.229511559009552,
		0.9999833703041077
	],
	"28. right_ear": [
		0.6776144504547119,
		0.2966492176055908,
		-0.19744636118412018,
		0.9999465942382812
	],
	"time stamp": 30.0
}