{
	"1. left_hip": [
		0.6460956335067749,
		0.5691938400268555,
		-0.019272828474640846,
		0.9998119473457336
	],
	"2. left_knee": [
		0.7006786465644836,
		0.7546723484992981,
		-0.08942718803882599,
		0.9909151792526245
	],
	"3. left_ankle": [
		0.7709824442863464,
		0.8949829936027527,
		0.11631253361701965,
		0.9919748902320862
	],
	"6. right_hip": [
		0.5654265284538269,
		0.5580268502235413,
		0.019399382174015045,
		0.9994956254959106
	],
	"7. right_knee": [
		0.5154154300689697,
		0.7384302020072937,
		-0.019898977130651474,
		0.952889084815979
	],
	"8. right_ankle": [
		0.48421749472618103,
		0.8948667645454407,
		0.14593687653541565,
		0.9514456987380981
	],
	"14. left_shoulder": [
		0.6976888179779053,
		0.36024314165115356,
		0.12709829211235046,
		0.9999406337738037
	],
	"15. left_elbow": [
		0.6869820356369019,
		0.43148893117904663,
		-0.0758848711848259,
		0.9259935021400452
	],
	"16. left_wrist": [
		0.625147819519043,
		0.4015500843524933,
		-0.2839370369911194,
		0.8942432403564453
	],
	"19. right_shoulder": [
		0.5875200629234314,
		0.37932243943214417,
		0.20667853951454163,
		0.9994128942489624
	],
	"20. right_elbow": [
		0.5988355278968811,
		0.472465842962265,
		0.10601159185171127,
		0.4300706088542938
	],
	"21. right_wrist": [
		0.6000481247901917,
		0.5432672500610352,
		-0.11106952279806137,
		0.38786056637763977
	],
	"24. nose": [
		0.6434075236320496,
		0.30035799741744995,
		-0.08813358098268509,
		0.9999457001686096
	],
	"25. left_eye": [
		0.6578344702720642,
		0.28662601113319397,
		-0.062073465436697006,
		0.9999160170555115
	],
	"26. right_eye": [
		0.6302431225776672,
		0.28560441732406616,
		-0.05813247337937355,
		0.999826967716217
	],
	"27. left_ear": [
		0.6678287982940674,
		0.288667768239975,
		0.10093551129102707,
		0.9999088644981384
	],
	"28. right_ear": [
		0.6177998781204224,
		0.2866491377353668,
		0.1239486038684845,
		0.9997751712799072
	],
	"time stamp": 30.0
}