{
	"1. left_hip": [
		0.5787201523780823,
		0.5737708806991577,
		0.05460236221551895,
		0.9997395277023315
	],
	"2. left_knee": [
		0.5732867121696472,
		0.7466378808021545,
		0.022569892928004265,
		0.9757773280143738
	],
	"3. left_ankle": [
		0.5632629990577698,
		0.881502628326416,
		0.28246065974235535,
		0.9770138263702393
	],
	"6. right_hip": [
		0.507516086101532,
		0.5703239440917969,
		-0.05448361113667488,
		0.999450147151947
	],
	"7. right_knee": [
		0.5159825086593628,
		0.7498779892921448,
		-0.0707569569349289,
		0.9781200885772705
	],
	"8. right_ankle": [
		0.5293893814086914,
		0.8920143246650696,
		0.154148668050766,
		0.9570679664611816
	],
	"14. left_shoulder": [
		0.6087673902511597,
		0.3701888620853424,
		0.13453346490859985,
		0.9999122619628906
	],
	"15. left_elbow": [
		0.6866984963417053,
		0.3835829496383667,
		-0.07854632288217545,
		0.9869054555892944
	],
	"16. left_wrist": [
		0.6680148839950562,
		0.3047063648700714,
		-0.38341063261032104,
		0.9766160249710083
	],
	"19. right_shoulder": [
		0.4897198975086212,
		0.371454119682312,
		0.0054358490742743015,
		0.9996439814567566
	],
	"20. right_elbow": [
		0.4187009632587433,
		0.44448593258857727,
		-0.06681711226701736,
		0.9679023623466492
	],
	"21. right_wrist": [
		0.491915225982666,
		0.4658856987953186,
		-0.22084587812423706,
		0.869314432144165
	],
	"24. nose": [
		0.5570002198219299,
		0.281100869178772,
		-0.26315516233444214,
		0.9999638199806213
	],
	"25. left_eye": [
		0.5700870156288147,
		0.2730904817581177,
		-0.216490238904953,
		0.999938428401947
	],
	"26. right_eye": [
		0.5456028580665588,
		0.2682059109210968,
		-0.22935770452022552,
		0.9999248385429382
	],
	"27. left_ear": [
		0.579089879989624,
		0.28403204679489136,
		0.0107119744643569,
		0.9999134540557861
	],
	"28. right_ear": [
		0.5339600443840027,
		0.27853530645370483,
		-0.0495830699801445,
		0.9998800158500671
	],
	"time stamp": 30.0
}