{
	"1. left_hip": [
		0.5651947855949402,
		0.5836734771728516,
		0.005772948730736971,
		0.9994986653327942
	],
	"2. left_knee": [
		0.5597290396690369,
		0.750428318977356,
		-0.03820455074310303,
		0.972323477268219
	],
	"3. left_ankle": [
		0.5626443028450012,
		0.840958297252655,
		0.4305916130542755,
		0.9433197975158691
	],
	"6. right_hip": [
		0.49237439036369324,
		0.5807195901870728,
		-0.005794242490082979,
		0.9993220567703247
	],
	"7. right_knee": [
		0.5130171775817871,
		0.7517523765563965,
		-0.04995805770158768,
		0.9766198992729187
	],
	"8. right_ankle": [
		0.5293765664100647,
		0.8919506669044495,
		0.19254368543624878,
		0.9627037644386292
	],
	"14. left_shoulder": [
		0.6009095907211304,
		0.39009639620780945,
		0.06201096251606941,
		0.9996283054351807
	],
	"15. left_elbow": [
		0.5940561294555664,
		0.46578896045684814,
		-0.1696448177099228,
		0.9800748229026794
	],
	"16. left_wrist": [
		0.5624092221260071,
		0.37134382128715515,
		-0.45798343420028687,
		0.9804123044013977
	],
	"19. right_shoulder": [
		0.4789145290851593,
		0.3925671875476837,
		0.11233510822057724,
		0.999498724937439
	],
	"20. right_elbow": [
		0.44109785556793213,
		0.48022574186325073,
		-0.07372308522462845,
		0.9647241234779358
	],
	"21. right_wrist": [
		0.46613895893096924,
		0.4019070863723755,
		-0.35762864351272583,
		0.9177250266075134
	],
	"24. nose": [
		0.5459161400794983,
		0.30850648880004883,
		-0.1617155522108078,
		0.999910295009613
	],
	"25. left_eye": [
		0.560697615146637,
		0.2996136546134949,
		-0.12849535048007965,
		0.9998370409011841
	],
	"26. right_eye": [
		0.5331065058708191,
		0.29408857226371765,
		-0.12862853705883026,
		0.9997962713241577
	],
	"27. left_ear": [
		0.5708948969841003,
		0.3093391954898834,
		0.04878992959856987,
		0.9997761845588684
	],
	"28. right_ear": [
		0.5203964710235596,
		0.30223512649536133,
		0.04079829156398773,
		0.9996558427810669
	],
	"time stamp": 30.0
}