{
	"1. left_hip": [
		0.5799108147621155,
		0.541045069694519,
		0.07036197185516357,
		0.9888806939125061
	],
	"2. left_knee": [
		0.5794864296913147,
		0.7182743549346924,
		0.024346230551600456,
		0.9058645367622375
	],
	"3. left_ankle": [
		0.5490447282791138,
		0.8632095456123352,
		0.1970817595720291,
		0.881798267364502
	],
	"6. right_hip": [
		0.5151417255401611,
		0.5448881387710571,
		-0.06994146853685379,
		0.9940810203552246
	],
	"7. right_knee": [
		0.530015230178833,
		0.7206529974937439,
		-0.17316384613513947,
		0.9484729170799255
	],
	"8. right_ankle": [
		0.5306466221809387,
		0.8814973831176758,
		-0.10407382994890213,
		0.9417845010757446
	],
	"14. left_shoulder": [
		0.5792511105537415,
		0.35837313532829285,
		0.20401553809642792,
		0.99814772605896
	],
	"15. left_elbow": [
		0.6170557141304016,
		0.4212859272956848,
		0.2871870994567871,
		0.7615343928337097
	],
	"16. left_wrist": [
		0.6066566705703735,
		0.4659644365310669,
		0.07287383824586868,
		0.6837136745452881
	],
	"19. right_shoulder": [
		0.4716324210166931,
		0.35376685857772827,
		0.023591144010424614,
		0.9991630911827087
	],
	"20. right_elbow": [
		0.392386794090271,
		0.4268355071544647,
		0.0035830733831971884,
		0.9545942544937134
	],
	"21. right_wrist": [
		0.4594954252243042,
		0.47549670934677124,
		-0.17875902354717255,
		0.8458485007286072
	],
	"24. nose": [
		0.546920120716095,
		0.2951284646987915,
		-0.22355611622333527,
		0.9992405772209167
	],
	"25. left_eye": [
		0.5584864020347595,
		0.28663355112075806,
		-0.18587574362754822,
		0.9983947277069092
	],
	"26. right_eye": [
		0.5354251861572266,
		0.27890676259994507,
		-0.2043030858039856,
		0.9989485144615173
	],
	"27. left_ear": [
		0.5623435378074646,
		0.2932674288749695,
		0.030997049063444138,
		0.9963191151618958
	],
	"28. right_ear": [
		0.5194620490074158,
		0.2788696587085724,
		-0.05756998434662819,
		0.9986914396286011
	],
	"time stamp": 30.0
}