{
	"1. left_hip": [
		0.5679671168327332,
		0.5754485726356506,
		0.103533074259758,
		0.995403528213501
	],
	"2. left_knee": [
		0.5846377015113831,
		0.7380099892616272,
		-0.04464820772409439,
		0.8294570446014404
	],
	"3. left_ankle": [
		0.5206320881843567,
		0.8544266819953918,
		0.23245640099048615,
		0.7274392247200012
	],
	"6. right_hip": [
		0.5021389722824097,
		0.5714353322982788,
		-0.10355819761753082,
		0.9973344206809998
	],
	"7. right_knee": [
		0.539512038230896,
		0.72528076171875,
		-0.25136300921440125,
		0.9563211798667908
	],
	"8. right_ankle": [
		0.5075284838676453,
		0.8826659321784973,
		-0.1370699405670166,
		0.9555394649505615
	],
	"14. left_shoulder": [
		0.5814551115036011,
		0.38593119382858276,
		0.253482848405838,
		0.9991517066955566
	],
	"15. left_elbow": [
		0.6043869256973267,
		0.45124125480651855,
		-0.047780491411685944,
		0.8417918682098389
	],
	"16. left_wrist": [
		0.5758365392684937,
		0.37949198484420776,
		-0.2951354682445526,
		0.8424859642982483
	],
	"19. right_shoulder": [
		0.4784216284751892,
		0.39074328541755676,
		0.042388252913951874,
		0.9994360208511353
	],
	"20. right_elbow": [
		0.5187153816223145,
		0.4605255126953125,
		-0.18305689096450806,
		0.9477648735046387
	],
	"21. right_wrist": [
		0.5040367245674133,
		0.36536329984664917,
		-0.3514746427536011,
		0.9271526336669922
	],
	"24. nose": [
		0.538264274597168,
		0.3184855878353119,
		-0.07694852352142334,
		0.9995761513710022
	],
	"25. left_eye": [
		0.5484347343444824,
		0.30732351541519165,
		-0.03868541866540909,
		0.9991970062255859
	],
	"26. right_eye": [
		0.5265218019485474,
		0.3055184781551361,
		-0.05723145231604576,
		0.9994524717330933
	],
	"27. left_ear": [
		0.5562530755996704,
		0.31349366903305054,
		0.15739837288856506,
		0.9982479810714722
	],
	"28. right_ear": [
		0.510128378868103,
		0.309894859790802,
		0.07655220478773117,
		0.9994010925292969
	],
	"time stamp": 30.0
}