{
	"1. left_hip": [
		0.5471643805503845,
		0.5522584915161133,
		0.09563270956277847,
		0.9970852732658386
	],
	"2. left_knee": [
		0.5381783843040466,
		0.7135218977928162,
		0.034603655338287354,
		0.7642301917076111
	],
	"3. left_ankle": [
		0.509432852268219,
		0.869396984577179,
		0.06664162874221802,
		0.8404804468154907
	],
	"6. right_hip": [
		0.4861542880535126,
		0.545642614364624,
		-0.09583194553852081,
		0.9979910254478455
	],
	"7. right_knee": [
		0.5186200737953186,
		0.7082992196083069,
		-0.2202257513999939,
		0.9567553400993347
	],
	"8. right_ankle": [
		0.5077179670333862,
		0.8785722255706787,
		-0.22090861201286316,
		0.9627159237861633
	],
	"14. left_shoulder": [
		0.5793500542640686,
		0.3517661988735199,
		0.1561167985200882,
		0.9984063506126404
	],
	"15. left_elbow": [
		0.6279065012931824,
		0.2574840188026428,
		0.17825795710086823,
		0.8822649717330933
	],
	"16. left_wrist": [
		0.5545647740364075,
		0.2680685222148895,
		0.3092356324195862,
		0.5001565217971802
	],
	"19. right_shoulder": [
		0.48555701971054077,
		0.34771817922592163,
		-0.06315256655216217,
		0.9988604784011841
	],
	"20. right_elbow": [
		0.42864084243774414,
		0.247788667678833,
		-0.004354618489742279,
		0.9705029726028442
	],
	"21. right_wrist": [
		0.49005013704299927,
		0.2785373330116272,
		0.22915343940258026,
		0.5032299160957336
	],
	"24. nose": [
		0.5364278554916382,
		0.2887004315853119,
		-0.22094236314296722,
		0.9997082352638245
	],
	"25. left_eye": [
		0.5459563136100769,
		0.2770371437072754,
		-0.1890958845615387,
		0.9993350505828857
	],
	"26. right_eye": [
		0.5216526985168457,
		0.27823179960250854,
		-0.20313003659248352,
		0.9994017481803894
	],
	"27. left_ear": [
		0.5549543499946594,
		0.2822137176990509,
		-0.011103728786110878,
		0.99908047914505
	],
	"28. right_ear": [
		0.5059387683868408,
		0.2849366068840027,
		-0.066525399684906,
		0.9996395707130432
	],
	"time stamp": 30.0
}