{
	"1. left_hip": [
		0.5385270714759827,
		0.5846670866012573,
		0.0056665511801838875,
		0.9994269013404846
	],
	"2. left_knee": [
		0.5284624099731445,
		0.7755933403968811,
		-0.013584338128566742,
		0.9392939209938049
	],
	"3. left_ankle": [
		0.5271711349487305,
		0.9104540348052979,
		0.25663629174232483,
		0.919677197933197
	],
	"6. right_hip": [
		0.45870399475097656,
		0.5799955725669861,
		-0.005785956047475338,
		0.9995325803756714
	],
	"7. right_knee": [
		0.47012874484062195,
		0.7670266628265381,
		-0.021483415737748146,
		0.9773525595664978
	],
	"8. right_ankle": [
		0.48533692955970764,
		0.9116992354393005,
		0.22563406825065613,
		0.972549557685852
	],
	"14. left_shoulder": [
		0.5788655877113342,
		0.36967208981513977,
		0.10662949085235596,
		0.9997167587280273
	],
	"15. left_elbow": [
		0.6444728374481201,
		0.29654836654663086,
		-0.10901639610528946,
		0.9329362511634827
	],
	"16. left_wrist": [
		0.609121561050415,
		0.21285751461982727,
		-0.29279813170433044,
		0.9137681722640991
	],
	"19. right_shoulder": [
		0.4486944377422333,
		0.3682699501514435,
		0.08093404024839401,
		0.999727189540863
	],
	"20. right_elbow": [
		0.3962441682815552,
		0.29047009348869324,
		-0.24479295313358307,
		0.9846360087394714
	],
	"21. right_wrist": [
		0.41957083344459534,
		0.2015097737312317,
		-0.5000186562538147,
		0.9445601105690002
	],
	"24. nose": [
		0.5128812789916992,
		0.30066558718681335,
		-0.1333850920200348,
		0.9999568462371826
	],
	"25. left_eye": [
		0.527420699596405,
		0.2883472144603729,
		-0.0892498642206192,
		0.9999213218688965
	],
	"26. right_eye": [
		0.5009726285934448,
		0.2869107127189636,
		-0.09244208037853241,
		0.9999151825904846
	],
	"27. left_ear": [
		0.5399145483970642,
		0.29925230145454407,
		0.09952227026224136,
		0.9998961091041565
	],
	"28. right_ear": [
		0.48819783329963684,
		0.2964217960834503,
		0.08587636053562164,
		0.999926745891571
	],
	"time stamp": 30.0
}