{
	"1. left_hip": [
		0.5334255695343018,
		0.6176652312278748,
		0.014352858066558838,
		0.9997127056121826
	],
	"2. left_knee": [
		0.5182521939277649,
		0.7978454828262329,
		-0.05975153297185898,
		0.9716528058052063
	],
	"3. left_ankle": [
		0.5240259170532227,
		0.9151679873466492,
		0.26067283749580383,
		0.9494340419769287
	],
	"6. right_hip": [
		0.4541209638118744,
		0.6107470393180847,
		-0.0144962752237916,
		0.999636709690094
	],
	"7. right_knee": [
		0.46735239028930664,
		0.7905747294425964,
		-0.059525713324546814,
		0.9769285917282104
	],
	"8. right_ankle": [
		0.4830702841281891,
		0.9120665788650513,
		0.24564121663570404,
		0.9460881948471069
	],
	"14. left_shoulder": [
		0.5741831660270691,
		0.4079793393611908,
		0.22267498075962067,
		0.9997949004173279
	],
	"15. left_elbow": [
		0.6438024044036865,
		0.3195032477378845,
		0.20695079863071442,
		0.9718829989433289
	],
	"16. left_wrist": [
		0.567779004573822,
		0.2879040539264679,
		0.43407753109931946,
		0.9278796315193176
	],
	"19. right_shoulder": [
		0.45492202043533325,
		0.4073825478553772,
		0.1783522516489029,
		0.9994444251060486
	],
	"20. right_elbow": [
		0.4094832241535187,
		0.3429969251155853,
		0.010989431291818619,
		0.9906929135322571
	],
	"21. right_wrist": [
		0.4691076874732971,
		0.2843629717826843,
		0.03226097300648689,
		0.9202961921691895
	],
	"24. nose": [
		0.5275415778160095,
		0.3393067419528961,
		-0.013917690142989159,
		0.9999266266822815
	],
	"25. left_eye": [
		0.5348689556121826,
		0.32964465022087097,
		0.027617836371064186,
		0.9998645782470703
	],
	"26. right_eye": [
		0.5138216018676758,
		0.3282347023487091,
		0.021311920136213303,
		0.9998353719711304
	],
	"27. left_ear": [
		0.5422459840774536,
		0.3383793830871582,
		0.19824081659317017,
		0.999919056892395
	],
	"28. right_ear": [
		0.4958478808403015,
		0.33923211693763733,
		0.17016001045703888,
		0.9999167919158936
	],
	"time stamp": 30.0
}