{
	"1. left_hip": [
		0.5719563961029053,
		0.5561520457267761,
		0.05076728016138077,
		0.9997326731681824
	],
	"2. left_knee": [
		0.5671731233596802,
		0.7519059181213379,
		-0.004405089654028416,
		0.9765512347221375
	],
	"3. left_ankle": [
		0.5321204662322998,
		0.8993542194366455,
		0.22072501480579376,
		0.9492555856704712
	],
	"6. right_hip": [
		0.49777907133102417,
		0.5694071650505066,
		-0.05076443776488304,
		0.9996978640556335
	],
	"7. right_knee": [
		0.5097710490226746,
		0.7573040723800659,
		-0.11192958801984787,
		0.9653992652893066
	],
	"8. right_ankle": [
		0.49347829818725586,
		0.9161421656608582,
		0.050717830657958984,
		0.9468278288841248
	],
	"14. left_shoulder": [
		0.5436867475509644,
		0.33994632959365845,
		0.1315068006515503,
		0.9993991851806641
	],
	"15. left_elbow": [
		0.600055456161499,
		0.24331949651241302,
		0.07070469856262207,
		0.9568295478820801
	],
	"16. left_wrist": [
		0.6204325556755066,
		0.15462704002857208,
		-0.041364651173353195,
		0.9325513243675232
	],
	"19. right_shoulder": [
		0.43428492546081543,
		0.3568804860115051,
		-0.09534183144569397,
		0.9995160102844238
	],
	"20. right_elbow": [
		0.3951079845428467,
		0.27572953701019287,
		-0.46614566445350647,
		0.9944292902946472
	],
	"21. right_wrist": [
		0.4245653748512268,
		0.202065572142601,
		-0.7651491165161133,
		0.9559611082077026
	],
	"24. nose": [
		0.49556654691696167,
		0.2852110266685486,
		-0.2390923798084259,
		0.999955415725708
	],
	"25. left_eye": [
		0.5080784559249878,
		0.2748114764690399,
		-0.19884470105171204,
		0.9999128580093384
	],
	"26. right_eye": [
		0.48251089453697205,
		0.2687309682369232,
		-0.21280404925346375,
		0.9999160766601562
	],
	"27. left_ear": [
		0.516082227230072,
		0.2832389771938324,
		-0.021180491894483566,
		0.9999367594718933
	],
	"28. right_ear": [
		0.46501392126083374,
		0.27583736181259155,
		-0.07206308841705322,
		0.9999596476554871
	],
	"time stamp": 30.0
}