{
	"1. left_hip": [
		0.5454679727554321,
		0.6080220937728882,
		0.05480193719267845,
		0.9992122650146484
	],
	"2. left_knee": [
		0.526874840259552,
		0.7818822264671326,
		0.06338445842266083,
		0.9720289707183838
	],
	"3. left_ankle": [
		0.5209656953811646,
		0.9134892821311951,
		0.28693097829818726,
		0.9638842940330505
	],
	"6. right_hip": [
		0.46828463673591614,
		0.6013989448547363,
		-0.05498381704092026,
		0.9991933703422546
	],
	"7. right_knee": [
		0.47559258341789246,
		0.7802615761756897,
		-0.06870211660861969,
		0.973375141620636
	],
	"8. right_ankle": [
		0.4873110353946686,
		0.9156618714332581,
		0.14444467425346375,
		0.9611586928367615
	],
	"14. left_shoulder": [
		0.5905369520187378,
		0.39699897170066833,
		-0.028438912704586983,
		0.9994433522224426
	],
	"15. left_elbow": [
		0.6835594177246094,
		0.4304223656654358,
		-0.008794534020125866,
		0.9773986339569092
	],
	"16. left_wrist": [
		0.7416181564331055,
		0.35685157775878906,
		-0.11786403506994247,
		0.9721384048461914
	],
	"19. right_shoulder": [
		0.45171698927879333,
		0.3993024528026581,
		-0.1510431170463562,
		0.9993693828582764
	],
	"20. right_elbow": [
		0.34411853551864624,
		0.4565822184085846,
		-0.23492774367332458,
		0.9957226514816284
	],
	"21. right_wrist": [
		0.28847581148147583,
		0.38606029748916626,
		-0.4877206087112427,
		0.986115038394928
	],
	"24. nose": [
		0.5193926692008972,
		0.3240965008735657,
		-0.425245463848114,
		0.9999523758888245
	],
	"25. left_eye": [
		0.5329264998435974,
		0.309296578168869,
		-0.3946347236633301,
		0.99989253282547
	],
	"26. right_eye": [
		0.5057124495506287,
		0.3105027377605438,
		-0.40147778391838074,
		0.9999101758003235
	],
	"27. left_ear": [
		0.5452671051025391,
		0.31336477398872375,
		-0.20463827252388,
		0.9998622536659241
	],
	"28. right_ear": [
		0.4953157603740692,
		0.31556573510169983,
		-0.2357131540775299,
		0.9999258518218994
	],
	"time stamp": 30.0
}