{
	"1. left_hip": [
		0.5520956516265869,
		0.6097366809844971,
		0.006937232334166765,
		0.9993916749954224
	],
	"2. left_knee": [
		0.5691325664520264,
		0.7833998203277588,
		-0.03779488056898117,
		0.9754582047462463
	],
	"3. left_ankle": [
		0.5780528783798218,
		0.901190459728241,
		0.32849714159965515,
		0.9721437096595764
	],
	"6. right_hip": [
		0.4741097688674927,
		0.6082541942596436,
		-0.007044739089906216,
		0.9992896318435669
	],
	"7. right_knee": [
		0.4774435758590698,
		0.7825769782066345,
		-0.0358089879155159,
		0.9768184423446655
	],
	"8. right_ankle": [
		0.48443400859832764,
		0.9167712926864624,
		0.28066158294677734,
		0.970346987247467
	],
	"14. left_shoulder": [
		0.591789960861206,
		0.40778711438179016,
		-0.0326906181871891,
		0.9997091293334961
	],
	"15. left_elbow": [
		0.6548812985420227,
		0.487101286649704,
		-0.15489082038402557,
		0.9879471063613892
	],
	"16. left_wrist": [
		0.713574230670929,
		0.41618284583091736,
		-0.4618273973464966,
		0.9853404760360718
	],
	"19. right_shoulder": [
		0.45982930064201355,
		0.40787285566329956,
		-0.053265538066625595,
		0.9996303915977478
	],
	"20. right_elbow": [
		0.4362494647502899,
		0.5080734491348267,
		0.015034719370305538,
		0.990372359752655
	],
	"21. right_wrist": [
		0.35917189717292786,
		0.5706937313079834,
		-0.0959094911813736,
		0.9889671802520752
	],
	"24. nose": [
		0.5420482158660889,
		0.3241146206855774,
		-0.3752821087837219,
		0.9999746680259705
	],
	"25. left_eye": [
		0.5545467734336853,
		0.31380364298820496,
		-0.3438063859939575,
		0.9999393820762634
	],
	"26. right_eye": [
		0.5318384170532227,
		0.30628880858421326,
		-0.34977662563323975,
		0.9999472498893738
	],
	"27. left_ear": [
		0.5607805848121643,
		0.3212239444255829,
		-0.15605281293392181,
		0.9999182820320129
	],
	"28. right_ear": [
		0.514801025390625,
		0.3111439049243927,
		-0.18908695876598358,
		0.9999551177024841
	],
	"time stamp": 30.0
}