{
	"1. left_hip": [
		0.7043691873550415,
		0.6012259721755981,
		-0.06545472145080566,
		0.9995457530021667
	],
	"2. left_knee": [
		0.7237070798873901,
		0.7795723080635071,
		-0.1251012235879898,
		0.9925788044929504
	],
	"3. left_ankle": [
		0.7743269801139832,
		0.9162509441375732,
		0.11862917244434357,
		0.9908245205879211
	],
	"6. right_hip": [
		0.6171049475669861,
		0.6062132716178894,
		0.06538589298725128,
		0.9994412064552307
	],
	"7. right_knee": [
		0.49248969554901123,
		0.7333916425704956,
		-0.2275732308626175,
		0.9887977242469788
	],
	"8. right_ankle": [
		0.5151269435882568,
		0.9120252132415771,
		-0.021696602925658226,
		0.9889689087867737
	],
	"14. left_shoulder": [
		0.7132998704910278,
		0.38673096895217896,
		-0.1708451211452484,
		0.9998525977134705
	],
	"15. left_elbow": [
		0.7968454957008362,
		0.4727444648742676,
		-0.11176277697086334,
		0.8995940685272217
	],
	"16. left_wrist": [
		0.8779327273368835,
		0.5366089940071106,
		-0.2621104121208191,
		0.8382517099380493
	],
	"19. right_shoulder": [
		0.5693923234939575,
		0.3908176124095917,
		-0.15397575497627258,
		0.9992408156394958
	],
	"20. right_elbow": [
		0.5878130793571472,
		0.4973847568035126,
		-0.11027128249406815,
		0.5212947130203247
	],
	"21. right_wrist": [
		0.6149072051048279,
		0.5889887809753418,
		-0.2731693983078003,
		0.4570925831794739
	],
	"24. nose": [
		0.6600298881530762,
		0.3012484908103943,
		-0.495334655046463,
		0.9998891353607178
	],
	"25. left_eye": [
		0.671206533908844,
		0.2890258729457855,
		-0.46049100160598755,
		0.9997785687446594
	],
	"26. right_eye": [
		0.6448995471000671,
		0.2862587571144104,
		-0.4740072786808014,
		0.9997240304946899
	],
	"27. left_ear": [
		0.677082896232605,
		0.2969922423362732,
		-0.2623567581176758,
		0.9996689558029175
	],
	"28. right_ear": [
		0.630597710609436,
		0.29091402888298035,
		-0.3198080062866211,
		0.999549388885498
	],
	"time stamp": 30.0
}