{
	"1. left_hip": [
		0.7170411944389343,
		0.6098422408103943,
		-0.07444541901350021,
		0.9996359348297119
	],
	"2. left_knee": [
		0.7206630110740662,
		0.7818203568458557,
		-0.1392739862203598,
		0.9939881563186646
	],
	"3. left_ankle": [
		0.769960343837738,
		0.9170920252799988,
		0.11772604286670685,
		0.9920754432678223
	],
	"6. right_hip": [
		0.6343960165977478,
		0.6147341132164001,
		0.07471457868814468,
		0.9995934963226318
	],
	"7. right_knee": [
		0.5039002895355225,
		0.7349933981895447,
		-0.2127155363559723,
		0.9904547333717346
	],
	"8. right_ankle": [
		0.5166797041893005,
		0.9171678423881531,
		0.0007107921992428601,
		0.9905563592910767
	],
	"14. left_shoulder": [
		0.7218965888023376,
		0.3876199424266815,
		0.038407281041145325,
		0.9998977184295654
	],
	"15. left_elbow": [
		0.7836558222770691,
		0.46170297265052795,
		-0.16201800107955933,
		0.9310448169708252
	],
	"16. left_wrist": [
		0.8226603865623474,
		0.44203755259513855,
		-0.551491916179657,
		0.8875343203544617
	],
	"19. right_shoulder": [
		0.5841232538223267,
		0.3934165835380554,
		0.10953943431377411,
		0.9992903470993042
	],
	"20. right_elbow": [
		0.5992343425750732,
		0.5014801621437073,
		0.12408272176980972,
		0.5566964149475098
	],
	"21. right_wrist": [
		0.6309940814971924,
		0.6022449731826782,
		-0.02910098433494568,
		0.4915604293346405
	],
	"24. nose": [
		0.6775863170623779,
		0.3110922574996948,
		-0.23145230114459991,
		0.9999239444732666
	],
	"25. left_eye": [
		0.6863590478897095,
		0.2978586256504059,
		-0.19260552525520325,
		0.999845027923584
	],
	"26. right_eye": [
		0.6627920866012573,
		0.2937999367713928,
		-0.2035660445690155,
		0.999808132648468
	],
	"27. left_ear": [
		0.690630316734314,
		0.30476680397987366,
		0.00737383309751749,
		0.9997720718383789
	],
	"28. right_ear": [
		0.6452096104621887,
		0.29770275950431824,
		-0.04145556688308716,
		0.9996883273124695
	],
	"time stamp": 30.0
}