{
	"1. left_hip": [
		0.5994584560394287,
		0.5785140991210938,
		-0.009398885071277618,
		0.9998159408569336
	],
	"2. left_knee": [
		0.6726901531219482,
		0.7531684637069702,
		-0.11390049010515213,
		0.9963422417640686
	],
	"3. left_ankle": [
		0.7496241331100464,
		0.9057880640029907,
		0.14596346020698547,
		0.9940989017486572
	],
	"6. right_hip": [
		0.51760333776474,
		0.5813125967979431,
		0.009303919970989227,
		0.9997571110725403
	],
	"7. right_knee": [
		0.4808292090892792,
		0.7688854932785034,
		-0.06281620264053345,
		0.9928346872329712
	],
	"8. right_ankle": [
		0.46876615285873413,
		0.9093586206436157,
		0.24950598180294037,
		0.9907888174057007
	],
	"14. left_shoulder": [
		0.6335359215736389,
		0.35288068652153015,
		-0.11162547022104263,
		0.9999035596847534
	],
	"15. left_elbow": [
		0.7083991169929504,
		0.2781773805618286,
		-0.12806135416030884,
		0.9788315892219543
	],
	"16. left_wrist": [
		0.7845731973648071,
		0.20345978438854218,
		-0.2389698028564453,
		0.9582036733627319
	],
	"19. right_shoulder": [
		0.5044428706169128,
		0.36010071635246277,
		-0.10350862145423889,
		0.9995070695877075
	],
	"20. right_elbow": [
		0.5004662275314331,
		0.47714969515800476,
		-0.03211281821131706,
		0.7228943705558777
	],
	"21. right_wrist": [
		0.4941227436065674,
		0.5645174980163574,
		-0.13052265346050262,
		0.5966207981109619
	],
	"24. nose": [
		0.5916458368301392,
		0.28874173760414124,
		-0.45394212007522583,
		0.9999806880950928
	],
	"25. left_eye": [
		0.6079844832420349,
		0.2773742973804474,
		-0.42016318440437317,
		0.9999532699584961
	],
	"26. right_eye": [
		0.5808775424957275,
		0.2734566926956177,
		-0.4263542592525482,
		0.9999514818191528
	],
	"27. left_ear": [
		0.617094874382019,
		0.2871367931365967,
		-0.2158060073852539,
		0.9999331831932068
	],
	"28. right_ear": [
		0.5695472955703735,
		0.2775614857673645,
		-0.24462991952896118,
		0.9999294877052307
	],
	"time stamp": 30.0
}