{
	"1. left_hip": [
		0.572188675403595,
		0.573589563369751,
		0.0008545394521206617,
		0.999804675579071
	],
	"2. left_knee": [
		0.610713005065918,
		0.752190887928009,
		-0.044177599251270294,
		0.9961827397346497
	],
	"3. left_ankle": [
		0.6793878078460693,
		0.9017940759658813,
		0.15336139500141144,
		0.9939500093460083
	],
	"6. right_hip": [
		0.49191173911094666,
		0.5694959163665771,
		-0.0010201081167906523,
		0.999744176864624
	],
	"7. right_knee": [
		0.4781661927700043,
		0.7648268938064575,
		-0.006292369682341814,
		0.9928667545318604
	],
	"8. right_ankle": [
		0.46800264716148376,
		0.9101195335388184,
		0.22253553569316864,
		0.990798830986023
	],
	"14. left_shoulder": [
		0.6115277409553528,
		0.356020450592041,
		-0.20879971981048584,
		0.999850869178772
	],
	"15. left_elbow": [
		0.6465119123458862,
		0.26474523544311523,
		-0.24966269731521606,
		0.9786336421966553
	],
	"16. left_wrist": [
		0.6545657515525818,
		0.16219845414161682,
		-0.34945040941238403,
		0.9530742168426514
	],
	"19. right_shoulder": [
		0.49084335565567017,
		0.3667961657047272,
		-0.1947842687368393,
		0.9995167851448059
	],
	"20. right_elbow": [
		0.4835507571697235,
		0.48202502727508545,
		-0.07474946975708008,
		0.6909939050674438
	],
	"21. right_wrist": [
		0.46180567145347595,
		0.5823652148246765,
		-0.11041970551013947,
		0.5103845000267029
	],
	"24. nose": [
		0.5540317296981812,
		0.2901020050048828,
		-0.5840011835098267,
		0.9999741911888123
	],
	"25. left_eye": [
		0.569834291934967,
		0.27773699164390564,
		-0.5536398887634277,
		0.9999301433563232
	],
	"26. right_eye": [
		0.5421133041381836,
		0.27289071679115295,
		-0.5572435259819031,
		0.9999405741691589
	],
	"27. left_ear": [
		0.5795722007751465,
		0.28585323691368103,
		-0.3452703058719635,
		0.9998929500579834
	],
	"28. right_ear": [
		0.5293641686439514,
		0.2778184413909912,
		-0.35833609104156494,
		0.9999275803565979
	],
	"time stamp": 30.0
}