{
	"1. left_hip": [
		0.5504975914955139,
		0.5731858611106873,
		-0.008751208893954754,
		0.9997609853744507
	],
	"2. left_knee": [
		0.5380523800849915,
		0.7508296370506287,
		-0.03339407965540886,
		0.9951557517051697
	],
	"3. left_ankle": [
		0.5899215340614319,
		0.8893783688545227,
		0.16086818277835846,
		0.9924628734588623
	],
	"6. right_hip": [
		0.47081056237220764,
		0.5703593492507935,
		0.008716910146176815,
		0.99970942735672
	],
	"7. right_knee": [
		0.4659198820590973,
		0.7636057734489441,
		-0.016470754519104958,
		0.9933456778526306
	],
	"8. right_ankle": [
		0.46859249472618103,
		0.906089186668396,
		0.19931872189044952,
		0.990484893321991
	],
	"14. left_shoulder": [
		0.588774561882019,
		0.3563086986541748,
		-0.0009306030115112662,
		0.9997798800468445
	],
	"15. left_elbow": [
		0.597651481628418,
		0.24477246403694153,
		-0.16909122467041016,
		0.9813351035118103
	],
	"16. left_wrist": [
		0.5549008846282959,
		0.151736319065094,
		-0.28807875514030457,
		0.9562547206878662
	],
	"19. right_shoulder": [
		0.46769219636917114,
		0.3721889853477478,
		0.04469592869281769,
		0.9994291067123413
	],
	"20. right_elbow": [
		0.47295764088630676,
		0.476790189743042,
		0.06833329796791077,
		0.6586532592773438
	],
	"21. right_wrist": [
		0.4649052619934082,
		0.5765680074691772,
		0.04107876494526863,
		0.4265531301498413
	],
	"24. nose": [
		0.5283521413803101,
		0.2975906431674957,
		-0.2464880794286728,
		0.9999116063117981
	],
	"25. left_eye": [
		0.5443654656410217,
		0.2816906273365021,
		-0.21123144030570984,
		0.9997538924217224
	],
	"26. right_eye": [
		0.5159398913383484,
		0.2831794023513794,
		-0.21813537180423737,
		0.9997957348823547
	],
	"27. left_ear": [
		0.5554838180541992,
		0.2896571159362793,
		-0.02426729165017605,
		0.999667227268219
	],
	"28. right_ear": [
		0.5045239329338074,
		0.28940093517303467,
		-0.05510939657688141,
		0.9997947812080383
	],
	"time stamp": 30.0
}