{
	"1. left_hip": [
		0.5155802369117737,
		0.5837169289588928,
		-0.07670889794826508,
		0.9997523427009583
	],
	"2. left_knee": [
		0.4689587354660034,
		0.7497276067733765,
		-0.16628168523311615,
		0.9882360696792603
	],
	"3. left_ankle": [
		0.51014643907547,
		0.8922364115715027,
		0.01983811892569065,
		0.9869494438171387
	],
	"6. right_hip": [
		0.43968886137008667,
		0.5842084884643555,
		0.07712489366531372,
		0.9996747374534607
	],
	"7. right_knee": [
		0.44733020663261414,
		0.7588335871696472,
		0.04606044664978981,
		0.953370213508606
	],
	"8. right_ankle": [
		0.471601277589798,
		0.9148389101028442,
		0.1896161139011383,
		0.9720278978347778
	],
	"14. left_shoulder": [
		0.55376136302948,
		0.3596855700016022,
		-0.011306295171380043,
		0.9997602105140686
	],
	"15. left_elbow": [
		0.6271939873695374,
		0.28812873363494873,
		-0.008011211641132832,
		0.9876775741577148
	],
	"16. left_wrist": [
		0.6979803442955017,
		0.22214704751968384,
		-0.057767607271671295,
		0.9577385783195496
	],
	"19. right_shoulder": [
		0.4329935610294342,
		0.3864108920097351,
		0.08143825829029083,
		0.9991694688796997
	],
	"20. right_elbow": [
		0.4385654032230377,
		0.49352332949638367,
		0.11873649060726166,
		0.49670395255088806
	],
	"21. right_wrist": [
		0.4327816069126129,
		0.5905532240867615,
		-0.007145713549107313,
		0.3357413411140442
	],
	"24. nose": [
		0.5006929636001587,
		0.30579477548599243,
		-0.2999843955039978,
		0.999890148639679
	],
	"25. left_eye": [
		0.5178236961364746,
		0.2928340435028076,
		-0.2641066014766693,
		0.9996716380119324
	],
	"26. right_eye": [
		0.4908429980278015,
		0.2893788516521454,
		-0.265841007232666,
		0.9997288584709167
	],
	"27. left_ear": [
		0.5264641046524048,
		0.2996200621128082,
		-0.06879302114248276,
		0.9995651245117188
	],
	"28. right_ear": [
		0.47807854413986206,
		0.29390257596969604,
		-0.07755274325609207,
		0.9996902346611023
	],
	"time stamp": 30.0
}