{
	"1. left_hip": [
		0.5147964358329773,
		0.5833597779273987,
		-0.06952566653490067,
		0.9997694492340088
	],
	"2. left_knee": [
		0.4710673987865448,
		0.7493042945861816,
		-0.1696062982082367,
		0.9884979128837585
	],
	"3. left_ankle": [
		0.517671525478363,
		0.8867237567901611,
		0.05664294958114624,
		0.9868963360786438
	],
	"6. right_hip": [
		0.4393833577632904,
		0.5836264491081238,
		0.06997232139110565,
		0.9996817111968994
	],
	"7. right_knee": [
		0.44448140263557434,
		0.7582949995994568,
		0.024005461484193802,
		0.9516690969467163
	],
	"8. right_ankle": [
		0.46929195523262024,
		0.9144579768180847,
		0.20979614555835724,
		0.9715493321418762
	],
	"14. left_shoulder": [
		0.5523349046707153,
		0.3572044372558594,
		-0.020656002685427666,
		0.999784529209137
	],
	"15. left_elbow": [
		0.6223321557044983,
		0.2794913351535797,
		-0.014291145838797092,
		0.9878877997398376
	],
	"16. left_wrist": [
		0.6931092739105225,
		0.2184055894613266,
		-0.06796058267354965,
		0.958815336227417
	],
	"19. right_shoulder": [
		0.43278583884239197,
		0.38447076082229614,
		0.06896914541721344,
		0.9991553425788879
	],
	"20. right_elbow": [
		0.4385257661342621,
		0.4923597574234009,
		0.12063071876764297,
		0.5051026344299316
	],
	"21. right_wrist": [
		0.4346722960472107,
		0.5895324945449829,
		0.0008333644364029169,
		0.3495635986328125
	],
	"24. nose": [
		0.5016553401947021,
		0.30819445848464966,
		-0.3054337799549103,
		0.9999024868011475
	],
	"25. left_eye": [
		0.5189232230186462,
		0.29506582021713257,
		-0.2696089744567871,
		0.9997053146362305
	],
	"26. right_eye": [
		0.4919423460960388,
		0.29071488976478577,
		-0.27480003237724304,
		0.9997557997703552
	],
	"27. left_ear": [
		0.5270971655845642,
		0.30011847615242004,
		-0.08138106763362885,
		0.999617874622345
	],
	"28. right_ear": [
		0.4780735373497009,
		0.2938137948513031,
		-0.08106628060340881,
		0.9997203946113586
	],
	"time stamp": 30.0
}