{
	"1. left_hip": [
		0.5305925011634827,
		0.5536209940910339,
		-0.05386686325073242,
		0.9997486472129822
	],
	"2. left_knee": [
		0.5223207473754883,
		0.7406706213951111,
		-0.12685526907444,
		0.9906070232391357
	],
	"3. left_ankle": [
		0.5617730617523193,
		0.8659765720367432,
		0.1740444451570511,
		0.9853090643882751
	],
	"6. right_hip": [
		0.4627659320831299,
		0.5576863288879395,
		0.053933896124362946,
		0.9996783137321472
	],
	"7. right_knee": [
		0.4519176483154297,
		0.7397983074188232,
		0.023661399260163307,
		0.9612055420875549
	],
	"8. right_ankle": [
		0.4633857011795044,
		0.903436541557312,
		0.26824095845222473,
		0.9779576063156128
	],
	"14. left_shoulder": [
		0.5550397038459778,
		0.33500051498413086,
		0.012237181887030602,
		0.9996171593666077
	],
	"15. left_elbow": [
		0.5661181807518005,
		0.22519639134407043,
		-0.13549643754959106,
		0.9817872643470764
	],
	"16. left_wrist": [
		0.5282429456710815,
		0.12157322466373444,
		-0.20462433993816376,
		0.9463340640068054
	],
	"19. right_shoulder": [
		0.4478527009487152,
		0.35570788383483887,
		0.1552877128124237,
		0.9990811944007874
	],
	"20. right_elbow": [
		0.4513044059276581,
		0.4548652768135071,
		0.20315299928188324,
		0.5691050291061401
	],
	"21. right_wrist": [
		0.47885385155677795,
		0.5352405905723572,
		0.12849080562591553,
		0.42978498339653015
	],
	"24. nose": [
		0.5188770890235901,
		0.2621096968650818,
		-0.20793719589710236,
		0.9998652338981628
	],
	"25. left_eye": [
		0.5322025418281555,
		0.2530854046344757,
		-0.17205770313739777,
		0.9995761513710022
	],
	"26. right_eye": [
		0.5087167024612427,
		0.2513332962989807,
		-0.17146043479442596,
		0.999697744846344
	],
	"27. left_ear": [
		0.5365598201751709,
		0.26347285509109497,
		0.008156239055097103,
		0.9994895458221436
	],
	"28. right_ear": [
		0.4898521900177002,
		0.25890082120895386,
		0.012951117008924484,
		0.9996560215950012
	],
	"time stamp": 30.0
}