{
	"1. left_hip": [
		0.5353865027427673,
		0.5489087104797363,
		-0.059376124292612076,
		0.9997357726097107
	],
	"2. left_knee": [
		0.5274530649185181,
		0.7349205017089844,
		-0.10635332763195038,
		0.9911843538284302
	],
	"3. left_ankle": [
		0.5648972988128662,
		0.8673624396324158,
		0.09200647473335266,
		0.9862213730812073
	],
	"6. right_hip": [
		0.468857079744339,
		0.5548309087753296,
		0.05938950181007385,
		0.9996690154075623
	],
	"7. right_knee": [
		0.451706200838089,
		0.7354642152786255,
		0.04293555021286011,
		0.9643662571907043
	],
	"8. right_ankle": [
		0.4633239805698395,
		0.901052713394165,
		0.2177840620279312,
		0.9794277548789978
	],
	"14. left_shoulder": [
		0.5558385848999023,
		0.32909923791885376,
		-0.0007928819977678359,
		0.9996076822280884
	],
	"15. left_elbow": [
		0.5581023097038269,
		0.22538721561431885,
		-0.1890520453453064,
		0.9830759763717651
	],
	"16. left_wrist": [
		0.5035148859024048,
		0.13254939019680023,
		-0.288514643907547,
		0.9503693580627441
	],
	"19. right_shoulder": [
		0.45301610231399536,
		0.3544135093688965,
		0.15119265019893646,
		0.9990717172622681
	],
	"20. right_elbow": [
		0.45252367854118347,
		0.45113834738731384,
		0.1909182220697403,
		0.5842408537864685
	],
	"21. right_wrist": [
		0.4751580059528351,
		0.5191526412963867,
		0.06553177535533905,
		0.44802743196487427
	],
	"24. nose": [
		0.5184051394462585,
		0.26096341013908386,
		-0.19986434280872345,
		0.9998308420181274
	],
	"25. left_eye": [
		0.5319527387619019,
		0.2525225877761841,
		-0.16477100551128387,
		0.9995006918907166
	],
	"26. right_eye": [
		0.5080920457839966,
		0.2520061731338501,
		-0.16404461860656738,
		0.9996364116668701
	],
	"27. left_ear": [
		0.5360124111175537,
		0.2639169991016388,
		0.01243301760405302,
		0.999427318572998
	],
	"28. right_ear": [
		0.49251267313957214,
		0.2614007592201233,
		0.017893971875309944,
		0.9995914101600647
	],
	"time stamp": 30.0
}