{
	"1. left_hip": [
		0.5508101582527161,
		0.5506576299667358,
		-0.07092935591936111,
		0.9996924996376038
	],
	"2. left_knee": [
		0.5450343489646912,
		0.7330849766731262,
		-0.12268005311489105,
		0.9919551014900208
	],
	"3. left_ankle": [
		0.5684306025505066,
		0.8787650465965271,
		0.033509958535432816,
		0.9871698021888733
	],
	"6. right_hip": [
		0.48200204968452454,
		0.5561231970787048,
		0.07101261615753174,
		0.9996324181556702
	],
	"7. right_knee": [
		0.45087745785713196,
		0.7339816689491272,
		0.04059147462248802,
		0.9683409333229065
	],
	"8. right_ankle": [
		0.46504926681518555,
		0.9002390503883362,
		0.17890338599681854,
		0.9810382723808289
	],
	"14. left_shoulder": [
		0.5584245324134827,
		0.3316909670829773,
		0.006596166640520096,
		0.9995699524879456
	],
	"15. left_elbow": [
		0.5555310249328613,
		0.22854378819465637,
		-0.1798257827758789,
		0.9847574830055237
	],
	"16. left_wrist": [
		0.48244449496269226,
		0.15046623349189758,
		-0.16448745131492615,
		0.9533635377883911
	],
	"19. right_shoulder": [
		0.4596417248249054,
		0.35576140880584717,
		0.1606651097536087,
		0.9990156292915344
	],
	"20. right_elbow": [
		0.46174156665802,
		0.45058032870292664,
		0.16855546832084656,
		0.595585823059082
	],
	"21. right_wrist": [
		0.4749659299850464,
		0.5452966094017029,
		0.044124651700258255,
		0.4615689814090729
	],
	"24. nose": [
		0.5211597084999084,
		0.26734912395477295,
		-0.18223656713962555,
		0.999736487865448
	],
	"25. left_eye": [
		0.5333635210990906,
		0.25775018334388733,
		-0.14626938104629517,
		0.9992696642875671
	],
	"26. right_eye": [
		0.511378824710846,
		0.255698025226593,
		-0.1487950086593628,
		0.9994982481002808
	],
	"27. left_ear": [
		0.5369427800178528,
		0.26709678769111633,
		0.03368915244936943,
		0.9992620944976807
	],
	"28. right_ear": [
		0.4977612793445587,
		0.26503390073776245,
		0.02772204391658306,
		0.9994639754295349
	],
	"time stamp": 30.0
}