{
	"1. left_hip": [
		0.5672239661216736,
		0.5529630184173584,
		-0.044296588748693466,
		0.9994662404060364
	],
	"2. left_knee": [
		0.5595292448997498,
		0.7325507402420044,
		-0.10045766830444336,
		0.9915777444839478
	],
	"3. left_ankle": [
		0.5758940577507019,
		0.8883216977119446,
		0.051303401589393616,
		0.9842633605003357
	],
	"6. right_hip": [
		0.49823588132858276,
		0.5612585544586182,
		0.044468335807323456,
		0.9994812607765198
	],
	"7. right_knee": [
		0.4417303800582886,
		0.7337427735328674,
		-0.050269100815057755,
		0.9733905792236328
	],
	"8. right_ankle": [
		0.479400098323822,
		0.9036014080047607,
		0.09940749406814575,
		0.980341374874115
	],
	"14. left_shoulder": [
		0.5710930824279785,
		0.34618309140205383,
		0.014418276026844978,
		0.9992283582687378
	],
	"15. left_elbow": [
		0.5818378925323486,
		0.23542703688144684,
		-0.10896219313144684,
		0.9843874573707581
	],
	"16. left_wrist": [
		0.5000661015510559,
		0.19542112946510315,
		-0.14498701691627502,
		0.9334552884101868
	],
	"19. right_shoulder": [
		0.4620102047920227,
		0.36415451765060425,
		0.053039927035570145,
		0.9989305138587952
	],
	"20. right_elbow": [
		0.47502076625823975,
		0.46915116906166077,
		0.05415521562099457,
		0.6811954975128174
	],
	"21. right_wrist": [
		0.48997610807418823,
		0.5706791281700134,
		0.06102638319134712,
		0.5260185599327087
	],
	"24. nose": [
		0.5305595993995667,
		0.27169597148895264,
		-0.2633167803287506,
		0.9997372627258301
	],
	"25. left_eye": [
		0.5431573390960693,
		0.26393476128578186,
		-0.2219804972410202,
		0.9992520809173584
	],
	"26. right_eye": [
		0.5191846489906311,
		0.25847628712654114,
		-0.23306535184383392,
		0.999536395072937
	],
	"27. left_ear": [
		0.5492529273033142,
		0.2767007648944855,
		-0.01659194752573967,
		0.9992199540138245
	],
	"28. right_ear": [
		0.5042902827262878,
		0.269795298576355,
		-0.06324295699596405,
		0.9995536208152771
	],
	"time stamp": 30.0
}