{
	"1. left_hip": [
		0.5777610540390015,
		0.5712016224861145,
		-0.06538035720586777,
		0.9994774460792542
	],
	"2. left_knee": [
		0.5641210079193115,
		0.7378501892089844,
		-0.1474653035402298,
		0.990680992603302
	],
	"3. left_ankle": [
		0.5751463770866394,
		0.8888391852378845,
		0.09099987894296646,
		0.9823468923568726
	],
	"6. right_hip": [
		0.5079318284988403,
		0.5816722512245178,
		0.06553661078214645,
		0.9995895624160767
	],
	"7. right_knee": [
		0.4304502308368683,
		0.7317400574684143,
		-0.2069905549287796,
		0.9775026440620422
	],
	"8. right_ankle": [
		0.48147138953208923,
		0.9043673276901245,
		-0.03159627690911293,
		0.9818252921104431
	],
	"14. left_shoulder": [
		0.5820149183273315,
		0.3652186393737793,
		-0.11267272382974625,
		0.9990898370742798
	],
	"15. left_elbow": [
		0.6233201026916504,
		0.2666729688644409,
		-0.19170233607292175,
		0.9871029853820801
	],
	"16. left_wrist": [
		0.5260254144668579,
		0.22581520676612854,
		-0.1884615421295166,
		0.9074228405952454
	],
	"19. right_shoulder": [
		0.4637042284011841,
		0.3813798129558563,
		-0.0374833382666111,
		0.9991018176078796
	],
	"20. right_elbow": [
		0.4776844382286072,
		0.4882308840751648,
		0.035388629883527756,
		0.7293338179588318
	],
	"21. right_wrist": [
		0.49636968970298767,
		0.5840484499931335,
		-0.030825350433588028,
		0.5504806637763977
	],
	"24. nose": [
		0.5409451127052307,
		0.28807350993156433,
		-0.4232204556465149,
		0.9998248815536499
	],
	"25. left_eye": [
		0.5553464889526367,
		0.28186559677124023,
		-0.3843817710876465,
		0.9994761347770691
	],
	"26. right_eye": [
		0.5295626521110535,
		0.2744847238063812,
		-0.39020639657974243,
		0.999695360660553
	],
	"27. left_ear": [
		0.5623777508735657,
		0.2961350083351135,
		-0.17301751673221588,
		0.9994213581085205
	],
	"28. right_ear": [
		0.5152348279953003,
		0.28155431151390076,
		-0.19989213347434998,
		0.999714732170105
	],
	"time stamp": 30.0
}