{
	"1. left_hip": [
		0.5870577692985535,
		0.5836260318756104,
		-0.05678459629416466,
		0.999580979347229
	],
	"2. left_knee": [
		0.5718726515769958,
		0.7527993321418762,
		-0.11649653315544128,
		0.9879578351974487
	],
	"3. left_ankle": [
		0.5766681432723999,
		0.8923096656799316,
		0.18290935456752777,
		0.9783919453620911
	],
	"6. right_hip": [
		0.5136256217956543,
		0.5927066802978516,
		0.05679900199174881,
		0.9997234344482422
	],
	"7. right_knee": [
		0.43072763085365295,
		0.7357848882675171,
		-0.233518585562706,
		0.9767235517501831
	],
	"8. right_ankle": [
		0.4863024055957794,
		0.9042342305183411,
		-0.03775975853204727,
		0.9821633100509644
	],
	"14. left_shoulder": [
		0.5917936563491821,
		0.3720817267894745,
		-0.07488728314638138,
		0.9991995692253113
	],
	"15. left_elbow": [
		0.6689358353614807,
		0.30428969860076904,
		-0.06280872225761414,
		0.9909541010856628
	],
	"16. left_wrist": [
		0.5807541608810425,
		0.2531435787677765,
		-0.0307637769728899,
		0.8881323337554932
	],
	"19. right_shoulder": [
		0.4711516499519348,
		0.3825536370277405,
		-0.03831156715750694,
		0.9993481636047363
	],
	"20. right_elbow": [
		0.4748772978782654,
		0.4846794903278351,
		0.028854958713054657,
		0.7314484119415283
	],
	"21. right_wrist": [
		0.5002656579017639,
		0.575635552406311,
		-0.042884185910224915,
		0.5293147563934326
	],
	"24. nose": [
		0.5468467473983765,
		0.3027661144733429,
		-0.41439515352249146,
		0.9999029636383057
	],
	"25. left_eye": [
		0.5612308382987976,
		0.2942624092102051,
		-0.3756202161312103,
		0.9996991753578186
	],
	"26. right_eye": [
		0.5362647175788879,
		0.2885456085205078,
		-0.3840580880641937,
		0.9998320937156677
	],
	"27. left_ear": [
		0.571438193321228,
		0.3047550916671753,
		-0.1606728881597519,
		0.999652624130249
	],
	"28. right_ear": [
		0.5223995447158813,
		0.2951667904853821,
		-0.20120351016521454,
		0.999845027923584
	],
	"time stamp": 30.0
}