{
	"1. left_hip": [
		0.5537586808204651,
		0.5590822696685791,
		-0.016634834930300713,
		0.9997778534889221
	],
	"2. left_knee": [
		0.5510948896408081,
		0.7320239543914795,
		-0.056509632617235184,
		0.9848911166191101
	],
	"3. left_ankle": [
		0.5601027607917786,
		0.8754422664642334,
		0.13354159891605377,
		0.9745349287986755
	],
	"6. right_hip": [
		0.4823654890060425,
		0.5611522793769836,
		0.016557110473513603,
		0.9993173480033875
	],
	"7. right_knee": [
		0.5052770972251892,
		0.7389911413192749,
		0.008978959172964096,
		0.9610173106193542
	],
	"8. right_ankle": [
		0.5156838297843933,
		0.8693926334381104,
		0.20802326500415802,
		0.9105654358863831
	],
	"14. left_shoulder": [
		0.5853127241134644,
		0.36451467871665955,
		-0.13509945571422577,
		0.9998615980148315
	],
	"15. left_elbow": [
		0.6786141991615295,
		0.32912591099739075,
		-0.32880139350891113,
		0.9970788359642029
	],
	"16. left_wrist": [
		0.5932199954986572,
		0.27671313285827637,
		-0.5388105511665344,
		0.9618933796882629
	],
	"19. right_shoulder": [
		0.4707767367362976,
		0.3687797486782074,
		-0.0979175791144371,
		0.9994243383407593
	],
	"20. right_elbow": [
		0.466429740190506,
		0.471068412065506,
		-0.029975207522511482,
		0.7392210364341736
	],
	"21. right_wrist": [
		0.4711994230747223,
		0.5621786117553711,
		-0.08082577586174011,
		0.5141002535820007
	],
	"24. nose": [
		0.5283041596412659,
		0.30202215909957886,
		-0.45478859543800354,
		0.9999565482139587
	],
	"25. left_eye": [
		0.5404480695724487,
		0.28984636068344116,
		-0.42800372838974,
		0.999870240688324
	],
	"26. right_eye": [
		0.5169380903244019,
		0.2889283299446106,
		-0.42941775918006897,
		0.9998613595962524
	],
	"27. left_ear": [
		0.5512851476669312,
		0.29527756571769714,
		-0.24246802926063538,
		0.9998546838760376
	],
	"28. right_ear": [
		0.5071348547935486,
		0.29549580812454224,
		-0.24658864736557007,
		0.999884843826294
	],
	"time stamp": 30.0
}