{
	"1. left_hip": [
		0.5469903945922852,
		0.562634289264679,
		-0.016936808824539185,
		0.9996652007102966
	],
	"2. left_knee": [
		0.5375757217407227,
		0.7250300049781799,
		-0.04672319442033768,
		0.9787918925285339
	],
	"3. left_ankle": [
		0.5512039661407471,
		0.8646509051322937,
		0.15097029507160187,
		0.9715430736541748
	],
	"6. right_hip": [
		0.4765326976776123,
		0.5604715943336487,
		0.01680264249444008,
		0.9991177320480347
	],
	"7. right_knee": [
		0.4990667998790741,
		0.7326380610466003,
		0.005126230884343386,
		0.961357831954956
	],
	"8. right_ankle": [
		0.5162391662597656,
		0.8749430179595947,
		0.18202468752861023,
		0.9338664412498474
	],
	"14. left_shoulder": [
		0.5852032899856567,
		0.3686763346195221,
		-0.13570857048034668,
		0.9999083280563354
	],
	"15. left_elbow": [
		0.6819583177566528,
		0.36768972873687744,
		-0.3396449685096741,
		0.997931957244873
	],
	"16. left_wrist": [
		0.607051432132721,
		0.3034127354621887,
		-0.6110538244247437,
		0.975426435470581
	],
	"19. right_shoulder": [
		0.47132283449172974,
		0.3784792125225067,
		-0.07944368571043015,
		0.9994535446166992
	],
	"20. right_elbow": [
		0.4476138651371002,
		0.4732339084148407,
		0.01380778569728136,
		0.7945668697357178
	],
	"21. right_wrist": [
		0.4388592541217804,
		0.5606380701065063,
		-0.026168540120124817,
		0.5840004682540894
	],
	"24. nose": [
		0.5293872952461243,
		0.30260753631591797,
		-0.44484516978263855,
		0.9999710917472839
	],
	"25. left_eye": [
		0.5415539741516113,
		0.2916518449783325,
		-0.41715502738952637,
		0.9999166131019592
	],
	"26. right_eye": [
		0.5164032578468323,
		0.29267218708992004,
		-0.4182169735431671,
		0.9999039769172668
	],
	"27. left_ear": [
		0.5519543886184692,
		0.29721564054489136,
		-0.23648270964622498,
		0.9999078512191772
	],
	"28. right_ear": [
		0.5060591101646423,
		0.2993922829627991,
		-0.23997536301612854,
		0.9999150633811951
	],
	"time stamp": 30.0
}