{
	"1. left_hip": [
		0.5470386147499084,
		0.5661941766738892,
		-0.024767039343714714,
		0.9996662735939026
	],
	"2. left_knee": [
		0.5380542874336243,
		0.7266145348548889,
		-0.048228129744529724,
		0.979043185710907
	],
	"3. left_ankle": [
		0.5517593026161194,
		0.8651292324066162,
		0.12241679430007935,
		0.9726272821426392
	],
	"6. right_hip": [
		0.4760500490665436,
		0.5626193284988403,
		0.024655699729919434,
		0.9991432428359985
	],
	"7. right_knee": [
		0.49900364875793457,
		0.7327722311019897,
		0.003937331028282642,
		0.9623796939849854
	],
	"8. right_ankle": [
		0.517310380935669,
		0.8751046061515808,
		0.16502711176872253,
		0.9374156594276428
	],
	"14. left_shoulder": [
		0.5852429866790771,
		0.3747158944606781,
		-0.056518010795116425,
		0.999915361404419
	],
	"15. left_elbow": [
		0.6818761825561523,
		0.378126323223114,
		-0.26962995529174805,
		0.9980517029762268
	],
	"16. left_wrist": [
		0.6088297367095947,
		0.31281137466430664,
		-0.5612914562225342,
		0.9773522615432739
	],
	"19. right_shoulder": [
		0.4711642265319824,
		0.38222283124923706,
		0.021216940134763718,
		0.9994922280311584
	],
	"20. right_elbow": [
		0.43895602226257324,
		0.4721033275127411,
		0.1426963061094284,
		0.8090956211090088
	],
	"21. right_wrist": [
		0.431876540184021,
		0.5389032959938049,
		0.12958122789859772,
		0.6128511428833008
	],
	"24. nose": [
		0.5292407274246216,
		0.30460837483406067,
		-0.33759161829948425,
		0.999973475933075
	],
	"25. left_eye": [
		0.5415819883346558,
		0.29423296451568604,
		-0.30787912011146545,
		0.9999238848686218
	],
	"26. right_eye": [
		0.5159685015678406,
		0.2950707674026489,
		-0.30741357803344727,
		0.9999120235443115
	],
	"27. left_ear": [
		0.552008330821991,
		0.2994508445262909,
		-0.13305917382240295,
		0.9999158382415771
	],
	"28. right_ear": [
		0.5059423446655273,
		0.3012942671775818,
		-0.13038747012615204,
		0.9999221563339233
	],
	"time stamp": 30.0
}