{
	"1. left_hip": [
		0.5792977213859558,
		0.5808538794517517,
		0.004195180721580982,
		0.998687207698822
	],
	"2. left_knee": [
		0.5553537607192993,
		0.7399722337722778,
		0.017757343128323555,
		0.9763206243515015
	],
	"3. left_ankle": [
		0.5613074898719788,
		0.8702046871185303,
		0.18914708495140076,
		0.9721013307571411
	],
	"6. right_hip": [
		0.5112669467926025,
		0.5873757600784302,
		-0.004121722653508186,
		0.9978969097137451
	],
	"7. right_knee": [
		0.503795862197876,
		0.7383127808570862,
		-0.022968735545873642,
		0.9458127021789551
	],
	"8. right_ankle": [
		0.5106650590896606,
		0.8672574162483215,
		0.1638990342617035,
		0.9522701501846313
	],
	"14. left_shoulder": [
		0.5816179513931274,
		0.41009965538978577,
		-0.08479729294776917,
		0.9999479055404663
	],
	"15. left_elbow": [
		0.6063604950904846,
		0.4985049068927765,
		-0.00414733961224556,
		0.9751134514808655
	],
	"16. left_wrist": [
		0.6319423913955688,
		0.5628884434700012,
		-0.18863877654075623,
		0.9641926884651184
	],
	"19. right_shoulder": [
		0.46030357480049133,
		0.4122757017612457,
		-0.2172907292842865,
		0.9997090697288513
	],
	"20. right_elbow": [
		0.4697455167770386,
		0.5082485675811768,
		-0.18219204246997833,
		0.9492631554603577
	],
	"21. right_wrist": [
		0.5187265276908875,
		0.5657894015312195,
		-0.3204621374607086,
		0.9384176135063171
	],
	"24. nose": [
		0.5501702427864075,
		0.343341588973999,
		-0.42393577098846436,
		0.9999561905860901
	],
	"25. left_eye": [
		0.5585628151893616,
		0.3336625099182129,
		-0.3986881375312805,
		0.9998832941055298
	],
	"26. right_eye": [
		0.5388680696487427,
		0.32937419414520264,
		-0.42089903354644775,
		0.9998952746391296
	],
	"27. left_ear": [
		0.5618560314178467,
		0.3429650068283081,
		-0.22748395800590515,
		0.9997720122337341
	],
	"28. right_ear": [
		0.5227661728858948,
		0.3317453861236572,
		-0.33287638425827026,
		0.9998494386672974
	],
	"time stamp": 30.0
}