{
	"1. left_hip": [
		0.5812181234359741,
		0.5932780504226685,
		0.004337308928370476,
		0.9987744688987732
	],
	"2. left_knee": [
		0.5598958134651184,
		0.7465299963951111,
		0.012463708408176899,
		0.9781309366226196
	],
	"3. left_ankle": [
		0.5620959997177124,
		0.8715619444847107,
		0.23255132138729095,
		0.9715631604194641
	],
	"6. right_hip": [
		0.5142820477485657,
		0.5992181897163391,
		-0.004209271632134914,
		0.9981465339660645
	],
	"7. right_knee": [
		0.5065262913703918,
		0.7517049908638,
		-0.002572521800175309,
		0.9461773037910461
	],
	"8. right_ankle": [
		0.5128248929977417,
		0.8695050477981567,
		0.21196632087230682,
		0.9502938985824585
	],
	"14. left_shoulder": [
		0.5788298845291138,
		0.4184407889842987,
		-0.09050063043832779,
		0.9999485015869141
	],
	"15. left_elbow": [
		0.6066656112670898,
		0.5071369409561157,
		-0.08811230957508087,
		0.9726037383079529
	],
	"16. left_wrist": [
		0.6316164135932922,
		0.5680220127105713,
		-0.366191029548645,
		0.9685559868812561
	],
	"19. right_shoulder": [
		0.4585520923137665,
		0.4192856252193451,
		-0.1848730742931366,
		0.9997842311859131
	],
	"20. right_elbow": [
		0.4713306128978729,
		0.5175499320030212,
		-0.1842697709798813,
		0.9644113183021545
	],
	"21. right_wrist": [
		0.5256295800209045,
		0.5708789229393005,
		-0.3070264756679535,
		0.9572054147720337
	],
	"24. nose": [
		0.5506488680839539,
		0.35418280959129333,
		-0.4129883944988251,
		0.9999553561210632
	],
	"25. left_eye": [
		0.5588265657424927,
		0.34566226601600647,
		-0.38232481479644775,
		0.9998665452003479
	],
	"26. right_eye": [
		0.5400065779685974,
		0.3391667306423187,
		-0.404358834028244,
		0.9998930096626282
	],
	"27. left_ear": [
		0.5612278580665588,
		0.3531772494316101,
		-0.20310238003730774,
		0.9996680617332458
	],
	"28. right_ear": [
		0.5244371891021729,
		0.34147360920906067,
		-0.3024141788482666,
		0.9998568892478943
	],
	"time stamp": 30.0
}