{
	"1. left_hip": [
		0.5625588297843933,
		0.6143097281455994,
		0.03566819056868553,
		0.9995040893554688
	],
	"2. left_knee": [
		0.5708757042884827,
		0.7666659951210022,
		-0.06314988434314728,
		0.9069487452507019
	],
	"3. left_ankle": [
		0.5429547429084778,
		0.8769809007644653,
		0.14882706105709076,
		0.944191575050354
	],
	"6. right_hip": [
		0.49314337968826294,
		0.6045417189598083,
		-0.03567830100655556,
		0.9993807077407837
	],
	"7. right_knee": [
		0.518798828125,
		0.7590675950050354,
		-0.08469963818788528,
		0.9756841659545898
	],
	"8. right_ankle": [
		0.507049024105072,
		0.875914990901947,
		0.12259239703416824,
		0.9602538347244263
	],
	"14. left_shoulder": [
		0.6196324825286865,
		0.43223994970321655,
		0.011082879267632961,
		0.9999721646308899
	],
	"15. left_elbow": [
		0.6353192925453186,
		0.5234259366989136,
		-0.07056394964456558,
		0.9722617268562317
	],
	"16. left_wrist": [
		0.5959417223930359,
		0.5430076718330383,
		-0.39432990550994873,
		0.9712427258491516
	],
	"19. right_shoulder": [
		0.4985089600086212,
		0.44184473156929016,
		-7.460677807102911e-06,
		0.9999411702156067
	],
	"20. right_elbow": [
		0.4649544656276703,
		0.5227192640304565,
		-0.07647737115621567,
		0.9584380388259888
	],
	"21. right_wrist": [
		0.45768219232559204,
		0.5372475385665894,
		-0.3559667766094208,
		0.9415152668952942
	],
	"24. nose": [
		0.5304036140441895,
		0.3711690306663513,
		-0.28759366273880005,
		0.9999196529388428
	],
	"25. left_eye": [
		0.5407098531723022,
		0.3558790981769562,
		-0.26931700110435486,
		0.9998667240142822
	],
	"26. right_eye": [
		0.5233429670333862,
		0.3603428304195404,
		-0.2618389427661896,
		0.9998044967651367
	],
	"27. left_ear": [
		0.5602474808692932,
		0.35826900601387024,
		-0.11517095565795898,
		0.9997244477272034
	],
	"28. right_ear": [
		0.5252506136894226,
		0.3641641438007355,
		-0.07838047295808792,
		0.9997557997703552
	],
	"time stamp": 30.0
}