{
	"1. left_hip": [
		0.5635761618614197,
		0.6145828366279602,
		0.037270668894052505,
		0.9994595646858215
	],
	"2. left_knee": [
		0.5711214542388916,
		0.7665891647338867,
		-0.03521769493818283,
		0.9136062860488892
	],
	"3. left_ankle": [
		0.5430113673210144,
		0.8765411376953125,
		0.24103198945522308,
		0.9459457993507385
	],
	"6. right_hip": [
		0.49291008710861206,
		0.6052588224411011,
		-0.037308964878320694,
		0.9993500709533691
	],
	"7. right_knee": [
		0.517559826374054,
		0.757230281829834,
		-0.06686011701822281,
		0.9772022366523743
	],
	"8. right_ankle": [
		0.5072237849235535,
		0.8764017820358276,
		0.1891651600599289,
		0.9630037546157837
	],
	"14. left_shoulder": [
		0.6193290948867798,
		0.43182992935180664,
		-0.10611267387866974,
		0.9999582171440125
	],
	"15. left_elbow": [
		0.641013503074646,
		0.5222578048706055,
		-0.2007305920124054,
		0.9703090786933899
	],
	"16. left_wrist": [
		0.599141538143158,
		0.5436034798622131,
		-0.5214150547981262,
		0.9606314301490784
	],
	"19. right_shoulder": [
		0.49287036061286926,
		0.4416692554950714,
		-0.15718808770179749,
		0.9999338388442993
	],
	"20. right_elbow": [
		0.45905935764312744,
		0.5356074571609497,
		-0.24254147708415985,
		0.9622448086738586
	],
	"21. right_wrist": [
		0.4846862852573395,
		0.5409002304077148,
		-0.5241069197654724,
		0.9462814927101135
	],
	"24. nose": [
		0.532252311706543,
		0.3628060221672058,
		-0.4646206796169281,
		0.999910295009613
	],
	"25. left_eye": [
		0.5427538156509399,
		0.34719809889793396,
		-0.4410344064235687,
		0.999858558177948
	],
	"26. right_eye": [
		0.5240347385406494,
		0.35195422172546387,
		-0.43812480568885803,
		0.9998030662536621
	],
	"27. left_ear": [
		0.5611188411712646,
		0.3520839512348175,
		-0.2676129937171936,
		0.9997209310531616
	],
	"28. right_ear": [
		0.5248993635177612,
		0.35893699526786804,
		-0.24691595137119293,
		0.9997531771659851
	],
	"time stamp": 30.0
}