{
	"1. left_hip": [
		0.587167501449585,
		0.5705356001853943,
		0.07210074365139008,
		0.9993078112602234
	],
	"2. left_knee": [
		0.5802069902420044,
		0.7439782023429871,
		0.014591897837817669,
		0.92598557472229
	],
	"3. left_ankle": [
		0.5434312224388123,
		0.8687753677368164,
		0.2423408329486847,
		0.9373564124107361
	],
	"6. right_hip": [
		0.5217840671539307,
		0.5789810419082642,
		-0.07204359769821167,
		0.9989439249038696
	],
	"7. right_knee": [
		0.5323374271392822,
		0.7411127090454102,
		-0.13571587204933167,
		0.9696710109710693
	],
	"8. right_ankle": [
		0.5110737085342407,
		0.8716893792152405,
		0.06251407414674759,
		0.960302472114563
	],
	"14. left_shoulder": [
		0.5638693571090698,
		0.3884488046169281,
		0.10572410374879837,
		0.9999479651451111
	],
	"15. left_elbow": [
		0.6368923783302307,
		0.4460216462612152,
		0.058253221213817596,
		0.9733770489692688
	],
	"16. left_wrist": [
		0.6216588616371155,
		0.49037763476371765,
		-0.23745417594909668,
		0.9671839475631714
	],
	"19. right_shoulder": [
		0.44663357734680176,
		0.3971819579601288,
		-0.06382323056459427,
		0.9998794794082642
	],
	"20. right_elbow": [
		0.4539162516593933,
		0.48982179164886475,
		-0.14955751597881317,
		0.9778066873550415
	],
	"21. right_wrist": [
		0.5361422896385193,
		0.493941992521286,
		-0.32669636607170105,
		0.9629970192909241
	],
	"24. nose": [
		0.5256645679473877,
		0.33123916387557983,
		-0.2754257321357727,
		0.9999361634254456
	],
	"25. left_eye": [
		0.5375814437866211,
		0.3229943811893463,
		-0.23838494718074799,
		0.9998562335968018
	],
	"26. right_eye": [
		0.5169954299926758,
		0.31407448649406433,
		-0.2549630105495453,
		0.9998698830604553
	],
	"27. left_ear": [
		0.5428563952445984,
		0.33127686381340027,
		-0.031218916177749634,
		0.9995973110198975
	],
	"28. right_ear": [
		0.4992522895336151,
		0.316323459148407,
		-0.11057081073522568,
		0.999829888343811
	],
	"time stamp": 30.0
}