{
	"1. left_hip": [
		0.5869107842445374,
		0.5708135962486267,
		0.09562695026397705,
		0.9992930889129639
	],
	"2. left_knee": [
		0.579553484916687,
		0.7410340309143066,
		0.05670052021741867,
		0.9131370782852173
	],
	"3. left_ankle": [
		0.5417425632476807,
		0.8689690232276917,
		0.2424597442150116,
		0.9328438639640808
	],
	"6. right_hip": [
		0.5248700976371765,
		0.578819215297699,
		-0.09561645984649658,
		0.9989523887634277
	],
	"7. right_knee": [
		0.537566602230072,
		0.740312933921814,
		-0.14287704229354858,
		0.9700175523757935
	],
	"8. right_ankle": [
		0.5111618041992188,
		0.8736626505851746,
		0.023089352995157242,
		0.9614325165748596
	],
	"14. left_shoulder": [
		0.5620378851890564,
		0.3837912380695343,
		0.1373220831155777,
		0.9999496340751648
	],
	"15. left_elbow": [
		0.6376829743385315,
		0.4476519227027893,
		0.07535933703184128,
		0.9730899930000305
	],
	"16. left_wrist": [
		0.6166036128997803,
		0.4825408160686493,
		-0.2504309415817261,
		0.9677518606185913
	],
	"19. right_shoulder": [
		0.4485624134540558,
		0.39715084433555603,
		-0.07657435536384583,
		0.9998898506164551
	],
	"20. right_elbow": [
		0.4514016807079315,
		0.4911542236804962,
		-0.15839883685112,
		0.9795728325843811
	],
	"21. right_wrist": [
		0.5354933142662048,
		0.4924946129322052,
		-0.3220018744468689,
		0.9657357335090637
	],
	"24. nose": [
		0.5264398455619812,
		0.3317526578903198,
		-0.25079262256622314,
		0.9999383687973022
	],
	"25. left_eye": [
		0.5368236303329468,
		0.3228467106819153,
		-0.21533368527889252,
		0.9998591542243958
	],
	"26. right_eye": [
		0.5164786577224731,
		0.3144533336162567,
		-0.23699209094047546,
		0.9998780488967896
	],
	"27. left_ear": [
		0.5399637222290039,
		0.3292101323604584,
		-0.01324586570262909,
		0.999606728553772
	],
	"28. right_ear": [
		0.4992159903049469,
		0.31602445244789124,
		-0.11448873579502106,
		0.9998440146446228
	],
	"time stamp": 30.0
}