{
	"1. left_hip": [
		0.5854994654655457,
		0.5678024888038635,
		0.09601577371358871,
		0.9993387460708618
	],
	"2. left_knee": [
		0.579505443572998,
		0.7421104311943054,
		0.05822949483990669,
		0.9024732112884521
	],
	"3. left_ankle": [
		0.5398438572883606,
		0.8688637614250183,
		0.27003946900367737,
		0.9341700673103333
	],
	"6. right_hip": [
		0.5244100093841553,
		0.5783856511116028,
		-0.09602537006139755,
		0.9990391731262207
	],
	"7. right_knee": [
		0.5407954454421997,
		0.7413922548294067,
		-0.1416381597518921,
		0.9735815525054932
	],
	"8. right_ankle": [
		0.5118841528892517,
		0.8734340071678162,
		0.045676495879888535,
		0.9663026332855225
	],
	"14. left_shoulder": [
		0.5622513890266418,
		0.37918609380722046,
		0.12637951970100403,
		0.9999578595161438
	],
	"15. left_elbow": [
		0.6260743737220764,
		0.44742220640182495,
		0.07784602791070938,
		0.9724496006965637
	],
	"16. left_wrist": [
		0.6090666651725769,
		0.47722065448760986,
		-0.28436964750289917,
		0.9717828035354614
	],
	"19. right_shoulder": [
		0.44960615038871765,
		0.3957809507846832,
		-0.059654101729393005,
		0.9999154210090637
	],
	"20. right_elbow": [
		0.444527268409729,
		0.49446237087249756,
		-0.14884085953235626,
		0.983754575252533
	],
	"21. right_wrist": [
		0.5043863654136658,
		0.4965580105781555,
		-0.38133060932159424,
		0.9727553129196167
	],
	"24. nose": [
		0.5257387757301331,
		0.32977432012557983,
		-0.2689841687679291,
		0.9999480843544006
	],
	"25. left_eye": [
		0.5348541140556335,
		0.31983503699302673,
		-0.23617251217365265,
		0.9998794198036194
	],
	"26. right_eye": [
		0.5147724151611328,
		0.311869353055954,
		-0.25615522265434265,
		0.9999014139175415
	],
	"27. left_ear": [
		0.537699282169342,
		0.3244238495826721,
		-0.03320633992552757,
		0.9996656775474548
	],
	"28. right_ear": [
		0.4979146420955658,
		0.31217220425605774,
		-0.12828579545021057,
		0.9998795986175537
	],
	"time stamp": 30.0
}