{
	"1. left_hip": [
		0.5789032578468323,
		0.5607513785362244,
		0.023275155574083328,
		0.99937504529953
	],
	"2. left_knee": [
		0.5737214684486389,
		0.7274409532546997,
		-0.056638430804014206,
		0.9225017428398132
	],
	"3. left_ankle": [
		0.552905797958374,
		0.8640297651290894,
		0.2679036259651184,
		0.9342154860496521
	],
	"6. right_hip": [
		0.5073004364967346,
		0.5625389814376831,
		-0.023364441469311714,
		0.9992390275001526
	],
	"7. right_knee": [
		0.5114125609397888,
		0.7373273968696594,
		-0.0777336061000824,
		0.981002688407898
	],
	"8. right_ankle": [
		0.5238043069839478,
		0.9030002951622009,
		0.08418945968151093,
		0.9771196842193604
	],
	"14. left_shoulder": [
		0.60146164894104,
		0.3533335030078888,
		0.08427520096302032,
		0.9995309114456177
	],
	"15. left_elbow": [
		0.6343396306037903,
		0.2752203643321991,
		-0.25635671615600586,
		0.9546545743942261
	],
	"16. left_wrist": [
		0.6731585264205933,
		0.2098923623561859,
		-0.6056949496269226,
		0.9583076238632202
	],
	"19. right_shoulder": [
		0.49137353897094727,
		0.35042816400527954,
		0.028255078941583633,
		0.9995469450950623
	],
	"20. right_elbow": [
		0.43534982204437256,
		0.2887172996997833,
		-0.2800142467021942,
		0.9554705023765564
	],
	"21. right_wrist": [
		0.4029465615749359,
		0.22402352094650269,
		-0.6281795501708984,
		0.9221803545951843
	],
	"24. nose": [
		0.5522679090499878,
		0.28516992926597595,
		-0.14742256700992584,
		0.999845027923584
	],
	"25. left_eye": [
		0.5653051733970642,
		0.2756219506263733,
		-0.10967639088630676,
		0.9998130798339844
	],
	"26. right_eye": [
		0.54131019115448,
		0.2733704745769501,
		-0.11591427028179169,
		0.9996939301490784
	],
	"27. left_ear": [
		0.5751860737800598,
		0.2840886116027832,
		0.08006755262613297,
		0.999774158000946
	],
	"28. right_ear": [
		0.5286358594894409,
		0.2811269164085388,
		0.05053672194480896,
		0.9996868371963501
	],
	"time stamp": 30.0
}