{
	"1. left_hip": [
		0.5807560086250305,
		0.5562679171562195,
		0.0479908362030983,
		0.9993773698806763
	],
	"2. left_knee": [
		0.5746689438819885,
		0.7283226847648621,
		0.07341618835926056,
		0.9389761686325073
	],
	"3. left_ankle": [
		0.554380476474762,
		0.8585160970687866,
		0.4446980059146881,
		0.9398965239524841
	],
	"6. right_hip": [
		0.5033283829689026,
		0.5599844455718994,
		-0.04809094965457916,
		0.9993811845779419
	],
	"7. right_knee": [
		0.5042958855628967,
		0.7382011413574219,
		-0.12429645657539368,
		0.9847540259361267
	],
	"8. right_ankle": [
		0.5198792219161987,
		0.9032333493232727,
		0.02758103422820568,
		0.981686532497406
	],
	"14. left_shoulder": [
		0.6008256077766418,
		0.34361550211906433,
		-0.14797404408454895,
		0.9994649887084961
	],
	"15. left_elbow": [
		0.67908775806427,
		0.287090927362442,
		-0.12706322968006134,
		0.9619820713996887
	],
	"16. left_wrist": [
		0.767303466796875,
		0.2354707270860672,
		-0.3417336344718933,
		0.9665226936340332
	],
	"19. right_shoulder": [
		0.47191840410232544,
		0.34186631441116333,
		-0.28302717208862305,
		0.9995648860931396
	],
	"20. right_elbow": [
		0.37465789914131165,
		0.2967783212661743,
		-0.33123451471328735,
		0.9669464230537415
	],
	"21. right_wrist": [
		0.2969900667667389,
		0.23913073539733887,
		-0.5080063939094543,
		0.9423554539680481
	],
	"24. nose": [
		0.5444860458374023,
		0.2591761350631714,
		-0.5568823218345642,
		0.9998841881752014
	],
	"25. left_eye": [
		0.5580911636352539,
		0.253372460603714,
		-0.5199111700057983,
		0.9998524785041809
	],
	"26. right_eye": [
		0.5343794226646423,
		0.24926933646202087,
		-0.5352346301078796,
		0.9997704029083252
	],
	"27. left_ear": [
		0.5684318542480469,
		0.2667790651321411,
		-0.304693341255188,
		0.9998169541358948
	],
	"28. right_ear": [
		0.5216671228408813,
		0.26124662160873413,
		-0.37631407380104065,
		0.999763548374176
	],
	"time stamp": 30.0
}