{
	"1. left_hip": [
		0.5760740637779236,
		0.5580894947052002,
		0.02757001481950283,
		0.9987231492996216
	],
	"2. left_knee": [
		0.5736775398254395,
		0.7354860901832581,
		0.009905734099447727,
		0.9533184170722961
	],
	"3. left_ankle": [
		0.555559515953064,
		0.8570181131362915,
		0.3914284110069275,
		0.9364897608757019
	],
	"6. right_hip": [
		0.49475452303886414,
		0.5607483386993408,
		-0.027739813551306725,
		0.9992845058441162
	],
	"7. right_knee": [
		0.5013010501861572,
		0.747542679309845,
		-0.08163712173700333,
		0.9876396656036377
	],
	"8. right_ankle": [
		0.5131997466087341,
		0.9088609218597412,
		0.1258336454629898,
		0.9850783348083496
	],
	"14. left_shoulder": [
		0.6008716225624084,
		0.3484801650047302,
		-0.06546442955732346,
		0.9995243549346924
	],
	"15. left_elbow": [
		0.7031534314155579,
		0.3398207128047943,
		-0.051889147609472275,
		0.9742639660835266
	],
	"16. left_wrist": [
		0.7979350686073303,
		0.35458314418792725,
		-0.27292540669441223,
		0.9768863916397095
	],
	"19. right_shoulder": [
		0.4651736915111542,
		0.34468579292297363,
		-0.09418976306915283,
		0.9994102716445923
	],
	"20. right_elbow": [
		0.36250337958335876,
		0.33929282426834106,
		-0.052414294332265854,
		0.9771820306777954
	],
	"21. right_wrist": [
		0.2633647918701172,
		0.348773330450058,
		-0.18380247056484222,
		0.9600334763526917
	],
	"24. nose": [
		0.5370519757270813,
		0.25551334023475647,
		-0.40588268637657166,
		0.9999145269393921
	],
	"25. left_eye": [
		0.5502058267593384,
		0.24701766669750214,
		-0.37104806303977966,
		0.9998562932014465
	],
	"26. right_eye": [
		0.5257989168167114,
		0.24423514306545258,
		-0.3811514973640442,
		0.9998043775558472
	],
	"27. left_ear": [
		0.5606648921966553,
		0.26004987955093384,
		-0.17117293179035187,
		0.9997952580451965
	],
	"28. right_ear": [
		0.5128848552703857,
		0.2556786835193634,
		-0.22884520888328552,
		0.9997602701187134
	],
	"time stamp": 30.0
}