{
	"1. left_hip": [
		0.564736008644104,
		0.5808002948760986,
		0.007410179823637009,
		0.9988622665405273
	],
	"2. left_knee": [
		0.5587940812110901,
		0.7748773097991943,
		-0.03168719634413719,
		0.9650841951370239
	],
	"3. left_ankle": [
		0.5628102421760559,
		0.9198208451271057,
		0.2567305266857147,
		0.9518012404441833
	],
	"6. right_hip": [
		0.48801320791244507,
		0.5806620717048645,
		-0.00746233481913805,
		0.9990055561065674
	],
	"7. right_knee": [
		0.5027040839195251,
		0.7689584493637085,
		-0.060153424739837646,
		0.983458936214447
	],
	"8. right_ankle": [
		0.5209904313087463,
		0.9237452149391174,
		0.20175711810588837,
		0.9793511629104614
	],
	"14. left_shoulder": [
		0.5932411551475525,
		0.36953476071357727,
		-0.054754722863435745,
		0.9997282028198242
	],
	"15. left_elbow": [
		0.6417742967605591,
		0.45642390847206116,
		0.06368113309144974,
		0.9822884202003479
	],
	"16. left_wrist": [
		0.6961224675178528,
		0.5378732681274414,
		-0.11404978483915329,
		0.9839983582496643
	],
	"19. right_shoulder": [
		0.46290123462677,
		0.37032029032707214,
		-0.08344746381044388,
		0.9995726346969604
	],
	"20. right_elbow": [
		0.40609467029571533,
		0.4640352427959442,
		-0.01114997360855341,
		0.980194628238678
	],
	"21. right_wrist": [
		0.3549509346485138,
		0.5435831546783447,
		-0.19011569023132324,
		0.9679645299911499
	],
	"24. nose": [
		0.5317744016647339,
		0.2702443301677704,
		-0.4614574909210205,
		0.9999484419822693
	],
	"25. left_eye": [
		0.5456346273422241,
		0.261351078748703,
		-0.42565667629241943,
		0.9999011754989624
	],
	"26. right_eye": [
		0.5200220942497253,
		0.2600148022174835,
		-0.4334181547164917,
		0.999865710735321
	],
	"27. left_ear": [
		0.5560754537582397,
		0.2723187506198883,
		-0.20848917961120605,
		0.9998535513877869
	],
	"28. right_ear": [
		0.5078192949295044,
		0.26930326223373413,
		-0.24686866998672485,
		0.9998055100440979
	],
	"time stamp": 30.0
}