{
	"1. left_hip": [
		0.5598405003547668,
		0.5827343463897705,
		0.013220962136983871,
		0.9988775253295898
	],
	"2. left_knee": [
		0.5559444427490234,
		0.7723342180252075,
		-0.03647495433688164,
		0.9676584601402283
	],
	"3. left_ankle": [
		0.5653004050254822,
		0.9187977910041809,
		0.2503196597099304,
		0.9575258493423462
	],
	"6. right_hip": [
		0.4824952781200409,
		0.5827493667602539,
		-0.013214639388024807,
		0.9987976551055908
	],
	"7. right_knee": [
		0.5027731657028198,
		0.7733818888664246,
		-0.05308206379413605,
		0.9792059063911438
	],
	"8. right_ankle": [
		0.5178557634353638,
		0.9257507920265198,
		0.19900397956371307,
		0.9745023250579834
	],
	"14. left_shoulder": [
		0.5914008021354675,
		0.38297903537750244,
		-0.10555636137723923,
		0.9997788071632385
	],
	"15. left_elbow": [
		0.6040509939193726,
		0.4940620958805084,
		0.019401730969548225,
		0.9765704870223999
	],
	"16. left_wrist": [
		0.631093442440033,
		0.5807545185089111,
		-0.1339111179113388,
		0.970237672328949
	],
	"19. right_shoulder": [
		0.46236181259155273,
		0.3763964772224426,
		-0.16476832330226898,
		0.999552309513092
	],
	"20. right_elbow": [
		0.4517994225025177,
		0.4867422878742218,
		-0.1006646603345871,
		0.96710205078125
	],
	"21. right_wrist": [
		0.4445039927959442,
		0.5768206119537354,
		-0.2651253044605255,
		0.9382318258285522
	],
	"24. nose": [
		0.5320603847503662,
		0.28336599469184875,
		-0.5148995518684387,
		0.9999510049819946
	],
	"25. left_eye": [
		0.5462867021560669,
		0.2742334008216858,
		-0.4792865812778473,
		0.9999026656150818
	],
	"26. right_eye": [
		0.5194216966629028,
		0.27200180292129517,
		-0.48894181847572327,
		0.9998626112937927
	],
	"27. left_ear": [
		0.5564270615577698,
		0.2847720980644226,
		-0.26301541924476624,
		0.9998450875282288
	],
	"28. right_ear": [
		0.5069347620010376,
		0.2818205952644348,
		-0.3088519275188446,
		0.9997759461402893
	],
	"time stamp": 30.0
}