{
	"1. left_hip": [
		0.5561487674713135,
		0.5705784559249878,
		-0.0010693949880078435,
		0.9982502460479736
	],
	"2. left_knee": [
		0.5514820218086243,
		0.7576380372047424,
		-0.09508617222309113,
		0.9628104567527771
	],
	"3. left_ankle": [
		0.5628625750541687,
		0.8507598638534546,
		0.3636340796947479,
		0.8919825553894043
	],
	"6. right_hip": [
		0.48208534717559814,
		0.5810750722885132,
		0.0011489699827507138,
		0.9980417490005493
	],
	"7. right_knee": [
		0.49251505732536316,
		0.7623781561851501,
		-0.07356293499469757,
		0.9528416395187378
	],
	"8. right_ankle": [
		0.5144674181938171,
		0.9230599403381348,
		0.14301571249961853,
		0.9574437737464905
	],
	"14. left_shoulder": [
		0.5704481601715088,
		0.3696027994155884,
		-0.030333569273352623,
		0.9997996687889099
	],
	"15. left_elbow": [
		0.5934074521064758,
		0.475354939699173,
		0.02461303025484085,
		0.9610641598701477
	],
	"16. left_wrist": [
		0.6070689558982849,
		0.5705408453941345,
		-0.1474825143814087,
		0.9281070828437805
	],
	"19. right_shoulder": [
		0.4586886465549469,
		0.37916845083236694,
		-0.014743959531188011,
		0.9988111257553101
	],
	"20. right_elbow": [
		0.48229190707206726,
		0.491571307182312,
		0.049989499151706696,
		0.8057162165641785
	],
	"21. right_wrist": [
		0.4876672625541687,
		0.5790733098983765,
		-0.11016000807285309,
		0.7047876119613647
	],
	"24. nose": [
		0.5320990085601807,
		0.2925177216529846,
		-0.3737480044364929,
		0.9998725652694702
	],
	"25. left_eye": [
		0.5458167791366577,
		0.2828182578086853,
		-0.3435511589050293,
		0.9996899962425232
	],
	"26. right_eye": [
		0.5201635360717773,
		0.2778153121471405,
		-0.3491675555706024,
		0.9994935393333435
	],
	"27. left_ear": [
		0.5549757480621338,
		0.29208943247795105,
		-0.14494667947292328,
		0.999548614025116
	],
	"28. right_ear": [
		0.5041946172714233,
		0.2827880084514618,
		-0.17491354048252106,
		0.9984782338142395
	],
	"time stamp": 30.0
}