{
	"1. left_hip": [
		0.5560399293899536,
		0.5655598044395447,
		0.01007441058754921,
		0.9982979893684387
	],
	"2. left_knee": [
		0.5559743642807007,
		0.7555830478668213,
		-0.10811915993690491,
		0.9629458785057068
	],
	"3. left_ankle": [
		0.5550610423088074,
		0.8479021787643433,
		0.35194388031959534,
		0.8782100081443787
	],
	"6. right_hip": [
		0.48264363408088684,
		0.5765425562858582,
		-0.009762827306985855,
		0.9981037378311157
	],
	"7. right_knee": [
		0.4928441345691681,
		0.7615259885787964,
		-0.11011126637458801,
		0.953243613243103
	],
	"8. right_ankle": [
		0.5144830346107483,
		0.9202874302864075,
		0.09863816201686859,
		0.9576268196105957
	],
	"14. left_shoulder": [
		0.5622885823249817,
		0.361089825630188,
		0.08164536952972412,
		0.9997997283935547
	],
	"15. left_elbow": [
		0.5736560225486755,
		0.4597330689430237,
		0.04146779328584671,
		0.9477378726005554
	],
	"16. left_wrist": [
		0.5912765860557556,
		0.5462455153465271,
		-0.1977124959230423,
		0.9162898063659668
	],
	"19. right_shoulder": [
		0.46487870812416077,
		0.372769832611084,
		0.1192360371351242,
		0.9986696839332581
	],
	"20. right_elbow": [
		0.4890836477279663,
		0.48367416858673096,
		0.1767779290676117,
		0.7464284300804138
	],
	"21. right_wrist": [
		0.5001205205917358,
		0.5772901177406311,
		0.03383755311369896,
		0.6555588841438293
	],
	"24. nose": [
		0.5321050882339478,
		0.2923412322998047,
		-0.21687664091587067,
		0.9997593760490417
	],
	"25. left_eye": [
		0.54583340883255,
		0.28275519609451294,
		-0.18687239289283752,
		0.9994556307792664
	],
	"26. right_eye": [
		0.5205273628234863,
		0.276592880487442,
		-0.1899128556251526,
		0.9990267753601074
	],
	"27. left_ear": [
		0.5549330711364746,
		0.2920383810997009,
		0.0014884676784276962,
		0.9991973638534546
	],
	"28. right_ear": [
		0.5043799877166748,
		0.28027981519699097,
		-0.016617055982351303,
		0.9972947835922241
	],
	"time stamp": 30.0
}