{
	"1. left_hip": [
		0.5389071106910706,
		0.5518342852592468,
		0.15890763700008392,
		0.9977549910545349
	],
	"2. left_knee": [
		0.5579829216003418,
		0.719799816608429,
		0.1349266916513443,
		0.7764154672622681
	],
	"3. left_ankle": [
		0.5101064443588257,
		0.8747139573097229,
		0.24060223996639252,
		0.8270452618598938
	],
	"6. right_hip": [
		0.52342689037323,
		0.5514112710952759,
		-0.1588125377893448,
		0.9984540343284607
	],
	"7. right_knee": [
		0.552779495716095,
		0.727492094039917,
		-0.3428530693054199,
		0.9729734659194946
	],
	"8. right_ankle": [
		0.5005830526351929,
		0.904842734336853,
		-0.3659275472164154,
		0.9719988703727722
	],
	"14. left_shoulder": [
		0.5530363917350769,
		0.3587320148944855,
		0.2722555696964264,
		0.9989799857139587
	],
	"15. left_elbow": [
		0.5504812598228455,
		0.4653306305408478,
		0.3265363276004791,
		0.5805490016937256
	],
	"16. left_wrist": [
		0.5802990794181824,
		0.5498833060264587,
		0.18715286254882812,
		0.6075857877731323
	],
	"19. right_shoulder": [
		0.522540271282196,
		0.3519536256790161,
		-0.24177183210849762,
		0.9990858435630798
	],
	"20. right_elbow": [
		0.5287440419197083,
		0.4593556821346283,
		-0.25965309143066406,
		0.7923510670661926
	],
	"21. right_wrist": [
		0.5769764184951782,
		0.5402525663375854,
		-0.298806756734848,
		0.6341144442558289
	],
	"24. nose": [
		0.5577399134635925,
		0.2861553132534027,
		-0.28410592675209045,
		0.9997918009757996
	],
	"25. left_eye": [
		0.5611335039138794,
		0.2727974057197571,
		-0.24354444444179535,
		0.999546229839325
	],
	"26. right_eye": [
		0.5406975150108337,
		0.27334457635879517,
		-0.27631404995918274,
		0.9993316531181335
	],
	"27. left_ear": [
		0.560126543045044,
		0.2770610451698303,
		-0.03132191672921181,
		0.9990329146385193
	],
	"28. right_ear": [
		0.5242075324058533,
		0.2790040969848633,
		-0.17485548555850983,
		0.9984371662139893
	],
	"time stamp": 30.0
}