{
	"1. left_hip": [
		0.5664753317832947,
		0.5609570741653442,
		0.039676036685705185,
		0.9985193014144897
	],
	"2. left_knee": [
		0.5437897443771362,
		0.7325929999351501,
		0.009492064826190472,
		0.8084598183631897
	],
	"3. left_ankle": [
		0.5153583884239197,
		0.8764442205429077,
		0.22890041768550873,
		0.873954176902771
	],
	"6. right_hip": [
		0.4972998797893524,
		0.5592067241668701,
		-0.03947620838880539,
		0.9985171556472778
	],
	"7. right_knee": [
		0.5053833723068237,
		0.7271244525909424,
		-0.08765434473752975,
		0.9575203061103821
	],
	"8. right_ankle": [
		0.5159704685211182,
		0.8844358921051025,
		0.11385097354650497,
		0.963516354560852
	],
	"14. left_shoulder": [
		0.6022251844406128,
		0.3660977780818939,
		0.12336141616106033,
		0.9994716048240662
	],
	"15. left_elbow": [
		0.6388323307037354,
		0.46435409784317017,
		-0.055639442056417465,
		0.7315337061882019
	],
	"16. left_wrist": [
		0.5836572051048279,
		0.3911132514476776,
		-0.4119979441165924,
		0.7411948442459106
	],
	"19. right_shoulder": [
		0.4824693500995636,
		0.3676234781742096,
		0.07288692146539688,
		0.9994801878929138
	],
	"20. right_elbow": [
		0.4640474021434784,
		0.4720003008842468,
		-0.030125465244054794,
		0.8950992226600647
	],
	"21. right_wrist": [
		0.48419860005378723,
		0.46130964159965515,
		-0.3041974902153015,
		0.8607111573219299
	],
	"24. nose": [
		0.5551005601882935,
		0.2895827889442444,
		-0.2374124526977539,
		0.99980628490448
	],
	"25. left_eye": [
		0.5694855451583862,
		0.2796401083469391,
		-0.2002498358488083,
		0.9996809363365173
	],
	"26. right_eye": [
		0.5453675389289856,
		0.27438247203826904,
		-0.20676156878471375,
		0.999681830406189
	],
	"27. left_ear": [
		0.5781893134117126,
		0.2896547317504883,
		0.009656575508415699,
		0.9994245767593384
	],
	"28. right_ear": [
		0.5307628512382507,
		0.2770848572254181,
		-0.02220652811229229,
		0.999517560005188
	],
	"time stamp": 30.0
}