{
	"1. left_hip": [
		0.5694551467895508,
		0.5622694492340088,
		0.03654671087861061,
		0.9988417029380798
	],
	"2. left_knee": [
		0.5546459555625916,
		0.7440681457519531,
		-0.035538967698812485,
		0.8541041016578674
	],
	"3. left_ankle": [
		0.5171571969985962,
		0.8823197484016418,
		0.17557713389396667,
		0.8858618140220642
	],
	"6. right_hip": [
		0.49907344579696655,
		0.5597785711288452,
		-0.036529235541820526,
		0.9987032413482666
	],
	"7. right_knee": [
		0.5074650645256042,
		0.7342625856399536,
		-0.07574287801980972,
		0.9527091979980469
	],
	"8. right_ankle": [
		0.518147885799408,
		0.8812494874000549,
		0.12233500182628632,
		0.9520083665847778
	],
	"14. left_shoulder": [
		0.6069470047950745,
		0.3599134683609009,
		-0.015770668163895607,
		0.9996246099472046
	],
	"15. left_elbow": [
		0.67707359790802,
		0.3821971118450165,
		-0.23920710384845734,
		0.8780349493026733
	],
	"16. left_wrist": [
		0.5785810947418213,
		0.38831326365470886,
		-0.5827151536941528,
		0.8746742010116577
	],
	"19. right_shoulder": [
		0.4778457581996918,
		0.3724490702152252,
		-0.0873715728521347,
		0.9996155500411987
	],
	"20. right_elbow": [
		0.4249418079853058,
		0.46399033069610596,
		-0.2854025661945343,
		0.9455087184906006
	],
	"21. right_wrist": [
		0.49668511748313904,
		0.4447685778141022,
		-0.5831491947174072,
		0.9236882925033569
	],
	"24. nose": [
		0.5552706122398376,
		0.2940073609352112,
		-0.3739634156227112,
		0.9998195767402649
	],
	"25. left_eye": [
		0.5676496624946594,
		0.283748984336853,
		-0.3347397744655609,
		0.9996480345726013
	],
	"26. right_eye": [
		0.5446814894676208,
		0.27989262342453003,
		-0.34522882103919983,
		0.9997218251228333
	],
	"27. left_ear": [
		0.5758565664291382,
		0.2912728190422058,
		-0.1195896789431572,
		0.9993686676025391
	],
	"28. right_ear": [
		0.5289596319198608,
		0.2822713255882263,
		-0.16997571289539337,
		0.9996694922447205
	],
	"time stamp": 30.0
}