{
	"1. left_hip": [
		0.5699114203453064,
		0.5636336803436279,
		0.038766514509916306,
		0.998902440071106
	],
	"2. left_knee": [
		0.5612790584564209,
		0.7468884587287903,
		-0.031739380210638046,
		0.8644701838493347
	],
	"3. left_ankle": [
		0.5187569260597229,
		0.8768189549446106,
		0.2673220932483673,
		0.8817887902259827
	],
	"6. right_hip": [
		0.499603271484375,
		0.561111330986023,
		-0.038741372525691986,
		0.9987865686416626
	],
	"7. right_knee": [
		0.5090484023094177,
		0.7368320822715759,
		-0.07928849011659622,
		0.9547301530838013
	],
	"8. right_ankle": [
		0.5184314250946045,
		0.8837581872940063,
		0.1548980325460434,
		0.9534079432487488
	],
	"14. left_shoulder": [
		0.6061871647834778,
		0.357435941696167,
		-0.05008898675441742,
		0.999631404876709
	],
	"15. left_elbow": [
		0.6771280765533447,
		0.36398887634277344,
		-0.3510277271270752,
		0.899630606174469
	],
	"16. left_wrist": [
		0.5767328143119812,
		0.3771859109401703,
		-0.6613039374351501,
		0.8935034871101379
	],
	"19. right_shoulder": [
		0.4772959053516388,
		0.36755049228668213,
		-0.11264070868492126,
		0.999610424041748
	],
	"20. right_elbow": [
		0.4083702564239502,
		0.42408183217048645,
		-0.41903185844421387,
		0.9548872709274292
	],
	"21. right_wrist": [
		0.49215659499168396,
		0.40069833397865295,
		-0.7439687252044678,
		0.9351150989532471
	],
	"24. nose": [
		0.5526316165924072,
		0.29492267966270447,
		-0.37152236700057983,
		0.9998053312301636
	],
	"25. left_eye": [
		0.5652962923049927,
		0.28479230403900146,
		-0.33384671807289124,
		0.9995916485786438
	],
	"26. right_eye": [
		0.5423538088798523,
		0.2815399467945099,
		-0.341208279132843,
		0.9996879696846008
	],
	"27. left_ear": [
		0.5752819776535034,
		0.291755348443985,
		-0.12672145664691925,
		0.9993278980255127
	],
	"28. right_ear": [
		0.5271779894828796,
		0.28378167748451233,
		-0.16172441840171814,
		0.9996650218963623
	],
	"time stamp": 30.0
}