{
	"1. left_hip": [
		0.5701420903205872,
		0.5850696563720703,
		0.02490478940308094,
		0.9991307258605957
	],
	"2. left_knee": [
		0.5750361680984497,
		0.7683228254318237,
		-0.05257181078195572,
		0.8906695246696472
	],
	"3. left_ankle": [
		0.5202938318252563,
		0.8341619968414307,
		0.36995619535446167,
		0.862765371799469
	],
	"6. right_hip": [
		0.4985042214393616,
		0.584337055683136,
		-0.025152482092380524,
		0.9990187883377075
	],
	"7. right_knee": [
		0.5251199007034302,
		0.7577877640724182,
		-0.02845284901559353,
		0.9592483043670654
	],
	"8. right_ankle": [
		0.5211537480354309,
		0.8920239806175232,
		0.22311079502105713,
		0.9482023119926453
	],
	"14. left_shoulder": [
		0.5977947115898132,
		0.3754883110523224,
		0.08711277693510056,
		0.9996004104614258
	],
	"15. left_elbow": [
		0.6329326629638672,
		0.2964259386062622,
		0.11766768246889114,
		0.9291893243789673
	],
	"16. left_wrist": [
		0.5606933832168579,
		0.2859538495540619,
		0.377141535282135,
		0.8462144136428833
	],
	"19. right_shoulder": [
		0.4810115396976471,
		0.37685009837150574,
		0.037973105907440186,
		0.9984312653541565
	],
	"20. right_elbow": [
		0.42821308970451355,
		0.28439533710479736,
		0.13540595769882202,
		0.946824848651886
	],
	"21. right_wrist": [
		0.4990822970867157,
		0.2890133261680603,
		0.4232533872127533,
		0.7786827683448792
	],
	"24. nose": [
		0.5449870824813843,
		0.30454638600349426,
		-0.17017659544944763,
		0.9997324347496033
	],
	"25. left_eye": [
		0.5575227737426758,
		0.29334816336631775,
		-0.13756410777568817,
		0.9995489716529846
	],
	"26. right_eye": [
		0.5326953530311584,
		0.29300686717033386,
		-0.14280878007411957,
		0.9994797706604004
	],
	"27. left_ear": [
		0.5663702487945557,
		0.2990279197692871,
		0.022081205621361732,
		0.9994434714317322
	],
	"28. right_ear": [
		0.520090639591217,
		0.3010675311088562,
		0.0024405159056186676,
		0.9994460940361023
	],
	"time stamp": 30.0
}