{
	"1. left_hip": [
		0.5757247805595398,
		0.8602232336997986,
		0.009587878361344337,
		0.999852180480957
	],
	"2. left_knee": [
		0.6755616664886475,
		0.8839240074157715,
		-0.37057051062583923,
		0.9431455731391907
	],
	"3. left_ankle": [
		0.5141324400901794,
		0.9096810817718506,
		-0.24321085214614868,
		0.5914078950881958
	],
	"6. right_hip": [
		0.4922060966491699,
		0.8534050583839417,
		-0.009607966057956219,
		0.9999092817306519
	],
	"7. right_knee": [
		0.48638173937797546,
		0.7403225302696228,
		-0.4635462760925293,
		0.9698717594146729
	],
	"8. right_ankle": [
		0.5323106646537781,
		0.9228856563568115,
		-0.36495187878608704,
		0.906118631362915
	],
	"14. left_shoulder": [
		0.6087626814842224,
		0.6728613376617432,
		-0.11215297132730484,
		0.9992783069610596
	],
	"15. left_elbow": [
		0.6115521788597107,
		0.7823386192321777,
		-0.11923433840274811,
		0.7617563605308533
	],
	"16. left_wrist": [
		0.6245012879371643,
		0.8825117349624634,
		-0.2501378059387207,
		0.6166445016860962
	],
	"19. right_shoulder": [
		0.484377920627594,
		0.6723501682281494,
		-0.13249292969703674,
		0.999666154384613
	],
	"20. right_elbow": [
		0.44872814416885376,
		0.7847424745559692,
		-0.1516307294368744,
		0.8597689270973206
	],
	"21. right_wrist": [
		0.4236105680465698,
		0.8879177570343018,
		-0.2858163118362427,
		0.7389673590660095
	],
	"24. nose": [
		0.546065092086792,
		0.6054825186729431,
		-0.38043493032455444,
		0.9998871684074402
	],
	"25. left_eye": [
		0.5577536821365356,
		0.5896599292755127,
		-0.35305318236351013,
		0.9997687339782715
	],
	"26. right_eye": [
		0.5334495306015015,
		0.5888792872428894,
		-0.3552236258983612,
		0.9997897744178772
	],
	"27. left_ear": [
		0.5702352523803711,
		0.5919376611709595,
		-0.19171223044395447,
		0.9997262358665466
	],
	"28. right_ear": [
		0.5229820013046265,
		0.5919708013534546,
		-0.1995721012353897,
		0.9997631907463074
	],
	"time stamp": 30.0
}