{
	"1. left_hip": [
		0.5755282640457153,
		0.8562150597572327,
		0.008110013790428638,
		0.9998189210891724
	],
	"2. left_knee": [
		0.6635157465934753,
		0.8814124464988708,
		-0.36880916357040405,
		0.9436790943145752
	],
	"3. left_ankle": [
		0.5253534317016602,
		0.9084025621414185,
		-0.21315829455852509,
		0.6168443560600281
	],
	"6. right_hip": [
		0.4954218864440918,
		0.8491336107254028,
		-0.00814141146838665,
		0.9999004602432251
	],
	"7. right_knee": [
		0.4976956248283386,
		0.7290111184120178,
		-0.48645249009132385,
		0.9654906988143921
	],
	"8. right_ankle": [
		0.5026460886001587,
		0.9217802286148071,
		-0.3762640357017517,
		0.9075336456298828
	],
	"14. left_shoulder": [
		0.6103447675704956,
		0.6660047173500061,
		-0.1693679392337799,
		0.9991269111633301
	],
	"15. left_elbow": [
		0.6119570136070251,
		0.7719403505325317,
		-0.17678603529930115,
		0.7202604413032532
	],
	"16. left_wrist": [
		0.6134191155433655,
		0.8666248917579651,
		-0.3110658526420593,
		0.5495179295539856
	],
	"19. right_shoulder": [
		0.48268547654151917,
		0.6677275896072388,
		-0.19439616799354553,
		0.9996647834777832
	],
	"20. right_elbow": [
		0.448587030172348,
		0.7746094465255737,
		-0.21703249216079712,
		0.8576226830482483
	],
	"21. right_wrist": [
		0.43131282925605774,
		0.8781469464302063,
		-0.34634003043174744,
		0.7271015048027039
	],
	"24. nose": [
		0.5497124195098877,
		0.6018205285072327,
		-0.4515877664089203,
		0.9998772740364075
	],
	"25. left_eye": [
		0.5619158148765564,
		0.5863111019134521,
		-0.42693209648132324,
		0.9997713565826416
	],
	"26. right_eye": [
		0.5365597605705261,
		0.5859896540641785,
		-0.4310382008552551,
		0.999821126461029
	],
	"27. left_ear": [
		0.5738276243209839,
		0.588658332824707,
		-0.2604066729545593,
		0.9996716976165771
	],
	"28. right_ear": [
		0.5243085026741028,
		0.5892393589019775,
		-0.27782270312309265,
		0.9997702240943909
	],
	"time stamp": 30.0
}