{
	"1. left_hip": [
		0.5638436079025269,
		0.8551982641220093,
		0.03837922215461731,
		0.9999085664749146
	],
	"2. left_knee": [
		0.6589798331260681,
		0.9112767577171326,
		-0.3283543586730957,
		0.9468637108802795
	],
	"3. left_ankle": [
		0.5422922968864441,
		0.8948870301246643,
		-0.05951946973800659,
		0.6264637112617493
	],
	"6. right_hip": [
		0.4909270703792572,
		0.8461759090423584,
		-0.03848963603377342,
		0.999954104423523
	],
	"7. right_knee": [
		0.513830840587616,
		0.7312553524971008,
		-0.5223154425621033,
		0.971150279045105
	],
	"8. right_ankle": [
		0.5002231001853943,
		0.9189248085021973,
		-0.3216606676578522,
		0.9395690560340881
	],
	"14. left_shoulder": [
		0.609737753868103,
		0.6684582233428955,
		-0.11850269138813019,
		0.999569833278656
	],
	"15. left_elbow": [
		0.614895224571228,
		0.778155505657196,
		-0.12115210294723511,
		0.7275773286819458
	],
	"16. left_wrist": [
		0.6275900602340698,
		0.8709766864776611,
		-0.2658487856388092,
		0.5103907585144043
	],
	"19. right_shoulder": [
		0.4815135896205902,
		0.6701695919036865,
		-0.18663451075553894,
		0.9998651742935181
	],
	"20. right_elbow": [
		0.45111173391342163,
		0.7814226150512695,
		-0.21189464628696442,
		0.9094285368919373
	],
	"21. right_wrist": [
		0.4342527985572815,
		0.8869333267211914,
		-0.3556303381919861,
		0.8333163261413574
	],
	"24. nose": [
		0.5434661507606506,
		0.5990847945213318,
		-0.4437118470668793,
		0.9999372959136963
	],
	"25. left_eye": [
		0.5575981140136719,
		0.5853312015533447,
		-0.41125208139419556,
		0.9998828172683716
	],
	"26. right_eye": [
		0.5304272174835205,
		0.5836877822875977,
		-0.41547566652297974,
		0.9999270439147949
	],
	"27. left_ear": [
		0.5661227703094482,
		0.5882994532585144,
		-0.22951167821884155,
		0.9998022317886353
	],
	"28. right_ear": [
		0.5210543870925903,
		0.5872688889503479,
		-0.24847246706485748,
		0.9998924136161804
	],
	"time stamp": 30.0
}