{
	"1. left_hip": [
		0.5649225115776062,
		0.8612943887710571,
		0.06144215166568756,
		0.9999034404754639
	],
	"2. left_knee": [
		0.6534107327461243,
		0.9068343043327332,
		-0.22370637953281403,
		0.9540943503379822
	],
	"3. left_ankle": [
		0.5157679915428162,
		0.8977330327033997,
		-0.12131286412477493,
		0.6807558536529541
	],
	"6. right_hip": [
		0.5001175999641418,
		0.8413845300674438,
		-0.061479706317186356,
		0.9999597072601318
	],
	"7. right_knee": [
		0.535335898399353,
		0.7326495051383972,
		-0.47592031955718994,
		0.9810985922813416
	],
	"8. right_ankle": [
		0.5121128559112549,
		0.9156721234321594,
		-0.36704397201538086,
		0.9585810899734497
	],
	"14. left_shoulder": [
		0.6326099634170532,
		0.6819045543670654,
		-0.03512567654252052,
		0.9995226860046387
	],
	"15. left_elbow": [
		0.6245219707489014,
		0.7886223793029785,
		-0.028697477653622627,
		0.566945493221283
	],
	"16. left_wrist": [
		0.6323779225349426,
		0.8840870261192322,
		-0.17456603050231934,
		0.39208367466926575
	],
	"19. right_shoulder": [
		0.5213747024536133,
		0.6638034582138062,
		-0.23726938664913177,
		0.9999351501464844
	],
	"20. right_elbow": [
		0.46896499395370483,
		0.7728933691978455,
		-0.30122077465057373,
		0.9581398963928223
	],
	"21. right_wrist": [
		0.4419202506542206,
		0.8817670345306396,
		-0.3891655504703522,
		0.9040597677230835
	],
	"24. nose": [
		0.5993672013282776,
		0.6064563393592834,
		-0.3864990770816803,
		0.9999720454216003
	],
	"25. left_eye": [
		0.6098616719245911,
		0.5921629071235657,
		-0.3525237739086151,
		0.9999520182609558
	],
	"26. right_eye": [
		0.5866819024085999,
		0.5884757041931152,
		-0.3661547899246216,
		0.9999796152114868
	],
	"27. left_ear": [
		0.6162400841712952,
		0.5955512523651123,
		-0.17700181901454926,
		0.9999043941497803
	],
	"28. right_ear": [
		0.5707505345344543,
		0.5895907282829285,
		-0.2361653596162796,
		0.9999650120735168
	],
	"time stamp": 30.0
}