{
	"1. left_hip": [
		0.5598431825637817,
		0.8548446893692017,
		0.06713095307350159,
		0.9999212622642517
	],
	"2. left_knee": [
		0.6521465182304382,
		0.9073209762573242,
		-0.2612529695034027,
		0.9523856043815613
	],
	"3. left_ankle": [
		0.5240593552589417,
		0.8909505009651184,
		-0.07935161888599396,
		0.6865522265434265
	],
	"6. right_hip": [
		0.49118420481681824,
		0.8364805579185486,
		-0.06720518320798874,
		0.9999694228172302
	],
	"7. right_knee": [
		0.5415623784065247,
		0.732235312461853,
		-0.5010046362876892,
		0.9865952730178833
	],
	"8. right_ankle": [
		0.5052770972251892,
		0.9112590551376343,
		-0.3349955976009369,
		0.9674959778785706
	],
	"14. left_shoulder": [
		0.6202635169029236,
		0.6776629686355591,
		-0.10273401439189911,
		0.9994207620620728
	],
	"15. left_elbow": [
		0.6204668283462524,
		0.7818291783332825,
		-0.10854149609804153,
		0.5028789639472961
	],
	"16. left_wrist": [
		0.6309633255004883,
		0.8820745944976807,
		-0.2835621237754822,
		0.3378576636314392
	],
	"19. right_shoulder": [
		0.5045254230499268,
		0.6612314581871033,
		-0.2560720145702362,
		0.9999505281448364
	],
	"20. right_elbow": [
		0.4646188020706177,
		0.7717670798301697,
		-0.2945810854434967,
		0.9669930338859558
	],
	"21. right_wrist": [
		0.43435952067375183,
		0.8820818662643433,
		-0.4293409585952759,
		0.9242196679115295
	],
	"24. nose": [
		0.5608312487602234,
		0.5946120619773865,
		-0.47381630539894104,
		0.9999803900718689
	],
	"25. left_eye": [
		0.5739300847053528,
		0.5813977718353271,
		-0.4396962821483612,
		0.9999662041664124
	],
	"26. right_eye": [
		0.550903856754303,
		0.580933690071106,
		-0.4435121715068817,
		0.999987006187439
	],
	"27. left_ear": [
		0.5884507298469543,
		0.5868964791297913,
		-0.2553166151046753,
		0.9999252557754517
	],
	"28. right_ear": [
		0.5412570238113403,
		0.5848508477210999,
		-0.27275797724723816,
		0.9999767541885376
	],
	"time stamp": 30.0
}