{
	"1. left_hip": [
		0.5648523569107056,
		0.8508345484733582,
		0.03912092745304108,
		0.9999585151672363
	],
	"2. left_knee": [
		0.6527627110481262,
		0.906549334526062,
		-0.35362300276756287,
		0.9641099572181702
	],
	"3. left_ankle": [
		0.4979700446128845,
		0.8988488912582397,
		-0.13350868225097656,
		0.7365255951881409
	],
	"6. right_hip": [
		0.4917297065258026,
		0.834133505821228,
		-0.03910131752490997,
		0.9999804496765137
	],
	"7. right_knee": [
		0.5260154008865356,
		0.7514359354972839,
		-0.5593886971473694,
		0.986669659614563
	],
	"8. right_ankle": [
		0.5095917582511902,
		0.9167367815971375,
		-0.4308958649635315,
		0.965096116065979
	],
	"14. left_shoulder": [
		0.6218184232711792,
		0.6612994074821472,
		-0.09234343469142914,
		0.9997401237487793
	],
	"15. left_elbow": [
		0.6223129034042358,
		0.7682892680168152,
		-0.06648582220077515,
		0.6812366247177124
	],
	"16. left_wrist": [
		0.6226450800895691,
		0.8621771335601807,
		-0.19783858954906464,
		0.4339776039123535
	],
	"19. right_shoulder": [
		0.49344602227211,
		0.6653022170066833,
		-0.19190452992916107,
		0.999954104423523
	],
	"20. right_elbow": [
		0.45885708928108215,
		0.7726669311523438,
		-0.19358810782432556,
		0.9247578382492065
	],
	"21. right_wrist": [
		0.4268046021461487,
		0.8727448582649231,
		-0.3278636336326599,
		0.8674523830413818
	],
	"24. nose": [
		0.5677165389060974,
		0.6022536158561707,
		-0.4576098620891571,
		0.9999860525131226
	],
	"25. left_eye": [
		0.5791134834289551,
		0.5870440006256104,
		-0.42518383264541626,
		0.999977707862854
	],
	"26. right_eye": [
		0.5538555383682251,
		0.5855648517608643,
		-0.43431875109672546,
		0.999991238117218
	],
	"27. left_ear": [
		0.5870583653450012,
		0.5889336466789246,
		-0.23316845297813416,
		0.9999517798423767
	],
	"28. right_ear": [
		0.5361270904541016,
		0.5875500440597534,
		-0.26920759677886963,
		0.9999811053276062
	],
	"time stamp": 30.0
}