{
	"1. left_hip": [
		0.5784044861793518,
		0.853422224521637,
		-0.007706120144575834,
		0.9997310638427734
	],
	"2. left_knee": [
		0.6686059832572937,
		0.8840135335922241,
		-0.34085506200790405,
		0.970723569393158
	],
	"3. left_ankle": [
		0.5170953273773193,
		0.9070125222206116,
		-0.15942874550819397,
		0.8434273600578308
	],
	"6. right_hip": [
		0.5026135444641113,
		0.8179104328155518,
		0.007476066239178181,
		0.999839723110199
	],
	"7. right_knee": [
		0.35179564356803894,
		0.8049861192703247,
		-0.11647756397724152,
		0.9884233474731445
	],
	"8. right_ankle": [
		0.189118891954422,
		0.8686179518699646,
		-0.14535608887672424,
		0.9737697243690491
	],
	"14. left_shoulder": [
		0.6632572412490845,
		0.6752719879150391,
		-0.1393832564353943,
		0.9995879530906677
	],
	"15. left_elbow": [
		0.7571014165878296,
		0.6931801438331604,
		-0.15662117302417755,
		0.6561612486839294
	],
	"16. left_wrist": [
		0.8442860245704651,
		0.7006567716598511,
		-0.20361050963401794,
		0.5582890510559082
	],
	"19. right_shoulder": [
		0.5254625082015991,
		0.6607300043106079,
		-0.0940479189157486,
		0.9999546408653259
	],
	"20. right_elbow": [
		0.4194980561733246,
		0.6628056168556213,
		-0.1318577527999878,
		0.9246212244033813
	],
	"21. right_wrist": [
		0.3267727792263031,
		0.6417475938796997,
		-0.23723317682743073,
		0.8395007252693176
	],
	"24. nose": [
		0.5903832912445068,
		0.6085688471794128,
		-0.3134215772151947,
		0.9999849796295166
	],
	"25. left_eye": [
		0.6051226258277893,
		0.5935242772102356,
		-0.31328487396240234,
		0.999971866607666
	],
	"26. right_eye": [
		0.5793864727020264,
		0.5929412245750427,
		-0.29548177123069763,
		0.9999885559082031
	],
	"27. left_ear": [
		0.6232861876487732,
		0.5964745283126831,
		-0.22284641861915588,
		0.9999505877494812
	],
	"28. right_ear": [
		0.5731278657913208,
		0.5957697629928589,
		-0.15936002135276794,
		0.9999816417694092
	],
	"time stamp": 30.0
}