{
	"1. left_hip": [
		0.5579944849014282,
		0.8879432082176208,
		-0.00526996236294508,
		0.9995607137680054
	],
	"2. left_knee": [
		0.6256359815597534,
		0.900057315826416,
		-0.23736868798732758,
		0.9623244404792786
	],
	"3. left_ankle": [
		0.555471658706665,
		0.9251901507377625,
		-0.03506148234009743,
		0.8723143935203552
	],
	"6. right_hip": [
		0.4841051697731018,
		0.8707966208457947,
		0.005187456961721182,
		0.9997031688690186
	],
	"7. right_knee": [
		0.322716623544693,
		0.8715392351150513,
		0.03280118107795715,
		0.987654983997345
	],
	"8. right_ankle": [
		0.17211967706680298,
		0.9018239974975586,
		0.046687815338373184,
		0.9867357015609741
	],
	"14. left_shoulder": [
		0.6443812251091003,
		0.8253693580627441,
		-0.3917383849620819,
		0.9997744560241699
	],
	"15. left_elbow": [
		0.6635532975196838,
		0.9150927066802979,
		-0.3815666735172272,
		0.8936903476715088
	],
	"16. left_wrist": [
		0.6817384958267212,
		0.9656786322593689,
		-0.5090324878692627,
		0.8549965620040894
	],
	"19. right_shoulder": [
		0.503904402256012,
		0.804166853427887,
		-0.3933206796646118,
		0.9998896718025208
	],
	"20. right_elbow": [
		0.403412401676178,
		0.8739623427391052,
		-0.44336920976638794,
		0.9694966077804565
	],
	"21. right_wrist": [
		0.42812711000442505,
		0.9620654582977295,
		-0.5406750440597534,
		0.9347505569458008
	],
	"24. nose": [
		0.5886120200157166,
		0.7960034608840942,
		-0.6589022278785706,
		0.9998996257781982
	],
	"25. left_eye": [
		0.604094922542572,
		0.7803643345832825,
		-0.6510881781578064,
		0.9998177886009216
	],
	"26. right_eye": [
		0.5762761235237122,
		0.7753568291664124,
		-0.6482296586036682,
		0.999889612197876
	],
	"27. left_ear": [
		0.6190217733383179,
		0.7756615281105042,
		-0.5426929593086243,
		0.9998408555984497
	],
	"28. right_ear": [
		0.5617291927337646,
		0.7689909338951111,
		-0.5227575302124023,
		0.9998750686645508
	],
	"time stamp": 30.0
}