{
	"1. left_hip": [
		0.5180357694625854,
		0.8933127522468567,
		0.01719573885202408,
		0.9987594485282898
	],
	"2. left_knee": [
		0.5813294053077698,
		0.9276556372642517,
		-0.07868330925703049,
		0.8150544166564941
	],
	"3. left_ankle": [
		0.4931958019733429,
		0.9365983605384827,
		0.2610459327697754,
		0.6664808392524719
	],
	"6. right_hip": [
		0.43781793117523193,
		0.8610201478004456,
		-0.017354624345898628,
		0.9995749592781067
	],
	"7. right_knee": [
		0.2893083989620209,
		0.899562418460846,
		-0.005343217868357897,
		0.9618126749992371
	],
	"8. right_ankle": [
		0.16061905026435852,
		0.903373122215271,
		0.1370054930448532,
		0.9647682309150696
	],
	"14. left_shoulder": [
		0.6304503679275513,
		0.7505308389663696,
		-0.34352684020996094,
		0.9999223947525024
	],
	"15. left_elbow": [
		0.6995483636856079,
		0.8502083420753479,
		-0.3516911268234253,
		0.9621308445930481
	],
	"16. left_wrist": [
		0.6972535848617554,
		0.9616265892982483,
		-0.48808932304382324,
		0.9506885409355164
	],
	"19. right_shoulder": [
		0.5022193193435669,
		0.725411057472229,
		-0.3768816590309143,
		0.9999327659606934
	],
	"20. right_elbow": [
		0.4397778809070587,
		0.8455997705459595,
		-0.4075639545917511,
		0.9710585474967957
	],
	"21. right_wrist": [
		0.41957828402519226,
		0.9601746201515198,
		-0.49160295724868774,
		0.9583936333656311
	],
	"24. nose": [
		0.5636277198791504,
		0.6737315058708191,
		-0.559565007686615,
		0.9999130368232727
	],
	"25. left_eye": [
		0.5788910984992981,
		0.6590238213539124,
		-0.548471987247467,
		0.9996957778930664
	],
	"26. right_eye": [
		0.5523374080657959,
		0.6550909876823425,
		-0.5421987175941467,
		0.9998028874397278
	],
	"27. left_ear": [
		0.5972309708595276,
		0.6597898006439209,
		-0.4560109078884125,
		0.9994396567344666
	],
	"28. right_ear": [
		0.5480137467384338,
		0.6581090688705444,
		-0.4203912615776062,
		0.9996241331100464
	],
	"time stamp": 30.0
}