{
	"1. left_hip": [
		0.5911338329315186,
		0.7442376017570496,
		-0.017406979575753212,
		0.9992888569831848
	],
	"2. left_knee": [
		0.5815987586975098,
		0.9504575729370117,
		-0.017263809219002724,
		0.9094011783599854
	],
	"3. left_ankle": [
		0.5608948469161987,
		0.8590238690376282,
		0.667389452457428,
		0.5361174941062927
	],
	"6. right_hip": [
		0.50108802318573,
		0.7140504717826843,
		0.01676248386502266,
		0.9997922778129578
	],
	"7. right_knee": [
		0.3447265923023224,
		0.8048276305198669,
		-0.024330997839570045,
		0.9819374084472656
	],
	"8. right_ankle": [
		0.21950601041316986,
		0.890663206577301,
		0.14189189672470093,
		0.9805833101272583
	],
	"14. left_shoulder": [
		0.6584534049034119,
		0.5437291860580444,
		-0.46781226992607117,
		0.9998986124992371
	],
	"15. left_elbow": [
		0.7211472988128662,
		0.5261662602424622,
		-0.7899153828620911,
		0.9755234718322754
	],
	"16. left_wrist": [
		0.6357600092887878,
		0.4912150800228119,
		-0.9036508202552795,
		0.9116362929344177
	],
	"19. right_shoulder": [
		0.5274274945259094,
		0.5097963809967041,
		-0.4167276620864868,
		0.9999101758003235
	],
	"20. right_elbow": [
		0.45007166266441345,
		0.4581291079521179,
		-0.7520657777786255,
		0.8961460590362549
	],
	"21. right_wrist": [
		0.525211751461029,
		0.4662114381790161,
		-0.9414988160133362,
		0.771847128868103
	],
	"24. nose": [
		0.578160285949707,
		0.49659428000450134,
		-0.7384251952171326,
		0.9996982216835022
	],
	"25. left_eye": [
		0.5950182676315308,
		0.4843619465827942,
		-0.73138028383255,
		0.9993728399276733
	],
	"26. right_eye": [
		0.5680660009384155,
		0.4777381122112274,
		-0.7229831218719482,
		0.9996585249900818
	],
	"27. left_ear": [
		0.614090085029602,
		0.48070284724235535,
		-0.5756098031997681,
		0.9995246529579163
	],
	"28. right_ear": [
		0.5609492659568787,
		0.473050594329834,
		-0.5321177840232849,
		0.9993433952331543
	],
	"time stamp": 30.0
}