{
	"1. left_hip": [
		0.6189371943473816,
		0.7882855534553528,
		-0.11956712603569031,
		0.999700129032135
	],
	"2. left_knee": [
		0.5806200504302979,
		0.9450163245201111,
		-0.3354785740375519,
		0.9631336331367493
	],
	"3. left_ankle": [
		0.6765571236610413,
		0.8509576320648193,
		0.08315598219633102,
		0.7439566254615784
	],
	"6. right_hip": [
		0.5493046045303345,
		0.776878297328949,
		0.1196569949388504,
		0.9999175667762756
	],
	"7. right_knee": [
		0.4248984158039093,
		0.7851711511611938,
		-0.06686729192733765,
		0.9877069592475891
	],
	"8. right_ankle": [
		0.5162951350212097,
		0.8850429058074951,
		-0.0044609853066504,
		0.9813174605369568
	],
	"14. left_shoulder": [
		0.6447100043296814,
		0.5959361791610718,
		-0.20357286930084229,
		0.9999157786369324
	],
	"15. left_elbow": [
		0.7282068133354187,
		0.6792165637016296,
		-0.21561789512634277,
		0.98991858959198
	],
	"16. left_wrist": [
		0.8028923273086548,
		0.7430655360221863,
		-0.2757783830165863,
		0.9621312022209167
	],
	"19. right_shoulder": [
		0.5382063388824463,
		0.5640658736228943,
		0.10468535870313644,
		0.9999299645423889
	],
	"20. right_elbow": [
		0.5521755814552307,
		0.6759434938430786,
		0.21366025507450104,
		0.7238215208053589
	],
	"21. right_wrist": [
		0.5453486442565918,
		0.7550845742225647,
		0.14581027626991272,
		0.7088093757629395
	],
	"24. nose": [
		0.5996745824813843,
		0.48272281885147095,
		-0.2900543510913849,
		0.9998769760131836
	],
	"25. left_eye": [
		0.6193893551826477,
		0.48196423053741455,
		-0.272734671831131,
		0.9997394680976868
	],
	"26. right_eye": [
		0.5941664576530457,
		0.46678707003593445,
		-0.25599735975265503,
		0.9998548030853271
	],
	"27. left_ear": [
		0.6302204132080078,
		0.503322958946228,
		-0.1666228473186493,
		0.9997951984405518
	],
	"28. right_ear": [
		0.5808073878288269,
		0.47091737389564514,
		-0.09073545783758163,
		0.9997305870056152
	],
	"time stamp": 30.0
}