{
	"1. left_hip": [
		0.6444681882858276,
		0.7919970750808716,
		-0.11452057212591171,
		0.9998547434806824
	],
	"2. left_knee": [
		0.5917662382125854,
		0.9443292617797852,
		-0.2758193612098694,
		0.9803657531738281
	],
	"3. left_ankle": [
		0.6710757613182068,
		0.8633047938346863,
		0.16832707822322845,
		0.7377002835273743
	],
	"6. right_hip": [
		0.5751590132713318,
		0.7724257707595825,
		0.11458336561918259,
		0.999962329864502
	],
	"7. right_knee": [
		0.43539857864379883,
		0.7668442726135254,
		-0.03699126094579697,
		0.9824354648590088
	],
	"8. right_ankle": [
		0.5170325040817261,
		0.8865177631378174,
		0.0913567766547203,
		0.9719246625900269
	],
	"14. left_shoulder": [
		0.6551425457000732,
		0.6043068766593933,
		-0.24248407781124115,
		0.9999377131462097
	],
	"15. left_elbow": [
		0.6731414198875427,
		0.71565842628479,
		-0.19213590025901794,
		0.9802445769309998
	],
	"16. left_wrist": [
		0.70003342628479,
		0.8195292949676514,
		-0.2547578513622284,
		0.9050412774085999
	],
	"19. right_shoulder": [
		0.5410782098770142,
		0.5881786346435547,
		0.013091796077787876,
		0.999893307685852
	],
	"20. right_elbow": [
		0.5524519681930542,
		0.6882588267326355,
		0.12102711200714111,
		0.3828018605709076
	],
	"21. right_wrist": [
		0.5555293560028076,
		0.7700398564338684,
		0.03729574754834175,
		0.3794344961643219
	],
	"24. nose": [
		0.5950610041618347,
		0.515203058719635,
		-0.4057985842227936,
		0.9999406933784485
	],
	"25. left_eye": [
		0.613135814666748,
		0.5053468942642212,
		-0.38217586278915405,
		0.9998695850372314
	],
	"26. right_eye": [
		0.586638867855072,
		0.4966528117656708,
		-0.3732238709926605,
		0.999920129776001
	],
	"27. left_ear": [
		0.6264951229095459,
		0.515428900718689,
		-0.23946575820446014,
		0.9998868703842163
	],
	"28. right_ear": [
		0.5738562941551208,
		0.5003100633621216,
		-0.20101721584796906,
		0.9998431205749512
	],
	"time stamp": 30.0
}