{
	"1. left_hip": [
		0.6403536796569824,
		0.7926183938980103,
		-0.08695511519908905,
		0.9999653697013855
	],
	"2. left_knee": [
		0.5851604342460632,
		0.9444053769111633,
		-0.18227356672286987,
		0.993049681186676
	],
	"3. left_ankle": [
		0.6569257378578186,
		0.8664279580116272,
		0.3803073465824127,
		0.8100252151489258
	],
	"6. right_hip": [
		0.5739321708679199,
		0.7821279764175415,
		0.08693999797105789,
		0.999990701675415
	],
	"7. right_knee": [
		0.4521644115447998,
		0.7370814681053162,
		-0.15413112938404083,
		0.9808394908905029
	],
	"8. right_ankle": [
		0.46845096349716187,
		0.8815836310386658,
		-0.03280298039317131,
		0.9744978547096252
	],
	"14. left_shoulder": [
		0.6457388401031494,
		0.594667375087738,
		-0.18998488783836365,
		0.9999808669090271
	],
	"15. left_elbow": [
		0.7421177625656128,
		0.6088230013847351,
		-0.466531366109848,
		0.9898051023483276
	],
	"16. left_wrist": [
		0.6870077252388,
		0.5709129571914673,
		-0.6968456506729126,
		0.9421252608299255
	],
	"19. right_shoulder": [
		0.5239729881286621,
		0.6272002458572388,
		-0.024454334750771523,
		0.9998471736907959
	],
	"20. right_elbow": [
		0.5517529249191284,
		0.7198317050933838,
		-0.10299863666296005,
		0.18165268003940582
	],
	"21. right_wrist": [
		0.5771902203559875,
		0.8023141026496887,
		-0.31128886342048645,
		0.17892222106456757
	],
	"24. nose": [
		0.5615876317024231,
		0.5511215329170227,
		-0.37414658069610596,
		0.99997878074646
	],
	"25. left_eye": [
		0.5750826001167297,
		0.5373483300209045,
		-0.3466912806034088,
		0.9999470710754395
	],
	"26. right_eye": [
		0.5526162385940552,
		0.5373392105102539,
		-0.33803993463516235,
		0.9999582171440125
	],
	"27. left_ear": [
		0.5915055871009827,
		0.5408560633659363,
		-0.19502128660678864,
		0.9999521374702454
	],
	"28. right_ear": [
		0.5440220832824707,
		0.5425063967704773,
		-0.15005585551261902,
		0.9999064803123474
	],
	"time stamp": 30.0
}