{
	"1. left_hip": [
		0.5476807355880737,
		0.7169688940048218,
		-0.13178807497024536,
		0.9999873638153076
	],
	"2. left_knee": [
		0.5496147274971008,
		0.8941569924354553,
		-0.2928203344345093,
		0.996566116809845
	],
	"3. left_ankle": [
		0.6818633079528809,
		0.8542205691337585,
		0.0015204886440187693,
		0.8977561593055725
	],
	"6. right_hip": [
		0.4947044849395752,
		0.7055596113204956,
		0.13172556459903717,
		0.9999955296516418
	],
	"7. right_knee": [
		0.37949198484420776,
		0.7507479190826416,
		0.13223616778850555,
		0.9753418564796448
	],
	"8. right_ankle": [
		0.4579057991504669,
		0.8840118646621704,
		0.37410083413124084,
		0.9811802506446838
	],
	"14. left_shoulder": [
		0.5276100039482117,
		0.5172058343887329,
		-0.3596196174621582,
		0.9999898672103882
	],
	"15. left_elbow": [
		0.5275777578353882,
		0.6412294507026672,
		-0.3537396192550659,
		0.9834451079368591
	],
	"16. left_wrist": [
		0.5297167897224426,
		0.7507930397987366,
		-0.39074885845184326,
		0.9392864108085632
	],
	"19. right_shoulder": [
		0.4558573067188263,
		0.514653205871582,
		-0.001856312621384859,
		0.9999348521232605
	],
	"20. right_elbow": [
		0.4724698066711426,
		0.6148849725723267,
		0.09898948669433594,
		0.11591759324073792
	],
	"21. right_wrist": [
		0.46831434965133667,
		0.7023195028305054,
		0.005984029732644558,
		0.17283110320568085
	],
	"24. nose": [
		0.5004974603652954,
		0.43732354044914246,
		-0.4993738830089569,
		0.9999921321868896
	],
	"25. left_eye": [
		0.519362211227417,
		0.4325234591960907,
		-0.4831836223602295,
		0.9999796152114868
	],
	"26. right_eye": [
		0.4970164895057678,
		0.42012205719947815,
		-0.4620909094810486,
		0.9999840259552002
	],
	"27. left_ear": [
		0.5319486260414124,
		0.4470181465148926,
		-0.3514796197414398,
		0.999978244304657
	],
	"28. right_ear": [
		0.491961807012558,
		0.4233340322971344,
		-0.25930070877075195,
		0.9999657869338989
	],
	"time stamp": 30.0
}