{
	"1. left_hip": [
		0.5278492569923401,
		0.6616879105567932,
		-0.13627126812934875,
		0.9999889731407166
	],
	"2. left_knee": [
		0.5495229959487915,
		0.8375058770179749,
		-0.312714546918869,
		0.9972236752510071
	],
	"3. left_ankle": [
		0.6904392838478088,
		0.8436259627342224,
		0.004681110847741365,
		0.9313783645629883
	],
	"6. right_hip": [
		0.47297370433807373,
		0.658518373966217,
		0.1360609531402588,
		0.999994695186615
	],
	"7. right_knee": [
		0.38618114590644836,
		0.7534111738204956,
		0.02014928311109543,
		0.9685154557228088
	],
	"8. right_ankle": [
		0.45957615971565247,
		0.8875634074211121,
		0.2357296347618103,
		0.9820880889892578
	],
	"14. left_shoulder": [
		0.522823691368103,
		0.47732222080230713,
		-0.3278045058250427,
		0.9999876618385315
	],
	"15. left_elbow": [
		0.4705379903316498,
		0.5874505043029785,
		-0.39198848605155945,
		0.9838247299194336
	],
	"16. left_wrist": [
		0.4349071979522705,
		0.6867002248764038,
		-0.33522912859916687,
		0.9428866505622864
	],
	"19. right_shoulder": [
		0.45288339257240295,
		0.4687136709690094,
		-0.0003298731171526015,
		0.9999489188194275
	],
	"20. right_elbow": [
		0.44887474179267883,
		0.5794569849967957,
		0.08617701381444931,
		0.20673881471157074
	],
	"21. right_wrist": [
		0.4309340715408325,
		0.6774059534072876,
		-0.04698773846030235,
		0.3183351457118988
	],
	"24. nose": [
		0.49694180488586426,
		0.39196935296058655,
		-0.463447242975235,
		0.9999939799308777
	],
	"25. left_eye": [
		0.5152819752693176,
		0.3872089684009552,
		-0.44069036841392517,
		0.9999825358390808
	],
	"26. right_eye": [
		0.494037926197052,
		0.37519267201423645,
		-0.4232467710971832,
		0.9999866485595703
	],
	"27. left_ear": [
		0.5284956097602844,
		0.400037944316864,
		-0.31239116191864014,
		0.9999794960021973
	],
	"28. right_ear": [
		0.48804712295532227,
		0.3798953890800476,
		-0.23078377544879913,
		0.9999721646308899
	],
	"time stamp": 30.0
}