{
	"1. left_hip": [
		0.5304305553436279,
		0.5778051018714905,
		0.001264346414245665,
		0.99989253282547
	],
	"2. left_knee": [
		0.5267912745475769,
		0.7558108568191528,
		-0.0014612305676564574,
		0.9964863061904907
	],
	"3. left_ankle": [
		0.5178869366645813,
		0.8959775567054749,
		0.33968985080718994,
		0.9778313040733337
	],
	"6. right_hip": [
		0.4429842233657837,
		0.5728248357772827,
		-0.001108962227590382,
		0.9998729825019836
	],
	"7. right_knee": [
		0.35842105746269226,
		0.7354333400726318,
		-0.05674729496240616,
		0.9698595404624939
	],
	"8. right_ankle": [
		0.29576176404953003,
		0.8712883591651917,
		0.2827683687210083,
		0.9882352352142334
	],
	"14. left_shoulder": [
		0.5623506903648376,
		0.3656378388404846,
		-0.11550313234329224,
		0.9999040365219116
	],
	"15. left_elbow": [
		0.5885124802589417,
		0.46290600299835205,
		-0.24418975412845612,
		0.9342595338821411
	],
	"16. left_wrist": [
		0.6171356439590454,
		0.4458366930484772,
		-0.6545231342315674,
		0.8546715974807739
	],
	"19. right_shoulder": [
		0.42991501092910767,
		0.3634926378726959,
		-0.13128280639648438,
		0.9997823238372803
	],
	"20. right_elbow": [
		0.423489511013031,
		0.47222286462783813,
		-0.08435754477977753,
		0.44344788789749146
	],
	"21. right_wrist": [
		0.4584554433822632,
		0.5219305157661438,
		-0.23110228776931763,
		0.433330237865448
	],
	"24. nose": [
		0.5184083580970764,
		0.2685084640979767,
		-0.49482056498527527,
		0.9999369382858276
	],
	"25. left_eye": [
		0.5305830836296082,
		0.26147568225860596,
		-0.4622092843055725,
		0.9998601675033569
	],
	"26. right_eye": [
		0.5082945227622986,
		0.2531273066997528,
		-0.46777471899986267,
		0.999860942363739
	],
	"27. left_ear": [
		0.5369415879249573,
		0.2748592793941498,
		-0.25460171699523926,
		0.9998783469200134
	],
	"28. right_ear": [
		0.491761177778244,
		0.2600158154964447,
		-0.27926021814346313,
		0.9998343586921692
	],
	"time stamp": 30.0
}