{
	"1. left_hip": [
		0.5342192053794861,
		0.5781452059745789,
		0.019962729886174202,
		0.9998517036437988
	],
	"2. left_knee": [
		0.5286752581596375,
		0.7573525309562683,
		0.053272612392902374,
		0.9965019822120667
	],
	"3. left_ankle": [
		0.5185004472732544,
		0.8965938091278076,
		0.3736477196216583,
		0.9797190427780151
	],
	"6. right_hip": [
		0.44600439071655273,
		0.5742299556732178,
		-0.019983597099781036,
		0.9998488426208496
	],
	"7. right_knee": [
		0.3588433563709259,
		0.7355815172195435,
		-0.07247450947761536,
		0.9727227687835693
	],
	"8. right_ankle": [
		0.28052034974098206,
		0.8769700527191162,
		0.14169254899024963,
		0.9892451167106628
	],
	"14. left_shoulder": [
		0.56084805727005,
		0.36909523606300354,
		-0.11877065151929855,
		0.9999063014984131
	],
	"15. left_elbow": [
		0.5942360162734985,
		0.4694894552230835,
		-0.08165735006332397,
		0.9333517551422119
	],
	"16. left_wrist": [
		0.6581606864929199,
		0.49987614154815674,
		-0.28842097520828247,
		0.8634621500968933
	],
	"19. right_shoulder": [
		0.4281153082847595,
		0.3660871684551239,
		-0.19334176182746887,
		0.9997783899307251
	],
	"20. right_elbow": [
		0.42125582695007324,
		0.4742845892906189,
		-0.27366751432418823,
		0.4756794273853302
	],
	"21. right_wrist": [
		0.45618921518325806,
		0.5308076739311218,
		-0.5363658666610718,
		0.4434526860713959
	],
	"24. nose": [
		0.5153003931045532,
		0.27177903056144714,
		-0.4936392605304718,
		0.9999422430992126
	],
	"25. left_eye": [
		0.5272223353385925,
		0.2631118595600128,
		-0.46312636137008667,
		0.9998720288276672
	],
	"26. right_eye": [
		0.5045269727706909,
		0.2563324272632599,
		-0.4704793691635132,
		0.9998726844787598
	],
	"27. left_ear": [
		0.5328677296638489,
		0.2753961384296417,
		-0.2647298276424408,
		0.9998857975006104
	],
	"28. right_ear": [
		0.48758605122566223,
		0.26362553238868713,
		-0.302835077047348,
		0.9998461604118347
	],
	"time stamp": 30.0
}