{
	"1. left_hip": [
		0.5200069546699524,
		0.5696470141410828,
		0.0592011921107769,
		0.9997043609619141
	],
	"2. left_knee": [
		0.527580201625824,
		0.748828649520874,
		0.048690393567085266,
		0.9930212497711182
	],
	"3. left_ankle": [
		0.519810140132904,
		0.8933617472648621,
		0.2650071084499359,
		0.9925394058227539
	],
	"6. right_hip": [
		0.4483075439929962,
		0.5658916234970093,
		-0.05906888470053673,
		0.9996050000190735
	],
	"7. right_knee": [
		0.36039024591445923,
		0.7375943660736084,
		-0.14455261826515198,
		0.9940150380134583
	],
	"8. right_ankle": [
		0.2752299904823303,
		0.8824133276939392,
		0.0018995545106008649,
		0.9963374137878418
	],
	"14. left_shoulder": [
		0.5306568145751953,
		0.36875054240226746,
		0.08128271996974945,
		0.9999402165412903
	],
	"15. left_elbow": [
		0.5653761625289917,
		0.4606660306453705,
		0.18987752497196198,
		0.8626786470413208
	],
	"16. left_wrist": [
		0.6176310181617737,
		0.5322407484054565,
		0.0014524292200803757,
		0.9099295139312744
	],
	"19. right_shoulder": [
		0.42599570751190186,
		0.3492695987224579,
		-0.10940877348184586,
		0.9994183778762817
	],
	"20. right_elbow": [
		0.36935126781463623,
		0.4425007700920105,
		-0.19836251437664032,
		0.7957967519760132
	],
	"21. right_wrist": [
		0.3865937888622284,
		0.5058152675628662,
		-0.45895007252693176,
		0.6701681613922119
	],
	"24. nose": [
		0.5094596147537231,
		0.27886518836021423,
		-0.3512619435787201,
		0.9999822378158569
	],
	"25. left_eye": [
		0.5159900188446045,
		0.26669618487358093,
		-0.316174179315567,
		0.9999673962593079
	],
	"26. right_eye": [
		0.49395570158958435,
		0.2626294791698456,
		-0.33846360445022583,
		0.9999605417251587
	],
	"27. left_ear": [
		0.5183157324790955,
		0.27387017011642456,
		-0.0967179611325264,
		0.9999439716339111
	],
	"28. right_ear": [
		0.4711392819881439,
		0.2681558132171631,
		-0.20709475874900818,
		0.9999339580535889
	],
	"time stamp": 30.0
}