{
	"1. left_hip": [
		0.5741457343101501,
		0.6062067151069641,
		0.02577488124370575,
		0.9996517896652222
	],
	"2. left_knee": [
		0.5859783887863159,
		0.7712719440460205,
		0.013768328353762627,
		0.9955547451972961
	],
	"3. left_ankle": [
		0.5680691003799438,
		0.8975269794464111,
		0.36227476596832275,
		0.995318591594696
	],
	"6. right_hip": [
		0.4922969937324524,
		0.5996450185775757,
		-0.025653881952166557,
		0.9996613264083862
	],
	"7. right_knee": [
		0.39593827724456787,
		0.7485429644584656,
		-0.057063061743974686,
		0.9966956973075867
	],
	"8. right_ankle": [
		0.3056046664714813,
		0.881514847278595,
		0.21642860770225525,
		0.9974641799926758
	],
	"14. left_shoulder": [
		0.5658913850784302,
		0.39676496386528015,
		-0.08100380003452301,
		0.9994606971740723
	],
	"15. left_elbow": [
		0.5461840033531189,
		0.5021925568580627,
		0.012907570227980614,
		0.557244062423706
	],
	"16. left_wrist": [
		0.533233642578125,
		0.6039161086082458,
		-0.11757910251617432,
		0.5798270106315613
	],
	"19. right_shoulder": [
		0.46624743938446045,
		0.4005213975906372,
		-0.21671833097934723,
		0.999606192111969
	],
	"20. right_elbow": [
		0.47273313999176025,
		0.5138415098190308,
		-0.11732622981071472,
		0.9171492457389832
	],
	"21. right_wrist": [
		0.4646186828613281,
		0.6048488020896912,
		-0.21274374425411224,
		0.8509832620620728
	],
	"24. nose": [
		0.518519401550293,
		0.3142591714859009,
		-0.5658237934112549,
		0.9999842047691345
	],
	"25. left_eye": [
		0.5271963477134705,
		0.30084386467933655,
		-0.5500550866127014,
		0.999972403049469
	],
	"26. right_eye": [
		0.5019487142562866,
		0.2998144328594208,
		-0.5322767496109009,
		0.9999748468399048
	],
	"27. left_ear": [
		0.5355747938156128,
		0.3059179186820984,
		-0.28522881865501404,
		0.9999229907989502
	],
	"28. right_ear": [
		0.48482444882392883,
		0.306413859128952,
		-0.33313918113708496,
		0.9999632835388184
	],
	"time stamp": 30.0
}