{
	"1. left_hip": [
		0.5898885726928711,
		0.6053051948547363,
		0.03610696271061897,
		0.9996413588523865
	],
	"2. left_knee": [
		0.592399537563324,
		0.770969033241272,
		-0.0016044283984228969,
		0.9950039386749268
	],
	"3. left_ankle": [
		0.5701969861984253,
		0.8997799158096313,
		0.33011069893836975,
		0.9945070147514343
	],
	"6. right_hip": [
		0.512890100479126,
		0.599888265132904,
		-0.03580017015337944,
		0.9996281266212463
	],
	"7. right_knee": [
		0.43177613615989685,
		0.7494437098503113,
		-0.052765894681215286,
		0.9961948990821838
	],
	"8. right_ankle": [
		0.3489701449871063,
		0.8803344964981079,
		0.22567489743232727,
		0.9969560503959656
	],
	"14. left_shoulder": [
		0.5716479420661926,
		0.395837664604187,
		-0.012970945797860622,
		0.9994670152664185
	],
	"15. left_elbow": [
		0.5667111873626709,
		0.5038692355155945,
		0.065315380692482,
		0.49317923188209534
	],
	"16. left_wrist": [
		0.555632472038269,
		0.599434494972229,
		-0.0915394276380539,
		0.5016552805900574
	],
	"19. right_shoulder": [
		0.47865375876426697,
		0.39043423533439636,
		-0.19271880388259888,
		0.9995980262756348
	],
	"20. right_elbow": [
		0.5004193186759949,
		0.5081503391265869,
		-0.144613578915596,
		0.8976192474365234
	],
	"21. right_wrist": [
		0.4996080696582794,
		0.5966580510139465,
		-0.24766920506954193,
		0.7881965637207031
	],
	"24. nose": [
		0.5258256196975708,
		0.3146297037601471,
		-0.47160661220550537,
		0.9999731183052063
	],
	"25. left_eye": [
		0.5357734560966492,
		0.30046752095222473,
		-0.4354475140571594,
		0.9999491572380066
	],
	"26. right_eye": [
		0.5097950100898743,
		0.2991477847099304,
		-0.44992730021476746,
		0.9999529719352722
	],
	"27. left_ear": [
		0.543182909488678,
		0.30616074800491333,
		-0.2125280201435089,
		0.9998617768287659
	],
	"28. right_ear": [
		0.4915180504322052,
		0.30583807826042175,
		-0.27840644121170044,
		0.9999384880065918
	],
	"time stamp": 30.0
}