{
	"1. left_hip": [
		0.595085084438324,
		0.5717174410820007,
		0.08783926069736481,
		0.9997643232345581
	],
	"2. left_knee": [
		0.5893614888191223,
		0.7541536688804626,
		-0.004482508171349764,
		0.9910392761230469
	],
	"3. left_ankle": [
		0.5685064792633057,
		0.896302342414856,
		0.2210182547569275,
		0.9905149936676025
	],
	"6. right_hip": [
		0.5334053039550781,
		0.5714108943939209,
		-0.08758385479450226,
		0.9997329115867615
	],
	"7. right_knee": [
		0.5222020745277405,
		0.7476880550384521,
		-0.1945406198501587,
		0.9940285682678223
	],
	"8. right_ankle": [
		0.4432070851325989,
		0.8613355159759521,
		0.12047462165355682,
		0.9876592755317688
	],
	"14. left_shoulder": [
		0.5781342387199402,
		0.37847837805747986,
		0.221427321434021,
		0.9995874762535095
	],
	"15. left_elbow": [
		0.5988007187843323,
		0.4799129068851471,
		0.3051823377609253,
		0.30153509974479675
	],
	"16. left_wrist": [
		0.6157937049865723,
		0.5699955224990845,
		0.14607766270637512,
		0.3517914414405823
	],
	"19. right_shoulder": [
		0.48042455315589905,
		0.36028262972831726,
		-0.05409005656838417,
		0.9997644424438477
	],
	"20. right_elbow": [
		0.4981544017791748,
		0.45367860794067383,
		-0.0270183514803648,
		0.9245779514312744
	],
	"21. right_wrist": [
		0.5192552804946899,
		0.5389648079872131,
		-0.081191286444664,
		0.8224013447761536
	],
	"24. nose": [
		0.5480722784996033,
		0.30367282032966614,
		-0.1990388035774231,
		0.9999605417251587
	],
	"25. left_eye": [
		0.555850625038147,
		0.2885779142379761,
		-0.16496902704238892,
		0.9999120235443115
	],
	"26. right_eye": [
		0.532625675201416,
		0.28787821531295776,
		-0.19068844616413116,
		0.9999282956123352
	],
	"27. left_ear": [
		0.557525098323822,
		0.29408782720565796,
		0.03940396383404732,
		0.999731719493866
	],
	"28. right_ear": [
		0.5125876665115356,
		0.2905578911304474,
		-0.08004934340715408,
		0.9999335408210754
	],
	"time stamp": 30.0
}