{
	"1. left_hip": [
		0.5955464839935303,
		0.5630776882171631,
		0.08187396079301834,
		0.9998292326927185
	],
	"2. left_knee": [
		0.5976005792617798,
		0.7473337054252625,
		-0.05320088192820549,
		0.9842161536216736
	],
	"3. left_ankle": [
		0.5664581060409546,
		0.8931030035018921,
		0.15485402941703796,
		0.987198531627655
	],
	"6. right_hip": [
		0.5290164351463318,
		0.5656041502952576,
		-0.08159931004047394,
		0.999727189540863
	],
	"7. right_knee": [
		0.5691553950309753,
		0.7412910461425781,
		-0.19607780873775482,
		0.9927031397819519
	],
	"8. right_ankle": [
		0.5255266427993774,
		0.8639428019523621,
		0.14093419909477234,
		0.9786927700042725
	],
	"14. left_shoulder": [
		0.6018011569976807,
		0.36609968543052673,
		0.13418708741664886,
		0.9997557997703552
	],
	"15. left_elbow": [
		0.6513060331344604,
		0.449485182762146,
		0.060281652957201004,
		0.5401353240013123
	],
	"16. left_wrist": [
		0.6112439632415771,
		0.4795491099357605,
		-0.23819763958454132,
		0.5735148787498474
	],
	"19. right_shoulder": [
		0.4821832776069641,
		0.3559044599533081,
		-0.006516448687762022,
		0.9997643828392029
	],
	"20. right_elbow": [
		0.4748021364212036,
		0.4385524392127991,
		-0.21807003021240234,
		0.9441178441047668
	],
	"21. right_wrist": [
		0.5293053388595581,
		0.4101082384586334,
		-0.5182148814201355,
		0.8795962929725647
	],
	"24. nose": [
		0.5565392971038818,
		0.3201870620250702,
		-0.28232282400131226,
		0.9998838305473328
	],
	"25. left_eye": [
		0.567979633808136,
		0.30725181102752686,
		-0.25176867842674255,
		0.9997624158859253
	],
	"26. right_eye": [
		0.5422853827476501,
		0.30256158113479614,
		-0.2664330005645752,
		0.9997299313545227
	],
	"27. left_ear": [
		0.5746096968650818,
		0.3046327531337738,
		-0.03521254286170006,
		0.9995817542076111
	],
	"28. right_ear": [
		0.5252780318260193,
		0.30009448528289795,
		-0.09236450493335724,
		0.999700129032135
	],
	"time stamp": 30.0
}