{
	"1. left_hip": [
		0.5916682481765747,
		0.5589361786842346,
		0.0387892946600914,
		0.9998234510421753
	],
	"2. left_knee": [
		0.5966786742210388,
		0.7355067729949951,
		-0.11441998928785324,
		0.983985424041748
	],
	"3. left_ankle": [
		0.5664021968841553,
		0.8933725953102112,
		0.04229208454489708,
		0.9841814637184143
	],
	"6. right_hip": [
		0.5224307775497437,
		0.5625866055488586,
		-0.03842328488826752,
		0.9996948838233948
	],
	"7. right_knee": [
		0.5522940754890442,
		0.7383567094802856,
		-0.11336376518011093,
		0.9877939224243164
	],
	"8. right_ankle": [
		0.5268900394439697,
		0.8687931299209595,
		0.22903285920619965,
		0.9629038572311401
	],
	"14. left_shoulder": [
		0.6011165380477905,
		0.365811288356781,
		0.16948118805885315,
		0.9997886419296265
	],
	"15. left_elbow": [
		0.6515410542488098,
		0.4370814859867096,
		-0.014135721139609814,
		0.6178725957870483
	],
	"16. left_wrist": [
		0.5981441736221313,
		0.4491649270057678,
		-0.37011876702308655,
		0.6433143615722656
	],
	"19. right_shoulder": [
		0.4819786846637726,
		0.35736358165740967,
		0.04956459626555443,
		0.9997338652610779
	],
	"20. right_elbow": [
		0.47551456093788147,
		0.42612746357917786,
		-0.1773872822523117,
		0.9456357955932617
	],
	"21. right_wrist": [
		0.5422443747520447,
		0.4027967154979706,
		-0.46595674753189087,
		0.8849560618400574
	],
	"24. nose": [
		0.5548636317253113,
		0.32064324617385864,
		-0.19307273626327515,
		0.9997105598449707
	],
	"25. left_eye": [
		0.5667325854301453,
		0.30713462829589844,
		-0.1606234610080719,
		0.9995217323303223
	],
	"26. right_eye": [
		0.5431267619132996,
		0.30254867672920227,
		-0.1733405590057373,
		0.9993962049484253
	],
	"27. left_ear": [
		0.5741374492645264,
		0.3070929944515228,
		0.054191939532756805,
		0.9993349313735962
	],
	"28. right_ear": [
		0.5270072817802429,
		0.30036622285842896,
		-0.006248814053833485,
		0.999401330947876
	],
	"time stamp": 30.0
}