{
	"1. left_hip": [
		0.5841732621192932,
		0.6262921690940857,
		-0.007254581432789564,
		0.9998040795326233
	],
	"2. left_knee": [
		0.689306378364563,
		0.7559493780136108,
		-0.249321848154068,
		0.9916898012161255
	],
	"3. left_ankle": [
		0.6689656376838684,
		0.8955574035644531,
		0.04142608493566513,
		0.9897791147232056
	],
	"6. right_hip": [
		0.49105125665664673,
		0.624106228351593,
		0.00718272989615798,
		0.9997550249099731
	],
	"7. right_knee": [
		0.3750421702861786,
		0.7538958191871643,
		-0.23017054796218872,
		0.9930692315101624
	],
	"8. right_ankle": [
		0.3938884735107422,
		0.8963894248008728,
		0.05944128707051277,
		0.982277512550354
	],
	"14. left_shoulder": [
		0.6088980436325073,
		0.438463032245636,
		-0.09559663385152817,
		0.9998141527175903
	],
	"15. left_elbow": [
		0.6529760360717773,
		0.5387537479400635,
		-0.024407388642430305,
		0.8418607711791992
	],
	"16. left_wrist": [
		0.7348536849021912,
		0.6017662286758423,
		-0.15856994688510895,
		0.8389183878898621
	],
	"19. right_shoulder": [
		0.4790930449962616,
		0.4246159791946411,
		-0.079744353890419,
		0.9996538162231445
	],
	"20. right_elbow": [
		0.42991986870765686,
		0.5209139585494995,
		-0.010910586453974247,
		0.9226502180099487
	],
	"21. right_wrist": [
		0.37175479531288147,
		0.5992361307144165,
		-0.15875555574893951,
		0.8962936997413635
	],
	"24. nose": [
		0.5451717972755432,
		0.3225259482860565,
		-0.36038848757743835,
		0.9996053576469421
	],
	"25. left_eye": [
		0.5580834150314331,
		0.32676583528518677,
		-0.33111268281936646,
		0.9992937445640564
	],
	"26. right_eye": [
		0.5392128825187683,
		0.3243638873100281,
		-0.32810908555984497,
		0.9989998936653137
	],
	"27. left_ear": [
		0.5687669515609741,
		0.34903568029403687,
		-0.18228653073310852,
		0.9991163611412048
	],
	"28. right_ear": [
		0.5301593542098999,
		0.34630706906318665,
		-0.1692635715007782,
		0.9986594319343567
	],
	"time stamp": 30.0
}