{
	"1. left_hip": [
		0.577887773513794,
		0.5812029838562012,
		-0.07789400219917297,
		0.9994493722915649
	],
	"2. left_knee": [
		0.533128023147583,
		0.7399400472640991,
		-0.24059568345546722,
		0.987696647644043
	],
	"3. left_ankle": [
		0.5629477500915527,
		0.8582289814949036,
		-0.026407569646835327,
		0.9766461849212646
	],
	"6. right_hip": [
		0.5096411108970642,
		0.5867561101913452,
		0.07802367955446243,
		0.9992965459823608
	],
	"7. right_knee": [
		0.5331842303276062,
		0.7467548847198486,
		0.0541621670126915,
		0.8692896366119385
	],
	"8. right_ankle": [
		0.5540508031845093,
		0.8740141987800598,
		0.2759290635585785,
		0.9344114065170288
	],
	"14. left_shoulder": [
		0.6010410785675049,
		0.3848676383495331,
		-0.24864840507507324,
		0.9998506903648376
	],
	"15. left_elbow": [
		0.6380902528762817,
		0.48440027236938477,
		-0.1975516825914383,
		0.9658021926879883
	],
	"16. left_wrist": [
		0.645967423915863,
		0.5737694501876831,
		-0.36102402210235596,
		0.9508710503578186
	],
	"19. right_shoulder": [
		0.4727725684642792,
		0.39119020104408264,
		-0.11808397620916367,
		0.9998481273651123
	],
	"20. right_elbow": [
		0.4449891448020935,
		0.49430254101753235,
		-0.024157728999853134,
		0.9696137309074402
	],
	"21. right_wrist": [
		0.439126193523407,
		0.5763689875602722,
		-0.18163689970970154,
		0.9615648984909058
	],
	"24. nose": [
		0.5391975045204163,
		0.31436535716056824,
		-0.5340848565101624,
		0.9999104142189026
	],
	"25. left_eye": [
		0.5556049942970276,
		0.2996025085449219,
		-0.5142893195152283,
		0.9998205304145813
	],
	"26. right_eye": [
		0.5262195467948914,
		0.2975088655948639,
		-0.5104395747184753,
		0.9997703433036804
	],
	"27. left_ear": [
		0.5666440725326538,
		0.3032670021057129,
		-0.345630019903183,
		0.999771773815155
	],
	"28. right_ear": [
		0.5122895836830139,
		0.2999606728553772,
		-0.32907673716545105,
		0.9996988773345947
	],
	"time stamp": 30.0
}