{
	"1. left_hip": [
		0.5503925085067749,
		0.5625714063644409,
		-0.019429640844464302,
		0.9998265504837036
	],
	"2. left_knee": [
		0.5592408776283264,
		0.7590091228485107,
		-0.1293223351240158,
		0.9856001138687134
	],
	"3. left_ankle": [
		0.5615918040275574,
		0.9187555313110352,
		0.08199425786733627,
		0.9726975560188293
	],
	"6. right_hip": [
		0.46726691722869873,
		0.563610315322876,
		0.019475866109132767,
		0.9997066259384155
	],
	"7. right_knee": [
		0.3967284858226776,
		0.7387681603431702,
		-0.08798433840274811,
		0.9381053447723389
	],
	"8. right_ankle": [
		0.37420234084129333,
		0.8722867369651794,
		0.17596353590488434,
		0.8454523086547852
	],
	"14. left_shoulder": [
		0.5602384805679321,
		0.34872981905937195,
		0.13372161984443665,
		0.9997369647026062
	],
	"15. left_elbow": [
		0.589070200920105,
		0.38028576970100403,
		-0.15638819336891174,
		0.9764522314071655
	],
	"16. left_wrist": [
		0.5807495713233948,
		0.2823469936847687,
		-0.4696536958217621,
		0.9517548680305481
	],
	"19. right_shoulder": [
		0.43635520339012146,
		0.34220296144485474,
		0.09864088892936707,
		0.9997617602348328
	],
	"20. right_elbow": [
		0.45726025104522705,
		0.43460917472839355,
		-0.03625021502375603,
		0.8958945274353027
	],
	"21. right_wrist": [
		0.544542133808136,
		0.4799981713294983,
		-0.15957914292812347,
		0.8197457790374756
	],
	"24. nose": [
		0.497672438621521,
		0.2704024016857147,
		-0.12740638852119446,
		0.9998994469642639
	],
	"25. left_eye": [
		0.5154692530632019,
		0.2597409188747406,
		-0.09265753626823425,
		0.9996716976165771
	],
	"26. right_eye": [
		0.4853319525718689,
		0.2582337558269501,
		-0.09181608259677887,
		0.9997754096984863
	],
	"27. left_ear": [
		0.5291955471038818,
		0.27008625864982605,
		0.0881512463092804,
		0.9993048310279846
	],
	"28. right_ear": [
		0.4749690592288971,
		0.26628634333610535,
		0.0903622955083847,
		0.9997848868370056
	],
	"time stamp": 30.0
}