{
	"1. left_hip": [
		0.5073381066322327,
		0.5827004909515381,
		0.051311176270246506,
		0.9998836517333984
	],
	"2. left_knee": [
		0.539435088634491,
		0.7569365501403809,
		0.03985338285565376,
		0.9908850789070129
	],
	"3. left_ankle": [
		0.5615687370300293,
		0.9084689617156982,
		0.33386754989624023,
		0.9841583967208862
	],
	"6. right_hip": [
		0.42642271518707275,
		0.5805979371070862,
		-0.0511421263217926,
		0.9998140335083008
	],
	"7. right_knee": [
		0.3446100652217865,
		0.762290358543396,
		-0.1063157320022583,
		0.9694817662239075
	],
	"8. right_ankle": [
		0.26345300674438477,
		0.9231386780738831,
		0.09106951951980591,
		0.9245602488517761
	],
	"14. left_shoulder": [
		0.5207459926605225,
		0.3697236478328705,
		0.25893083214759827,
		0.9998316764831543
	],
	"15. left_elbow": [
		0.5491025447845459,
		0.45509299635887146,
		-0.003052856307476759,
		0.9299851059913635
	],
	"16. left_wrist": [
		0.5521776080131531,
		0.3592568337917328,
		-0.4084961414337158,
		0.9436895251274109
	],
	"19. right_shoulder": [
		0.40823283791542053,
		0.34245848655700684,
		0.014739587903022766,
		0.999864935874939
	],
	"20. right_elbow": [
		0.45418450236320496,
		0.4317606985569,
		-0.0316862091422081,
		0.9430489540100098
	],
	"21. right_wrist": [
		0.5654633045196533,
		0.3816620707511902,
		0.08510448783636093,
		0.8931217193603516
	],
	"24. nose": [
		0.4830034375190735,
		0.29569771885871887,
		-0.12662078440189362,
		0.9999455213546753
	],
	"25. left_eye": [
		0.4957994818687439,
		0.2838139235973358,
		-0.08904171735048294,
		0.9998354911804199
	],
	"26. right_eye": [
		0.4716355502605438,
		0.277741402387619,
		-0.10938714444637299,
		0.9998831152915955
	],
	"27. left_ear": [
		0.5040051341056824,
		0.2895354628562927,
		0.12900850176811218,
		0.999652087688446
	],
	"28. right_ear": [
		0.4571019411087036,
		0.27790629863739014,
		0.03729914128780365,
		0.9998924732208252
	],
	"time stamp": 30.0
}