{
	"1. left_hip": [
		0.4833366274833679,
		0.5892094969749451,
		0.0564260371029377,
		0.9999099969863892
	],
	"2. left_knee": [
		0.5252044796943665,
		0.7686099410057068,
		0.005874404683709145,
		0.9935593008995056
	],
	"3. left_ankle": [
		0.5589498281478882,
		0.9189000725746155,
		0.25006377696990967,
		0.9894338250160217
	],
	"6. right_hip": [
		0.3985489010810852,
		0.5839601159095764,
		-0.05632573738694191,
		0.9998429417610168
	],
	"7. right_knee": [
		0.33136457204818726,
		0.7691494226455688,
		-0.10614645481109619,
		0.9838452339172363
	],
	"8. right_ankle": [
		0.2663593888282776,
		0.9224768877029419,
		0.14651408791542053,
		0.9610306620597839
	],
	"14. left_shoulder": [
		0.5004819631576538,
		0.3738163411617279,
		0.23594921827316284,
		0.9999013543128967
	],
	"15. left_elbow": [
		0.5456810593605042,
		0.4482852816581726,
		-0.04070550948381424,
		0.9343759417533875
	],
	"16. left_wrist": [
		0.5597414970397949,
		0.35064390301704407,
		-0.45258936285972595,
		0.9543624520301819
	],
	"19. right_shoulder": [
		0.3863230049610138,
		0.3480921983718872,
		-0.021761158481240273,
		0.9999114871025085
	],
	"20. right_elbow": [
		0.4213157296180725,
		0.43945562839508057,
		-0.11738613992929459,
		0.96346116065979
	],
	"21. right_wrist": [
		0.5171105861663818,
		0.43096113204956055,
		-0.09582217782735825,
		0.9201196432113647
	],
	"24. nose": [
		0.4496002495288849,
		0.3015322983264923,
		-0.17466844618320465,
		0.9999666213989258
	],
	"25. left_eye": [
		0.46472519636154175,
		0.28854313492774963,
		-0.1396522969007492,
		0.9999138116836548
	],
	"26. right_eye": [
		0.43804794549942017,
		0.2866230309009552,
		-0.15699155628681183,
		0.9999319911003113
	],
	"27. left_ear": [
		0.4773111045360565,
		0.29332417249679565,
		0.08682376891374588,
		0.9998196959495544
	],
	"28. right_ear": [
		0.42814022302627563,
		0.2861007750034332,
		0.006745087914168835,
		0.9999425411224365
	],
	"time stamp": 30.0
}