{
	"1. left_hip": [
		0.5297450423240662,
		0.5789386034011841,
		-0.012268058024346828,
		0.9999041557312012
	],
	"2. left_knee": [
		0.5610525012016296,
		0.7661840915679932,
		-0.11325486749410629,
		0.9898642301559448
	],
	"3. left_ankle": [
		0.5603808164596558,
		0.9141689538955688,
		0.12719634175300598,
		0.9836676716804504
	],
	"6. right_hip": [
		0.4465356469154358,
		0.5790883898735046,
		0.012355951592326164,
		0.9996781945228577
	],
	"7. right_knee": [
		0.397847056388855,
		0.7543187737464905,
		-0.06161488965153694,
		0.9814987778663635
	],
	"8. right_ankle": [
		0.4104017913341522,
		0.8746379613876343,
		0.33079099655151367,
		0.9489721655845642
	],
	"14. left_shoulder": [
		0.5596193671226501,
		0.3776387870311737,
		0.007817673496901989,
		0.9999622702598572
	],
	"15. left_elbow": [
		0.5852366089820862,
		0.4859519898891449,
		-0.16071701049804688,
		0.9709619879722595
	],
	"16. left_wrist": [
		0.5540191531181335,
		0.3818002939224243,
		-0.5117400288581848,
		0.9726418852806091
	],
	"19. right_shoulder": [
		0.42905426025390625,
		0.3623482584953308,
		0.06945250183343887,
		0.9993869662284851
	],
	"20. right_elbow": [
		0.37520739436149597,
		0.4467161297798157,
		0.1958293318748474,
		0.9001249670982361
	],
	"21. right_wrist": [
		0.3888181447982788,
		0.5035887956619263,
		0.11569582670927048,
		0.838914155960083
	],
	"24. nose": [
		0.5049957036972046,
		0.2941746711730957,
		-0.3418644368648529,
		0.9999694228172302
	],
	"25. left_eye": [
		0.5165758728981018,
		0.2808530628681183,
		-0.30766555666923523,
		0.9999711513519287
	],
	"26. right_eye": [
		0.4908321797847748,
		0.27918490767478943,
		-0.3118857145309448,
		0.9999328851699829
	],
	"27. left_ear": [
		0.5263894200325012,
		0.2876627445220947,
		-0.09937766194343567,
		0.9999628663063049
	],
	"28. right_ear": [
		0.47413066029548645,
		0.2860426902770996,
		-0.13240936398506165,
		0.999938428401947
	],
	"time stamp": 30.0
}