{
	"1. left_hip": [
		0.4665524363517761,
		0.5714398622512817,
		-0.01590551994740963,
		0.9999315738677979
	],
	"2. left_knee": [
		0.5096176862716675,
		0.7550824284553528,
		-0.1354503184556961,
		0.9950168132781982
	],
	"3. left_ankle": [
		0.5597865581512451,
		0.9114841818809509,
		0.11831920593976974,
		0.9912322759628296
	],
	"6. right_hip": [
		0.38274356722831726,
		0.5629632472991943,
		0.01611205004155636,
		0.9997897148132324
	],
	"7. right_knee": [
		0.309513121843338,
		0.7504896521568298,
		-0.06595487147569656,
		0.9923045039176941
	],
	"8. right_ankle": [
		0.2576359808444977,
		0.9123986959457397,
		0.11984860152006149,
		0.9802807569503784
	],
	"14. left_shoulder": [
		0.49927040934562683,
		0.3515574038028717,
		0.16176508367061615,
		0.9999083280563354
	],
	"15. left_elbow": [
		0.5130824446678162,
		0.40964195132255554,
		-0.05777476727962494,
		0.9406248927116394
	],
	"16. left_wrist": [
		0.4866216480731964,
		0.34585630893707275,
		-0.2658125162124634,
		0.8864981532096863
	],
	"19. right_shoulder": [
		0.3940002918243408,
		0.36693814396858215,
		0.19492946565151215,
		0.999352753162384
	],
	"20. right_elbow": [
		0.40248963236808777,
		0.4715096056461334,
		0.0685645341873169,
		0.6057701706886292
	],
	"21. right_wrist": [
		0.41854938864707947,
		0.5058158040046692,
		-0.12583903968334198,
		0.5049723386764526
	],
	"24. nose": [
		0.45323050022125244,
		0.29329416155815125,
		-0.11301476508378983,
		0.9999759197235107
	],
	"25. left_eye": [
		0.46701520681381226,
		0.2807435691356659,
		-0.08389898389577866,
		0.9999769926071167
	],
	"26. right_eye": [
		0.44084039330482483,
		0.27735185623168945,
		-0.08241410553455353,
		0.9999533891677856
	],
	"27. left_ear": [
		0.47636842727661133,
		0.28408172726631165,
		0.10253845155239105,
		0.9999769926071167
	],
	"28. right_ear": [
		0.4281514585018158,
		0.2815123498439789,
		0.11033499240875244,
		0.9999557733535767
	],
	"time stamp": 30.0
}