{
	"1. left_hip": [
		0.4707072377204895,
		0.6454604864120483,
		-0.018188390880823135,
		0.9997566938400269
	],
	"2. left_knee": [
		0.5657331943511963,
		0.7930958867073059,
		-0.17461612820625305,
		0.9973756670951843
	],
	"3. left_ankle": [
		0.5627082586288452,
		0.9158887267112732,
		0.20666803419589996,
		0.9955161809921265
	],
	"6. right_hip": [
		0.38503575325012207,
		0.6419263482093811,
		0.018088236451148987,
		0.999762237071991
	],
	"7. right_knee": [
		0.2834814786911011,
		0.7949493527412415,
		-0.18438555300235748,
		0.9968618750572205
	],
	"8. right_ankle": [
		0.279895156621933,
		0.9229692220687866,
		0.18659286201000214,
		0.9938161373138428
	],
	"14. left_shoulder": [
		0.5061913728713989,
		0.4503937065601349,
		0.06771556288003922,
		0.9994701147079468
	],
	"15. left_elbow": [
		0.5027589797973633,
		0.5411272644996643,
		-0.19442492723464966,
		0.934894859790802
	],
	"16. left_wrist": [
		0.4595526456832886,
		0.46074265241622925,
		-0.4677225351333618,
		0.863970160484314
	],
	"19. right_shoulder": [
		0.38339152932167053,
		0.4204363226890564,
		0.08853726834058762,
		0.9992894530296326
	],
	"20. right_elbow": [
		0.3396154046058655,
		0.32380354404449463,
		-0.13699637353420258,
		0.8414068818092346
	],
	"21. right_wrist": [
		0.42195001244544983,
		0.2981742322444916,
		-0.1092943400144577,
		0.6752263307571411
	],
	"24. nose": [
		0.459002822637558,
		0.35426658391952515,
		-0.1795775294303894,
		0.9999345541000366
	],
	"25. left_eye": [
		0.46971431374549866,
		0.34339475631713867,
		-0.1402621865272522,
		0.9999166131019592
	],
	"26. right_eye": [
		0.44651755690574646,
		0.341410756111145,
		-0.1441342532634735,
		0.9998471736907959
	],
	"27. left_ear": [
		0.4773809313774109,
		0.3531588315963745,
		0.05140940845012665,
		0.999935507774353
	],
	"28. right_ear": [
		0.4299449622631073,
		0.3500005006790161,
		0.03711342811584473,
		0.9998574256896973
	],
	"time stamp": 30.0
}