{
	"1. left_hip": [
		0.44187843799591064,
		0.5596522688865662,
		0.00064825703157112,
		0.9993216395378113
	],
	"2. left_knee": [
		0.4323468804359436,
		0.7514227032661438,
		-0.044275932013988495,
		0.9933257699012756
	],
	"3. left_ankle": [
		0.4137504994869232,
		0.8825238347053528,
		0.30224937200546265,
		0.9805191159248352
	],
	"6. right_hip": [
		0.36185693740844727,
		0.5582498908042908,
		-0.0003650306898634881,
		0.999382734298706
	],
	"7. right_knee": [
		0.3754125237464905,
		0.7440193891525269,
		-0.07752691209316254,
		0.9895422458648682
	],
	"8. right_ankle": [
		0.4316565692424774,
		0.903016984462738,
		0.1406509131193161,
		0.9841055870056152
	],
	"14. left_shoulder": [
		0.468643456697464,
		0.3580596446990967,
		0.0840892493724823,
		0.9997844099998474
	],
	"15. left_elbow": [
		0.45684513449668884,
		0.43995749950408936,
		-0.0918048843741417,
		0.9726389646530151
	],
	"16. left_wrist": [
		0.38622772693634033,
		0.39019638299942017,
		-0.39207565784454346,
		0.9315446615219116
	],
	"19. right_shoulder": [
		0.3374680280685425,
		0.3465043604373932,
		0.09010425955057144,
		0.9995971918106079
	],
	"20. right_elbow": [
		0.33883604407310486,
		0.4394683539867401,
		0.003085526404902339,
		0.9411023855209351
	],
	"21. right_wrist": [
		0.3764858543872833,
		0.3946996033191681,
		-0.18413347005844116,
		0.8882203102111816
	],
	"24. nose": [
		0.414938360452652,
		0.27604636549949646,
		-0.21539397537708282,
		0.9998682737350464
	],
	"25. left_eye": [
		0.4283152222633362,
		0.26433390378952026,
		-0.18368034064769745,
		0.999765157699585
	],
	"26. right_eye": [
		0.40296465158462524,
		0.26114189624786377,
		-0.18943777680397034,
		0.9996883869171143
	],
	"27. left_ear": [
		0.43938830494880676,
		0.2720550000667572,
		0.0088027473539114,
		0.9997782707214355
	],
	"28. right_ear": [
		0.38523611426353455,
		0.2662540078163147,
		-0.01680239476263523,
		0.999721348285675
	],
	"time stamp": 30.0
}