{
	"1. left_hip": [
		0.44556477665901184,
		0.5572428703308105,
		-0.0001794288109522313,
		0.9992448687553406
	],
	"2. left_knee": [
		0.43746766448020935,
		0.7516342997550964,
		-0.06945156306028366,
		0.9909082055091858
	],
	"3. left_ankle": [
		0.42171913385391235,
		0.8817237019538879,
		0.25450414419174194,
		0.9715285301208496
	],
	"6. right_hip": [
		0.3658636212348938,
		0.5578675866127014,
		0.000446542224381119,
		0.999350905418396
	],
	"7. right_knee": [
		0.39260134100914,
		0.7444469928741455,
		-0.08538497239351273,
		0.9877932071685791
	],
	"8. right_ankle": [
		0.45263671875,
		0.9053617119789124,
		0.0964423194527626,
		0.9822345972061157
	],
	"14. left_shoulder": [
		0.46857354044914246,
		0.34730222821235657,
		0.09445842355489731,
		0.9997143745422363
	],
	"15. left_elbow": [
		0.44631555676460266,
		0.43285077810287476,
		-0.02714092656970024,
		0.9665120244026184
	],
	"16. left_wrist": [
		0.354370653629303,
		0.3843677043914795,
		-0.16918914020061493,
		0.92906254529953
	],
	"19. right_shoulder": [
		0.34028416872024536,
		0.3477252423763275,
		0.13918712735176086,
		0.9995203018188477
	],
	"20. right_elbow": [
		0.3435894548892975,
		0.4426053762435913,
		0.08131158351898193,
		0.926018238067627
	],
	"21. right_wrist": [
		0.3961465060710907,
		0.3857567310333252,
		-0.03906244784593582,
		0.8803778290748596
	],
	"24. nose": [
		0.4132179617881775,
		0.27537763118743896,
		-0.14765895903110504,
		0.9997866749763489
	],
	"25. left_eye": [
		0.42628931999206543,
		0.2629340589046478,
		-0.11999838054180145,
		0.9996091723442078
	],
	"26. right_eye": [
		0.40196335315704346,
		0.2617702782154083,
		-0.12150458246469498,
		0.9994981288909912
	],
	"27. left_ear": [
		0.43903711438179016,
		0.26902392506599426,
		0.04801805689930916,
		0.9996321797370911
	],
	"28. right_ear": [
		0.3852439820766449,
		0.2675311267375946,
		0.04261230677366257,
		0.9994590878486633
	],
	"time stamp": 30.0
}