{
	"1. left_hip": [
		0.4530739188194275,
		0.5694290995597839,
		0.024273747578263283,
		0.9986379146575928
	],
	"2. left_knee": [
		0.437802255153656,
		0.7562519311904907,
		-0.07926926016807556,
		0.9388472437858582
	],
	"3. left_ankle": [
		0.4165336489677429,
		0.9070922136306763,
		0.1287720501422882,
		0.9176551103591919
	],
	"6. right_hip": [
		0.3843768239021301,
		0.5660088658332825,
		-0.024018211290240288,
		0.9989868998527527
	],
	"7. right_knee": [
		0.428688645362854,
		0.7432637810707092,
		-0.12922005355358124,
		0.9376704096794128
	],
	"8. right_ankle": [
		0.4848977029323578,
		0.9280703067779541,
		0.01034156046807766,
		0.9571617841720581
	],
	"14. left_shoulder": [
		0.513672411441803,
		0.38828691840171814,
		0.20608724653720856,
		0.9990974068641663
	],
	"15. left_elbow": [
		0.47643589973449707,
		0.4641515910625458,
		0.026201516389846802,
		0.9278178811073303
	],
	"16. left_wrist": [
		0.42556750774383545,
		0.4057602286338806,
		-0.1933087408542633,
		0.917659342288971
	],
	"19. right_shoulder": [
		0.3961159288883209,
		0.34579625725746155,
		0.20991338789463043,
		0.9993721842765808
	],
	"20. right_elbow": [
		0.37206676602363586,
		0.44394704699516296,
		0.13183173537254333,
		0.8848235607147217
	],
	"21. right_wrist": [
		0.45359453558921814,
		0.41762465238571167,
		0.023940900340676308,
		0.9033209085464478
	],
	"24. nose": [
		0.5019939541816711,
		0.29851266741752625,
		-0.08153528720140457,
		0.9998430609703064
	],
	"25. left_eye": [
		0.5194219946861267,
		0.29448071122169495,
		-0.03675694391131401,
		0.9996756911277771
	],
	"26. right_eye": [
		0.49264395236968994,
		0.2775806784629822,
		-0.04795541614294052,
		0.9996716380119324
	],
	"27. left_ear": [
		0.522814154624939,
		0.30887335538864136,
		0.17445334792137146,
		0.9995959401130676
	],
	"28. right_ear": [
		0.4757336974143982,
		0.27635887265205383,
		0.12003032863140106,
		0.999596357345581
	],
	"time stamp": 30.0
}