{
	"1. left_hip": [
		0.44856178760528564,
		0.5755400061607361,
		0.03201446682214737,
		0.9986811280250549
	],
	"2. left_knee": [
		0.4362856447696686,
		0.7555528283119202,
		-0.04236014932394028,
		0.9430724382400513
	],
	"3. left_ankle": [
		0.4158047139644623,
		0.9054677486419678,
		0.18444930016994476,
		0.9243142008781433
	],
	"6. right_hip": [
		0.3779507875442505,
		0.5699344873428345,
		-0.031773269176483154,
		0.9990825653076172
	],
	"7. right_knee": [
		0.4275631904602051,
		0.7436025142669678,
		-0.20608122646808624,
		0.9464889168739319
	],
	"8. right_ankle": [
		0.4837540090084076,
		0.92950838804245,
		-0.11273853480815887,
		0.9632959961891174
	],
	"14. left_shoulder": [
		0.5215812921524048,
		0.3951783776283264,
		0.24506263434886932,
		0.9990367293357849
	],
	"15. left_elbow": [
		0.474883109331131,
		0.467196524143219,
		0.11650092154741287,
		0.9151803255081177
	],
	"16. left_wrist": [
		0.43440136313438416,
		0.3973701596260071,
		0.023698562756180763,
		0.9079113006591797
	],
	"19. right_shoulder": [
		0.4032042622566223,
		0.3466746509075165,
		0.21518008410930634,
		0.9994503855705261
	],
	"20. right_elbow": [
		0.38441839814186096,
		0.44314923882484436,
		0.11635340750217438,
		0.8949404954910278
	],
	"21. right_wrist": [
		0.47135013341903687,
		0.4154323935508728,
		0.06931686401367188,
		0.9074830412864685
	],
	"24. nose": [
		0.5080918073654175,
		0.306523859500885,
		-0.014704030007123947,
		0.9998478889465332
	],
	"25. left_eye": [
		0.5236387252807617,
		0.29953843355178833,
		0.02648889273405075,
		0.9996917843818665
	],
	"26. right_eye": [
		0.4986110329627991,
		0.2879367470741272,
		0.0169113390147686,
		0.999695897102356
	],
	"27. left_ear": [
		0.5293381810188293,
		0.3106488883495331,
		0.21810518205165863,
		0.9995893836021423
	],
	"28. right_ear": [
		0.4823490083217621,
		0.2859647572040558,
		0.1728208363056183,
		0.9996253252029419
	],
	"time stamp": 30.0
}