{
	"1. left_hip": [
		0.4473392963409424,
		0.5792315006256104,
		0.03920579329133034,
		0.9986952543258667
	],
	"2. left_knee": [
		0.4369557201862335,
		0.7596859335899353,
		-0.012974943034350872,
		0.9514063000679016
	],
	"3. left_ankle": [
		0.4115638732910156,
		0.9067230820655823,
		0.17956875264644623,
		0.9379992485046387
	],
	"6. right_hip": [
		0.3766297996044159,
		0.5734109282493591,
		-0.0389351062476635,
		0.9991225600242615
	],
	"7. right_knee": [
		0.4303736686706543,
		0.7543373703956604,
		-0.11564339697360992,
		0.9579867124557495
	],
	"8. right_ankle": [
		0.4850592017173767,
		0.9317931532859802,
		0.02531220205128193,
		0.971122682094574
	],
	"14. left_shoulder": [
		0.5287029147148132,
		0.39390674233436584,
		0.11525620520114899,
		0.9989622235298157
	],
	"15. left_elbow": [
		0.4822484850883484,
		0.46390825510025024,
		-0.040895700454711914,
		0.8995689153671265
	],
	"16. left_wrist": [
		0.4458359479904175,
		0.37661710381507874,
		-0.24427588284015656,
		0.8952629566192627
	],
	"19. right_shoulder": [
		0.4111887514591217,
		0.3467521667480469,
		0.03231654316186905,
		0.9995034337043762
	],
	"20. right_elbow": [
		0.3972243368625641,
		0.446450799703598,
		-0.10150224715471268,
		0.9097622632980347
	],
	"21. right_wrist": [
		0.4806816577911377,
		0.4117354154586792,
		-0.2328491061925888,
		0.913079559803009
	],
	"24. nose": [
		0.5127175450325012,
		0.3132495880126953,
		-0.21871381998062134,
		0.999786913394928
	],
	"25. left_eye": [
		0.526602029800415,
		0.30135631561279297,
		-0.18507429957389832,
		0.9996276497840881
	],
	"26. right_eye": [
		0.5015033483505249,
		0.2959059476852417,
		-0.20021602511405945,
		0.9996339082717896
	],
	"27. left_ear": [
		0.5323325991630554,
		0.30783721804618835,
		0.023524167016148567,
		0.9994656443595886
	],
	"28. right_ear": [
		0.4842492341995239,
		0.2947249710559845,
		-0.04444732144474983,
		0.9995774626731873
	],
	"time stamp": 30.0
}