{
	"1. left_hip": [
		0.4477921426296234,
		0.5786423087120056,
		0.03979245945811272,
		0.9987388849258423
	],
	"2. left_knee": [
		0.43882158398628235,
		0.7594383358955383,
		-0.011066162027418613,
		0.9531511068344116
	],
	"3. left_ankle": [
		0.41487905383110046,
		0.9065865278244019,
		0.15646430850028992,
		0.9414798617362976
	],
	"6. right_hip": [
		0.37691637873649597,
		0.5741801261901855,
		-0.03950760141015053,
		0.9991567730903625
	],
	"7. right_knee": [
		0.4298190772533417,
		0.7542184591293335,
		-0.1159287542104721,
		0.9608871340751648
	],
	"8. right_ankle": [
		0.48484981060028076,
		0.9298025965690613,
		-0.0017412665765732527,
		0.9731113910675049
	],
	"14. left_shoulder": [
		0.5276472568511963,
		0.39320045709609985,
		0.14826776087284088,
		0.9989464282989502
	],
	"15. left_elbow": [
		0.48212501406669617,
		0.4662741720676422,
		0.01883867383003235,
		0.8896707892417908
	],
	"16. left_wrist": [
		0.45500054955482483,
		0.37256309390068054,
		-0.14060983061790466,
		0.8889336585998535
	],
	"19. right_shoulder": [
		0.41228625178337097,
		0.34567493200302124,
		0.06894712150096893,
		0.9995337724685669
	],
	"20. right_elbow": [
		0.3993932604789734,
		0.44750526547431946,
		-0.0826401337981224,
		0.9157321453094482
	],
	"21. right_wrist": [
		0.4807876646518707,
		0.41295716166496277,
		-0.22206909954547882,
		0.9183582067489624
	],
	"24. nose": [
		0.5132446885108948,
		0.31436580419540405,
		-0.1789819449186325,
		0.9997685551643372
	],
	"25. left_eye": [
		0.527070164680481,
		0.30280226469039917,
		-0.14066234230995178,
		0.9996076226234436
	],
	"26. right_eye": [
		0.5023836493492126,
		0.2967592179775238,
		-0.15316814184188843,
		0.9996218085289001
	],
	"27. left_ear": [
		0.5324504971504211,
		0.308411568403244,
		0.06534232199192047,
		0.9994357228279114
	],
	"28. right_ear": [
		0.48458752036094666,
		0.29521992802619934,
		0.00478666927665472,
		0.9995753169059753
	],
	"time stamp": 30.0
}