{
	"1. left_hip": [
		0.45777732133865356,
		0.5841012597084045,
		0.026954934000968933,
		0.9986100792884827
	],
	"2. left_knee": [
		0.4422031342983246,
		0.7650640606880188,
		-0.02891126275062561,
		0.9619004130363464
	],
	"3. left_ankle": [
		0.41846156120300293,
		0.9105135798454285,
		0.19747677445411682,
		0.9562705755233765
	],
	"6. right_hip": [
		0.382736474275589,
		0.5787179470062256,
		-0.026669666171073914,
		0.9990152716636658
	],
	"7. right_knee": [
		0.42547956109046936,
		0.7568256855010986,
		-0.08285672962665558,
		0.9712492823600769
	],
	"8. right_ankle": [
		0.48243552446365356,
		0.9243583679199219,
		0.09090226143598557,
		0.979930579662323
	],
	"14. left_shoulder": [
		0.5325568914413452,
		0.3936193287372589,
		0.13894419372081757,
		0.9988081455230713
	],
	"15. left_elbow": [
		0.5084483027458191,
		0.46511510014533997,
		-0.05913454666733742,
		0.8615698218345642
	],
	"16. left_wrist": [
		0.49100813269615173,
		0.3770926296710968,
		-0.35531994700431824,
		0.8508248925209045
	],
	"19. right_shoulder": [
		0.4185267686843872,
		0.34391722083091736,
		0.047826286405324936,
		0.9996159672737122
	],
	"20. right_elbow": [
		0.40325626730918884,
		0.44907456636428833,
		-0.15794087946414948,
		0.9421637654304504
	],
	"21. right_wrist": [
		0.48974981904029846,
		0.4186486601829529,
		-0.3930566906929016,
		0.9421634078025818
	],
	"24. nose": [
		0.5161756873130798,
		0.3202974498271942,
		-0.18702290952205658,
		0.9994542002677917
	],
	"25. left_eye": [
		0.529511034488678,
		0.3077123761177063,
		-0.1534537523984909,
		0.9991217851638794
	],
	"26. right_eye": [
		0.5060365796089172,
		0.3009500801563263,
		-0.16679970920085907,
		0.999274730682373
	],
	"27. left_ear": [
		0.5344914793968201,
		0.3114498555660248,
		0.05366324260830879,
		0.9987802505493164
	],
	"28. right_ear": [
		0.48904386162757874,
		0.29965800046920776,
		-0.005038848612457514,
		0.9993742108345032
	],
	"time stamp": 30.0
}