{
	"1. left_hip": [
		0.4902490973472595,
		0.5765623450279236,
		-0.01613880880177021,
		0.9982513189315796
	],
	"2. left_knee": [
		0.45889443159103394,
		0.7610642313957214,
		-0.11346752196550369,
		0.9561509490013123
	],
	"3. left_ankle": [
		0.43594855070114136,
		0.894730269908905,
		0.15224961936473846,
		0.9566553831100464
	],
	"6. right_hip": [
		0.41937997937202454,
		0.578294575214386,
		0.016448762267827988,
		0.9984813332557678
	],
	"7. right_knee": [
		0.44652387499809265,
		0.7543013095855713,
		-0.09106805920600891,
		0.972369909286499
	],
	"8. right_ankle": [
		0.47963061928749084,
		0.9295092821121216,
		0.05425083264708519,
		0.9798649549484253
	],
	"14. left_shoulder": [
		0.5058956742286682,
		0.3795698285102844,
		-0.057076454162597656,
		0.9992581605911255
	],
	"15. left_elbow": [
		0.5445942878723145,
		0.4360838234424591,
		-0.3403870761394501,
		0.7805421352386475
	],
	"16. left_wrist": [
		0.48413315415382385,
		0.40656372904777527,
		-0.674167811870575,
		0.7376163601875305
	],
	"19. right_shoulder": [
		0.3841487467288971,
		0.39829331636428833,
		0.04755443334579468,
		0.9988479018211365
	],
	"20. right_elbow": [
		0.3788883686065674,
		0.46440261602401733,
		-0.09592018276453018,
		0.8364085555076599
	],
	"21. right_wrist": [
		0.4248303771018982,
		0.447592169046402,
		-0.4040948748588562,
		0.7884975075721741
	],
	"24. nose": [
		0.41649889945983887,
		0.3312622010707855,
		-0.37842217087745667,
		0.9992243647575378
	],
	"25. left_eye": [
		0.42650526762008667,
		0.3098377585411072,
		-0.3706984519958496,
		0.9990522861480713
	],
	"26. right_eye": [
		0.40041905641555786,
		0.3145392835140228,
		-0.32772335410118103,
		0.998588502407074
	],
	"27. left_ear": [
		0.44073212146759033,
		0.3066660463809967,
		-0.19382244348526,
		0.9990615844726562
	],
	"28. right_ear": [
		0.3898429572582245,
		0.3177487850189209,
		-0.07564812153577805,
		0.9982401132583618
	],
	"time stamp": 30.0
}