{
	"1. left_hip": [
		0.4923471212387085,
		0.5767278671264648,
		-0.01033099927008152,
		0.9982153177261353
	],
	"2. left_knee": [
		0.46311357617378235,
		0.7585232257843018,
		-0.10162394493818283,
		0.9527463316917419
	],
	"3. left_ankle": [
		0.4353906810283661,
		0.893808126449585,
		0.15988905727863312,
		0.9525929093360901
	],
	"6. right_hip": [
		0.42263656854629517,
		0.5795347690582275,
		0.010646386072039604,
		0.9984139204025269
	],
	"7. right_knee": [
		0.44933921098709106,
		0.7542979121208191,
		-0.09902344644069672,
		0.9699530005455017
	],
	"8. right_ankle": [
		0.4794745445251465,
		0.9294851422309875,
		0.07049059867858887,
		0.9791770577430725
	],
	"14. left_shoulder": [
		0.4990515410900116,
		0.37815994024276733,
		-0.031335823237895966,
		0.9992737770080566
	],
	"15. left_elbow": [
		0.5421895384788513,
		0.4386897087097168,
		-0.31117957830429077,
		0.7986430525779724
	],
	"16. left_wrist": [
		0.4836653470993042,
		0.4053315818309784,
		-0.6534662246704102,
		0.7512233257293701
	],
	"19. right_shoulder": [
		0.3782864511013031,
		0.397903710603714,
		0.04042516648769379,
		0.9985939264297485
	],
	"20. right_elbow": [
		0.37939053773880005,
		0.4586063027381897,
		-0.13125121593475342,
		0.8015586137771606
	],
	"21. right_wrist": [
		0.421148419380188,
		0.4346102774143219,
		-0.47801637649536133,
		0.7388753890991211
	],
	"24. nose": [
		0.41242942214012146,
		0.33202359080314636,
		-0.3557942807674408,
		0.999180018901825
	],
	"25. left_eye": [
		0.4224143922328949,
		0.31157833337783813,
		-0.34070122241973877,
		0.9990165829658508
	],
	"26. right_eye": [
		0.39702215790748596,
		0.31548693776130676,
		-0.3075787425041199,
		0.998431921005249
	],
	"27. left_ear": [
		0.43615996837615967,
		0.30959030985832214,
		-0.16372856497764587,
		0.9991014003753662
	],
	"28. right_ear": [
		0.38646525144577026,
		0.31842952966690063,
		-0.06978760659694672,
		0.9980558753013611
	],
	"time stamp": 30.0
}