{
	"1. left_hip": [
		0.4845516085624695,
		0.5620207190513611,
		-0.012399481609463692,
		0.9985021948814392
	],
	"2. left_knee": [
		0.4567413032054901,
		0.7456410527229309,
		-0.06736138463020325,
		0.9119823575019836
	],
	"3. left_ankle": [
		0.4202493131160736,
		0.8976240158081055,
		0.2241211086511612,
		0.9172444939613342
	],
	"6. right_hip": [
		0.42327818274497986,
		0.5635915398597717,
		0.012868412770330906,
		0.9983190894126892
	],
	"7. right_knee": [
		0.4505208432674408,
		0.7465770244598389,
		-0.10494701564311981,
		0.9336686134338379
	],
	"8. right_ankle": [
		0.48094460368156433,
		0.9225757122039795,
		0.08374987542629242,
		0.9662708044052124
	],
	"14. left_shoulder": [
		0.477050244808197,
		0.3479323387145996,
		0.08965346962213516,
		0.9994069337844849
	],
	"15. left_elbow": [
		0.5308159589767456,
		0.4156915843486786,
		-0.11643364280462265,
		0.8899438381195068
	],
	"16. left_wrist": [
		0.4537105858325958,
		0.4208982288837433,
		-0.42906808853149414,
		0.7961545586585999
	],
	"19. right_shoulder": [
		0.3696129620075226,
		0.3708738088607788,
		0.1590346097946167,
		0.9974787831306458
	],
	"20. right_elbow": [
		0.40388259291648865,
		0.47253379225730896,
		0.24371519684791565,
		0.45468395948410034
	],
	"21. right_wrist": [
		0.42467668652534485,
		0.5490902066230774,
		0.17223265767097473,
		0.4113186299800873
	],
	"24. nose": [
		0.4124316871166229,
		0.2795480787754059,
		-0.2021351307630539,
		0.9993315935134888
	],
	"25. left_eye": [
		0.4280332922935486,
		0.26854532957077026,
		-0.16692127287387848,
		0.9990952014923096
	],
	"26. right_eye": [
		0.40445274114608765,
		0.2647041380405426,
		-0.16893060505390167,
		0.9985570907592773
	],
	"27. left_ear": [
		0.4396604001522064,
		0.27388063073158264,
		0.02970486506819725,
		0.9991788268089294
	],
	"28. right_ear": [
		0.39418208599090576,
		0.27017533779144287,
		0.01690288819372654,
		0.9979697465896606
	],
	"time stamp": 30.0
}