{
	"1. left_hip": [
		0.447723925113678,
		0.5700302720069885,
		0.14717568457126617,
		0.9975727796554565
	],
	"2. left_knee": [
		0.4453269839286804,
		0.7428484559059143,
		0.13209807872772217,
		0.7934437394142151
	],
	"3. left_ankle": [
		0.38300466537475586,
		0.9035762548446655,
		0.1698349565267563,
		0.8537253141403198
	],
	"6. right_hip": [
		0.4470512270927429,
		0.5669087171554565,
		-0.14750978350639343,
		0.997961699962616
	],
	"7. right_knee": [
		0.4501856565475464,
		0.7520207762718201,
		-0.154565691947937,
		0.9181225299835205
	],
	"8. right_ankle": [
		0.44883406162261963,
		0.9350224137306213,
		-0.12094361335039139,
		0.9543763995170593
	],
	"14. left_shoulder": [
		0.41813939809799194,
		0.3578954041004181,
		0.24047565460205078,
		0.9978436827659607
	],
	"15. left_elbow": [
		0.41210538148880005,
		0.4687807857990265,
		0.3125893771648407,
		0.6773719787597656
	],
	"16. left_wrist": [
		0.4284064471721649,
		0.5509041547775269,
		0.2990395128726959,
		0.6196522116661072
	],
	"19. right_shoulder": [
		0.42868703603744507,
		0.3421115577220917,
		-0.2250460535287857,
		0.9977576732635498
	],
	"20. right_elbow": [
		0.42520320415496826,
		0.30307304859161377,
		-0.5132430791854858,
		0.6176965832710266
	],
	"21. right_wrist": [
		0.4584702253341675,
		0.24026325345039368,
		-0.6766470074653625,
		0.5572273135185242
	],
	"24. nose": [
		0.4579160511493683,
		0.26392507553100586,
		0.04286903142929077,
		0.9988962411880493
	],
	"25. left_eye": [
		0.4486960470676422,
		0.25472256541252136,
		0.05724114179611206,
		0.9983959794044495
	],
	"26. right_eye": [
		0.44382739067077637,
		0.2542002499103546,
		0.009273053146898746,
		0.9980043172836304
	],
	"27. left_ear": [
		0.4329604208469391,
		0.2642376124858856,
		0.1320028156042099,
		0.9983210563659668
	],
	"28. right_ear": [
		0.4310658872127533,
		0.2649901509284973,
		-0.08072201162576675,
		0.996783971786499
	],
	"time stamp": 30.0
}