{
	"1. left_hip": [
		0.4952980875968933,
		0.5741956233978271,
		0.16352325677871704,
		0.9981088042259216
	],
	"2. left_knee": [
		0.520598292350769,
		0.7325527667999268,
		0.1614236831665039,
		0.558844268321991
	],
	"3. left_ankle": [
		0.46558913588523865,
		0.8769921064376831,
		0.2895583510398865,
		0.7415034174919128
	],
	"6. right_hip": [
		0.5012720227241516,
		0.5791617631912231,
		-0.1639091968536377,
		0.9980015158653259
	],
	"7. right_knee": [
		0.5457687973976135,
		0.738524854183197,
		-0.18086542189121246,
		0.9604798555374146
	],
	"8. right_ankle": [
		0.4678007662296295,
		0.8751793503761292,
		-0.030316321179270744,
		0.9653353095054626
	],
	"14. left_shoulder": [
		0.4916292428970337,
		0.3665819466114044,
		0.15941965579986572,
		0.9992097616195679
	],
	"15. left_elbow": [
		0.5268586277961731,
		0.2840859591960907,
		0.322091281414032,
		0.28441953659057617
	],
	"16. left_wrist": [
		0.5535658597946167,
		0.2102043777704239,
		0.4272218346595764,
		0.5238177180290222
	],
	"19. right_shoulder": [
		0.4613882303237915,
		0.38204121589660645,
		-0.30897265672683716,
		0.9999098181724548
	],
	"20. right_elbow": [
		0.44578641653060913,
		0.4836595356464386,
		-0.4622088670730591,
		0.9698693156242371
	],
	"21. right_wrist": [
		0.41961556673049927,
		0.5882049798965454,
		-0.6139612197875977,
		0.9357789158821106
	],
	"24. nose": [
		0.5011860132217407,
		0.30069243907928467,
		-0.30774325132369995,
		0.9998405575752258
	],
	"25. left_eye": [
		0.4956600069999695,
		0.2877251207828522,
		-0.2656400799751282,
		0.9996501207351685
	],
	"26. right_eye": [
		0.48159822821617126,
		0.2961083948612213,
		-0.3074796795845032,
		0.999809205532074
	],
	"27. left_ear": [
		0.48849189281463623,
		0.2950773537158966,
		-0.0591563917696476,
		0.9993127584457397
	],
	"28. right_ear": [
		0.4601340889930725,
		0.31359022855758667,
		-0.2502603530883789,
		0.9998016953468323
	],
	"time stamp": 30.0
}