{
	"1. left_hip": [
		0.5093377828598022,
		0.5547395348548889,
		0.15307465195655823,
		0.9988505840301514
	],
	"2. left_knee": [
		0.5143537521362305,
		0.7112858295440674,
		0.11368502676486969,
		0.4955533742904663
	],
	"3. left_ankle": [
		0.4653053283691406,
		0.8619740605354309,
		0.2004154622554779,
		0.6726222038269043
	],
	"6. right_hip": [
		0.4927706718444824,
		0.5520223379135132,
		-0.1532658189535141,
		0.9985496401786804
	],
	"7. right_knee": [
		0.526505172252655,
		0.7195958495140076,
		-0.1944696456193924,
		0.941455066204071
	],
	"8. right_ankle": [
		0.4660928547382355,
		0.8751134276390076,
		-0.12311417609453201,
		0.9439120888710022
	],
	"14. left_shoulder": [
		0.5105316638946533,
		0.36472082138061523,
		0.20895671844482422,
		0.9992848634719849
	],
	"15. left_elbow": [
		0.5061946511268616,
		0.4703271687030792,
		0.31118136644363403,
		0.36775439977645874
	],
	"16. left_wrist": [
		0.5634707808494568,
		0.5542579889297485,
		0.19796115159988403,
		0.6284012794494629
	],
	"19. right_shoulder": [
		0.4552192986011505,
		0.34739381074905396,
		-0.226143017411232,
		0.9993854761123657
	],
	"20. right_elbow": [
		0.4403805732727051,
		0.45285364985466003,
		-0.36752599477767944,
		0.9291977882385254
	],
	"21. right_wrist": [
		0.4386935830116272,
		0.548134446144104,
		-0.5864875912666321,
		0.8154470324516296
	],
	"24. nose": [
		0.522277295589447,
		0.2871142029762268,
		-0.2551632821559906,
		0.9998236894607544
	],
	"25. left_eye": [
		0.5303789973258972,
		0.27728497982025146,
		-0.21619850397109985,
		0.9996099472045898
	],
	"26. right_eye": [
		0.5102141499519348,
		0.27180689573287964,
		-0.25438031554222107,
		0.999817430973053
	],
	"27. left_ear": [
		0.527702271938324,
		0.28496986627578735,
		-0.011811871081590652,
		0.9993985295295715
	],
	"28. right_ear": [
		0.4885600209236145,
		0.27311378717422485,
		-0.18453417718410492,
		0.9998219013214111
	],
	"time stamp": 30.0
}