{
	"1. left_hip": [
		0.5233449339866638,
		0.5717161297798157,
		0.13556496798992157,
		0.9990878105163574
	],
	"2. left_knee": [
		0.5138283967971802,
		0.7324116230010986,
		0.16028490662574768,
		0.5743030905723572
	],
	"3. left_ankle": [
		0.4521407186985016,
		0.8750799298286438,
		0.26608455181121826,
		0.8159928321838379
	],
	"6. right_hip": [
		0.4799592196941376,
		0.5709689855575562,
		-0.13560989499092102,
		0.999114990234375
	],
	"7. right_knee": [
		0.5616424679756165,
		0.7204537987709045,
		-0.2546541094779968,
		0.9761121869087219
	],
	"8. right_ankle": [
		0.559231162071228,
		0.8837485313415527,
		-0.23784221708774567,
		0.9760208129882812
	],
	"14. left_shoulder": [
		0.5382121205329895,
		0.3780836760997772,
		0.22387290000915527,
		0.9992989897727966
	],
	"15. left_elbow": [
		0.561136782169342,
		0.48000937700271606,
		0.2665542960166931,
		0.2681233286857605
	],
	"16. left_wrist": [
		0.5751990675926208,
		0.5641188025474548,
		0.15613338351249695,
		0.34417253732681274
	],
	"19. right_shoulder": [
		0.43679797649383545,
		0.35574331879615784,
		-0.12910184264183044,
		0.9997256994247437
	],
	"20. right_elbow": [
		0.47568562626838684,
		0.40005430579185486,
		-0.4151555001735687,
		0.9700378775596619
	],
	"21. right_wrist": [
		0.49744197726249695,
		0.34223392605781555,
		-0.6754690408706665,
		0.8251949548721313
	],
	"24. nose": [
		0.5168098211288452,
		0.30374279618263245,
		-0.17840611934661865,
		0.9999271035194397
	],
	"25. left_eye": [
		0.5229384303092957,
		0.2918906807899475,
		-0.14027047157287598,
		0.9998091459274292
	],
	"26. right_eye": [
		0.5003196001052856,
		0.2901545763015747,
		-0.16264638304710388,
		0.9998981952667236
	],
	"27. left_ear": [
		0.5226967334747314,
		0.29881608486175537,
		0.056988172233104706,
		0.999681293964386
	],
	"28. right_ear": [
		0.47974663972854614,
		0.2951308786869049,
		-0.06537634879350662,
		0.9999008774757385
	],
	"time stamp": 30.0
}