{
	"1. left_hip": [
		0.5623642206192017,
		0.5563732981681824,
		-0.08027766644954681,
		0.999372124671936
	],
	"2. left_knee": [
		0.5594986081123352,
		0.7270646691322327,
		-0.1741514801979065,
		0.8121544122695923
	],
	"3. left_ankle": [
		0.594832718372345,
		0.8982658982276917,
		-0.09331590682268143,
		0.8236677050590515
	],
	"6. right_hip": [
		0.49558839201927185,
		0.5627375245094299,
		0.08057814091444016,
		0.9988876581192017
	],
	"7. right_knee": [
		0.5381603837013245,
		0.7454856038093567,
		0.047298356890678406,
		0.8914292454719543
	],
	"8. right_ankle": [
		0.5936041474342346,
		0.8857550024986267,
		0.20702265202999115,
		0.917740523815155
	],
	"14. left_shoulder": [
		0.5907180309295654,
		0.3602418303489685,
		-0.10046226531267166,
		0.999646782875061
	],
	"15. left_elbow": [
		0.6654388904571533,
		0.32921522855758667,
		-0.23370426893234253,
		0.7977815270423889
	],
	"16. left_wrist": [
		0.73012375831604,
		0.3187178373336792,
		-0.3233133852481842,
		0.7375007271766663
	],
	"19. right_shoulder": [
		0.48852771520614624,
		0.3573794364929199,
		0.0540129616856575,
		0.9967917203903198
	],
	"20. right_elbow": [
		0.5086827874183655,
		0.432478129863739,
		0.17385803163051605,
		0.6728292107582092
	],
	"21. right_wrist": [
		0.5330841541290283,
		0.5123253464698792,
		0.19851191341876984,
		0.6012148857116699
	],
	"24. nose": [
		0.5411524772644043,
		0.2874044179916382,
		-0.3240487277507782,
		0.9996649026870728
	],
	"25. left_eye": [
		0.5611302852630615,
		0.2831023633480072,
		-0.29497233033180237,
		0.999574601650238
	],
	"26. right_eye": [
		0.538310170173645,
		0.2706466615200043,
		-0.28945639729499817,
		0.9991114735603333
	],
	"27. left_ear": [
		0.5761594176292419,
		0.29785048961639404,
		-0.1290135383605957,
		0.9996853470802307
	],
	"28. right_ear": [
		0.5330783128738403,
		0.27530547976493835,
		-0.11105886101722717,
		0.9988862872123718
	],
	"time stamp": 30.0
}