{
	"1. left_hip": [
		0.492432177066803,
		0.5996510982513428,
		0.06608594208955765,
		0.9997579455375671
	],
	"2. left_knee": [
		0.5118260979652405,
		0.7716604471206665,
		-0.07480233907699585,
		0.9573102593421936
	],
	"3. left_ankle": [
		0.44384101033210754,
		0.8663160800933838,
		0.4212416410446167,
		0.9477913975715637
	],
	"6. right_hip": [
		0.41247379779815674,
		0.6012335419654846,
		-0.0663275271654129,
		0.9995158314704895
	],
	"7. right_knee": [
		0.40869301557540894,
		0.782866358757019,
		-0.12523768842220306,
		0.9208134412765503
	],
	"8. right_ankle": [
		0.3745812773704529,
		0.9194626808166504,
		0.31098616123199463,
		0.9243062138557434
	],
	"14. left_shoulder": [
		0.5055545568466187,
		0.37655529379844666,
		-0.19744205474853516,
		0.9998268485069275
	],
	"15. left_elbow": [
		0.5405978560447693,
		0.4881843030452728,
		-0.04285766929388046,
		0.8792977929115295
	],
	"16. left_wrist": [
		0.602224588394165,
		0.5781363844871521,
		-0.19096358120441437,
		0.8415330648422241
	],
	"19. right_shoulder": [
		0.3807210624217987,
		0.4009847044944763,
		-0.3392440378665924,
		0.9992905855178833
	],
	"20. right_elbow": [
		0.3532636761665344,
		0.5204522609710693,
		-0.266926646232605,
		0.895267903804779
	],
	"21. right_wrist": [
		0.314251571893692,
		0.62293940782547,
		-0.38629859685897827,
		0.8743079900741577
	],
	"24. nose": [
		0.4298730492591858,
		0.28864195942878723,
		-0.6892269849777222,
		0.9998558163642883
	],
	"25. left_eye": [
		0.4321613609790802,
		0.27459976077079773,
		-0.6504726409912109,
		0.9997748732566833
	],
	"26. right_eye": [
		0.4109589159488678,
		0.281585156917572,
		-0.6595556735992432,
		0.9997550845146179
	],
	"27. left_ear": [
		0.4420272707939148,
		0.2812211811542511,
		-0.4145941138267517,
		0.9996002316474915
	],
	"28. right_ear": [
		0.39817970991134644,
		0.299836665391922,
		-0.45551931858062744,
		0.9997114539146423
	],
	"time stamp": 30.0
}