{
	"1. left_hip": [
		0.4761028587818146,
		0.6019265651702881,
		0.07179097831249237,
		0.9996976256370544
	],
	"2. left_knee": [
		0.523468554019928,
		0.7445738911628723,
		0.07103759050369263,
		0.8826640844345093
	],
	"3. left_ankle": [
		0.45002296566963196,
		0.7213289737701416,
		0.71134352684021,
		0.6856517195701599
	],
	"6. right_hip": [
		0.3984838128089905,
		0.6013348698616028,
		-0.07196368277072906,
		0.9996686577796936
	],
	"7. right_knee": [
		0.3967716097831726,
		0.7803675532341003,
		-0.09659779071807861,
		0.9504497647285461
	],
	"8. right_ankle": [
		0.36950230598449707,
		0.9163851141929626,
		0.16247035562992096,
		0.9397516846656799
	],
	"14. left_shoulder": [
		0.5098509192466736,
		0.37604930996894836,
		-0.12136407196521759,
		0.9999030828475952
	],
	"15. left_elbow": [
		0.6123461127281189,
		0.4217889606952667,
		-0.08271051943302155,
		0.9325568675994873
	],
	"16. left_wrist": [
		0.6914590001106262,
		0.36033812165260315,
		-0.2723386883735657,
		0.9137860536575317
	],
	"19. right_shoulder": [
		0.3747795522212982,
		0.40276581048965454,
		-0.25333672761917114,
		0.9996005892753601
	],
	"20. right_elbow": [
		0.3067784011363983,
		0.47524985671043396,
		-0.24672909080982208,
		0.93287193775177
	],
	"21. right_wrist": [
		0.21936355531215668,
		0.43892842531204224,
		-0.39588478207588196,
		0.9186411499977112
	],
	"24. nose": [
		0.42357152700424194,
		0.2874540686607361,
		-0.5089923143386841,
		0.9999170899391174
	],
	"25. left_eye": [
		0.4194023609161377,
		0.2762695550918579,
		-0.4795231819152832,
		0.9998661875724792
	],
	"26. right_eye": [
		0.4034269452095032,
		0.2911217510700226,
		-0.4840438961982727,
		0.9998549818992615
	],
	"27. left_ear": [
		0.42565757036209106,
		0.28268304467201233,
		-0.2989320456981659,
		0.999776303768158
	],
	"28. right_ear": [
		0.3936782479286194,
		0.30999788641929626,
		-0.321481853723526,
		0.999820351600647
	],
	"time stamp": 30.0
}