{
	"1. left_hip": [
		0.47961047291755676,
		0.5780112147331238,
		0.07998984307050705,
		0.9997415542602539
	],
	"2. left_knee": [
		0.5534893274307251,
		0.719901442527771,
		-0.10372959822416306,
		0.9037387371063232
	],
	"3. left_ankle": [
		0.5053669214248657,
		0.7932875156402588,
		0.41459110379219055,
		0.7395031452178955
	],
	"6. right_hip": [
		0.40236735343933105,
		0.5787672400474548,
		-0.08037404716014862,
		0.9997153282165527
	],
	"7. right_knee": [
		0.3924616575241089,
		0.7709459066390991,
		-0.14847280085086823,
		0.9590389728546143
	],
	"8. right_ankle": [
		0.369672566652298,
		0.9140909910202026,
		0.1432531625032425,
		0.9504833817481995
	],
	"14. left_shoulder": [
		0.5214163661003113,
		0.3609910309314728,
		-0.007132138125598431,
		0.9999167323112488
	],
	"15. left_elbow": [
		0.6215454936027527,
		0.3906342387199402,
		0.13082058727741241,
		0.9449235200881958
	],
	"16. left_wrist": [
		0.6471336483955383,
		0.3009051978588104,
		0.17663340270519257,
		0.9298855066299438
	],
	"19. right_shoulder": [
		0.38440459966659546,
		0.3726685047149658,
		-0.2118360549211502,
		0.9996638894081116
	],
	"20. right_elbow": [
		0.3149434030056,
		0.4390507638454437,
		-0.39758655428886414,
		0.944723904132843
	],
	"21. right_wrist": [
		0.25519710779190063,
		0.3405546545982361,
		-0.7053509950637817,
		0.9335115551948547
	],
	"24. nose": [
		0.43227168917655945,
		0.2753327786922455,
		-0.48585572838783264,
		0.9999327063560486
	],
	"25. left_eye": [
		0.43509018421173096,
		0.2623802721500397,
		-0.4447479248046875,
		0.9998913407325745
	],
	"26. right_eye": [
		0.4115152955055237,
		0.2740043103694916,
		-0.44909775257110596,
		0.9998823404312134
	],
	"27. left_ear": [
		0.4500342607498169,
		0.26924610137939453,
		-0.2290416955947876,
		0.9998186230659485
	],
	"28. right_ear": [
		0.4003121554851532,
		0.29392844438552856,
		-0.24784375727176666,
		0.9998541474342346
	],
	"time stamp": 30.0
}