{
	"1. left_hip": [
		0.484266996383667,
		0.5683138370513916,
		0.0763629898428917,
		0.999744176864624
	],
	"2. left_knee": [
		0.5602404475212097,
		0.7228231430053711,
		-0.06423863023519516,
		0.91274493932724
	],
	"3. left_ankle": [
		0.5566911697387695,
		0.8457005023956299,
		0.29424306750297546,
		0.7648687958717346
	],
	"6. right_hip": [
		0.4031085669994354,
		0.5685054063796997,
		-0.07677550613880157,
		0.9997199177742004
	],
	"7. right_knee": [
		0.3922232389450073,
		0.7576817274093628,
		-0.13886255025863647,
		0.9626357555389404
	],
	"8. right_ankle": [
		0.370993971824646,
		0.9136595129966736,
		0.10588803887367249,
		0.9550934433937073
	],
	"14. left_shoulder": [
		0.5261996388435364,
		0.3530895709991455,
		0.030201716348528862,
		0.9999136924743652
	],
	"15. left_elbow": [
		0.6157904267311096,
		0.3824840188026428,
		0.09855631738901138,
		0.9498524069786072
	],
	"16. left_wrist": [
		0.5900570154190063,
		0.2970227897167206,
		0.10166776180267334,
		0.9353125691413879
	],
	"19. right_shoulder": [
		0.39066553115844727,
		0.3563001751899719,
		-0.10084162652492523,
		0.9996916055679321
	],
	"20. right_elbow": [
		0.3181706666946411,
		0.40525996685028076,
		-0.25178366899490356,
		0.9501033425331116
	],
	"21. right_wrist": [
		0.3478457033634186,
		0.3087766170501709,
		-0.44330987334251404,
		0.9396294355392456
	],
	"24. nose": [
		0.44746556878089905,
		0.2757253348827362,
		-0.4264736473560333,
		0.9999392032623291
	],
	"25. left_eye": [
		0.4567696154117584,
		0.260932594537735,
		-0.3902829587459564,
		0.9999016523361206
	],
	"26. right_eye": [
		0.42937609553337097,
		0.26824185252189636,
		-0.3892166018486023,
		0.9998936653137207
	],
	"27. left_ear": [
		0.47161436080932617,
		0.26790285110473633,
		-0.1801842600107193,
		0.9998360276222229
	],
	"28. right_ear": [
		0.4143716096878052,
		0.2837039828300476,
		-0.17437702417373657,
		0.9998683333396912
	],
	"time stamp": 30.0
}