{
	"1. left_hip": [
		0.5170913934707642,
		0.5524703860282898,
		0.00044383638305589557,
		0.9997860193252563
	],
	"2. left_knee": [
		0.5727609395980835,
		0.7332783341407776,
		-0.09322860836982727,
		0.9409270882606506
	],
	"3. left_ankle": [
		0.6429197192192078,
		0.8898577094078064,
		0.1661909967660904,
		0.8413637280464172
	],
	"6. right_hip": [
		0.4332659840583801,
		0.5567635297775269,
		-0.0003963237104471773,
		0.9997125864028931
	],
	"7. right_knee": [
		0.39350858330726624,
		0.7536609172821045,
		-0.05651780217885971,
		0.972260594367981
	],
	"8. right_ankle": [
		0.37417343258857727,
		0.9136816263198853,
		0.143409863114357,
		0.9646444320678711
	],
	"14. left_shoulder": [
		0.5332289338111877,
		0.32870757579803467,
		0.0542377270758152,
		0.9999220371246338
	],
	"15. left_elbow": [
		0.5660654306411743,
		0.34587010741233826,
		-0.3456909954547882,
		0.9351431727409363
	],
	"16. left_wrist": [
		0.5030826330184937,
		0.36565953493118286,
		-0.810518205165863,
		0.9003652334213257
	],
	"19. right_shoulder": [
		0.40553775429725647,
		0.32282575964927673,
		0.026831896975636482,
		0.999687671661377
	],
	"20. right_elbow": [
		0.4143190085887909,
		0.3459305465221405,
		-0.4002411365509033,
		0.9366623163223267
	],
	"21. right_wrist": [
		0.46529310941696167,
		0.3643396198749542,
		-0.8110406398773193,
		0.8855792880058289
	],
	"24. nose": [
		0.48271048069000244,
		0.30001014471054077,
		-0.22081901133060455,
		0.9999057650566101
	],
	"25. left_eye": [
		0.5023537278175354,
		0.2813495695590973,
		-0.1972123682498932,
		0.9998767971992493
	],
	"26. right_eye": [
		0.46995171904563904,
		0.27454569935798645,
		-0.2060185819864273,
		0.9998279213905334
	],
	"27. left_ear": [
		0.5131729245185852,
		0.2762051522731781,
		0.01283586397767067,
		0.9998623132705688
	],
	"28. right_ear": [
		0.45123785734176636,
		0.27165713906288147,
		-0.025213446468114853,
		0.9998355507850647
	],
	"time stamp": 30.0
}