{
	"1. left_hip": [
		0.5712426900863647,
		0.5905500054359436,
		-0.023548701778054237,
		0.9994785189628601
	],
	"2. left_knee": [
		0.6239848136901855,
		0.766327977180481,
		-0.15001645684242249,
		0.9923756718635559
	],
	"3. left_ankle": [
		0.6642234921455383,
		0.9064363837242126,
		0.1948583871126175,
		0.9813255071640015
	],
	"6. right_hip": [
		0.4813118875026703,
		0.5873130559921265,
		0.023258784785866737,
		0.9996888041496277
	],
	"7. right_knee": [
		0.4078572988510132,
		0.7688907384872437,
		-0.045893341302871704,
		0.9948641061782837
	],
	"8. right_ankle": [
		0.3857101798057556,
		0.9070867896080017,
		0.2234649658203125,
		0.9933839440345764
	],
	"14. left_shoulder": [
		0.6079583764076233,
		0.3915374279022217,
		-0.10624413192272186,
		0.9999088644981384
	],
	"15. left_elbow": [
		0.6584913730621338,
		0.46677929162979126,
		-0.24827691912651062,
		0.9915986657142639
	],
	"16. left_wrist": [
		0.6823492050170898,
		0.36800330877304077,
		-0.5004057288169861,
		0.9774478077888489
	],
	"19. right_shoulder": [
		0.48017263412475586,
		0.3863460123538971,
		0.002673868089914322,
		0.9997789859771729
	],
	"20. right_elbow": [
		0.4115974009037018,
		0.44835782051086426,
		-0.061511144042015076,
		0.9895638227462769
	],
	"21. right_wrist": [
		0.3888195753097534,
		0.35772788524627686,
		-0.2967884838581085,
		0.9446275234222412
	],
	"24. nose": [
		0.5293765664100647,
		0.30523428320884705,
		-0.35621023178100586,
		0.9999803304672241
	],
	"25. left_eye": [
		0.5395485162734985,
		0.28990036249160767,
		-0.3434637188911438,
		0.9999642372131348
	],
	"26. right_eye": [
		0.5167374610900879,
		0.2965087294578552,
		-0.3210749626159668,
		0.9999582171440125
	],
	"27. left_ear": [
		0.5610993504524231,
		0.29336464405059814,
		-0.2193189561367035,
		0.9999635219573975
	],
	"28. right_ear": [
		0.510918915271759,
		0.308880478143692,
		-0.11579707264900208,
		0.9999610185623169
	],
	"time stamp": 30.0
}