{
	"1. left_hip": [
		0.5839523673057556,
		0.5715611577033997,
		-0.01413015928119421,
		0.9997141361236572
	],
	"2. left_knee": [
		0.6362555623054504,
		0.7543121576309204,
		-0.04924691468477249,
		0.9959412217140198
	],
	"3. left_ankle": [
		0.6802801489830017,
		0.8978353142738342,
		0.2610939145088196,
		0.9936022758483887
	],
	"6. right_hip": [
		0.4946642220020294,
		0.5727547407150269,
		0.013522863388061523,
		0.9997062683105469
	],
	"7. right_knee": [
		0.43648579716682434,
		0.757714569568634,
		-0.0014253847766667604,
		0.9957026839256287
	],
	"8. right_ankle": [
		0.3872588276863098,
		0.908649206161499,
		0.23986095190048218,
		0.9943697452545166
	],
	"14. left_shoulder": [
		0.6063116192817688,
		0.3529749810695648,
		-0.2487267404794693,
		0.9999057650566101
	],
	"15. left_elbow": [
		0.6998798847198486,
		0.3161476254463196,
		-0.5621575117111206,
		0.9972617626190186
	],
	"16. left_wrist": [
		0.6319688558578491,
		0.2579500079154968,
		-0.7793131470680237,
		0.9737539291381836
	],
	"19. right_shoulder": [
		0.4723447561264038,
		0.35176679491996765,
		-0.1935497671365738,
		0.9998398423194885
	],
	"20. right_elbow": [
		0.3806833028793335,
		0.3180569112300873,
		-0.4130552113056183,
		0.9972522854804993
	],
	"21. right_wrist": [
		0.4441486895084381,
		0.2601214647293091,
		-0.6507666707038879,
		0.9545512199401855
	],
	"24. nose": [
		0.5376697182655334,
		0.29066264629364014,
		-0.5305060148239136,
		0.9999923706054688
	],
	"25. left_eye": [
		0.5529690384864807,
		0.2769196927547455,
		-0.5011910200119019,
		0.9999840259552002
	],
	"26. right_eye": [
		0.5275569558143616,
		0.27557888627052307,
		-0.4953712522983551,
		0.9999848008155823
	],
	"27. left_ear": [
		0.5714226365089417,
		0.2824937701225281,
		-0.32139843702316284,
		0.9999834895133972
	],
	"28. right_ear": [
		0.5167092084884644,
		0.2804746925830841,
		-0.2902628779411316,
		0.9999864101409912
	],
	"time stamp": 30.0
}