{
	"1. left_hip": [
		0.5865465998649597,
		0.5689921379089355,
		-0.003265263279899955,
		0.999716579914093
	],
	"2. left_knee": [
		0.6377187967300415,
		0.750087320804596,
		-0.0702623650431633,
		0.9962597489356995
	],
	"3. left_ankle": [
		0.6822524666786194,
		0.9005735516548157,
		0.18738491833209991,
		0.9933356642723083
	],
	"6. right_hip": [
		0.5028252601623535,
		0.5734526515007019,
		0.003133237361907959,
		0.9996263980865479
	],
	"7. right_knee": [
		0.4457588195800781,
		0.7545228600502014,
		-0.05696091800928116,
		0.995864987373352
	],
	"8. right_ankle": [
		0.38865500688552856,
		0.9067989587783813,
		0.17122827470302582,
		0.9937276840209961
	],
	"14. left_shoulder": [
		0.6087976098060608,
		0.3698842227458954,
		-0.20926295220851898,
		0.9999380111694336
	],
	"15. left_elbow": [
		0.6778466105461121,
		0.4499413073062897,
		-0.1314123123884201,
		0.9979853630065918
	],
	"16. left_wrist": [
		0.7497546076774597,
		0.5289002060890198,
		-0.3787287473678589,
		0.9899389147758484
	],
	"19. right_shoulder": [
		0.4727074205875397,
		0.36153239011764526,
		-0.20430229604244232,
		0.9998478889465332
	],
	"20. right_elbow": [
		0.3931611478328705,
		0.433743953704834,
		-0.13797548413276672,
		0.9968627691268921
	],
	"21. right_wrist": [
		0.33033767342567444,
		0.4993584156036377,
		-0.3706910312175751,
		0.982554018497467
	],
	"24. nose": [
		0.5401133894920349,
		0.28786054253578186,
		-0.595490574836731,
		0.9999957084655762
	],
	"25. left_eye": [
		0.552451491355896,
		0.2741290330886841,
		-0.5690218210220337,
		0.9999886751174927
	],
	"26. right_eye": [
		0.5288988351821899,
		0.2737541198730469,
		-0.5713440179824829,
		0.9999879002571106
	],
	"27. left_ear": [
		0.5647170543670654,
		0.2794555723667145,
		-0.369924932718277,
		0.9999868869781494
	],
	"28. right_ear": [
		0.5199167132377625,
		0.27946737408638,
		-0.3814670443534851,
		0.9999845027923584
	],
	"time stamp": 30.0
}