{
	"1. left_hip": [
		0.5462503433227539,
		0.5752028822898865,
		-0.029156407341361046,
		0.9995986223220825
	],
	"2. left_knee": [
		0.5288978815078735,
		0.7532773613929749,
		-0.017841700464487076,
		0.9948084950447083
	],
	"3. left_ankle": [
		0.561669111251831,
		0.8762210607528687,
		0.31037232279777527,
		0.9872572422027588
	],
	"6. right_hip": [
		0.47754326462745667,
		0.5784494876861572,
		0.029282433912158012,
		0.9996346235275269
	],
	"7. right_knee": [
		0.4204118847846985,
		0.7469793558120728,
		-0.06123080104589462,
		0.9925177693367004
	],
	"8. right_ankle": [
		0.41505545377731323,
		0.9087321758270264,
		0.15195979177951813,
		0.9912827610969543
	],
	"14. left_shoulder": [
		0.5608669519424438,
		0.3488629460334778,
		0.06835302710533142,
		0.9989485740661621
	],
	"15. left_elbow": [
		0.580096960067749,
		0.24338982999324799,
		-0.007224789820611477,
		0.9607225060462952
	],
	"16. left_wrist": [
		0.5832998156547546,
		0.14980626106262207,
		-0.06662123650312424,
		0.8374367952346802
	],
	"19. right_shoulder": [
		0.449381947517395,
		0.3777863085269928,
		0.0663776844739914,
		0.9989229440689087
	],
	"20. right_elbow": [
		0.46153831481933594,
		0.4721405804157257,
		0.0757085531949997,
		0.7459560036659241
	],
	"21. right_wrist": [
		0.4906763434410095,
		0.5517211556434631,
		0.04835397005081177,
		0.5162927508354187
	],
	"24. nose": [
		0.5121079087257385,
		0.2891072928905487,
		-0.19605329632759094,
		0.9998597502708435
	],
	"25. left_eye": [
		0.5241733193397522,
		0.2792619466781616,
		-0.1568397581577301,
		0.999620795249939
	],
	"26. right_eye": [
		0.5006494522094727,
		0.2767614722251892,
		-0.1669164001941681,
		0.9997438788414001
	],
	"27. left_ear": [
		0.5295705199241638,
		0.28897824883461,
		0.03570561856031418,
		0.9995161890983582
	],
	"28. right_ear": [
		0.4872896373271942,
		0.28517308831214905,
		-0.010737534612417221,
		0.9997208714485168
	],
	"time stamp": 30.0
}