{
	"1. left_hip": [
		0.5586786866188049,
		0.578776478767395,
		-0.04946361482143402,
		0.9995100498199463
	],
	"2. left_knee": [
		0.5378932356834412,
		0.7547741532325745,
		-0.030580898746848106,
		0.9944247603416443
	],
	"3. left_ankle": [
		0.5631158351898193,
		0.8828485012054443,
		0.17944008111953735,
		0.9867542386054993
	],
	"6. right_hip": [
		0.48374906182289124,
		0.583968997001648,
		0.049708303064107895,
		0.9996280074119568
	],
	"7. right_knee": [
		0.4263177514076233,
		0.742939829826355,
		0.021456876769661903,
		0.9920076727867126
	],
	"8. right_ankle": [
		0.4215589761734009,
		0.9084713459014893,
		0.23766174912452698,
		0.9911391139030457
	],
	"14. left_shoulder": [
		0.5607098937034607,
		0.35226044058799744,
		0.048285700380802155,
		0.998561680316925
	],
	"15. left_elbow": [
		0.5830833315849304,
		0.251830130815506,
		-0.01825628988444805,
		0.960846483707428
	],
	"16. left_wrist": [
		0.5861611366271973,
		0.15463563799858093,
		-0.0799630656838417,
		0.8409911394119263
	],
	"19. right_shoulder": [
		0.4511485695838928,
		0.3782002031803131,
		0.10953439027070999,
		0.9988905787467957
	],
	"20. right_elbow": [
		0.46727320551872253,
		0.4870966672897339,
		0.15968728065490723,
		0.7003723382949829
	],
	"21. right_wrist": [
		0.4833093285560608,
		0.5924291014671326,
		0.07626937329769135,
		0.4639330506324768
	],
	"24. nose": [
		0.5126528739929199,
		0.29956483840942383,
		-0.21934746205806732,
		0.9998527765274048
	],
	"25. left_eye": [
		0.5248844027519226,
		0.2879953384399414,
		-0.18330219388008118,
		0.9995596408843994
	],
	"26. right_eye": [
		0.5011773705482483,
		0.2838178277015686,
		-0.19106467068195343,
		0.9997454285621643
	],
	"27. left_ear": [
		0.5318492650985718,
		0.29743802547454834,
		0.0072310627438127995,
		0.9993624091148376
	],
	"28. right_ear": [
		0.48656219244003296,
		0.28909191489219666,
		-0.02641826495528221,
		0.9997258186340332
	],
	"time stamp": 30.0
}