{
	"1. left_hip": [
		0.5647686123847961,
		0.5781809091567993,
		-0.06717605143785477,
		0.9995130300521851
	],
	"2. left_knee": [
		0.540090799331665,
		0.7504730224609375,
		-0.08211594820022583,
		0.9947683215141296
	],
	"3. left_ankle": [
		0.5660285353660583,
		0.8858963847160339,
		0.14510071277618408,
		0.9879792928695679
	],
	"6. right_hip": [
		0.4898923635482788,
		0.5838953256607056,
		0.06740811467170715,
		0.9996240139007568
	],
	"7. right_knee": [
		0.4428114891052246,
		0.7419226169586182,
		0.07101549208164215,
		0.9912950992584229
	],
	"8. right_ankle": [
		0.4309777617454529,
		0.9046378135681152,
		0.2846828103065491,
		0.9911820888519287
	],
	"14. left_shoulder": [
		0.5627124309539795,
		0.3540709912776947,
		-0.053396210074424744,
		0.9986116290092468
	],
	"15. left_elbow": [
		0.587004542350769,
		0.2512325644493103,
		-0.1445562094449997,
		0.9656132459640503
	],
	"16. left_wrist": [
		0.5867176055908203,
		0.1542241871356964,
		-0.22348934412002563,
		0.8601735830307007
	],
	"19. right_shoulder": [
		0.45325180888175964,
		0.3806229531764984,
		0.0979839414358139,
		0.9989511370658875
	],
	"20. right_elbow": [
		0.47050589323043823,
		0.492418497800827,
		0.14901843667030334,
		0.6814925670623779
	],
	"21. right_wrist": [
		0.4865480959415436,
		0.5909715294837952,
		0.05732956528663635,
		0.4513949155807495
	],
	"24. nose": [
		0.5134353637695312,
		0.3006015121936798,
		-0.29748427867889404,
		0.9998574256896973
	],
	"25. left_eye": [
		0.5275514125823975,
		0.28948232531547546,
		-0.2620922327041626,
		0.9995653629302979
	],
	"26. right_eye": [
		0.5016716122627258,
		0.2843109965324402,
		-0.26503702998161316,
		0.9997653365135193
	],
	"27. left_ear": [
		0.5379844903945923,
		0.3009890019893646,
		-0.06954728066921234,
		0.9993462562561035
	],
	"28. right_ear": [
		0.4873277544975281,
		0.29035627841949463,
		-0.0813860222697258,
		0.9997459053993225
	],
	"time stamp": 30.0
}