{
	"1. left_hip": [
		0.559312641620636,
		0.5606966018676758,
		-0.014014726504683495,
		0.999786913394928
	],
	"2. left_knee": [
		0.5537070035934448,
		0.7249434590339661,
		-0.06517273932695389,
		0.9952373504638672
	],
	"3. left_ankle": [
		0.5569337010383606,
		0.8727951645851135,
		0.10413189977407455,
		0.9919514656066895
	],
	"6. right_hip": [
		0.4880659878253937,
		0.5662962794303894,
		0.013963716104626656,
		0.9996355175971985
	],
	"7. right_knee": [
		0.5026800632476807,
		0.7283726334571838,
		0.004465596284717321,
		0.9881661534309387
	],
	"8. right_ankle": [
		0.5120680332183838,
		0.849915087223053,
		0.2882104218006134,
		0.9664744734764099
	],
	"14. left_shoulder": [
		0.5719924569129944,
		0.35995611548423767,
		-0.12259268015623093,
		0.9993897676467896
	],
	"15. left_elbow": [
		0.5746822953224182,
		0.25806939601898193,
		-0.19106650352478027,
		0.9782004356384277
	],
	"16. left_wrist": [
		0.5735854506492615,
		0.16026079654693604,
		-0.2833298146724701,
		0.9153282046318054
	],
	"19. right_shoulder": [
		0.4638499319553375,
		0.3779645264148712,
		-0.076117143034935,
		0.9991251230239868
	],
	"20. right_elbow": [
		0.4774022698402405,
		0.4727880358695984,
		0.040666740387678146,
		0.6963654160499573
	],
	"21. right_wrist": [
		0.48131972551345825,
		0.5564789175987244,
		0.09661074727773666,
		0.39671918749809265
	],
	"24. nose": [
		0.5258060693740845,
		0.3173169791698456,
		-0.40140530467033386,
		0.9996361136436462
	],
	"25. left_eye": [
		0.5372716188430786,
		0.30395057797431946,
		-0.37006258964538574,
		0.9988129138946533
	],
	"26. right_eye": [
		0.5125768184661865,
		0.30152836441993713,
		-0.377655953168869,
		0.9992578625679016
	],
	"27. left_ear": [
		0.5444091558456421,
		0.3101353943347931,
		-0.18110045790672302,
		0.9977551698684692
	],
	"28. right_ear": [
		0.49342644214630127,
		0.30527549982070923,
		-0.21725982427597046,
		0.9992616176605225
	],
	"time stamp": 30.0
}