{
	"1. left_hip": [
		0.569676399230957,
		0.5498496294021606,
		0.0031236109789460897,
		0.9996883869171143
	],
	"2. left_knee": [
		0.5695214867591858,
		0.7198319435119629,
		-0.0481056310236454,
		0.9913427233695984
	],
	"3. left_ankle": [
		0.5575955510139465,
		0.8580046892166138,
		0.15632985532283783,
		0.9891178607940674
	],
	"6. right_hip": [
		0.501950740814209,
		0.5523911118507385,
		-0.00306649599224329,
		0.9994660019874573
	],
	"7. right_knee": [
		0.5148478746414185,
		0.7236305475234985,
		-0.050932008773088455,
		0.9849218130111694
	],
	"8. right_ankle": [
		0.513738751411438,
		0.8541578650474548,
		0.1885601431131363,
		0.9738446474075317
	],
	"14. left_shoulder": [
		0.5950154066085815,
		0.3636513650417328,
		0.1133292093873024,
		0.9994490146636963
	],
	"15. left_elbow": [
		0.6424247622489929,
		0.3537589907646179,
		-0.12778547406196594,
		0.9757488369941711
	],
	"16. left_wrist": [
		0.6130280494689941,
		0.33965864777565,
		-0.45982280373573303,
		0.9079350829124451
	],
	"19. right_shoulder": [
		0.4781878888607025,
		0.3764362335205078,
		0.05899680405855179,
		0.9992152452468872
	],
	"20. right_elbow": [
		0.44982588291168213,
		0.4629358947277069,
		-0.08828359842300415,
		0.8654659390449524
	],
	"21. right_wrist": [
		0.48826146125793457,
		0.4591157138347626,
		-0.313371479511261,
		0.7006544470787048
	],
	"24. nose": [
		0.5403795838356018,
		0.2946758270263672,
		-0.17327027022838593,
		0.9997178912162781
	],
	"25. left_eye": [
		0.5527829527854919,
		0.2843884527683258,
		-0.13364838063716888,
		0.9991580247879028
	],
	"26. right_eye": [
		0.5282558798789978,
		0.2818019390106201,
		-0.14236460626125336,
		0.9994465708732605
	],
	"27. left_ear": [
		0.5641606450080872,
		0.2932983338832855,
		0.05591648817062378,
		0.9984842538833618
	],
	"28. right_ear": [
		0.5146026015281677,
		0.28903141617774963,
		0.017547044903039932,
		0.9995006322860718
	],
	"time stamp": 30.0
}