{
	"1. left_hip": [
		0.5448153018951416,
		0.5773245692253113,
		-0.03118208795785904,
		0.9996635913848877
	],
	"2. left_knee": [
		0.5282140374183655,
		0.7440351843833923,
		-0.10223134607076645,
		0.9885025024414062
	],
	"3. left_ankle": [
		0.5569936037063599,
		0.8383733034133911,
		0.22025781869888306,
		0.97198885679245
	],
	"6. right_hip": [
		0.47385847568511963,
		0.5762218236923218,
		0.031040122732520103,
		0.9995977878570557
	],
	"7. right_knee": [
		0.4868205189704895,
		0.7429417371749878,
		0.0322989895939827,
		0.9589647054672241
	],
	"8. right_ankle": [
		0.5149873495101929,
		0.872688353061676,
		0.2214309722185135,
		0.9667526483535767
	],
	"14. left_shoulder": [
		0.5764738917350769,
		0.4001074433326721,
		-0.24180878698825836,
		0.9999659061431885
	],
	"15. left_elbow": [
		0.6002528071403503,
		0.4968501925468445,
		-0.13064341247081757,
		0.9886434674263
	],
	"16. left_wrist": [
		0.6052800416946411,
		0.582909345626831,
		-0.2502490282058716,
		0.9722834229469299
	],
	"19. right_shoulder": [
		0.4574452340602875,
		0.40913116931915283,
		-0.21804851293563843,
		0.9998943209648132
	],
	"20. right_elbow": [
		0.44464826583862305,
		0.5104483962059021,
		-0.13106569647789001,
		0.9579022526741028
	],
	"21. right_wrist": [
		0.43000954389572144,
		0.5930995345115662,
		-0.26155996322631836,
		0.9424930810928345
	],
	"24. nose": [
		0.5241290926933289,
		0.32958707213401794,
		-0.5684801936149597,
		0.9998393058776855
	],
	"25. left_eye": [
		0.5356598496437073,
		0.3188331723213196,
		-0.5462880730628967,
		0.9997022747993469
	],
	"26. right_eye": [
		0.5114458203315735,
		0.31492215394973755,
		-0.5499070286750793,
		0.9995244145393372
	],
	"27. left_ear": [
		0.545018196105957,
		0.32423102855682373,
		-0.37294429540634155,
		0.9997609257698059
	],
	"28. right_ear": [
		0.49806591868400574,
		0.3195344805717468,
		-0.39239582419395447,
		0.9994548559188843
	],
	"time stamp": 30.0
}