{
	"1. left_hip": [
		0.5559951066970825,
		0.5633140802383423,
		-0.012724807485938072,
		0.9990206360816956
	],
	"2. left_knee": [
		0.5521315336227417,
		0.732460618019104,
		-0.041421301662921906,
		0.9847674369812012
	],
	"3. left_ankle": [
		0.5527534484863281,
		0.8452311754226685,
		0.23801803588867188,
		0.9666882753372192
	],
	"6. right_hip": [
		0.4860989451408386,
		0.5646184682846069,
		0.012905025854706764,
		0.9991179704666138
	],
	"7. right_knee": [
		0.4933597445487976,
		0.7279481887817383,
		-0.02699599228799343,
		0.9606950283050537
	],
	"8. right_ankle": [
		0.513651430606842,
		0.8643273115158081,
		0.20548653602600098,
		0.9667423963546753
	],
	"14. left_shoulder": [
		0.5827733874320984,
		0.37642902135849,
		-0.1426365226507187,
		0.9999354481697083
	],
	"15. left_elbow": [
		0.646834671497345,
		0.43212559819221497,
		-0.28707531094551086,
		0.9876109957695007
	],
	"16. left_wrist": [
		0.6046417951583862,
		0.45199933648109436,
		-0.6640442609786987,
		0.963154137134552
	],
	"19. right_shoulder": [
		0.45974698662757874,
		0.38286975026130676,
		-0.12081439048051834,
		0.9998484253883362
	],
	"20. right_elbow": [
		0.3980168104171753,
		0.4498978555202484,
		-0.1463024616241455,
		0.9658205509185791
	],
	"21. right_wrist": [
		0.4336874186992645,
		0.4822646975517273,
		-0.41669803857803345,
		0.9393895268440247
	],
	"24. nose": [
		0.5264174342155457,
		0.3071346580982208,
		-0.49650681018829346,
		0.9998810291290283
	],
	"25. left_eye": [
		0.537327766418457,
		0.29532504081726074,
		-0.46636533737182617,
		0.9997763633728027
	],
	"26. right_eye": [
		0.5142642259597778,
		0.2929486036300659,
		-0.4689040184020996,
		0.9996623992919922
	],
	"27. left_ear": [
		0.546490490436554,
		0.3021216094493866,
		-0.2669188678264618,
		0.9998067021369934
	],
	"28. right_ear": [
		0.5012602210044861,
		0.2990090847015381,
		-0.2785665690898895,
		0.9996123909950256
	],
	"time stamp": 30.0
}