{
	"1. left_hip": [
		0.5572077631950378,
		0.5473490953445435,
		-0.009683525189757347,
		0.9989058971405029
	],
	"2. left_knee": [
		0.5526117086410522,
		0.7162584662437439,
		-0.03222441300749779,
		0.9846146702766418
	],
	"3. left_ankle": [
		0.5547466278076172,
		0.8439487814903259,
		0.24052739143371582,
		0.9678968787193298
	],
	"6. right_hip": [
		0.4853357672691345,
		0.5499719381332397,
		0.009750514291226864,
		0.9990312457084656
	],
	"7. right_knee": [
		0.49416977167129517,
		0.7164856791496277,
		-0.021443506702780724,
		0.9624209403991699
	],
	"8. right_ankle": [
		0.51356440782547,
		0.8567616939544678,
		0.2129783034324646,
		0.9677987694740295
	],
	"14. left_shoulder": [
		0.5831356644630432,
		0.3638363778591156,
		-0.1531660556793213,
		0.9998399019241333
	],
	"15. left_elbow": [
		0.6558656692504883,
		0.40406790375709534,
		-0.396147757768631,
		0.9852182269096375
	],
	"16. left_wrist": [
		0.6072098612785339,
		0.39001813530921936,
		-0.7690972089767456,
		0.945817768573761
	],
	"19. right_shoulder": [
		0.45990923047065735,
		0.36703142523765564,
		-0.15035812556743622,
		0.9998383522033691
	],
	"20. right_elbow": [
		0.379133403301239,
		0.4157301187515259,
		-0.37620240449905396,
		0.9685913324356079
	],
	"21. right_wrist": [
		0.43285730481147766,
		0.416606068611145,
		-0.6967775821685791,
		0.9414147734642029
	],
	"24. nose": [
		0.5265657305717468,
		0.29667145013809204,
		-0.49321258068084717,
		0.9998832941055298
	],
	"25. left_eye": [
		0.5375103950500488,
		0.2847966253757477,
		-0.46251675486564636,
		0.999782919883728
	],
	"26. right_eye": [
		0.5142450332641602,
		0.28319448232650757,
		-0.46613264083862305,
		0.9996878504753113
	],
	"27. left_ear": [
		0.5468326807022095,
		0.29021164774894714,
		-0.2666294574737549,
		0.9998102784156799
	],
	"28. right_ear": [
		0.5016781091690063,
		0.2898387610912323,
		-0.28275230526924133,
		0.9996469020843506
	],
	"time stamp": 30.0
}