{
	"1. left_hip": [
		0.4749768376350403,
		0.5344244837760925,
		0.03725842013955116,
		0.9967155456542969
	],
	"2. left_knee": [
		0.472074419260025,
		0.6426069736480713,
		0.054538898169994354,
		0.9061864614486694
	],
	"3. left_ankle": [
		0.4797947108745575,
		0.7422975301742554,
		0.11486624926328659,
		0.8118651509284973
	],
	"6. right_hip": [
		0.5178965926170349,
		0.5373319387435913,
		-0.03726113215088844,
		0.9953141212463379
	],
	"7. right_knee": [
		0.507626473903656,
		0.6457892060279846,
		0.004897743929177523,
		0.8228101134300232
	],
	"8. right_ankle": [
		0.4927644431591034,
		0.7507612109184265,
		0.06938908249139786,
		0.8423151969909668
	],
	"14. left_shoulder": [
		0.46111729741096497,
		0.3964861333370209,
		0.09113583713769913,
		0.998380720615387
	],
	"15. left_elbow": [
		0.47130173444747925,
		0.4322507083415985,
		0.1732492446899414,
		0.6251178979873657
	],
	"16. left_wrist": [
		0.4923853576183319,
		0.36978545784950256,
		0.31253746151924133,
		0.1533435732126236
	],
	"19. right_shoulder": [
		0.5388332605361938,
		0.4011940062046051,
		-0.03744560852646828,
		0.9993741512298584
	],
	"20. right_elbow": [
		0.5358433723449707,
		0.4715263843536377,
		-0.07409365475177765,
		0.9337130784988403
	],
	"21. right_wrist": [
		0.5499011278152466,
		0.5272623300552368,
		-0.10270857065916061,
		0.5111927390098572
	],
	"24. nose": [
		0.5064822435379028,
		0.3501281142234802,
		0.19238455593585968,
		0.9985793232917786
	],
	"25. left_eye": [
		0.5012474060058594,
		0.34244266152381897,
		0.17007026076316833,
		0.998292088508606
	],
	"26. right_eye": [
		0.5119787454605103,
		0.34313124418258667,
		0.1603768914937973,
		0.9989274144172668
	],
	"27. left_ear": [
		0.493698388338089,
		0.3453046381473541,
		0.09574070572853088,
		0.9987980723381042
	],
	"28. right_ear": [
		0.5152038335800171,
		0.34651321172714233,
		0.05100095644593239,
		0.9991574287414551
	],
	"time stamp": 30.0
}