{
	"1. left_hip": [
		0.47580358386039734,
		0.5352245569229126,
		0.009557674638926983,
		0.9980419278144836
	],
	"2. left_knee": [
		0.47298890352249146,
		0.6409390568733215,
		0.04958190396428108,
		0.926210343837738
	],
	"3. left_ankle": [
		0.47966161370277405,
		0.7398033738136292,
		0.1244904100894928,
		0.8439939618110657
	],
	"6. right_hip": [
		0.5164548754692078,
		0.5383883714675903,
		-0.009640290401875973,
		0.997066080570221
	],
	"7. right_knee": [
		0.5056846141815186,
		0.6456060409545898,
		0.05036385357379913,
		0.8798448443412781
	],
	"8. right_ankle": [
		0.4910264313220978,
		0.749460756778717,
		0.1334039270877838,
		0.890771746635437
	],
	"14. left_shoulder": [
		0.46334218978881836,
		0.3925532400608063,
		0.06715130805969238,
		0.9984704256057739
	],
	"15. left_elbow": [
		0.46893009543418884,
		0.4145866334438324,
		0.13189806044101715,
		0.6045777201652527
	],
	"16. left_wrist": [
		0.4910677373409271,
		0.3523862659931183,
		0.24784189462661743,
		0.2566820979118347
	],
	"19. right_shoulder": [
		0.5398073196411133,
		0.3990797698497772,
		-0.005366798955947161,
		0.9994125962257385
	],
	"20. right_elbow": [
		0.5348786115646362,
		0.4705946445465088,
		-0.049469996243715286,
		0.9201009273529053
	],
	"21. right_wrist": [
		0.5477343797683716,
		0.5290736556053162,
		-0.09428009390830994,
		0.5064235329627991
	],
	"24. nose": [
		0.5037661790847778,
		0.34695127606391907,
		0.19712203741073608,
		0.998332679271698
	],
	"25. left_eye": [
		0.4986911416053772,
		0.3397541642189026,
		0.17286254465579987,
		0.9978090524673462
	],
	"26. right_eye": [
		0.5092621445655823,
		0.34032341837882996,
		0.16774626076221466,
		0.9988099932670593
	],
	"27. left_ear": [
		0.4930852949619293,
		0.34322986006736755,
		0.09085144102573395,
		0.9984320402145386
	],
	"28. right_ear": [
		0.5141723155975342,
		0.34455373883247375,
		0.06708262115716934,
		0.9990137219429016
	],
	"time stamp": 30.0
}