{
	"1. left_hip": [
		0.47516632080078125,
		0.5353556871414185,
		0.012449879199266434,
		0.9983692169189453
	],
	"2. left_knee": [
		0.4735858738422394,
		0.6416369080543518,
		0.05030747130513191,
		0.9346948862075806
	],
	"3. left_ankle": [
		0.4793887734413147,
		0.7397989630699158,
		0.12202712148427963,
		0.8516757488250732
	],
	"6. right_hip": [
		0.5161144137382507,
		0.5387324094772339,
		-0.012545211240649223,
		0.9974362254142761
	],
	"7. right_knee": [
		0.5049358606338501,
		0.6468686461448669,
		0.04714341089129448,
		0.8743979334831238
	],
	"8. right_ankle": [
		0.48930782079696655,
		0.7507660984992981,
		0.12890465557575226,
		0.8881240487098694
	],
	"14. left_shoulder": [
		0.4638402760028839,
		0.3915367126464844,
		0.06800726801156998,
		0.9984594583511353
	],
	"15. left_elbow": [
		0.47080981731414795,
		0.41388624906539917,
		0.13736532628536224,
		0.6321019530296326
	],
	"16. left_wrist": [
		0.4911119341850281,
		0.34960079193115234,
		0.2829628884792328,
		0.3065829277038574
	],
	"19. right_shoulder": [
		0.5398863554000854,
		0.39902278780937195,
		-0.01018450316041708,
		0.999371349811554
	],
	"20. right_elbow": [
		0.5357466340065002,
		0.4705677032470703,
		-0.059065524488687515,
		0.9074668288230896
	],
	"21. right_wrist": [
		0.5489367246627808,
		0.5286793112754822,
		-0.10223089903593063,
		0.4989851415157318
	],
	"24. nose": [
		0.5028788447380066,
		0.34611377120018005,
		0.18936960399150848,
		0.9984098076820374
	],
	"25. left_eye": [
		0.49779024720191956,
		0.3387618064880371,
		0.16570506989955902,
		0.9978644847869873
	],
	"26. right_eye": [
		0.5082023739814758,
		0.3393838703632355,
		0.15962724387645721,
		0.9988983869552612
	],
	"27. left_ear": [
		0.4924151301383972,
		0.3422592878341675,
		0.08616122603416443,
		0.9985330104827881
	],
	"28. right_ear": [
		0.5130264163017273,
		0.3438984751701355,
		0.05782327800989151,
		0.9990773797035217
	],
	"time stamp": 30.0
}