{
	"1. left_hip": [
		0.47415968775749207,
		0.530430793762207,
		0.02584131807088852,
		0.9986129999160767
	],
	"2. left_knee": [
		0.4770042598247528,
		0.6386904716491699,
		0.06493731588125229,
		0.9259037971496582
	],
	"3. left_ankle": [
		0.4804806113243103,
		0.7422394156455994,
		0.14229163527488708,
		0.8545452356338501
	],
	"6. right_hip": [
		0.5158680081367493,
		0.5351715683937073,
		-0.0259071234613657,
		0.9979310631752014
	],
	"7. right_knee": [
		0.504192590713501,
		0.6445873379707336,
		0.0360584482550621,
		0.8969796895980835
	],
	"8. right_ankle": [
		0.4903064966201782,
		0.7525280714035034,
		0.12104111909866333,
		0.9140608906745911
	],
	"14. left_shoulder": [
		0.4608978033065796,
		0.3824446201324463,
		0.07702545821666718,
		0.998449981212616
	],
	"15. left_elbow": [
		0.462528258562088,
		0.4046783149242401,
		0.15842652320861816,
		0.48997989296913147
	],
	"16. left_wrist": [
		0.4883957505226135,
		0.3464423418045044,
		0.29419460892677307,
		0.24405889213085175
	],
	"19. right_shoulder": [
		0.536380410194397,
		0.3979736268520355,
		-0.018022578209638596,
		0.9994240403175354
	],
	"20. right_elbow": [
		0.5333429574966431,
		0.47075122594833374,
		-0.04898010194301605,
		0.907002329826355
	],
	"21. right_wrist": [
		0.5474687814712524,
		0.5272432565689087,
		-0.06893566250801086,
		0.49647849798202515
	],
	"24. nose": [
		0.5028499960899353,
		0.3411630392074585,
		0.18676678836345673,
		0.9984955787658691
	],
	"25. left_eye": [
		0.4973463714122772,
		0.3333975672721863,
		0.16372694075107574,
		0.9979420900344849
	],
	"26. right_eye": [
		0.5075547099113464,
		0.33399319648742676,
		0.15570519864559174,
		0.9989379048347473
	],
	"27. left_ear": [
		0.49059364199638367,
		0.33765724301338196,
		0.08910126984119415,
		0.998539388179779
	],
	"28. right_ear": [
		0.5109412670135498,
		0.3387676179409027,
		0.0520201213657856,
		0.9990737438201904
	],
	"time stamp": 30.0
}