{
	"1. left_hip": [
		0.4748663008213043,
		0.5287563800811768,
		0.03906041756272316,
		0.9987044334411621
	],
	"2. left_knee": [
		0.4781482219696045,
		0.6383736729621887,
		0.0778099000453949,
		0.8975231051445007
	],
	"3. left_ankle": [
		0.4813733696937561,
		0.7420278787612915,
		0.16318054497241974,
		0.8322884440422058
	],
	"6. right_hip": [
		0.5119656324386597,
		0.5344902873039246,
		-0.03920881077647209,
		0.9980407357215881
	],
	"7. right_knee": [
		0.5022217631340027,
		0.6442059278488159,
		0.013931060209870338,
		0.874919056892395
	],
	"8. right_ankle": [
		0.4896630644798279,
		0.7522493600845337,
		0.1057237759232521,
		0.9024043083190918
	],
	"14. left_shoulder": [
		0.4621886909008026,
		0.3796432912349701,
		0.06695164740085602,
		0.9986804723739624
	],
	"15. left_elbow": [
		0.4676772952079773,
		0.375717431306839,
		0.1606297641992569,
		0.5303524136543274
	],
	"16. left_wrist": [
		0.49424269795417786,
		0.3151930570602417,
		0.316268652677536,
		0.292476087808609
	],
	"19. right_shoulder": [
		0.5348115563392639,
		0.39961308240890503,
		-0.04779917374253273,
		0.9994727969169617
	],
	"20. right_elbow": [
		0.5344992876052856,
		0.471634179353714,
		-0.0725579708814621,
		0.9069542288780212
	],
	"21. right_wrist": [
		0.5461003184318542,
		0.5268653631210327,
		-0.06703492254018784,
		0.5094375610351562
	],
	"24. nose": [
		0.5004010796546936,
		0.33706825971603394,
		0.16568467020988464,
		0.9987033605575562
	],
	"25. left_eye": [
		0.496725857257843,
		0.3294200897216797,
		0.14173218607902527,
		0.9982163310050964
	],
	"26. right_eye": [
		0.5037323832511902,
		0.33047568798065186,
		0.13459013402462006,
		0.9990618824958801
	],
	"27. left_ear": [
		0.49202796816825867,
		0.33465495705604553,
		0.06479701399803162,
		0.9987083673477173
	],
	"28. right_ear": [
		0.5066049695014954,
		0.3365496098995209,
		0.03274054825305939,
		0.9992042779922485
	],
	"time stamp": 30.0
}