{
	"1. left_hip": [
		0.4730663299560547,
		0.5233598351478577,
		0.004155758302658796,
		0.9989351630210876
	],
	"2. left_knee": [
		0.47085151076316833,
		0.6335177421569824,
		0.05850188061594963,
		0.8982739448547363
	],
	"3. left_ankle": [
		0.47441598773002625,
		0.735171377658844,
		0.16160103678703308,
		0.8280146718025208
	],
	"6. right_hip": [
		0.515705943107605,
		0.5332537889480591,
		-0.004399686586111784,
		0.9984588623046875
	],
	"7. right_knee": [
		0.5045814514160156,
		0.6406163573265076,
		0.05798541009426117,
		0.8748427033424377
	],
	"8. right_ankle": [
		0.4916464388370514,
		0.7513221502304077,
		0.15220631659030914,
		0.9051596522331238
	],
	"14. left_shoulder": [
		0.4630514979362488,
		0.37707436084747314,
		-0.001456425292417407,
		0.9989631772041321
	],
	"15. left_elbow": [
		0.47210830450057983,
		0.3395727276802063,
		0.0675874575972557,
		0.6594492197036743
	],
	"16. left_wrist": [
		0.4952748715877533,
		0.28875449299812317,
		0.19219659268856049,
		0.4791012704372406
	],
	"19. right_shoulder": [
		0.538535475730896,
		0.40123146772384644,
		-0.03791824355721474,
		0.9994699954986572
	],
	"20. right_elbow": [
		0.5383393168449402,
		0.47095435857772827,
		-0.035316865891218185,
		0.9096452593803406
	],
	"21. right_wrist": [
		0.547378420829773,
		0.527961790561676,
		-0.017190007492899895,
		0.48740607500076294
	],
	"24. nose": [
		0.49964362382888794,
		0.33664408326148987,
		0.14358937740325928,
		0.9989362359046936
	],
	"25. left_eye": [
		0.49561870098114014,
		0.3292624056339264,
		0.11674003303050995,
		0.9985103011131287
	],
	"26. right_eye": [
		0.5044430494308472,
		0.330244779586792,
		0.11275772750377655,
		0.9992555975914001
	],
	"27. left_ear": [
		0.4914662539958954,
		0.3346262574195862,
		0.028589358553290367,
		0.9988835453987122
	],
	"28. right_ear": [
		0.5084800720214844,
		0.3366348445415497,
		0.012597107328474522,
		0.9993675947189331
	],
	"time stamp": 30.0
}