{
	"1. left_hip": [
		0.47285395860671997,
		0.5217542052268982,
		0.03957166150212288,
		0.9990645051002502
	],
	"2. left_knee": [
		0.4671190679073334,
		0.633105456829071,
		0.08878196775913239,
		0.8948541283607483
	],
	"3. left_ankle": [
		0.47389134764671326,
		0.7386886477470398,
		0.17487190663814545,
		0.8287418484687805
	],
	"6. right_hip": [
		0.5171467661857605,
		0.5320780277252197,
		-0.03997425362467766,
		0.998747706413269
	],
	"7. right_knee": [
		0.505095899105072,
		0.6410707235336304,
		0.0034893895499408245,
		0.8870518803596497
	],
	"8. right_ankle": [
		0.493104487657547,
		0.7516442537307739,
		0.07046521455049515,
		0.9108671545982361
	],
	"14. left_shoulder": [
		0.464633047580719,
		0.37419503927230835,
		0.025903377681970596,
		0.9991430044174194
	],
	"15. left_elbow": [
		0.4745785892009735,
		0.3394396901130676,
		0.11830544471740723,
		0.7094618678092957
	],
	"16. left_wrist": [
		0.4953038990497589,
		0.2920706570148468,
		0.24078968167304993,
		0.5921815633773804
	],
	"19. right_shoulder": [
		0.5387914180755615,
		0.40062466263771057,
		-0.06573988497257233,
		0.9995248317718506
	],
	"20. right_elbow": [
		0.5403321981430054,
		0.4696541726589203,
		-0.06173695996403694,
		0.9199171662330627
	],
	"21. right_wrist": [
		0.5490458011627197,
		0.529552161693573,
		-0.014323811046779156,
		0.4852626323699951
	],
	"24. nose": [
		0.4968828558921814,
		0.34237295389175415,
		0.12648063898086548,
		0.9991132616996765
	],
	"25. left_eye": [
		0.493489533662796,
		0.33511883020401,
		0.10241924226284027,
		0.9987263679504395
	],
	"26. right_eye": [
		0.5021696090698242,
		0.33538681268692017,
		0.0953255370259285,
		0.9993924498558044
	],
	"27. left_ear": [
		0.4905678629875183,
		0.33736833930015564,
		0.027955004945397377,
		0.9989832639694214
	],
	"28. right_ear": [
		0.5075752139091492,
		0.338928759098053,
		-0.0017670092638581991,
		0.9994767308235168
	],
	"time stamp": 30.0
}