{
	"1. left_hip": [
		0.4731504023075104,
		0.5209357738494873,
		0.03305361792445183,
		0.9993293285369873
	],
	"2. left_knee": [
		0.4660953879356384,
		0.6333287954330444,
		0.10078935325145721,
		0.8924576044082642
	],
	"3. left_ankle": [
		0.4745720624923706,
		0.734829306602478,
		0.20718872547149658,
		0.8412055969238281
	],
	"6. right_hip": [
		0.5181729197502136,
		0.530368447303772,
		-0.03343666344881058,
		0.9993420839309692
	],
	"7. right_knee": [
		0.5048266649246216,
		0.6413199305534363,
		0.009180242195725441,
		0.9393251538276672
	],
	"8. right_ankle": [
		0.4954676926136017,
		0.7512085437774658,
		0.08084191381931305,
		0.9293119311332703
	],
	"14. left_shoulder": [
		0.4671327769756317,
		0.3742779493331909,
		0.002086891094222665,
		0.9994454383850098
	],
	"15. left_elbow": [
		0.46971654891967773,
		0.3255234658718109,
		0.031644225120544434,
		0.8699076771736145
	],
	"16. left_wrist": [
		0.48351678252220154,
		0.2752113938331604,
		0.0953398048877716,
		0.8488945960998535
	],
	"19. right_shoulder": [
		0.5353254675865173,
		0.3980860710144043,
		-0.06482641398906708,
		0.9996557831764221
	],
	"20. right_elbow": [
		0.5393027663230896,
		0.4678170680999756,
		-0.06145817041397095,
		0.948167622089386
	],
	"21. right_wrist": [
		0.5484340786933899,
		0.5277520418167114,
		-0.026810169219970703,
		0.4360501170158386
	],
	"24. nose": [
		0.49397796392440796,
		0.3439095914363861,
		0.12700827419757843,
		0.9993330836296082
	],
	"25. left_eye": [
		0.49045467376708984,
		0.3375622630119324,
		0.10205628722906113,
		0.9988706111907959
	],
	"26. right_eye": [
		0.4979671835899353,
		0.3371599614620209,
		0.09536387026309967,
		0.9995306134223938
	],
	"27. left_ear": [
		0.48794183135032654,
		0.33968549966812134,
		0.024717340245842934,
		0.9988466501235962
	],
	"28. right_ear": [
		0.5036917924880981,
		0.3401179015636444,
		-0.006614437326788902,
		0.9995596408843994
	],
	"time stamp": 30.0
}