{
	"1. left_hip": [
		0.47373929619789124,
		0.5206016898155212,
		0.052312541753053665,
		0.999333918094635
	],
	"2. left_knee": [
		0.4680410325527191,
		0.632811427116394,
		0.11211013793945312,
		0.8684710264205933
	],
	"3. left_ankle": [
		0.47596293687820435,
		0.7369531393051147,
		0.2134285718202591,
		0.8231571316719055
	],
	"6. right_hip": [
		0.5184597969055176,
		0.5298614501953125,
		-0.052707988768815994,
		0.9993804693222046
	],
	"7. right_knee": [
		0.5048072934150696,
		0.6404258608818054,
		-0.03566170483827591,
		0.940871000289917
	],
	"8. right_ankle": [
		0.49493566155433655,
		0.7519761323928833,
		0.021665766835212708,
		0.9273790121078491
	],
	"14. left_shoulder": [
		0.4672304093837738,
		0.3743037283420563,
		0.026316361501812935,
		0.9994535446166992
	],
	"15. left_elbow": [
		0.46902140974998474,
		0.3249496519565582,
		0.05651657655835152,
		0.8860600590705872
	],
	"16. left_wrist": [
		0.4834761321544647,
		0.27473825216293335,
		0.11638191342353821,
		0.8709596991539001
	],
	"19. right_shoulder": [
		0.5347629189491272,
		0.39719530940055847,
		-0.08608515560626984,
		0.9996626377105713
	],
	"20. right_elbow": [
		0.5377126932144165,
		0.46591049432754517,
		-0.0759710967540741,
		0.9518232345581055
	],
	"21. right_wrist": [
		0.5482237935066223,
		0.5233319997787476,
		-0.01632416993379593,
		0.419058233499527
	],
	"24. nose": [
		0.4954685866832733,
		0.3432697355747223,
		0.12649168074131012,
		0.9992427229881287
	],
	"25. left_eye": [
		0.4914204478263855,
		0.3368549346923828,
		0.10361546277999878,
		0.9986929297447205
	],
	"26. right_eye": [
		0.4993431270122528,
		0.3367241621017456,
		0.09455913305282593,
		0.9994568228721619
	],
	"27. left_ear": [
		0.4879947900772095,
		0.3395645320415497,
		0.03225817531347275,
		0.9985814094543457
	],
	"28. right_ear": [
		0.5042685866355896,
		0.3400101363658905,
		-0.011484010145068169,
		0.9995010495185852
	],
	"time stamp": 30.0
}