{
	"1. left_hip": [
		0.47514608502388,
		0.5198906660079956,
		0.057697899639606476,
		0.999337375164032
	],
	"2. left_knee": [
		0.4695604145526886,
		0.6319646239280701,
		0.08914678543806076,
		0.8272436261177063
	],
	"3. left_ankle": [
		0.47670671343803406,
		0.7388744950294495,
		0.16696029901504517,
		0.7989193797111511
	],
	"6. right_hip": [
		0.5191717743873596,
		0.5299363136291504,
		-0.05817165598273277,
		0.9994011521339417
	],
	"7. right_knee": [
		0.5048419237136841,
		0.640155017375946,
		-0.03135725483298302,
		0.9410988092422485
	],
	"8. right_ankle": [
		0.49467599391937256,
		0.7523568272590637,
		0.02010589838027954,
		0.9269999265670776
	],
	"14. left_shoulder": [
		0.4674701690673828,
		0.3744111955165863,
		0.028534557670354843,
		0.9994834065437317
	],
	"15. left_elbow": [
		0.46853557229042053,
		0.32178494334220886,
		0.07513021677732468,
		0.9018522500991821
	],
	"16. left_wrist": [
		0.48362958431243896,
		0.27182695269584656,
		0.14082832634449005,
		0.8959576487541199
	],
	"19. right_shoulder": [
		0.5357856154441833,
		0.3971616327762604,
		-0.09308093786239624,
		0.9996951222419739
	],
	"20. right_elbow": [
		0.5372270941734314,
		0.4664372503757477,
		-0.08679857105016708,
		0.9592306613922119
	],
	"21. right_wrist": [
		0.5496000647544861,
		0.5262167453765869,
		-0.009234110824763775,
		0.4455316662788391
	],
	"24. nose": [
		0.4990215301513672,
		0.34193044900894165,
		0.11088599264621735,
		0.9992545247077942
	],
	"25. left_eye": [
		0.4951535761356354,
		0.33512577414512634,
		0.09068416804075241,
		0.9986719489097595
	],
	"26. right_eye": [
		0.5032086372375488,
		0.33563005924224854,
		0.07944292575120926,
		0.999451756477356
	],
	"27. left_ear": [
		0.48951607942581177,
		0.33899766206741333,
		0.026363156735897064,
		0.9984697699546814
	],
	"28. right_ear": [
		0.5076829195022583,
		0.33976826071739197,
		-0.02342808246612549,
		0.9995013475418091
	],
	"time stamp": 30.0
}