{
	"1. left_hip": [
		0.4734419882297516,
		0.517501950263977,
		0.017820239067077637,
		0.9994899034500122
	],
	"2. left_knee": [
		0.46517080068588257,
		0.6340010762214661,
		0.030349034816026688,
		0.9152534008026123
	],
	"3. left_ankle": [
		0.4764234125614166,
		0.7362725138664246,
		0.10690760612487793,
		0.8921834230422974
	],
	"6. right_hip": [
		0.5198653936386108,
		0.5313191413879395,
		-0.018385794013738632,
		0.9994716644287109
	],
	"7. right_knee": [
		0.5051237344741821,
		0.6412383317947388,
		0.024243447929620743,
		0.956586480140686
	],
	"8. right_ankle": [
		0.4963437616825104,
		0.7497928738594055,
		0.07854136824607849,
		0.942756175994873
	],
	"14. left_shoulder": [
		0.4652184247970581,
		0.3653578758239746,
		-0.024018561467528343,
		0.9995461702346802
	],
	"15. left_elbow": [
		0.4640602171421051,
		0.3150014579296112,
		0.03312665969133377,
		0.9438354969024658
	],
	"16. left_wrist": [
		0.480840265750885,
		0.2645091116428375,
		0.10910045355558395,
		0.9528256058692932
	],
	"19. right_shoulder": [
		0.5361756086349487,
		0.3989899158477783,
		-0.07739082723855972,
		0.9996170401573181
	],
	"20. right_elbow": [
		0.5359146595001221,
		0.47027572989463806,
		-0.04920731484889984,
		0.969566285610199
	],
	"21. right_wrist": [
		0.5494463443756104,
		0.5284042954444885,
		0.02369833178818226,
		0.5103026032447815
	],
	"24. nose": [
		0.5002681612968445,
		0.340000718832016,
		0.08368919789791107,
		0.9996293783187866
	],
	"25. left_eye": [
		0.4965793788433075,
		0.33293789625167847,
		0.05939552187919617,
		0.9993079304695129
	],
	"26. right_eye": [
		0.5056518316268921,
		0.33593079447746277,
		0.054163217544555664,
		0.9997389316558838
	],
	"27. left_ear": [
		0.4908297061920166,
		0.337265282869339,
		-0.014624826610088348,
		0.9991769194602966
	],
	"28. right_ear": [
		0.5100987553596497,
		0.3425804674625397,
		-0.03745294734835625,
		0.9997128248214722
	],
	"time stamp": 30.0
}