{
	"1. left_hip": [
		0.47005704045295715,
		0.5170360207557678,
		0.047602780163288116,
		0.9994005560874939
	],
	"2. left_knee": [
		0.4636586904525757,
		0.6301507353782654,
		0.07960884273052216,
		0.8404680490493774
	],
	"3. left_ankle": [
		0.4742920994758606,
		0.7346062660217285,
		0.16757509112358093,
		0.8217766880989075
	],
	"6. right_hip": [
		0.5185927748680115,
		0.5287313461303711,
		-0.04820741340517998,
		0.9995616674423218
	],
	"7. right_knee": [
		0.5042378306388855,
		0.6400516629219055,
		-0.04564075171947479,
		0.954339325428009
	],
	"8. right_ankle": [
		0.4938015937805176,
		0.7491714954376221,
		-0.006046566180884838,
		0.9406409859657288
	],
	"14. left_shoulder": [
		0.4657200574874878,
		0.36269715428352356,
		-0.024323072284460068,
		0.9994047284126282
	],
	"15. left_elbow": [
		0.46805402636528015,
		0.3099590837955475,
		0.013684762641787529,
		0.9282381534576416
	],
	"16. left_wrist": [
		0.48014289140701294,
		0.25235089659690857,
		0.06620971858501434,
		0.9530715942382812
	],
	"19. right_shoulder": [
		0.5313632488250732,
		0.39481914043426514,
		-0.10543552041053772,
		0.9996588230133057
	],
	"20. right_elbow": [
		0.5340703129768372,
		0.46451207995414734,
		-0.07814101129770279,
		0.9716721773147583
	],
	"21. right_wrist": [
		0.5447133779525757,
		0.5253097414970398,
		0.004055230878293514,
		0.558935284614563
	],
	"24. nose": [
		0.5027817487716675,
		0.33671700954437256,
		0.08973710983991623,
		0.999380350112915
	],
	"25. left_eye": [
		0.4975336194038391,
		0.33054259419441223,
		0.06445261090993881,
		0.9986998438835144
	],
	"26. right_eye": [
		0.5069475769996643,
		0.3328692615032196,
		0.05676225572824478,
		0.9995166063308716
	],
	"27. left_ear": [
		0.4905150234699249,
		0.3340654969215393,
		-0.014358287677168846,
		0.9981718063354492
	],
	"28. right_ear": [
		0.5105999112129211,
		0.3394279479980469,
		-0.048295069485902786,
		0.9994150400161743
	],
	"time stamp": 30.0
}