{
	"1. left_hip": [
		0.470100075006485,
		0.5159493684768677,
		0.04438716173171997,
		0.9993690848350525
	],
	"2. left_knee": [
		0.46315813064575195,
		0.6297558546066284,
		0.09005240350961685,
		0.8350442051887512
	],
	"3. left_ankle": [
		0.4741726815700531,
		0.733878493309021,
		0.1957119256258011,
		0.8175017237663269
	],
	"6. right_hip": [
		0.5186540484428406,
		0.52869713306427,
		-0.04498615488409996,
		0.9995527267456055
	],
	"7. right_knee": [
		0.5038473010063171,
		0.639238715171814,
		-0.021734250709414482,
		0.9534618854522705
	],
	"8. right_ankle": [
		0.49373841285705566,
		0.7491068243980408,
		0.037478383630514145,
		0.9398751854896545
	],
	"14. left_shoulder": [
		0.4653934836387634,
		0.3630310595035553,
		-0.04161136597394943,
		0.999354898929596
	],
	"15. left_elbow": [
		0.46801644563674927,
		0.31236207485198975,
		-0.0008888883166946471,
		0.9287800192832947
	],
	"16. left_wrist": [
		0.4795406758785248,
		0.25387462973594666,
		0.057157132774591446,
		0.9536197185516357
	],
	"19. right_shoulder": [
		0.5315064191818237,
		0.3946944773197174,
		-0.10514947772026062,
		0.9996418952941895
	],
	"20. right_elbow": [
		0.5354346632957458,
		0.4654245376586914,
		-0.07544545829296112,
		0.9691396951675415
	],
	"21. right_wrist": [
		0.5439679622650146,
		0.5259614586830139,
		0.007182765286415815,
		0.5443306565284729
	],
	"24. nose": [
		0.5022075772285461,
		0.3362862765789032,
		0.07403291016817093,
		0.9993392825126648
	],
	"25. left_eye": [
		0.4968600273132324,
		0.3303540050983429,
		0.04776379093527794,
		0.998604416847229
	],
	"26. right_eye": [
		0.5063053965568542,
		0.3323773145675659,
		0.04172247648239136,
		0.9994829893112183
	],
	"27. left_ear": [
		0.49025240540504456,
		0.3338654637336731,
		-0.03076186776161194,
		0.9980325698852539
	],
	"28. right_ear": [
		0.5104577541351318,
		0.339153915643692,
		-0.05776120349764824,
		0.9993594884872437
	],
	"time stamp": 30.0
}