{
	"1. left_hip": [
		0.4679607152938843,
		0.5202823877334595,
		0.03282516822218895,
		0.9994485974311829
	],
	"2. left_knee": [
		0.46210119128227234,
		0.632023274898529,
		0.0356973260641098,
		0.8929616212844849
	],
	"3. left_ankle": [
		0.47820818424224854,
		0.7389209866523743,
		0.08364060521125793,
		0.8731767535209656
	],
	"6. right_hip": [
		0.5170134902000427,
		0.5302509069442749,
		-0.03319217637181282,
		0.9995267391204834
	],
	"7. right_knee": [
		0.5044833421707153,
		0.6400614976882935,
		0.001604127581231296,
		0.9681804776191711
	],
	"8. right_ankle": [
		0.49494409561157227,
		0.7484314441680908,
		0.030526259914040565,
		0.9556176066398621
	],
	"14. left_shoulder": [
		0.46268847584724426,
		0.374044269323349,
		0.06416802108287811,
		0.9994151592254639
	],
	"15. left_elbow": [
		0.46118494868278503,
		0.34053269028663635,
		0.1621655970811844,
		0.9295154213905334
	],
	"16. left_wrist": [
		0.47437784075737,
		0.2865336239337921,
		0.234379842877388,
		0.9241125583648682
	],
	"19. right_shoulder": [
		0.5313730835914612,
		0.39554035663604736,
		-0.013350160792469978,
		0.9996823668479919
	],
	"20. right_elbow": [
		0.5342443585395813,
		0.47012317180633545,
		0.005790113005787134,
		0.9712107181549072
	],
	"21. right_wrist": [
		0.5423110723495483,
		0.5280289053916931,
		0.02110379748046398,
		0.5568544268608093
	],
	"24. nose": [
		0.49683064222335815,
		0.33952897787094116,
		0.193546324968338,
		0.9994873404502869
	],
	"25. left_eye": [
		0.4921970069408417,
		0.3334311544895172,
		0.16925035417079926,
		0.9989717602729797
	],
	"26. right_eye": [
		0.4997881352901459,
		0.3340927064418793,
		0.16174735128879547,
		0.9996029138565063
	],
	"27. left_ear": [
		0.4873872399330139,
		0.33589962124824524,
		0.08929704874753952,
		0.9986348152160645
	],
	"28. right_ear": [
		0.5041508078575134,
		0.3391116261482239,
		0.05550437420606613,
		0.9994962811470032
	],
	"time stamp": 30.0
}