{
	"1. left_hip": [
		0.46572524309158325,
		0.5262073278427124,
		0.02649765834212303,
		0.9993835687637329
	],
	"2. left_knee": [
		0.4627317190170288,
		0.6340013742446899,
		0.02382039837539196,
		0.9160531163215637
	],
	"3. left_ankle": [
		0.47525811195373535,
		0.7414705157279968,
		0.07550884038209915,
		0.8902524709701538
	],
	"6. right_hip": [
		0.5145198106765747,
		0.5320685505867004,
		-0.026813924312591553,
		0.999413013458252
	],
	"7. right_knee": [
		0.5028325915336609,
		0.6431611180305481,
		0.0147923044860363,
		0.9677067995071411
	],
	"8. right_ankle": [
		0.49507972598075867,
		0.7509598731994629,
		0.06763166189193726,
		0.9574845433235168
	],
	"14. left_shoulder": [
		0.4570406377315521,
		0.3773190677165985,
		0.05167205259203911,
		0.9994791150093079
	],
	"15. left_elbow": [
		0.4556136131286621,
		0.3636535108089447,
		0.16003920137882233,
		0.9133607149124146
	],
	"16. left_wrist": [
		0.478684663772583,
		0.30549123883247375,
		0.30893474817276,
		0.863867998123169
	],
	"19. right_shoulder": [
		0.5291623473167419,
		0.39801734685897827,
		-0.033766187727451324,
		0.9997260570526123
	],
	"20. right_elbow": [
		0.5316314697265625,
		0.47165703773498535,
		0.0005946904420852661,
		0.9725899696350098
	],
	"21. right_wrist": [
		0.5421251654624939,
		0.5285296440124512,
		0.04008404538035393,
		0.5861769318580627
	],
	"24. nose": [
		0.4949343502521515,
		0.34131789207458496,
		0.1569829285144806,
		0.9996300935745239
	],
	"25. left_eye": [
		0.4896700382232666,
		0.3354796767234802,
		0.13288703560829163,
		0.9992808103561401
	],
	"26. right_eye": [
		0.49802133440971375,
		0.3360016942024231,
		0.12554781138896942,
		0.999718427658081
	],
	"27. left_ear": [
		0.4838477671146393,
		0.33821389079093933,
		0.05762637406587601,
		0.9990838766098022
	],
	"28. right_ear": [
		0.5023276805877686,
		0.3401584029197693,
		0.02654235251247883,
		0.9996484518051147
	],
	"time stamp": 30.0
}