{
	"1. left_hip": [
		0.46359914541244507,
		0.5342345833778381,
		0.014623180031776428,
		0.9980168342590332
	],
	"2. left_knee": [
		0.4634687602519989,
		0.6384097337722778,
		0.086494579911232,
		0.9458065032958984
	],
	"3. left_ankle": [
		0.47346028685569763,
		0.7391272187232971,
		0.18113912642002106,
		0.9046298861503601
	],
	"6. right_hip": [
		0.5129700303077698,
		0.537169873714447,
		-0.014663494192063808,
		0.997947633266449
	],
	"7. right_knee": [
		0.5042411088943481,
		0.6456239223480225,
		0.03978338465094566,
		0.9435139894485474
	],
	"8. right_ankle": [
		0.4918074309825897,
		0.7491264939308167,
		0.1020047515630722,
		0.9413518905639648
	],
	"14. left_shoulder": [
		0.44668522477149963,
		0.3867300748825073,
		0.05130559578537941,
		0.998184084892273
	],
	"15. left_elbow": [
		0.4598264694213867,
		0.455170601606369,
		0.07564424723386765,
		0.589255690574646
	],
	"16. left_wrist": [
		0.4823402166366577,
		0.4936462938785553,
		0.11956484615802765,
		0.4181567430496216
	],
	"19. right_shoulder": [
		0.5277974605560303,
		0.39905068278312683,
		-0.020673343911767006,
		0.9993278980255127
	],
	"20. right_elbow": [
		0.5320994257926941,
		0.474174439907074,
		-0.030576543882489204,
		0.925385057926178
	],
	"21. right_wrist": [
		0.5424689650535583,
		0.5255783200263977,
		-0.03288394212722778,
		0.5495568513870239
	],
	"24. nose": [
		0.49331942200660706,
		0.34083056449890137,
		0.20211449265480042,
		0.998379647731781
	],
	"25. left_eye": [
		0.4870395362377167,
		0.33082136511802673,
		0.1736672967672348,
		0.9977222681045532
	],
	"26. right_eye": [
		0.5005187392234802,
		0.33263006806373596,
		0.16729122400283813,
		0.9987890124320984
	],
	"27. left_ear": [
		0.4797748625278473,
		0.3351413309574127,
		0.073185496032238,
		0.9979045391082764
	],
	"28. right_ear": [
		0.5068214535713196,
		0.3382844924926758,
		0.04374820366501808,
		0.9986817836761475
	],
	"time stamp": 30.0
}