{
	"1. left_hip": [
		0.4643445909023285,
		0.5356382727622986,
		0.02407391555607319,
		0.9963228106498718
	],
	"2. left_knee": [
		0.46133315563201904,
		0.6391698122024536,
		0.09623315930366516,
		0.9559003710746765
	],
	"3. left_ankle": [
		0.4670998454093933,
		0.7367526292800903,
		0.18406164646148682,
		0.9239619374275208
	],
	"6. right_hip": [
		0.5123344659805298,
		0.5380733013153076,
		-0.023939868435263634,
		0.996433675289154
	],
	"7. right_knee": [
		0.5039575099945068,
		0.6454871892929077,
		0.02171577326953411,
		0.9552524089813232
	],
	"8. right_ankle": [
		0.4922514855861664,
		0.7484755516052246,
		0.07103870809078217,
		0.9499748945236206
	],
	"14. left_shoulder": [
		0.44210731983184814,
		0.3916805386543274,
		0.0416577011346817,
		0.9978715777397156
	],
	"15. left_elbow": [
		0.45170021057128906,
		0.4561847746372223,
		0.06418736279010773,
		0.5147771239280701
	],
	"16. left_wrist": [
		0.469611257314682,
		0.5006150007247925,
		0.13053621351718903,
		0.15310408174991608
	],
	"19. right_shoulder": [
		0.5279643535614014,
		0.4001023769378662,
		-0.04379531741142273,
		0.9990748763084412
	],
	"20. right_elbow": [
		0.530507504940033,
		0.47571444511413574,
		-0.0679507777094841,
		0.9355864524841309
	],
	"21. right_wrist": [
		0.5426321029663086,
		0.5218654274940491,
		-0.07038938999176025,
		0.4618392884731293
	],
	"24. nose": [
		0.49592325091362,
		0.34469446539878845,
		0.19210729002952576,
		0.9973375201225281
	],
	"25. left_eye": [
		0.48959439992904663,
		0.3360022008419037,
		0.16371485590934753,
		0.9971941113471985
	],
	"26. right_eye": [
		0.5043659806251526,
		0.33656391501426697,
		0.15598049759864807,
		0.9978912472724915
	],
	"27. left_ear": [
		0.4810202121734619,
		0.33934906125068665,
		0.06481872498989105,
		0.9973093271255493
	],
	"28. right_ear": [
		0.5106058120727539,
		0.340642511844635,
		0.02940838597714901,
		0.9978715181350708
	],
	"time stamp": 30.0
}