{
	"1. left_hip": [
		0.4680180251598358,
		0.5378556847572327,
		-0.003731031436473131,
		0.9975326061248779
	],
	"2. left_knee": [
		0.4685553014278412,
		0.6386070251464844,
		0.051000989973545074,
		0.9691576361656189
	],
	"3. left_ankle": [
		0.475533664226532,
		0.7370226979255676,
		0.12866905331611633,
		0.932964563369751
	],
	"6. right_hip": [
		0.513972818851471,
		0.5413599610328674,
		0.0035352131817489862,
		0.9968405365943909
	],
	"7. right_knee": [
		0.50938481092453,
		0.6422408819198608,
		0.07921871542930603,
		0.9663788080215454
	],
	"8. right_ankle": [
		0.49465909600257874,
		0.7474318742752075,
		0.150226891040802,
		0.9589667320251465
	],
	"14. left_shoulder": [
		0.4489038586616516,
		0.39667636156082153,
		-0.005702419672161341,
		0.9989423751831055
	],
	"15. left_elbow": [
		0.4331432580947876,
		0.4629175662994385,
		0.03242259845137596,
		0.8364212512969971
	],
	"16. left_wrist": [
		0.41208216547966003,
		0.49630945920944214,
		0.0870894268155098,
		0.403090238571167
	],
	"19. right_shoulder": [
		0.5344876050949097,
		0.4006332457065582,
		-0.000964486796874553,
		0.9993160367012024
	],
	"20. right_elbow": [
		0.5486475229263306,
		0.47399431467056274,
		-0.03846360370516777,
		0.9706322550773621
	],
	"21. right_wrist": [
		0.5780918598175049,
		0.5224077701568604,
		-0.057300809770822525,
		0.6433205008506775
	],
	"24. nose": [
		0.4961071312427521,
		0.3491053283214569,
		0.17511986196041107,
		0.9983063340187073
	],
	"25. left_eye": [
		0.4899834990501404,
		0.3409130275249481,
		0.1450142115354538,
		0.9984115958213806
	],
	"26. right_eye": [
		0.5037230253219604,
		0.34116438031196594,
		0.1458553522825241,
		0.9986897706985474
	],
	"27. left_ear": [
		0.4824663996696472,
		0.3438761532306671,
		0.042134180665016174,
		0.998589038848877
	],
	"28. right_ear": [
		0.5098180174827576,
		0.3452011048793793,
		0.043393027037382126,
		0.9987170696258545
	],
	"time stamp": 30.0
}