{
	"1. left_hip": [
		0.4667893648147583,
		0.5373287200927734,
		-0.0016076941974461079,
		0.9978711605072021
	],
	"2. left_knee": [
		0.46461519598960876,
		0.6384299397468567,
		0.09995164722204208,
		0.9686576128005981
	],
	"3. left_ankle": [
		0.4710462689399719,
		0.7352054119110107,
		0.22785025835037231,
		0.9376514554023743
	],
	"6. right_hip": [
		0.5133119225502014,
		0.5412529706954956,
		0.0014044037088751793,
		0.9971782565116882
	],
	"7. right_knee": [
		0.5079492330551147,
		0.6423019170761108,
		0.0635366216301918,
		0.9697422981262207
	],
	"8. right_ankle": [
		0.4935671091079712,
		0.7480648756027222,
		0.14156796038150787,
		0.9608478546142578
	],
	"14. left_shoulder": [
		0.4533049464225769,
		0.396430641412735,
		0.003984680864959955,
		0.999211311340332
	],
	"15. left_elbow": [
		0.42563486099243164,
		0.45565852522850037,
		-0.0442037507891655,
		0.8803710341453552
	],
	"16. left_wrist": [
		0.3766893148422241,
		0.4799302816390991,
		-0.0799328088760376,
		0.5604143142700195
	],
	"19. right_shoulder": [
		0.5370310544967651,
		0.3974243104457855,
		0.010523568838834763,
		0.9994249939918518
	],
	"20. right_elbow": [
		0.5617498159408569,
		0.46631771326065063,
		-0.008138224482536316,
		0.9779617190361023
	],
	"21. right_wrist": [
		0.6026407480239868,
		0.5039859414100647,
		-0.013893483206629753,
		0.7246617078781128
	],
	"24. nose": [
		0.49031299352645874,
		0.34880340099334717,
		0.19097523391246796,
		0.9987121820449829
	],
	"25. left_eye": [
		0.4850635528564453,
		0.3408741354942322,
		0.15946391224861145,
		0.9987927675247192
	],
	"26. right_eye": [
		0.4985222816467285,
		0.34064966440200806,
		0.16073265671730042,
		0.9989946484565735
	],
	"27. left_ear": [
		0.48140349984169006,
		0.3444519340991974,
		0.0534629188477993,
		0.9989317655563354
	],
	"28. right_ear": [
		0.5062931180000305,
		0.34501567482948303,
		0.05327536165714264,
		0.9990013837814331
	],
	"time stamp": 30.0
}