{
	"1. left_hip": [
		0.4757326543331146,
		0.540442943572998,
		-0.02730298414826393,
		0.9960731267929077
	],
	"2. left_knee": [
		0.4680168330669403,
		0.6403305530548096,
		0.04000907391309738,
		0.9560301899909973
	],
	"3. left_ankle": [
		0.4813862442970276,
		0.740129828453064,
		0.13316786289215088,
		0.9263831377029419
	],
	"6. right_hip": [
		0.526890754699707,
		0.538905680179596,
		0.026962339878082275,
		0.9938288927078247
	],
	"7. right_knee": [
		0.5070024728775024,
		0.6368510127067566,
		0.07875356823205948,
		0.9242546558380127
	],
	"8. right_ankle": [
		0.4970552325248718,
		0.7444227337837219,
		0.14556656777858734,
		0.8853998780250549
	],
	"14. left_shoulder": [
		0.45159101486206055,
		0.4047147333621979,
		-0.03129265457391739,
		0.9996150732040405
	],
	"15. left_elbow": [
		0.39989954233169556,
		0.45265284180641174,
		-0.025845112279057503,
		0.9654538035392761
	],
	"16. left_wrist": [
		0.34165799617767334,
		0.4450492560863495,
		0.01503788772970438,
		0.8725408315658569
	],
	"19. right_shoulder": [
		0.5441334843635559,
		0.3892661929130554,
		0.02078348584473133,
		0.9991785883903503
	],
	"20. right_elbow": [
		0.5946147441864014,
		0.43534424901008606,
		0.005765154026448727,
		0.9922111630439758
	],
	"21. right_wrist": [
		0.6412925720214844,
		0.45721033215522766,
		-0.009637122042477131,
		0.8842033743858337
	],
	"24. nose": [
		0.47798705101013184,
		0.3477516174316406,
		0.16138488054275513,
		0.999258816242218
	],
	"25. left_eye": [
		0.4729769825935364,
		0.3407611846923828,
		0.1307440847158432,
		0.9993438720703125
	],
	"26. right_eye": [
		0.4871618151664734,
		0.33854448795318604,
		0.1340872049331665,
		0.9994471669197083
	],
	"27. left_ear": [
		0.4721289575099945,
		0.3454727828502655,
		0.029929930344223976,
		0.9994518160820007
	],
	"28. right_ear": [
		0.4977262020111084,
		0.34210526943206787,
		0.042767222970724106,
		0.9993353486061096
	],
	"time stamp": 30.0
}