{
	"1. left_hip": [
		0.47563228011131287,
		0.5388743281364441,
		-0.014656167477369308,
		0.9961056113243103
	],
	"2. left_knee": [
		0.4673728048801422,
		0.6398120522499084,
		0.044913504272699356,
		0.9565377235412598
	],
	"3. left_ankle": [
		0.48115622997283936,
		0.7395392656326294,
		0.13657496869564056,
		0.9271214604377747
	],
	"6. right_hip": [
		0.5267502069473267,
		0.5378091335296631,
		0.014389947056770325,
		0.9938324689865112
	],
	"7. right_knee": [
		0.5093532800674438,
		0.6362993121147156,
		0.05052751302719116,
		0.9198824763298035
	],
	"8. right_ankle": [
		0.497970849275589,
		0.7439982295036316,
		0.10842583328485489,
		0.8816855549812317
	],
	"14. left_shoulder": [
		0.453258216381073,
		0.4056207239627838,
		-0.01802085153758526,
		0.9996321201324463
	],
	"15. left_elbow": [
		0.4155898094177246,
		0.46736738085746765,
		-0.04036745801568031,
		0.971377432346344
	],
	"16. left_wrist": [
		0.36251652240753174,
		0.47758743166923523,
		-0.05286991223692894,
		0.8937752842903137
	],
	"19. right_shoulder": [
		0.5439601540565491,
		0.3881969451904297,
		0.017725910991430283,
		0.9991527199745178
	],
	"20. right_elbow": [
		0.5881905555725098,
		0.43674084544181824,
		-0.002873797668144107,
		0.9928794503211975
	],
	"21. right_wrist": [
		0.6333429217338562,
		0.4658992290496826,
		-0.022864092141389847,
		0.8889719247817993
	],
	"24. nose": [
		0.47822925448417664,
		0.34810903668403625,
		0.17245328426361084,
		0.9992559552192688
	],
	"25. left_eye": [
		0.4732349216938019,
		0.34162312746047974,
		0.14102700352668762,
		0.9993413686752319
	],
	"26. right_eye": [
		0.48736345767974854,
		0.339173287153244,
		0.14436042308807373,
		0.99944669008255
	],
	"27. left_ear": [
		0.4722587764263153,
		0.3465684950351715,
		0.03539522364735603,
		0.9994456768035889
	],
	"28. right_ear": [
		0.4977985620498657,
		0.34246838092803955,
		0.048816170543432236,
		0.9993191361427307
	],
	"time stamp": 30.0
}