{
	"1. left_hip": [
		0.47678300738334656,
		0.5442594885826111,
		0.007635136134922504,
		0.9982964396476746
	],
	"2. left_knee": [
		0.4677228033542633,
		0.6449427008628845,
		0.07913623750209808,
		0.9761220216751099
	],
	"3. left_ankle": [
		0.47896721959114075,
		0.7449932098388672,
		0.16254065930843353,
		0.9528995752334595
	],
	"6. right_hip": [
		0.5242325663566589,
		0.5456167459487915,
		-0.008158797398209572,
		0.9976484179496765
	],
	"7. right_knee": [
		0.5128995180130005,
		0.6487801671028137,
		0.07930939644575119,
		0.9699729084968567
	],
	"8. right_ankle": [
		0.4964643120765686,
		0.7507580518722534,
		0.1487112045288086,
		0.9515845775604248
	],
	"14. left_shoulder": [
		0.4527948796749115,
		0.40982791781425476,
		0.013119530864059925,
		0.9996888041496277
	],
	"15. left_elbow": [
		0.4412403404712677,
		0.4799898564815521,
		0.07750159502029419,
		0.9853676557540894
	],
	"16. left_wrist": [
		0.4445967674255371,
		0.5078637003898621,
		0.203611359000206,
		0.7257952690124512
	],
	"19. right_shoulder": [
		0.5441960692405701,
		0.39821839332580566,
		-0.013908692635595798,
		0.999646008014679
	],
	"20. right_elbow": [
		0.5611684322357178,
		0.4705296754837036,
		0.009628084488213062,
		0.995625376701355
	],
	"21. right_wrist": [
		0.5710676312446594,
		0.5297915935516357,
		0.07465402036905289,
		0.8194900751113892
	],
	"24. nose": [
		0.485572874546051,
		0.35561737418174744,
		0.20046985149383545,
		0.9995895624160767
	],
	"25. left_eye": [
		0.4792236387729645,
		0.3478568196296692,
		0.1669476330280304,
		0.9995716214179993
	],
	"26. right_eye": [
		0.49285686016082764,
		0.34699079394340515,
		0.16761532425880432,
		0.999661386013031
	],
	"27. left_ear": [
		0.47536954283714294,
		0.3521167039871216,
		0.05559413135051727,
		0.9995937347412109
	],
	"28. right_ear": [
		0.5009958744049072,
		0.35049912333488464,
		0.057092320173978806,
		0.999625563621521
	],
	"time stamp": 30.0
}