{
	"1. left_hip": [
		0.4750339686870575,
		0.5446300506591797,
		0.035879917442798615,
		0.9985653758049011
	],
	"2. left_knee": [
		0.4720129370689392,
		0.6470938324928284,
		0.09265559166669846,
		0.9840301871299744
	],
	"3. left_ankle": [
		0.4805660545825958,
		0.746540904045105,
		0.1665681004524231,
		0.9613364934921265
	],
	"6. right_hip": [
		0.51765376329422,
		0.5471493601799011,
		-0.035905949771404266,
		0.9978476762771606
	],
	"7. right_knee": [
		0.5129824876785278,
		0.6483526825904846,
		0.012950293719768524,
		0.9679358601570129
	],
	"8. right_ankle": [
		0.49344199895858765,
		0.7488735914230347,
		0.07229814678430557,
		0.9561557173728943
	],
	"14. left_shoulder": [
		0.4508688151836395,
		0.4062730371952057,
		0.0523725226521492,
		0.9995958209037781
	],
	"15. left_elbow": [
		0.43323761224746704,
		0.4673677086830139,
		0.005949279759079218,
		0.9694440960884094
	],
	"16. left_wrist": [
		0.4513111114501953,
		0.5043358206748962,
		-0.023003973066806793,
		0.31640148162841797
	],
	"19. right_shoulder": [
		0.5403608679771423,
		0.4021717309951782,
		-0.0045382678508758545,
		0.9995037913322449
	],
	"20. right_elbow": [
		0.5455012917518616,
		0.47590580582618713,
		-0.06648945808410645,
		0.9764463901519775
	],
	"21. right_wrist": [
		0.5488908886909485,
		0.5251256823539734,
		-0.1097676157951355,
		0.5330640077590942
	],
	"24. nose": [
		0.5050215721130371,
		0.3611869513988495,
		0.23797856271266937,
		0.997979462146759
	],
	"25. left_eye": [
		0.49784794449806213,
		0.3514944612979889,
		0.20749019086360931,
		0.9983460903167725
	],
	"26. right_eye": [
		0.5120905637741089,
		0.35202348232269287,
		0.20240060985088348,
		0.9984443783760071
	],
	"27. left_ear": [
		0.48881006240844727,
		0.3541692793369293,
		0.10222124308347702,
		0.99873948097229
	],
	"28. right_ear": [
		0.5185874700546265,
		0.3547126054763794,
		0.07881972193717957,
		0.9985465407371521
	],
	"time stamp": 30.0
}