{
	"1. left_hip": [
		0.47179287672042847,
		0.537058413028717,
		0.03913459554314613,
		0.9983322620391846
	],
	"2. left_knee": [
		0.47158825397491455,
		0.6389577984809875,
		0.13087578117847443,
		0.9755933880805969
	],
	"3. left_ankle": [
		0.47904109954833984,
		0.7403725385665894,
		0.22102150321006775,
		0.9511458277702332
	],
	"6. right_hip": [
		0.5195292234420776,
		0.5404234528541565,
		-0.0390847772359848,
		0.9983356595039368
	],
	"7. right_knee": [
		0.5180463790893555,
		0.644490659236908,
		0.0049644289538264275,
		0.984390914440155
	],
	"8. right_ankle": [
		0.4937414526939392,
		0.7508660554885864,
		0.060887910425662994,
		0.9731855392456055
	],
	"14. left_shoulder": [
		0.45442628860473633,
		0.40613722801208496,
		0.03559268265962601,
		0.9993916749954224
	],
	"15. left_elbow": [
		0.4403357207775116,
		0.4712715744972229,
		0.03297562524676323,
		0.9686849117279053
	],
	"16. left_wrist": [
		0.4491744041442871,
		0.49928221106529236,
		0.04383276030421257,
		0.20519408583641052
	],
	"19. right_shoulder": [
		0.5460676550865173,
		0.3979184925556183,
		-0.011898243799805641,
		0.9994404911994934
	],
	"20. right_elbow": [
		0.5485062003135681,
		0.4722070097923279,
		-0.00455738790333271,
		0.9748099446296692
	],
	"21. right_wrist": [
		0.5437098741531372,
		0.5167829394340515,
		0.011174380779266357,
		0.26378142833709717
	],
	"24. nose": [
		0.49840477108955383,
		0.3526521921157837,
		0.2056635618209839,
		0.9968549609184265
	],
	"25. left_eye": [
		0.49030372500419617,
		0.34539496898651123,
		0.17174093425273895,
		0.9974806308746338
	],
	"26. right_eye": [
		0.5058440566062927,
		0.3435336649417877,
		0.170179083943367,
		0.9976152181625366
	],
	"27. left_ear": [
		0.4843108057975769,
		0.35143938660621643,
		0.06610438227653503,
		0.9976857304573059
	],
	"28. right_ear": [
		0.5138630867004395,
		0.34833839535713196,
		0.05966780707240105,
		0.9982996582984924
	],
	"time stamp": 30.0
}