{
	"1. left_hip": [
		0.47173047065734863,
		0.5417991280555725,
		0.08225447684526443,
		0.9982969164848328
	],
	"2. left_knee": [
		0.4743543863296509,
		0.6431000232696533,
		0.1597336232662201,
		0.9689732789993286
	],
	"3. left_ankle": [
		0.4790588915348053,
		0.7397912740707397,
		0.22826266288757324,
		0.9474944472312927
	],
	"6. right_hip": [
		0.5177654027938843,
		0.5434269905090332,
		-0.08235407620668411,
		0.998440682888031
	],
	"7. right_knee": [
		0.5202118158340454,
		0.649713397026062,
		-0.07472039759159088,
		0.9867098927497864
	],
	"8. right_ankle": [
		0.4956029951572418,
		0.7511812448501587,
		-0.07277695089578629,
		0.9767341613769531
	],
	"14. left_shoulder": [
		0.45926210284233093,
		0.40908360481262207,
		0.1036476120352745,
		0.9993531107902527
	],
	"15. left_elbow": [
		0.4396989643573761,
		0.4710964858531952,
		0.11353471130132675,
		0.9672704935073853
	],
	"16. left_wrist": [
		0.4534592032432556,
		0.5054842829704285,
		0.11421601474285126,
		0.2045065015554428
	],
	"19. right_shoulder": [
		0.5435165762901306,
		0.39843013882637024,
		-0.07800880819559097,
		0.9995139241218567
	],
	"20. right_elbow": [
		0.5466703176498413,
		0.47107869386672974,
		-0.07845383882522583,
		0.9786658883094788
	],
	"21. right_wrist": [
		0.5575812458992004,
		0.5276359915733337,
		-0.01283533126115799,
		0.32979848980903625
	],
	"24. nose": [
		0.5032598376274109,
		0.35529056191444397,
		0.2166481912136078,
		0.9971036314964294
	],
	"25. left_eye": [
		0.4952945411205292,
		0.3476111888885498,
		0.18918737769126892,
		0.9975957274436951
	],
	"26. right_eye": [
		0.5095592141151428,
		0.34510040283203125,
		0.17947030067443848,
		0.9977673888206482
	],
	"27. left_ear": [
		0.48731786012649536,
		0.35366570949554443,
		0.09639933705329895,
		0.9975962042808533
	],
	"28. right_ear": [
		0.5153998136520386,
		0.34980064630508423,
		0.05074511840939522,
		0.9984161257743835
	],
	"time stamp": 30.0
}