{
	"1. left_hip": [
		0.4716469347476959,
		0.5453692674636841,
		0.09056812524795532,
		0.9983301162719727
	],
	"2. left_knee": [
		0.4758034646511078,
		0.6446777582168579,
		0.15467289090156555,
		0.9617046117782593
	],
	"3. left_ankle": [
		0.47911179065704346,
		0.740026593208313,
		0.21963812410831451,
		0.9436326622962952
	],
	"6. right_hip": [
		0.5167673826217651,
		0.5458353757858276,
		-0.09069366753101349,
		0.9985113739967346
	],
	"7. right_knee": [
		0.5217545032501221,
		0.6509665250778198,
		-0.08104832470417023,
		0.9876689910888672
	],
	"8. right_ankle": [
		0.49692490696907043,
		0.7510735988616943,
		-0.07351873815059662,
		0.9783016443252563
	],
	"14. left_shoulder": [
		0.4600156247615814,
		0.41073527932167053,
		0.11303523927927017,
		0.9993405938148499
	],
	"15. left_elbow": [
		0.44350001215934753,
		0.4746308922767639,
		0.1333189755678177,
		0.9600698351860046
	],
	"16. left_wrist": [
		0.4591263234615326,
		0.5146911144256592,
		0.1309053897857666,
		0.20180658996105194
	],
	"19. right_shoulder": [
		0.5433263182640076,
		0.3991019129753113,
		-0.10640859603881836,
		0.9995553493499756
	],
	"20. right_elbow": [
		0.5472070574760437,
		0.4712543189525604,
		-0.10420534759759903,
		0.9806094765663147
	],
	"21. right_wrist": [
		0.5686388611793518,
		0.5297550559043884,
		-0.029006702825427055,
		0.38590696454048157
	],
	"24. nose": [
		0.5057663321495056,
		0.3576888144016266,
		0.19071683287620544,
		0.997296929359436
	],
	"25. left_eye": [
		0.4982030689716339,
		0.3497520089149475,
		0.16941651701927185,
		0.9977284669876099
	],
	"26. right_eye": [
		0.511871874332428,
		0.34708285331726074,
		0.15409816801548004,
		0.9978970289230347
	],
	"27. left_ear": [
		0.4894174635410309,
		0.35532042384147644,
		0.09561513364315033,
		0.997623860836029
	],
	"28. right_ear": [
		0.516645073890686,
		0.3512200117111206,
		0.027040259912610054,
		0.9985052943229675
	],
	"time stamp": 30.0
}