{
	"1. left_hip": [
		0.470786452293396,
		0.5477498173713684,
		0.09630914032459259,
		0.9983792304992676
	],
	"2. left_knee": [
		0.4786387085914612,
		0.6458624601364136,
		0.1591971516609192,
		0.9528705477714539
	],
	"3. left_ankle": [
		0.4795874059200287,
		0.742160975933075,
		0.219924196600914,
		0.9400871992111206
	],
	"6. right_hip": [
		0.5156683921813965,
		0.5477710962295532,
		-0.09646598994731903,
		0.9985987544059753
	],
	"7. right_knee": [
		0.5234009623527527,
		0.6520546078681946,
		-0.08385717123746872,
		0.988490879535675
	],
	"8. right_ankle": [
		0.4979110062122345,
		0.7513748407363892,
		-0.08560425043106079,
		0.9798086881637573
	],
	"14. left_shoulder": [
		0.46025681495666504,
		0.41343072056770325,
		0.1302088350057602,
		0.9993452429771423
	],
	"15. left_elbow": [
		0.44174492359161377,
		0.47617414593696594,
		0.187416672706604,
		0.9565644860267639
	],
	"16. left_wrist": [
		0.4630637466907501,
		0.5127429962158203,
		0.23218289017677307,
		0.19565938413143158
	],
	"19. right_shoulder": [
		0.5432636737823486,
		0.4003496468067169,
		-0.1105845719575882,
		0.9995953440666199
	],
	"20. right_elbow": [
		0.5503609776496887,
		0.471316397190094,
		-0.10321736335754395,
		0.9824717044830322
	],
	"21. right_wrist": [
		0.5808212161064148,
		0.5285776853561401,
		-0.016833951696753502,
		0.4410668611526489
	],
	"24. nose": [
		0.5082235336303711,
		0.36107978224754333,
		0.1860058754682541,
		0.9975118637084961
	],
	"25. left_eye": [
		0.5008389353752136,
		0.352971613407135,
		0.1659255176782608,
		0.9978968501091003
	],
	"26. right_eye": [
		0.5137403607368469,
		0.3505912125110626,
		0.14990536868572235,
		0.9980611801147461
	],
	"27. left_ear": [
		0.49127399921417236,
		0.3574947416782379,
		0.09558697044849396,
		0.997748076915741
	],
	"28. right_ear": [
		0.5176663994789124,
		0.35357627272605896,
		0.02775711566209793,
		0.9986163377761841
	],
	"time stamp": 30.0
}