{
	"1. left_hip": [
		0.469681054353714,
		0.5479140281677246,
		0.06270916014909744,
		0.9968870282173157
	],
	"2. left_knee": [
		0.4758872091770172,
		0.6413286924362183,
		0.18296855688095093,
		0.9306366443634033
	],
	"3. left_ankle": [
		0.48330220580101013,
		0.7340955138206482,
		0.2940259873867035,
		0.9136393666267395
	],
	"6. right_hip": [
		0.5144127607345581,
		0.545801043510437,
		-0.063139408826828,
		0.9975593686103821
	],
	"7. right_knee": [
		0.5134749412536621,
		0.6451839804649353,
		-0.05215532332658768,
		0.9562677145004272
	],
	"8. right_ankle": [
		0.4950847923755646,
		0.746710479259491,
		-0.030689874663949013,
		0.9423215985298157
	],
	"14. left_shoulder": [
		0.43960651755332947,
		0.41399019956588745,
		0.07889250665903091,
		0.9990984797477722
	],
	"15. left_elbow": [
		0.38484084606170654,
		0.43770894408226013,
		0.15570218861103058,
		0.9826672673225403
	],
	"16. left_wrist": [
		0.35324904322624207,
		0.4337497055530548,
		0.27759793400764465,
		0.6123661994934082
	],
	"19. right_shoulder": [
		0.5267955660820007,
		0.3976636528968811,
		-0.03520853444933891,
		0.9988959431648254
	],
	"20. right_elbow": [
		0.5813923478126526,
		0.43264076113700867,
		0.004795994609594345,
		0.9933496713638306
	],
	"21. right_wrist": [
		0.6025643348693848,
		0.4548048973083496,
		0.09617702662944794,
		0.7287085056304932
	],
	"24. nose": [
		0.4895530939102173,
		0.3663656413555145,
		0.21297523379325867,
		0.9984807968139648
	],
	"25. left_eye": [
		0.4812210500240326,
		0.35945984721183777,
		0.18387462198734283,
		0.9987719058990479
	],
	"26. right_eye": [
		0.4957052171230316,
		0.35851383209228516,
		0.17819856107234955,
		0.9990054965019226
	],
	"27. left_ear": [
		0.47206249833106995,
		0.3640693724155426,
		0.09084748476743698,
		0.9986914396286011
	],
	"28. right_ear": [
		0.5031605362892151,
		0.36110827326774597,
		0.07117622345685959,
		0.9989515542984009
	],
	"time stamp": 30.0
}