{
	"1. left_hip": [
		0.4859125316143036,
		0.5507568717002869,
		0.11389131844043732,
		0.9965969920158386
	],
	"2. left_knee": [
		0.49928680062294006,
		0.6491440534591675,
		0.12377743422985077,
		0.7047454714775085
	],
	"3. left_ankle": [
		0.47841018438339233,
		0.7390865683555603,
		0.19626575708389282,
		0.758659303188324
	],
	"6. right_hip": [
		0.4984129071235657,
		0.549443244934082,
		-0.11402346938848495,
		0.9969498515129089
	],
	"7. right_knee": [
		0.5181047320365906,
		0.6503565311431885,
		-0.08692485094070435,
		0.944158136844635
	],
	"8. right_ankle": [
		0.48843079805374146,
		0.7425409555435181,
		-0.029648473486304283,
		0.9370594024658203
	],
	"14. left_shoulder": [
		0.4947749376296997,
		0.41106030344963074,
		0.18885265290737152,
		0.997329831123352
	],
	"15. left_elbow": [
		0.4737359285354614,
		0.47533756494522095,
		0.2255374640226364,
		0.7192929983139038
	],
	"16. left_wrist": [
		0.4728451371192932,
		0.5236243605613708,
		0.19513097405433655,
		0.34742698073387146
	],
	"19. right_shoulder": [
		0.5048230290412903,
		0.40170663595199585,
		-0.17242999374866486,
		0.9992533326148987
	],
	"20. right_elbow": [
		0.4801693856716156,
		0.4635157287120819,
		-0.31284356117248535,
		0.9438602328300476
	],
	"21. right_wrist": [
		0.4783347249031067,
		0.5032140016555786,
		-0.41978976130485535,
		0.6924832463264465
	],
	"24. nose": [
		0.532472550868988,
		0.37406840920448303,
		0.016307471320033073,
		0.9885867238044739
	],
	"25. left_eye": [
		0.5262678265571594,
		0.36645737290382385,
		0.02958228439092636,
		0.9865323305130005
	],
	"26. right_eye": [
		0.5264019966125488,
		0.3651247024536133,
		-0.006866616662591696,
		0.9894952178001404
	],
	"27. left_ear": [
		0.514329731464386,
		0.36787983775138855,
		0.09716076403856277,
		0.9804907441139221
	],
	"28. right_ear": [
		0.5157638192176819,
		0.36685797572135925,
		-0.07193393260240555,
		0.9894545674324036
	],
	"time stamp": 30.0
}