{
	"1. left_hip": [
		0.5577247738838196,
		0.5436356663703918,
		-0.08382948487997055,
		0.9993624687194824
	],
	"2. left_knee": [
		0.5578622221946716,
		0.641977846622467,
		-0.11870884150266647,
		0.9649620652198792
	],
	"3. left_ankle": [
		0.5715118050575256,
		0.732853353023529,
		-0.049260783940553665,
		0.958692729473114
	],
	"6. right_hip": [
		0.5260739922523499,
		0.5385526418685913,
		0.08395402133464813,
		0.9990829229354858
	],
	"7. right_knee": [
		0.5149475932121277,
		0.6280983686447144,
		0.051215510815382004,
		0.9017031192779541
	],
	"8. right_ankle": [
		0.5315045118331909,
		0.7171776294708252,
		0.16307343542575836,
		0.9520549774169922
	],
	"14. left_shoulder": [
		0.5570215582847595,
		0.40621182322502136,
		-0.18533173203468323,
		0.9999308586120605
	],
	"15. left_elbow": [
		0.5796419978141785,
		0.4694744348526001,
		-0.25243183970451355,
		0.9862895011901855
	],
	"16. left_wrist": [
		0.5654900074005127,
		0.5070253610610962,
		-0.33822768926620483,
		0.9613221287727356
	],
	"19. right_shoulder": [
		0.5025808215141296,
		0.4113090932369232,
		0.0599348209798336,
		0.999148428440094
	],
	"20. right_elbow": [
		0.48589783906936646,
		0.4549124240875244,
		0.06980036944150925,
		0.4126046895980835
	],
	"21. right_wrist": [
		0.47067147493362427,
		0.49792253971099854,
		-0.10219313204288483,
		0.6050015091896057
	],
	"24. nose": [
		0.5050243139266968,
		0.37572523951530457,
		-0.21691866219043732,
		0.9997912645339966
	],
	"25. left_eye": [
		0.5139111876487732,
		0.36309024691581726,
		-0.22368429601192474,
		0.9995714426040649
	],
	"26. right_eye": [
		0.49988147616386414,
		0.366076797246933,
		-0.1979759782552719,
		0.999462902545929
	],
	"27. left_ear": [
		0.5249242186546326,
		0.36331596970558167,
		-0.18580642342567444,
		0.9995970726013184
	],
	"28. right_ear": [
		0.5016404390335083,
		0.36802178621292114,
		-0.0715802013874054,
		0.9990077614784241
	],
	"time stamp": 30.0
}