{
	"1. left_hip": [
		0.563723087310791,
		0.56633460521698,
		-0.10316154360771179,
		0.9993571639060974
	],
	"2. left_knee": [
		0.5356429815292358,
		0.6569252610206604,
		-0.14337043464183807,
		0.9669156670570374
	],
	"3. left_ankle": [
		0.5811506509780884,
		0.7375257611274719,
		-0.028315717354416847,
		0.9717351794242859
	],
	"6. right_hip": [
		0.5394660830497742,
		0.5610108971595764,
		0.10325174033641815,
		0.9991912245750427
	],
	"7. right_knee": [
		0.5075684785842896,
		0.6469674706459045,
		0.03642084449529648,
		0.8639472723007202
	],
	"8. right_ankle": [
		0.523928165435791,
		0.7272769212722778,
		0.14688894152641296,
		0.9391589760780334
	],
	"14. left_shoulder": [
		0.5463159084320068,
		0.43953558802604675,
		-0.22305592894554138,
		0.9999064803123474
	],
	"15. left_elbow": [
		0.5367099642753601,
		0.5074102282524109,
		-0.20310978591442108,
		0.9836283326148987
	],
	"16. left_wrist": [
		0.4967958927154541,
		0.5197130441665649,
		-0.11638674885034561,
		0.9556782245635986
	],
	"19. right_shoulder": [
		0.5226868987083435,
		0.4358290731906891,
		0.09176688641309738,
		0.9993467330932617
	],
	"20. right_elbow": [
		0.5184268355369568,
		0.495827853679657,
		0.1948663294315338,
		0.34235987067222595
	],
	"21. right_wrist": [
		0.4880189597606659,
		0.5125592350959778,
		0.13861338794231415,
		0.5890319347381592
	],
	"24. nose": [
		0.5058457255363464,
		0.40342336893081665,
		-0.24233362078666687,
		0.9997554421424866
	],
	"25. left_eye": [
		0.5132898688316345,
		0.39208126068115234,
		-0.2473612129688263,
		0.9995161294937134
	],
	"26. right_eye": [
		0.5021029710769653,
		0.39396774768829346,
		-0.21956484019756317,
		0.9993773698806763
	],
	"27. left_ear": [
		0.5278216600418091,
		0.3918103575706482,
		-0.2025022953748703,
		0.9995170831680298
	],
	"28. right_ear": [
		0.5057414174079895,
		0.39416617155075073,
		-0.08185909688472748,
		0.998571515083313
	],
	"time stamp": 30.0
}