{
	"1. left_hip": [
		0.5718560218811035,
		0.5755423903465271,
		-0.09819824993610382,
		0.999417245388031
	],
	"2. left_knee": [
		0.553314208984375,
		0.6633209586143494,
		-0.12468729168176651,
		0.9721502065658569
	],
	"3. left_ankle": [
		0.578510582447052,
		0.7362202405929565,
		0.10623040795326233,
		0.9763644337654114
	],
	"6. right_hip": [
		0.5391197204589844,
		0.5732274055480957,
		0.09842108935117722,
		0.9993141889572144
	],
	"7. right_knee": [
		0.4846120774745941,
		0.6447615623474121,
		-0.09744077920913696,
		0.8872710466384888
	],
	"8. right_ankle": [
		0.5241530537605286,
		0.727045476436615,
		0.03378208354115486,
		0.9494298696517944
	],
	"14. left_shoulder": [
		0.5469235181808472,
		0.4390442669391632,
		-0.19943909347057343,
		0.9999116063117981
	],
	"15. left_elbow": [
		0.5425061583518982,
		0.5080046653747559,
		-0.270685076713562,
		0.9848915934562683
	],
	"16. left_wrist": [
		0.4905236065387726,
		0.5079752206802368,
		-0.3250611424446106,
		0.9615514278411865
	],
	"19. right_shoulder": [
		0.5198542475700378,
		0.44545167684555054,
		0.11454379558563232,
		0.9994216561317444
	],
	"20. right_elbow": [
		0.5226616263389587,
		0.5121293067932129,
		0.2127104103565216,
		0.29649415612220764
	],
	"21. right_wrist": [
		0.4892180860042572,
		0.5218518376350403,
		0.12865708768367767,
		0.5572439432144165
	],
	"24. nose": [
		0.5032498240470886,
		0.40998774766921997,
		-0.19619625806808472,
		0.9997873306274414
	],
	"25. left_eye": [
		0.5099648237228394,
		0.39838510751724243,
		-0.20124214887619019,
		0.9995809197425842
	],
	"26. right_eye": [
		0.49982085824012756,
		0.4002200663089752,
		-0.1749640703201294,
		0.9994585514068604
	],
	"27. left_ear": [
		0.5271249413490295,
		0.396608829498291,
		-0.16750940680503845,
		0.9995877742767334
	],
	"28. right_ear": [
		0.5048081874847412,
		0.39988628029823303,
		-0.04791143536567688,
		0.9987801909446716
	],
	"time stamp": 30.0
}