{
	"1. left_hip": [
		0.5732581615447998,
		0.5906162261962891,
		-0.07031774520874023,
		0.9995878338813782
	],
	"2. left_knee": [
		0.5767887830734253,
		0.6783731579780579,
		-0.08562249690294266,
		0.9812624454498291
	],
	"3. left_ankle": [
		0.57090163230896,
		0.7366819381713867,
		0.2178189754486084,
		0.9830649495124817
	],
	"6. right_hip": [
		0.5297092795372009,
		0.5889706611633301,
		0.07042062282562256,
		0.9996126294136047
	],
	"7. right_knee": [
		0.471232146024704,
		0.6518012285232544,
		-0.13529548048973083,
		0.9390265941619873
	],
	"8. right_ankle": [
		0.5151143670082092,
		0.7269507050514221,
		0.07337357848882675,
		0.9716537594795227
	],
	"14. left_shoulder": [
		0.561646580696106,
		0.4556504786014557,
		-0.15582235157489777,
		0.999936580657959
	],
	"15. left_elbow": [
		0.6245267987251282,
		0.48773565888404846,
		-0.23930639028549194,
		0.9866579174995422
	],
	"16. left_wrist": [
		0.6693872809410095,
		0.514201819896698,
		-0.38052546977996826,
		0.9722665548324585
	],
	"19. right_shoulder": [
		0.49365273118019104,
		0.46330398321151733,
		0.05805368348956108,
		0.9996445775032043
	],
	"20. right_elbow": [
		0.4570508301258087,
		0.5072435736656189,
		0.20274251699447632,
		0.5574461817741394
	],
	"21. right_wrist": [
		0.4083869755268097,
		0.5339739918708801,
		0.17767393589019775,
		0.7491588592529297
	],
	"24. nose": [
		0.49921226501464844,
		0.42033928632736206,
		-0.2718185484409332,
		0.9998621940612793
	],
	"25. left_eye": [
		0.50922030210495,
		0.4076821506023407,
		-0.26369091868400574,
		0.9997101426124573
	],
	"26. right_eye": [
		0.4953295588493347,
		0.40928342938423157,
		-0.24429059028625488,
		0.9996269941329956
	],
	"27. left_ear": [
		0.5261124968528748,
		0.40970852971076965,
		-0.18503211438655853,
		0.9996962547302246
	],
	"28. right_ear": [
		0.4972565770149231,
		0.4126948118209839,
		-0.09804117679595947,
		0.9992398619651794
	],
	"time stamp": 30.0
}