{
	"1. left_hip": [
		0.577437162399292,
		0.5666807293891907,
		-0.0162656232714653,
		0.9997051954269409
	],
	"2. left_knee": [
		0.5711891055107117,
		0.6561234593391418,
		-0.015449311584234238,
		0.9843382835388184
	],
	"3. left_ankle": [
		0.5630061626434326,
		0.7329086661338806,
		0.24388936161994934,
		0.9856278896331787
	],
	"6. right_hip": [
		0.5258955359458923,
		0.5658540725708008,
		0.01628841832280159,
		0.9997206926345825
	],
	"7. right_knee": [
		0.5072922110557556,
		0.6461207866668701,
		0.048627886921167374,
		0.9622376561164856
	],
	"8. right_ankle": [
		0.4956498444080353,
		0.6878374218940735,
		0.42593371868133545,
		0.974828839302063
	],
	"14. left_shoulder": [
		0.5801240801811218,
		0.4344019293785095,
		-0.21009904146194458,
		0.9999516606330872
	],
	"15. left_elbow": [
		0.6386651396751404,
		0.47038471698760986,
		-0.26746538281440735,
		0.9897022843360901
	],
	"16. left_wrist": [
		0.6846963763237,
		0.49091094732284546,
		-0.45672187209129333,
		0.9767029881477356
	],
	"19. right_shoulder": [
		0.4917677640914917,
		0.44290709495544434,
		-0.12956808507442474,
		0.9997483491897583
	],
	"20. right_elbow": [
		0.45312878489494324,
		0.48598554730415344,
		-0.11426660418510437,
		0.7228811383247375
	],
	"21. right_wrist": [
		0.4048444330692291,
		0.5160326361656189,
		-0.26253631711006165,
		0.8424369096755981
	],
	"24. nose": [
		0.5100554823875427,
		0.4012942612171173,
		-0.3763231337070465,
		0.9998877048492432
	],
	"25. left_eye": [
		0.5216994285583496,
		0.39088794589042664,
		-0.3735673129558563,
		0.9997165203094482
	],
	"26. right_eye": [
		0.5042503476142883,
		0.39112913608551025,
		-0.3610149025917053,
		0.9995839595794678
	],
	"27. left_ear": [
		0.5354421734809875,
		0.3938232958316803,
		-0.29303061962127686,
		0.9996868371963501
	],
	"28. right_ear": [
		0.505577027797699,
		0.39454907178878784,
		-0.23519933223724365,
		0.9992539882659912
	],
	"time stamp": 30.0
}