{
	"1. left_hip": [
		0.5744509696960449,
		0.5365819931030273,
		-0.017865322530269623,
		0.9992747902870178
	],
	"2. left_knee": [
		0.57830411195755,
		0.6411458849906921,
		-0.032328199595212936,
		0.9845384359359741
	],
	"3. left_ankle": [
		0.5666863322257996,
		0.7374501824378967,
		0.10897556692361832,
		0.9865314960479736
	],
	"6. right_hip": [
		0.5212528705596924,
		0.5398029685020447,
		0.017889823764562607,
		0.999217689037323
	],
	"7. right_knee": [
		0.51344233751297,
		0.6359837651252747,
		-0.0031065396033227444,
		0.9803686738014221
	],
	"8. right_ankle": [
		0.5209512710571289,
		0.7462387681007385,
		0.11975788325071335,
		0.9691729545593262
	],
	"14. left_shoulder": [
		0.5914954543113708,
		0.39333248138427734,
		-0.10253994911909103,
		0.999933123588562
	],
	"15. left_elbow": [
		0.6433308124542236,
		0.42624491453170776,
		-0.14685359597206116,
		0.9913362860679626
	],
	"16. left_wrist": [
		0.687468409538269,
		0.45769983530044556,
		-0.32454752922058105,
		0.9801557660102844
	],
	"19. right_shoulder": [
		0.4982558786869049,
		0.3982456922531128,
		-0.0036752005107700825,
		0.9996734261512756
	],
	"20. right_elbow": [
		0.4488097131252289,
		0.4355746805667877,
		0.06848587095737457,
		0.8741987347602844
	],
	"21. right_wrist": [
		0.3992854058742523,
		0.4702937602996826,
		-0.004057181067764759,
		0.9143458604812622
	],
	"24. nose": [
		0.527963399887085,
		0.354053258895874,
		-0.25979018211364746,
		0.9998192191123962
	],
	"25. left_eye": [
		0.541447639465332,
		0.3448266386985779,
		-0.2515174150466919,
		0.9993464350700378
	],
	"26. right_eye": [
		0.523573637008667,
		0.34435954689979553,
		-0.24022270739078522,
		0.9987795352935791
	],
	"27. left_ear": [
		0.5553152561187744,
		0.3494071960449219,
		-0.16222326457500458,
		0.9990009665489197
	],
	"28. right_ear": [
		0.5233666896820068,
		0.3487820029258728,
		-0.11075812578201294,
		0.9970674514770508
	],
	"time stamp": 30.0
}