{
	"1. left_hip": [
		0.5434330701828003,
		0.5931957364082336,
		0.0647597536444664,
		0.999714195728302
	],
	"2. left_knee": [
		0.6098368167877197,
		0.6626782417297363,
		-0.07677250355482101,
		0.9777410626411438
	],
	"3. left_ankle": [
		0.5608956217765808,
		0.7407172322273254,
		0.10832918435335159,
		0.9809125065803528
	],
	"6. right_hip": [
		0.49640655517578125,
		0.5923226475715637,
		-0.06465607136487961,
		0.999614417552948
	],
	"7. right_knee": [
		0.4965021312236786,
		0.6741030216217041,
		0.0040830327197909355,
		0.9921920895576477
	],
	"8. right_ankle": [
		0.5023584365844727,
		0.7477373480796814,
		0.24901874363422394,
		0.9881682991981506
	],
	"14. left_shoulder": [
		0.5819805860519409,
		0.4646283686161041,
		0.074748195707798,
		0.9997827410697937
	],
	"15. left_elbow": [
		0.6093582510948181,
		0.5104191899299622,
		0.16493533551692963,
		0.8337934613227844
	],
	"16. left_wrist": [
		0.6555824875831604,
		0.535633385181427,
		0.14274384081363678,
		0.9112155437469482
	],
	"19. right_shoulder": [
		0.5102450251579285,
		0.4472125172615051,
		-0.09498526155948639,
		0.9998316764831543
	],
	"20. right_elbow": [
		0.4534182548522949,
		0.47396957874298096,
		-0.1562376618385315,
		0.9777266979217529
	],
	"21. right_wrist": [
		0.403469979763031,
		0.5031639337539673,
		-0.29606837034225464,
		0.9700155258178711
	],
	"24. nose": [
		0.5808405876159668,
		0.416207879781723,
		-0.1791418343782425,
		0.9999575614929199
	],
	"25. left_eye": [
		0.5822014808654785,
		0.40739959478378296,
		-0.15654215216636658,
		0.999876856803894
	],
	"26. right_eye": [
		0.569744348526001,
		0.40434810519218445,
		-0.1751416027545929,
		0.9998274445533752
	],
	"27. left_ear": [
		0.5789397358894348,
		0.4124163091182709,
		-0.03192482143640518,
		0.9997320771217346
	],
	"28. right_ear": [
		0.5535678267478943,
		0.40655383467674255,
		-0.11160729825496674,
		0.9996417760848999
	],
	"time stamp": 30.0
}