{
	"1. left_hip": [
		0.561335563659668,
		0.5580695867538452,
		0.028927123174071312,
		0.9998432397842407
	],
	"2. left_knee": [
		0.5945773720741272,
		0.6494126915931702,
		-0.09077583998441696,
		0.9893864393234253
	],
	"3. left_ankle": [
		0.5582737922668457,
		0.7442098259925842,
		0.11984312534332275,
		0.968543529510498
	],
	"6. right_hip": [
		0.5070263743400574,
		0.5626258850097656,
		-0.02880789339542389,
		0.9995478391647339
	],
	"7. right_knee": [
		0.4963132441043854,
		0.6639735698699951,
		-0.05673525482416153,
		0.9874494075775146
	],
	"8. right_ankle": [
		0.5093671083450317,
		0.7496362924575806,
		0.15638993680477142,
		0.9745303988456726
	],
	"14. left_shoulder": [
		0.549206554889679,
		0.4083101451396942,
		0.028555843979120255,
		0.9998936653137207
	],
	"15. left_elbow": [
		0.6160388588905334,
		0.42861777544021606,
		0.042893070727586746,
		0.9447870850563049
	],
	"16. left_wrist": [
		0.6803474426269531,
		0.4376057982444763,
		-0.06667325645685196,
		0.9736917018890381
	],
	"19. right_shoulder": [
		0.4663657248020172,
		0.4244868755340576,
		-0.09505683183670044,
		0.9989238977432251
	],
	"20. right_elbow": [
		0.466704785823822,
		0.48148220777511597,
		-0.27975785732269287,
		0.9871410727500916
	],
	"21. right_wrist": [
		0.514759361743927,
		0.4378751814365387,
		-0.49858590960502625,
		0.9826456904411316
	],
	"24. nose": [
		0.5026421546936035,
		0.36732515692710876,
		-0.21116209030151367,
		0.9997542500495911
	],
	"25. left_eye": [
		0.5086151361465454,
		0.3599316477775574,
		-0.18864306807518005,
		0.9993425607681274
	],
	"26. right_eye": [
		0.491548091173172,
		0.3605174720287323,
		-0.19623614847660065,
		0.9994509220123291
	],
	"27. left_ear": [
		0.5139741897583008,
		0.36467769742012024,
		-0.06423428654670715,
		0.9994299411773682
	],
	"28. right_ear": [
		0.48198947310447693,
		0.36921364068984985,
		-0.09403610974550247,
		0.9990845322608948
	],
	"time stamp": 30.0
}