{
	"1. left_hip": [
		0.5607901215553284,
		0.5552737712860107,
		0.01842416636645794,
		0.9998084902763367
	],
	"2. left_knee": [
		0.5919795036315918,
		0.6501209735870361,
		-0.08121597766876221,
		0.98896723985672
	],
	"3. left_ankle": [
		0.5543843507766724,
		0.7449974417686462,
		0.1586812287569046,
		0.9665313959121704
	],
	"6. right_hip": [
		0.5053406357765198,
		0.5600014328956604,
		-0.01828249730169773,
		0.9994814395904541
	],
	"7. right_knee": [
		0.49716049432754517,
		0.661518394947052,
		-0.04894024133682251,
		0.9874672889709473
	],
	"8. right_ankle": [
		0.5092876553535461,
		0.749646782875061,
		0.18092653155326843,
		0.974903404712677
	],
	"14. left_shoulder": [
		0.5511503219604492,
		0.4020490050315857,
		0.006177980452775955,
		0.9998735189437866
	],
	"15. left_elbow": [
		0.6186527013778687,
		0.42127275466918945,
		0.009731436148285866,
		0.9489933252334595
	],
	"16. left_wrist": [
		0.6836258769035339,
		0.43200770020484924,
		-0.10701491683721542,
		0.9748331904411316
	],
	"19. right_shoulder": [
		0.46612703800201416,
		0.4179799258708954,
		-0.08425837010145187,
		0.9986571073532104
	],
	"20. right_elbow": [
		0.46471506357192993,
		0.46969011425971985,
		-0.27022483944892883,
		0.9863522052764893
	],
	"21. right_wrist": [
		0.5080099701881409,
		0.43138930201530457,
		-0.5077796578407288,
		0.9823246598243713
	],
	"24. nose": [
		0.5015437006950378,
		0.36345067620277405,
		-0.24176126718521118,
		0.9996926784515381
	],
	"25. left_eye": [
		0.5086607336997986,
		0.35569465160369873,
		-0.21888114511966705,
		0.9991164207458496
	],
	"26. right_eye": [
		0.4913105070590973,
		0.35675209760665894,
		-0.22154930233955383,
		0.9992875456809998
	],
	"27. left_ear": [
		0.5155325531959534,
		0.35973429679870605,
		-0.08844106644392014,
		0.9992403388023376
	],
	"28. right_ear": [
		0.48214903473854065,
		0.36461424827575684,
		-0.09550420939922333,
		0.9988353848457336
	],
	"time stamp": 30.0
}