{
	"1. left_hip": [
		0.5517153739929199,
		0.5001611113548279,
		-0.010105013847351074,
		0.9994457960128784
	],
	"2. left_knee": [
		0.5302661657333374,
		0.45969223976135254,
		-0.21173898875713348,
		0.927366316318512
	],
	"3. left_ankle": [
		0.5096776485443115,
		0.4407753348350525,
		-0.17002227902412415,
		0.7751783728599548
	],
	"6. right_hip": [
		0.5054928064346313,
		0.5142185688018799,
		0.010055278427898884,
		0.999565064907074
	],
	"7. right_knee": [
		0.5192757248878479,
		0.6275191307067871,
		-0.024194635450839996,
		0.943793773651123
	],
	"8. right_ankle": [
		0.5341216921806335,
		0.7403046488761902,
		0.05739881098270416,
		0.9486268758773804
	],
	"14. left_shoulder": [
		0.5621914863586426,
		0.3791508376598358,
		0.03285856172442436,
		0.998885989189148
	],
	"15. left_elbow": [
		0.5720035433769226,
		0.44079089164733887,
		0.04085807129740715,
		0.8309428095817566
	],
	"16. left_wrist": [
		0.5564106106758118,
		0.483828067779541,
		0.04048910737037659,
		0.7133376002311707
	],
	"19. right_shoulder": [
		0.4833151400089264,
		0.37906235456466675,
		0.011013139970600605,
		0.9991912841796875
	],
	"20. right_elbow": [
		0.458646684885025,
		0.34081244468688965,
		-0.11650955677032471,
		0.8900516629219055
	],
	"21. right_wrist": [
		0.4879922866821289,
		0.28083500266075134,
		-0.24622590839862823,
		0.8733618855476379
	],
	"24. nose": [
		0.5116297006607056,
		0.33183571696281433,
		-0.16501116752624512,
		0.9995777010917664
	],
	"25. left_eye": [
		0.5214142203330994,
		0.32065844535827637,
		-0.1437346339225769,
		0.9991841316223145
	],
	"26. right_eye": [
		0.5036560893058777,
		0.32278090715408325,
		-0.13822413980960846,
		0.9986695051193237
	],
	"27. left_ear": [
		0.5318124294281006,
		0.3235859274864197,
		-0.01725313439965248,
		0.9990309476852417
	],
	"28. right_ear": [
		0.4997524619102478,
		0.3275662064552307,
		-0.015646889805793762,
		0.9979251623153687
	],
	"time stamp": 30.0
}