{
	"1. left_hip": [
		0.5551679134368896,
		0.5128560662269592,
		0.007594454567879438,
		0.9995896220207214
	],
	"2. left_knee": [
		0.5452461242675781,
		0.42059198021888733,
		-0.2629622220993042,
		0.8972451090812683
	],
	"3. left_ankle": [
		0.5036177039146423,
		0.44222813844680786,
		-0.29205015301704407,
		0.7170388102531433
	],
	"6. right_hip": [
		0.5078388452529907,
		0.529295027256012,
		-0.007588561158627272,
		0.9997081756591797
	],
	"7. right_knee": [
		0.5229292511940002,
		0.6424992680549622,
		-0.046379320323467255,
		0.960250973701477
	],
	"8. right_ankle": [
		0.5348304510116577,
		0.75099116563797,
		0.008776548318564892,
		0.9583792686462402
	],
	"14. left_shoulder": [
		0.5608391165733337,
		0.3921581506729126,
		0.09626775234937668,
		0.998765766620636
	],
	"15. left_elbow": [
		0.5874845385551453,
		0.44859978556632996,
		0.1103304848074913,
		0.7947044372558594
	],
	"16. left_wrist": [
		0.5996844172477722,
		0.5195413827896118,
		0.05820155143737793,
		0.6248730421066284
	],
	"19. right_shoulder": [
		0.4751584529876709,
		0.4034344255924225,
		0.04809742793440819,
		0.9994098544120789
	],
	"20. right_elbow": [
		0.43438801169395447,
		0.37646666169166565,
		-0.11043153703212738,
		0.9128167629241943
	],
	"21. right_wrist": [
		0.47347667813301086,
		0.323193222284317,
		-0.25189340114593506,
		0.8346994519233704
	],
	"24. nose": [
		0.5185526013374329,
		0.3555982708930969,
		-0.10180404782295227,
		0.9994010925292969
	],
	"25. left_eye": [
		0.5225754976272583,
		0.3429262042045593,
		-0.0751381441950798,
		0.9988983869552612
	],
	"26. right_eye": [
		0.5089957118034363,
		0.34532782435417175,
		-0.08047313243150711,
		0.9984124302864075
	],
	"27. left_ear": [
		0.5274231433868408,
		0.34675082564353943,
		0.0500217042863369,
		0.9987080097198486
	],
	"28. right_ear": [
		0.4976935386657715,
		0.3521590530872345,
		0.02424340508878231,
		0.997606635093689
	],
	"time stamp": 30.0
}