{
	"1. left_hip": [
		0.5515419244766235,
		0.5139634013175964,
		0.005600507836788893,
		0.9996503591537476
	],
	"2. left_knee": [
		0.553278923034668,
		0.45168960094451904,
		-0.4240094721317291,
		0.9271003603935242
	],
	"3. left_ankle": [
		0.5542268753051758,
		0.5726814270019531,
		-0.3815650939941406,
		0.7915065884590149
	],
	"6. right_hip": [
		0.5005324482917786,
		0.5346475839614868,
		-0.005353699903935194,
		0.9997384548187256
	],
	"7. right_knee": [
		0.5142977237701416,
		0.6532759666442871,
		-0.06704124808311462,
		0.9681827425956726
	],
	"8. right_ankle": [
		0.5437694787979126,
		0.7523585557937622,
		0.030711421743035316,
		0.9662715196609497
	],
	"14. left_shoulder": [
		0.5532079935073853,
		0.39584141969680786,
		0.0019042425556108356,
		0.9991656541824341
	],
	"15. left_elbow": [
		0.5977076292037964,
		0.43568602204322815,
		-0.08356170356273651,
		0.8592169880867004
	],
	"16. left_wrist": [
		0.6002349257469177,
		0.43312379717826843,
		-0.33162087202072144,
		0.7396634221076965
	],
	"19. right_shoulder": [
		0.45704764127731323,
		0.40578505396842957,
		-0.038891781121492386,
		0.9995554685592651
	],
	"20. right_elbow": [
		0.4144172668457031,
		0.4294893145561218,
		-0.21531592309474945,
		0.9390686750411987
	],
	"21. right_wrist": [
		0.424898624420166,
		0.41072869300842285,
		-0.503325879573822,
		0.8656197786331177
	],
	"24. nose": [
		0.5194229483604431,
		0.35511258244514465,
		-0.2560584545135498,
		0.999591588973999
	],
	"25. left_eye": [
		0.5219126343727112,
		0.3447820544242859,
		-0.25451862812042236,
		0.9992547631263733
	],
	"26. right_eye": [
		0.5088135600090027,
		0.3464687764644623,
		-0.2108815610408783,
		0.9989132881164551
	],
	"27. left_ear": [
		0.5200409889221191,
		0.34869763255119324,
		-0.05470019951462746,
		0.999138593673706
	],
	"28. right_ear": [
		0.49299389123916626,
		0.35048261284828186,
		-0.09765402972698212,
		0.998347818851471
	],
	"time stamp": 30.0
}