{
	"1. left_hip": [
		0.5405768156051636,
		0.5374951362609863,
		-0.0016088361153379083,
		0.9994308948516846
	],
	"2. left_knee": [
		0.6252833008766174,
		0.6073534488677979,
		-0.00685989111661911,
		0.9762671589851379
	],
	"3. left_ankle": [
		0.6513266563415527,
		0.6822951436042786,
		0.13110338151454926,
		0.931284487247467
	],
	"6. right_hip": [
		0.48943984508514404,
		0.5615935921669006,
		0.001532493275590241,
		0.9997490048408508
	],
	"7. right_knee": [
		0.5145233869552612,
		0.6640160083770752,
		-0.020141007378697395,
		0.9784682989120483
	],
	"8. right_ankle": [
		0.5548642873764038,
		0.7550504803657532,
		0.07074648141860962,
		0.9849066734313965
	],
	"14. left_shoulder": [
		0.5217087268829346,
		0.4102795720100403,
		-0.05064229667186737,
		0.9995591044425964
	],
	"15. left_elbow": [
		0.5230641961097717,
		0.48416194319725037,
		-0.042428143322467804,
		0.932314932346344
	],
	"16. left_wrist": [
		0.5331251621246338,
		0.5501521825790405,
		-0.1075008288025856,
		0.8870618939399719
	],
	"19. right_shoulder": [
		0.43721601366996765,
		0.4196188449859619,
		-0.0624031201004982,
		0.9997448921203613
	],
	"20. right_elbow": [
		0.4287855327129364,
		0.478059321641922,
		-0.19437630474567413,
		0.9465106725692749
	],
	"21. right_wrist": [
		0.46567919850349426,
		0.4299532175064087,
		-0.39579764008522034,
		0.9302299618721008
	],
	"24. nose": [
		0.48224639892578125,
		0.3602493703365326,
		-0.25092828273773193,
		0.9998208284378052
	],
	"25. left_eye": [
		0.4902935028076172,
		0.3507488965988159,
		-0.23194195330142975,
		0.9996373057365417
	],
	"26. right_eye": [
		0.47191718220710754,
		0.34965741634368896,
		-0.23568685352802277,
		0.9995177388191223
	],
	"27. left_ear": [
		0.4975942075252533,
		0.3552802801132202,
		-0.11026030778884888,
		0.9995571374893188
	],
	"28. right_ear": [
		0.46023818850517273,
		0.3557528257369995,
		-0.13142520189285278,
		0.9991745352745056
	],
	"time stamp": 30.0
}