{
	"1. left_hip": [
		0.4738703668117523,
		0.5490166544914246,
		-0.0014501884579658508,
		0.9996243715286255
	],
	"2. left_knee": [
		0.45134982466697693,
		0.6491830348968506,
		-0.0796702578663826,
		0.9717444777488708
	],
	"3. left_ankle": [
		0.4211759865283966,
		0.7381801605224609,
		0.09803581237792969,
		0.9192096590995789
	],
	"6. right_hip": [
		0.42478811740875244,
		0.5332911014556885,
		0.0015363064594566822,
		0.9998061060905457
	],
	"7. right_knee": [
		0.3800646662712097,
		0.6086198091506958,
		-0.19799230992794037,
		0.98231041431427
	],
	"8. right_ankle": [
		0.38545238971710205,
		0.709720253944397,
		0.0026484138797968626,
		0.9754109978675842
	],
	"14. left_shoulder": [
		0.5011593699455261,
		0.40882864594459534,
		-0.1272413581609726,
		0.9996941089630127
	],
	"15. left_elbow": [
		0.4997573792934418,
		0.4892881512641907,
		-0.08366943150758743,
		0.9507859349250793
	],
	"16. left_wrist": [
		0.4846516251564026,
		0.5543622970581055,
		-0.1886976659297943,
		0.9184491634368896
	],
	"19. right_shoulder": [
		0.40941110253334045,
		0.40331321954727173,
		-0.16889311373233795,
		0.9992791414260864
	],
	"20. right_elbow": [
		0.4163343608379364,
		0.47418439388275146,
		-0.11620930582284927,
		0.8698272705078125
	],
	"21. right_wrist": [
		0.43871331214904785,
		0.5325274467468262,
		-0.256163626909256,
		0.794269859790802
	],
	"24. nose": [
		0.4483223855495453,
		0.35843589901924133,
		-0.37630218267440796,
		0.9998335838317871
	],
	"25. left_eye": [
		0.4592372179031372,
		0.3483462333679199,
		-0.3592471182346344,
		0.9995707869529724
	],
	"26. right_eye": [
		0.43922773003578186,
		0.34822919964790344,
		-0.3584766685962677,
		0.9993167519569397
	],
	"27. left_ear": [
		0.4695606827735901,
		0.3529707193374634,
		-0.23863349854946136,
		0.9993636012077332
	],
	"28. right_ear": [
		0.4333192706108093,
		0.3538912534713745,
		-0.23543526232242584,
		0.9984309673309326
	],
	"time stamp": 30.0
}