{
	"1. left_hip": [
		0.46172839403152466,
		0.5505346059799194,
		-0.002829486271366477,
		0.9995260238647461
	],
	"2. left_knee": [
		0.45322251319885254,
		0.6520894765853882,
		0.014518133364617825,
		0.9708083271980286
	],
	"3. left_ankle": [
		0.4329468607902527,
		0.7305422425270081,
		0.2419288009405136,
		0.932397723197937
	],
	"6. right_hip": [
		0.41108331084251404,
		0.5461301207542419,
		0.002881677821278572,
		0.9996958374977112
	],
	"7. right_knee": [
		0.39327993988990784,
		0.6476256251335144,
		0.0010863185161724687,
		0.9838507771492004
	],
	"8. right_ankle": [
		0.38137099146842957,
		0.7357888221740723,
		0.16663646697998047,
		0.9764896631240845
	],
	"14. left_shoulder": [
		0.4968889653682709,
		0.40315496921539307,
		-0.04858875274658203,
		0.999768078327179
	],
	"15. left_elbow": [
		0.5377023816108704,
		0.4321613311767578,
		-0.038093600422143936,
		0.9605376720428467
	],
	"16. left_wrist": [
		0.5069333910942078,
		0.4755273759365082,
		-0.17496837675571442,
		0.9283639788627625
	],
	"19. right_shoulder": [
		0.40542083978652954,
		0.40899741649627686,
		-0.04657340049743652,
		0.9994760751724243
	],
	"20. right_elbow": [
		0.38786205649375916,
		0.48653444647789,
		0.004648321308195591,
		0.9017114043235779
	],
	"21. right_wrist": [
		0.38053375482559204,
		0.5600583553314209,
		-0.09206829965114594,
		0.8391386270523071
	],
	"24. nose": [
		0.4429144561290741,
		0.35485923290252686,
		-0.26849040389060974,
		0.9998592138290405
	],
	"25. left_eye": [
		0.45384758710861206,
		0.34400612115859985,
		-0.2513948082923889,
		0.9995862245559692
	],
	"26. right_eye": [
		0.4342058002948761,
		0.3455682694911957,
		-0.2511973977088928,
		0.9994437098503113
	],
	"27. left_ear": [
		0.46445176005363464,
		0.34930476546287537,
		-0.13235120475292206,
		0.9993477463722229
	],
	"28. right_ear": [
		0.4287494122982025,
		0.35150355100631714,
		-0.13412940502166748,
		0.9987837076187134
	],
	"time stamp": 30.0
}