{
	"1. left_hip": [
		0.46664249897003174,
		0.5417826175689697,
		0.007682111579924822,
		0.9995477199554443
	],
	"2. left_knee": [
		0.45757681131362915,
		0.630260169506073,
		0.132380411028862,
		0.9726592898368835
	],
	"3. left_ankle": [
		0.4460470378398895,
		0.6801754832267761,
		0.42004913091659546,
		0.9386962056159973
	],
	"6. right_hip": [
		0.4163409471511841,
		0.5427913665771484,
		-0.007752337493002415,
		0.9997357726097107
	],
	"7. right_knee": [
		0.39683589339256287,
		0.6398308277130127,
		-0.05280786752700806,
		0.9864330887794495
	],
	"8. right_ankle": [
		0.3835456073284149,
		0.7302782535552979,
		0.01719563454389572,
		0.9800929427146912
	],
	"14. left_shoulder": [
		0.49404528737068176,
		0.3993641436100006,
		-0.09837259352207184,
		0.9997878670692444
	],
	"15. left_elbow": [
		0.5328188538551331,
		0.4025511145591736,
		-0.21291586756706238,
		0.960789144039154
	],
	"16. left_wrist": [
		0.5222373604774475,
		0.4066259264945984,
		-0.4417198598384857,
		0.9286800622940063
	],
	"19. right_shoulder": [
		0.4050750434398651,
		0.4119446575641632,
		-0.08127851784229279,
		0.9995672702789307
	],
	"20. right_elbow": [
		0.3717555105686188,
		0.48055392503738403,
		-0.06321857869625092,
		0.9188825488090515
	],
	"21. right_wrist": [
		0.35476166009902954,
		0.543807327747345,
		-0.13555392622947693,
		0.8654060959815979
	],
	"24. nose": [
		0.4427533745765686,
		0.3558255434036255,
		-0.3025646507740021,
		0.9998824596405029
	],
	"25. left_eye": [
		0.45399168133735657,
		0.34460148215293884,
		-0.2871740758419037,
		0.9996389150619507
	],
	"26. right_eye": [
		0.4346030652523041,
		0.34603726863861084,
		-0.2846137583255768,
		0.9995357394218445
	],
	"27. left_ear": [
		0.4642285406589508,
		0.3497757315635681,
		-0.17685702443122864,
		0.9994076490402222
	],
	"28. right_ear": [
		0.4294015169143677,
		0.35220810770988464,
		-0.1644921898841858,
		0.9989945292472839
	],
	"time stamp": 30.0
}