{
	"1. left_hip": [
		0.4667479693889618,
		0.5377901196479797,
		0.011307095177471638,
		0.9995838403701782
	],
	"2. left_knee": [
		0.467542827129364,
		0.6262977719306946,
		0.16981291770935059,
		0.9728431701660156
	],
	"3. left_ankle": [
		0.4571886360645294,
		0.6736135482788086,
		0.4833792746067047,
		0.940359890460968
	],
	"6. right_hip": [
		0.41789814829826355,
		0.5415606498718262,
		-0.011393250897526741,
		0.9997612237930298
	],
	"7. right_knee": [
		0.4015097916126251,
		0.6397348642349243,
		-0.05995653569698334,
		0.9876751899719238
	],
	"8. right_ankle": [
		0.38326695561408997,
		0.7296229004859924,
		0.022728363052010536,
		0.9818670749664307
	],
	"14. left_shoulder": [
		0.49481725692749023,
		0.39510512351989746,
		-0.10316331684589386,
		0.9998058080673218
	],
	"15. left_elbow": [
		0.5312706828117371,
		0.40107351541519165,
		-0.22441719472408295,
		0.9618626236915588
	],
	"16. left_wrist": [
		0.5291744470596313,
		0.39926472306251526,
		-0.4566529095172882,
		0.9335333704948425
	],
	"19. right_shoulder": [
		0.40517863631248474,
		0.41142576932907104,
		-0.08412022143602371,
		0.9996097683906555
	],
	"20. right_elbow": [
		0.36620032787323,
		0.4715774357318878,
		-0.06200670450925827,
		0.9262799620628357
	],
	"21. right_wrist": [
		0.3425220251083374,
		0.5319501757621765,
		-0.11117936670780182,
		0.8767286539077759
	],
	"24. nose": [
		0.443678617477417,
		0.3542853891849518,
		-0.30367791652679443,
		0.9998939633369446
	],
	"25. left_eye": [
		0.4546852707862854,
		0.3434869050979614,
		-0.28784316778182983,
		0.9996738433837891
	],
	"26. right_eye": [
		0.435281366109848,
		0.34509149193763733,
		-0.2852194905281067,
		0.9995813369750977
	],
	"27. left_ear": [
		0.4647521674633026,
		0.34924256801605225,
		-0.1764419823884964,
		0.9994622468948364
	],
	"28. right_ear": [
		0.42981114983558655,
		0.35215750336647034,
		-0.1650518774986267,
		0.9990938901901245
	],
	"time stamp": 30.0
}