{
	"1. left_hip": [
		0.48353588581085205,
		0.527618944644928,
		0.011542432941496372,
		0.9996210932731628
	],
	"2. left_knee": [
		0.5069599747657776,
		0.6134935617446899,
		-0.128328338265419,
		0.9771305322647095
	],
	"3. left_ankle": [
		0.5044069886207581,
		0.6813608407974243,
		0.1123160645365715,
		0.9492999911308289
	],
	"6. right_hip": [
		0.42731037735939026,
		0.5377616286277771,
		-0.011615819297730923,
		0.9997909069061279
	],
	"7. right_knee": [
		0.39754828810691833,
		0.6367748975753784,
		-0.12735293805599213,
		0.9896292090415955
	],
	"8. right_ankle": [
		0.3693287670612335,
		0.7302324175834656,
		0.01537853479385376,
		0.984677255153656
	],
	"14. left_shoulder": [
		0.49546870589256287,
		0.39524078369140625,
		-0.17228181660175323,
		0.9998368620872498
	],
	"15. left_elbow": [
		0.5388348698616028,
		0.4335576891899109,
		-0.29535749554634094,
		0.9681118726730347
	],
	"16. left_wrist": [
		0.5236017107963562,
		0.428783118724823,
		-0.5331695675849915,
		0.9429777264595032
	],
	"19. right_shoulder": [
		0.4028937816619873,
		0.40776821970939636,
		-0.17498882114887238,
		0.9996828436851501
	],
	"20. right_elbow": [
		0.3554536998271942,
		0.44503387808799744,
		-0.18948347866535187,
		0.9400837421417236
	],
	"21. right_wrist": [
		0.3248162269592285,
		0.4908464252948761,
		-0.28870463371276855,
		0.8979295492172241
	],
	"24. nose": [
		0.4448757469654083,
		0.35421231389045715,
		-0.39761289954185486,
		0.9999135136604309
	],
	"25. left_eye": [
		0.4553995728492737,
		0.3434121906757355,
		-0.3807300329208374,
		0.9997339844703674
	],
	"26. right_eye": [
		0.4360309839248657,
		0.34482094645500183,
		-0.3820038139820099,
		0.9996595978736877
	],
	"27. left_ear": [
		0.4654237926006317,
		0.3491270840167999,
		-0.2566487491130829,
		0.9995616674423218
	],
	"28. right_ear": [
		0.4302752614021301,
		0.35184967517852783,
		-0.26229608058929443,
		0.9992650151252747
	],
	"time stamp": 30.0
}