{
	"1. left_hip": [
		0.5977231860160828,
		0.5436687469482422,
		-0.06868822127580643,
		0.9998478889465332
	],
	"2. left_knee": [
		0.6030820608139038,
		0.6489396095275879,
		-0.06839905679225922,
		0.9855325818061829
	],
	"3. left_ankle": [
		0.6047447323799133,
		0.744054913520813,
		0.05013323947787285,
		0.9859197735786438
	],
	"6. right_hip": [
		0.5517637729644775,
		0.5434885621070862,
		0.06865519285202026,
		0.9998248815536499
	],
	"7. right_knee": [
		0.5339571833610535,
		0.6404821872711182,
		0.07702779024839401,
		0.9826208353042603
	],
	"8. right_ankle": [
		0.5141360759735107,
		0.7323717474937439,
		0.21051377058029175,
		0.9906191825866699
	],
	"14. left_shoulder": [
		0.5945145487785339,
		0.4015604555606842,
		-0.11952829360961914,
		0.9998866319656372
	],
	"15. left_elbow": [
		0.5981040000915527,
		0.3937333822250366,
		-0.3798617422580719,
		0.9515666961669922
	],
	"16. left_wrist": [
		0.5931475758552551,
		0.3720628619194031,
		-0.71295565366745,
		0.9554970860481262
	],
	"19. right_shoulder": [
		0.5243808031082153,
		0.4171569347381592,
		0.06160002946853638,
		0.9997829794883728
	],
	"20. right_elbow": [
		0.5120778679847717,
		0.48499977588653564,
		0.09496453404426575,
		0.9133695960044861
	],
	"21. right_wrist": [
		0.5075862407684326,
		0.5412821173667908,
		0.025391502305865288,
		0.9378411769866943
	],
	"24. nose": [
		0.5541730523109436,
		0.35471493005752563,
		-0.20387472212314606,
		0.9999433159828186
	],
	"25. left_eye": [
		0.562725841999054,
		0.3460403084754944,
		-0.18855340778827667,
		0.9998511672019958
	],
	"26. right_eye": [
		0.5452447533607483,
		0.34537652134895325,
		-0.1784660965204239,
		0.9997773170471191
	],
	"27. left_ear": [
		0.5723713040351868,
		0.3523074686527252,
		-0.0984080359339714,
		0.9996722936630249
	],
	"28. right_ear": [
		0.5389026403427124,
		0.3508518636226654,
		-0.05027906224131584,
		0.9995588660240173
	],
	"time stamp": 30.0
}