{
	"1. left_hip": [
		0.6270332932472229,
		0.5457276105880737,
		-0.03718141093850136,
		0.9998273849487305
	],
	"2. left_knee": [
		0.6210644245147705,
		0.6504774689674377,
		-0.11294245719909668,
		0.9537541270256042
	],
	"3. left_ankle": [
		0.5999225974082947,
		0.746062695980072,
		0.07897312194108963,
		0.9576918482780457
	],
	"6. right_hip": [
		0.5798385143280029,
		0.5449424982070923,
		0.03709229826927185,
		0.9997337460517883
	],
	"7. right_knee": [
		0.5631570219993591,
		0.6451315879821777,
		-0.022248931229114532,
		0.9642528891563416
	],
	"8. right_ankle": [
		0.5979992151260376,
		0.7192454934120178,
		0.2835838496685028,
		0.93084716796875
	],
	"14. left_shoulder": [
		0.6358517408370972,
		0.3955687880516052,
		-0.06793563067913055,
		0.9996327757835388
	],
	"15. left_elbow": [
		0.6235649585723877,
		0.43220755457878113,
		-0.2654094099998474,
		0.916881263256073
	],
	"16. left_wrist": [
		0.6084229350090027,
		0.4123072624206543,
		-0.5629397630691528,
		0.9273709058761597
	],
	"19. right_shoulder": [
		0.5593746900558472,
		0.4096716642379761,
		0.07530824095010757,
		0.9998142719268799
	],
	"20. right_elbow": [
		0.543113648891449,
		0.4705078899860382,
		0.12231308221817017,
		0.9051089882850647
	],
	"21. right_wrist": [
		0.5378948450088501,
		0.5332205891609192,
		0.033409953117370605,
		0.9212601780891418
	],
	"24. nose": [
		0.5890234112739563,
		0.3521478474140167,
		-0.1890554130077362,
		0.9999327659606934
	],
	"25. left_eye": [
		0.5977120995521545,
		0.3428207337856293,
		-0.17273814976215363,
		0.9997944235801697
	],
	"26. right_eye": [
		0.5810144543647766,
		0.34245097637176514,
		-0.16174764931201935,
		0.9997633695602417
	],
	"27. left_ear": [
		0.6074991226196289,
		0.3473058044910431,
		-0.07371275126934052,
		0.999430775642395
	],
	"28. right_ear": [
		0.5732128620147705,
		0.3492887616157532,
		-0.02204635925590992,
		0.9996935129165649
	],
	"time stamp": 30.0
}