{
	"1. left_hip": [
		0.7523908019065857,
		0.5443786382675171,
		0.023519041016697884,
		0.9991819858551025
	],
	"2. left_knee": [
		0.7758471369743347,
		0.6417662501335144,
		0.04074982553720474,
		0.9957417249679565
	],
	"3. left_ankle": [
		0.7964001893997192,
		0.7318406105041504,
		0.1610935777425766,
		0.9950470328330994
	],
	"6. right_hip": [
		0.7008548974990845,
		0.5452521443367004,
		-0.023437868803739548,
		0.999352753162384
	],
	"7. right_knee": [
		0.670250654220581,
		0.6411101818084717,
		-0.03828943520784378,
		0.9962292909622192
	],
	"8. right_ankle": [
		0.642592191696167,
		0.7333714365959167,
		0.07596822828054428,
		0.9941571950912476
	],
	"14. left_shoulder": [
		0.7740862965583801,
		0.4217008352279663,
		-0.049769818782806396,
		0.9998987913131714
	],
	"15. left_elbow": [
		0.8297255039215088,
		0.45573654770851135,
		-0.03570951521396637,
		0.9931352138519287
	],
	"16. left_wrist": [
		0.8816710710525513,
		0.43123725056648254,
		-0.1685931384563446,
		0.9909877181053162
	],
	"19. right_shoulder": [
		0.6879358887672424,
		0.4007149040699005,
		-0.12029635161161423,
		0.99977046251297
	],
	"20. right_elbow": [
		0.6261302828788757,
		0.43055206537246704,
		-0.16635249555110931,
		0.9884839057922363
	],
	"21. right_wrist": [
		0.5808229446411133,
		0.42505335807800293,
		-0.29728689789772034,
		0.9848268628120422
	],
	"24. nose": [
		0.7689234614372253,
		0.3740214705467224,
		-0.2731437385082245,
		0.9999237656593323
	],
	"25. left_eye": [
		0.767973780632019,
		0.3662507236003876,
		-0.2531866431236267,
		0.999786376953125
	],
	"26. right_eye": [
		0.7607601284980774,
		0.3639828860759735,
		-0.2676824629306793,
		0.9997949600219727
	],
	"27. left_ear": [
		0.7592811584472656,
		0.36766165494918823,
		-0.13062529265880585,
		0.9996971487998962
	],
	"28. right_ear": [
		0.743633508682251,
		0.36402377486228943,
		-0.20045730471611023,
		0.9997061491012573
	],
	"time stamp": 30.0
}