{
	"1. left_hip": [
		0.7453992366790771,
		0.547760546207428,
		0.003041289048269391,
		0.9992824792861938
	],
	"2. left_knee": [
		0.7740529179573059,
		0.6406146287918091,
		0.02519235759973526,
		0.9944562315940857
	],
	"3. left_ankle": [
		0.7935472726821899,
		0.7295357584953308,
		0.16162782907485962,
		0.9949870109558105
	],
	"6. right_hip": [
		0.6944705843925476,
		0.5483261346817017,
		-0.002993588335812092,
		0.9994627833366394
	],
	"7. right_knee": [
		0.6633216738700867,
		0.641685426235199,
		0.0023999358527362347,
		0.9975817203521729
	],
	"8. right_ankle": [
		0.6401241421699524,
		0.7334821820259094,
		0.1371263563632965,
		0.996867299079895
	],
	"14. left_shoulder": [
		0.7618190050125122,
		0.4051489531993866,
		-0.055437956005334854,
		0.9998673796653748
	],
	"15. left_elbow": [
		0.8175757527351379,
		0.4055578410625458,
		-0.025829145684838295,
		0.995106041431427
	],
	"16. left_wrist": [
		0.8649712800979614,
		0.41094109416007996,
		-0.07321776449680328,
		0.9933173060417175
	],
	"19. right_shoulder": [
		0.6739472150802612,
		0.41199439764022827,
		-0.056842513382434845,
		0.9997488260269165
	],
	"20. right_elbow": [
		0.6242788434028625,
		0.42755475640296936,
		-0.009293698705732822,
		0.9860330820083618
	],
	"21. right_wrist": [
		0.569202184677124,
		0.4113459289073944,
		-0.04224842041730881,
		0.9822466969490051
	],
	"24. nose": [
		0.707454264163971,
		0.36565864086151123,
		-0.23193810880184174,
		0.9999504685401917
	],
	"25. left_eye": [
		0.7157451510429382,
		0.3555908799171448,
		-0.21044956147670746,
		0.9998368620872498
	],
	"26. right_eye": [
		0.7003301978111267,
		0.3573973774909973,
		-0.2184332013130188,
		0.9998435974121094
	],
	"27. left_ear": [
		0.7278212904930115,
		0.35969027876853943,
		-0.12668703496456146,
		0.9997403025627136
	],
	"28. right_ear": [
		0.6958287358283997,
		0.36430850625038147,
		-0.11752091348171234,
		0.9997790455818176
	],
	"time stamp": 30.0
}