{
	"1. left_hip": [
		0.7394272685050964,
		0.5510218143463135,
		-0.04094105586409569,
		0.9994779825210571
	],
	"2. left_knee": [
		0.7641419172286987,
		0.6470869183540344,
		-0.03196379542350769,
		0.9946335554122925
	],
	"3. left_ankle": [
		0.8141061663627625,
		0.7308662533760071,
		0.11204712837934494,
		0.9946896433830261
	],
	"6. right_hip": [
		0.68851637840271,
		0.5516052842140198,
		0.04087035357952118,
		0.9995600581169128
	],
	"7. right_knee": [
		0.6613247394561768,
		0.6427986025810242,
		0.06270761042833328,
		0.9953749179840088
	],
	"8. right_ankle": [
		0.6457847952842712,
		0.72548508644104,
		0.2522641122341156,
		0.9957563281059265
	],
	"14. left_shoulder": [
		0.7537811398506165,
		0.42628398537635803,
		-0.11635725945234299,
		0.9998913407325745
	],
	"15. left_elbow": [
		0.7588200569152832,
		0.491771399974823,
		-0.1930837631225586,
		0.9912771582603455
	],
	"16. left_wrist": [
		0.7489555478096008,
		0.48318400979042053,
		-0.40036413073539734,
		0.9819572567939758
	],
	"19. right_shoulder": [
		0.6661859750747681,
		0.41423147916793823,
		0.0013989077415317297,
		0.9997795820236206
	],
	"20. right_elbow": [
		0.648113489151001,
		0.4635559618473053,
		-0.005141731817275286,
		0.9572398662567139
	],
	"21. right_wrist": [
		0.6437358260154724,
		0.5137156844139099,
		-0.16176387667655945,
		0.9509198665618896
	],
	"24. nose": [
		0.7074835300445557,
		0.36346423625946045,
		-0.2390994280576706,
		0.9999608397483826
	],
	"25. left_eye": [
		0.7171858549118042,
		0.35541337728500366,
		-0.22334256768226624,
		0.9998772740364075
	],
	"26. right_eye": [
		0.6999167799949646,
		0.35555437207221985,
		-0.2185158133506775,
		0.9998784065246582
	],
	"27. left_ear": [
		0.7258411049842834,
		0.3605106770992279,
		-0.12200721353292465,
		0.9998109936714172
	],
	"28. right_ear": [
		0.6939233541488647,
		0.3610292375087738,
		-0.09868962317705154,
		0.999818742275238
	],
	"time stamp": 30.0
}