{
	"1. left_hip": [
		0.7312067151069641,
		0.5453401207923889,
		-0.045846082270145416,
		0.9997944235801697
	],
	"2. left_knee": [
		0.757628321647644,
		0.644477367401123,
		-0.05133092775940895,
		0.9977267384529114
	],
	"3. left_ankle": [
		0.8145927786827087,
		0.7341534495353699,
		0.07747925817966461,
		0.9965245723724365
	],
	"6. right_hip": [
		0.6839991211891174,
		0.5431187152862549,
		0.045676544308662415,
		0.9998161196708679
	],
	"7. right_knee": [
		0.6598811149597168,
		0.6428865194320679,
		0.06646407395601273,
		0.9966318011283875
	],
	"8. right_ankle": [
		0.6410716772079468,
		0.7342984676361084,
		0.20053914189338684,
		0.9968382120132446
	],
	"14. left_shoulder": [
		0.7516734600067139,
		0.4007469415664673,
		-0.09531069546937943,
		0.999870777130127
	],
	"15. left_elbow": [
		0.7543066143989563,
		0.3272947371006012,
		-0.22715581953525543,
		0.9964913129806519
	],
	"16. left_wrist": [
		0.7464260458946228,
		0.25987932085990906,
		-0.3227143883705139,
		0.994985044002533
	],
	"19. right_shoulder": [
		0.6828028559684753,
		0.4187003970146179,
		0.032394908368587494,
		0.9998469352722168
	],
	"20. right_elbow": [
		0.6699628233909607,
		0.4647350311279297,
		-0.011921864002943039,
		0.8648937940597534
	],
	"21. right_wrist": [
		0.663220226764679,
		0.5095470547676086,
		-0.1496984362602234,
		0.8872639536857605
	],
	"24. nose": [
		0.7137697339057922,
		0.35516566038131714,
		-0.17008616030216217,
		0.9998564124107361
	],
	"25. left_eye": [
		0.7214222550392151,
		0.3482361137866974,
		-0.15369562804698944,
		0.9995612502098083
	],
	"26. right_eye": [
		0.7081083059310913,
		0.34933918714523315,
		-0.14877954125404358,
		0.999562680721283
	],
	"27. left_ear": [
		0.7271988391876221,
		0.3559594750404358,
		-0.06283580511808395,
		0.9993160963058472
	],
	"28. right_ear": [
		0.7031393647193909,
		0.356744647026062,
		-0.03910384327173233,
		0.9992757439613342
	],
	"time stamp": 30.0
}