{
	"1. left_hip": [
		0.7323900461196899,
		0.5420054793357849,
		-0.03424537926912308,
		0.9996268153190613
	],
	"2. left_knee": [
		0.7569986581802368,
		0.6381558179855347,
		-0.042302850633859634,
		0.9966526031494141
	],
	"3. left_ankle": [
		0.8119772672653198,
		0.7316299080848694,
		0.08356145769357681,
		0.9956786036491394
	],
	"6. right_hip": [
		0.6831306219100952,
		0.5404679775238037,
		0.034130632877349854,
		0.9997807145118713
	],
	"7. right_knee": [
		0.6492552161216736,
		0.6308649182319641,
		-0.0287102572619915,
		0.9957060217857361
	],
	"8. right_ankle": [
		0.6365500092506409,
		0.7282265424728394,
		0.10248172283172607,
		0.9963743686676025
	],
	"14. left_shoulder": [
		0.741706132888794,
		0.39181140065193176,
		-0.06482082605361938,
		0.999023973941803
	],
	"15. left_elbow": [
		0.7272710800170898,
		0.4031834602355957,
		-0.15992547571659088,
		0.9488621354103088
	],
	"16. left_wrist": [
		0.7101422548294067,
		0.39987117052078247,
		-0.32612699270248413,
		0.9276013374328613
	],
	"19. right_shoulder": [
		0.6711535453796387,
		0.41260942816734314,
		-0.015184660442173481,
		0.9997472763061523
	],
	"20. right_elbow": [
		0.6569951772689819,
		0.47020387649536133,
		0.009508349932730198,
		0.8947047591209412
	],
	"21. right_wrist": [
		0.6586630940437317,
		0.5133181810379028,
		-0.06864350289106369,
		0.899690568447113
	],
	"24. nose": [
		0.7131662964820862,
		0.3525434136390686,
		-0.20809130370616913,
		0.9995729327201843
	],
	"25. left_eye": [
		0.7159537076950073,
		0.34547072649002075,
		-0.19019682705402374,
		0.9986900091171265
	],
	"26. right_eye": [
		0.7037026882171631,
		0.34614282846450806,
		-0.192594513297081,
		0.9989305734634399
	],
	"27. left_ear": [
		0.7170393466949463,
		0.3501341640949249,
		-0.0937027856707573,
		0.9966832995414734
	],
	"28. right_ear": [
		0.6955721378326416,
		0.35166823863983154,
		-0.08870679885149002,
		0.9984681606292725
	],
	"time stamp": 30.0
}