{
	"1. left_hip": [
		0.6568557620048523,
		0.563940167427063,
		-0.03877439722418785,
		0.999714195728302
	],
	"2. left_knee": [
		0.6942256093025208,
		0.6508293151855469,
		-0.0735371932387352,
		0.9980628490447998
	],
	"3. left_ankle": [
		0.7585403323173523,
		0.7213561534881592,
		0.025357278063893318,
		0.9979111552238464
	],
	"6. right_hip": [
		0.6055476665496826,
		0.559820830821991,
		0.038776855915784836,
		0.9998102784156799
	],
	"7. right_knee": [
		0.5839155912399292,
		0.6470920443534851,
		0.04805877432227135,
		0.9963420033454895
	],
	"8. right_ankle": [
		0.5939445495605469,
		0.7309605479240417,
		0.22907069325447083,
		0.9971223473548889
	],
	"14. left_shoulder": [
		0.6819126009941101,
		0.424858957529068,
		-0.08588314801454544,
		0.9995721578598022
	],
	"15. left_elbow": [
		0.7459267973899841,
		0.440780371427536,
		-0.09664927423000336,
		0.9633840918540955
	],
	"16. left_wrist": [
		0.80069500207901,
		0.4434312582015991,
		-0.2140108197927475,
		0.9487259387969971
	],
	"19. right_shoulder": [
		0.5978530049324036,
		0.4250311255455017,
		-0.025224242359399796,
		0.999845564365387
	],
	"20. right_elbow": [
		0.5753090977668762,
		0.4785134792327881,
		-0.025882920250296593,
		0.9121325016021729
	],
	"21. right_wrist": [
		0.5789048075675964,
		0.5289672017097473,
		-0.15932781994342804,
		0.9255959391593933
	],
	"24. nose": [
		0.6477610468864441,
		0.3772260546684265,
		-0.24804829061031342,
		0.9997394680976868
	],
	"25. left_eye": [
		0.6552398204803467,
		0.37207335233688354,
		-0.23074257373809814,
		0.9991410374641418
	],
	"26. right_eye": [
		0.6393435001373291,
		0.3686165511608124,
		-0.228534996509552,
		0.9993454813957214
	],
	"27. left_ear": [
		0.6590556502342224,
		0.3784938454627991,
		-0.1297214925289154,
		0.9979336261749268
	],
	"28. right_ear": [
		0.6297385096549988,
		0.37341299653053284,
		-0.11563046276569366,
		0.9989184141159058
	],
	"time stamp": 30.0
}