{
	"1. left_hip": [
		0.6361063122749329,
		0.5500141382217407,
		-0.04237981513142586,
		0.9998051524162292
	],
	"2. left_knee": [
		0.6563262343406677,
		0.6442770957946777,
		-0.042665012180805206,
		0.9979186654090881
	],
	"3. left_ankle": [
		0.7113320231437683,
		0.7234256267547607,
		0.08204130083322525,
		0.9980790615081787
	],
	"6. right_hip": [
		0.5862368941307068,
		0.5464524030685425,
		0.04243595525622368,
		0.9998563528060913
	],
	"7. right_knee": [
		0.5810127258300781,
		0.6413100361824036,
		0.08657688647508621,
		0.9956427812576294
	],
	"8. right_ankle": [
		0.59488445520401,
		0.7305407524108887,
		0.26489341259002686,
		0.9970681667327881
	],
	"14. left_shoulder": [
		0.66617351770401,
		0.4072890877723694,
		-0.09370633214712143,
		0.9997650384902954
	],
	"15. left_elbow": [
		0.7279472351074219,
		0.38950204849243164,
		-0.13788187503814697,
		0.9796851277351379
	],
	"16. left_wrist": [
		0.7827757596969604,
		0.3638569712638855,
		-0.25015974044799805,
		0.969550371170044
	],
	"19. right_shoulder": [
		0.5823490619659424,
		0.4103531241416931,
		-0.025460582226514816,
		0.9998888969421387
	],
	"20. right_elbow": [
		0.5576754212379456,
		0.46067360043525696,
		0.06618756055831909,
		0.9225054383277893
	],
	"21. right_wrist": [
		0.5605649352073669,
		0.5084888339042664,
		0.0693635568022728,
		0.9276917576789856
	],
	"24. nose": [
		0.6317143440246582,
		0.3617980480194092,
		-0.24659135937690735,
		0.9998550415039062
	],
	"25. left_eye": [
		0.6389709115028381,
		0.35549405217170715,
		-0.2284199744462967,
		0.9995081424713135
	],
	"26. right_eye": [
		0.6231362819671631,
		0.3540230989456177,
		-0.23039522767066956,
		0.9996216297149658
	],
	"27. left_ear": [
		0.6428540945053101,
		0.3618602454662323,
		-0.12769007682800293,
		0.9988484382629395
	],
	"28. right_ear": [
		0.6136803030967712,
		0.35904431343078613,
		-0.12010880559682846,
		0.9993957877159119
	],
	"time stamp": 30.0
}