{
	"1. left_hip": [
		0.6158372163772583,
		0.5319823622703552,
		-0.06746169179677963,
		0.9995377063751221
	],
	"2. left_knee": [
		0.6062003374099731,
		0.6388907432556152,
		-0.0678749531507492,
		0.9875997304916382
	],
	"3. left_ankle": [
		0.6269916296005249,
		0.7341734170913696,
		0.04521753638982773,
		0.9738373160362244
	],
	"6. right_hip": [
		0.5773786306381226,
		0.5307924747467041,
		0.06749827414751053,
		0.9996606707572937
	],
	"7. right_knee": [
		0.5734412670135498,
		0.6350387334823608,
		0.09447729587554932,
		0.96535724401474
	],
	"8. right_ankle": [
		0.5989915728569031,
		0.7247154712677002,
		0.2300865203142166,
		0.9813048839569092
	],
	"14. left_shoulder": [
		0.6432316899299622,
		0.3931259512901306,
		-0.11904300004243851,
		0.9987662434577942
	],
	"15. left_elbow": [
		0.6523735523223877,
		0.3189952075481415,
		-0.21841582655906677,
		0.9868737459182739
	],
	"16. left_wrist": [
		0.6451653838157654,
		0.25708556175231934,
		-0.2585383653640747,
		0.9725621938705444
	],
	"19. right_shoulder": [
		0.5727592706680298,
		0.4058091640472412,
		0.06651179492473602,
		0.99951171875
	],
	"20. right_elbow": [
		0.5532377362251282,
		0.45424625277519226,
		0.0929562970995903,
		0.712428867816925
	],
	"21. right_wrist": [
		0.553825318813324,
		0.5053204298019409,
		-0.014587094075977802,
		0.7404589653015137
	],
	"24. nose": [
		0.5917906761169434,
		0.3565528988838196,
		-0.19479018449783325,
		0.9988062381744385
	],
	"25. left_eye": [
		0.6024315357208252,
		0.34696289896965027,
		-0.18241876363754272,
		0.9963974356651306
	],
	"26. right_eye": [
		0.5899860858917236,
		0.3481169641017914,
		-0.1693502962589264,
		0.9973911046981812
	],
	"27. left_ear": [
		0.6180322766304016,
		0.35159972310066223,
		-0.09980583935976028,
		0.9942365884780884
	],
	"28. right_ear": [
		0.5923312902450562,
		0.3521747291088104,
		-0.039144933223724365,
		0.9969066381454468
	],
	"time stamp": 30.0
}