{
	"1. left_hip": [
		0.6158682703971863,
		0.5387631058692932,
		-0.05016091465950012,
		0.9996519088745117
	],
	"2. left_knee": [
		0.6073626279830933,
		0.6380582451820374,
		-0.07931622862815857,
		0.9879840612411499
	],
	"3. left_ankle": [
		0.635118842124939,
		0.7325698733329773,
		0.09060142189264297,
		0.9820356369018555
	],
	"6. right_hip": [
		0.5773523449897766,
		0.5354457497596741,
		0.050070542842149734,
		0.9996033906936646
	],
	"7. right_knee": [
		0.5575577616691589,
		0.6263426542282104,
		0.004209145903587341,
		0.970608651638031
	],
	"8. right_ankle": [
		0.5644720792770386,
		0.7106769680976868,
		0.1911042183637619,
		0.9783999919891357
	],
	"14. left_shoulder": [
		0.6371311545372009,
		0.3986511528491974,
		-0.08625698834657669,
		0.9991894364356995
	],
	"15. left_elbow": [
		0.6453124284744263,
		0.3296782076358795,
		-0.24695612490177155,
		0.9913702607154846
	],
	"16. left_wrist": [
		0.6387685537338257,
		0.2774002254009247,
		-0.3725372552871704,
		0.9821153283119202
	],
	"19. right_shoulder": [
		0.5734050273895264,
		0.4123995304107666,
		0.08725625276565552,
		0.9995436072349548
	],
	"20. right_elbow": [
		0.5558749437332153,
		0.46288472414016724,
		0.1105087548494339,
		0.7377151846885681
	],
	"21. right_wrist": [
		0.5542367696762085,
		0.5007142424583435,
		-0.008990040980279446,
		0.7995061874389648
	],
	"24. nose": [
		0.5916084051132202,
		0.3559957444667816,
		-0.16715987026691437,
		0.9993119239807129
	],
	"25. left_eye": [
		0.6024481654167175,
		0.34637466073036194,
		-0.15236923098564148,
		0.9979029297828674
	],
	"26. right_eye": [
		0.5897290706634521,
		0.3460795283317566,
		-0.14044085144996643,
		0.9984070658683777
	],
	"27. left_ear": [
		0.6174107193946838,
		0.3501611351966858,
		-0.06362463533878326,
		0.9964377880096436
	],
	"28. right_ear": [
		0.591559112071991,
		0.34934744238853455,
		-0.010087402537465096,
		0.998023509979248
	],
	"time stamp": 30.0
}