{
	"1. left_hip": [
		0.6157625913619995,
		0.5384104251861572,
		-0.03686977177858353,
		0.9997542500495911
	],
	"2. left_knee": [
		0.6178359389305115,
		0.638828456401825,
		-0.07323436439037323,
		0.9871687293052673
	],
	"3. left_ankle": [
		0.6451699733734131,
		0.733847975730896,
		0.13916495442390442,
		0.9825306534767151
	],
	"6. right_hip": [
		0.5742409825325012,
		0.5367317199707031,
		0.03662204369902611,
		0.999661922454834
	],
	"7. right_knee": [
		0.5484331250190735,
		0.6330929398536682,
		-0.012582511641085148,
		0.978020966053009
	],
	"8. right_ankle": [
		0.5639632344245911,
		0.7208187580108643,
		0.20600827038288116,
		0.9802707433700562
	],
	"14. left_shoulder": [
		0.6397197842597961,
		0.39112022519111633,
		-0.0659722089767456,
		0.9994699954986572
	],
	"15. left_elbow": [
		0.6327564120292664,
		0.36464935541152954,
		-0.29608115553855896,
		0.9910774230957031
	],
	"16. left_wrist": [
		0.6179231405258179,
		0.29793694615364075,
		-0.49483516812324524,
		0.9876461625099182
	],
	"19. right_shoulder": [
		0.5722293853759766,
		0.40828487277030945,
		0.08056589215993881,
		0.9996118545532227
	],
	"20. right_elbow": [
		0.5539127588272095,
		0.46180960536003113,
		0.07684195786714554,
		0.7849356532096863
	],
	"21. right_wrist": [
		0.5528107285499573,
		0.5034772753715515,
		-0.0364098958671093,
		0.8322392106056213
	],
	"24. nose": [
		0.5941872596740723,
		0.3533809185028076,
		-0.1525575816631317,
		0.999575674533844
	],
	"25. left_eye": [
		0.6040194630622864,
		0.3424166440963745,
		-0.1367245316505432,
		0.9987293481826782
	],
	"26. right_eye": [
		0.5891054272651672,
		0.3440667688846588,
		-0.12463268637657166,
		0.9989897608757019
	],
	"27. left_ear": [
		0.6157139539718628,
		0.34574663639068604,
		-0.04458579793572426,
		0.9977402687072754
	],
	"28. right_ear": [
		0.5891507267951965,
		0.34855231642723083,
		0.009653916582465172,
		0.9987428188323975
	],
	"time stamp": 30.0
}