{
	"1. left_hip": [
		0.6177205443382263,
		0.5407437682151794,
		-0.041922010481357574,
		0.9997036457061768
	],
	"2. left_knee": [
		0.6238412857055664,
		0.6398135423660278,
		-0.11022373288869858,
		0.9884992241859436
	],
	"3. left_ankle": [
		0.6241768002510071,
		0.7359893321990967,
		0.0584585927426815,
		0.984417736530304
	],
	"6. right_hip": [
		0.5736574530601501,
		0.5403364896774292,
		0.04184767231345177,
		0.9996145367622375
	],
	"7. right_knee": [
		0.5495507121086121,
		0.6381475925445557,
		-0.02227887511253357,
		0.981365442276001
	],
	"8. right_ankle": [
		0.5769369602203369,
		0.7257919311523438,
		0.14122113585472107,
		0.9825124740600586
	],
	"14. left_shoulder": [
		0.6413567066192627,
		0.3926984369754791,
		-0.05210084468126297,
		0.9995152354240417
	],
	"15. left_elbow": [
		0.6288482546806335,
		0.43927597999572754,
		-0.2171226441860199,
		0.9798837304115295
	],
	"16. left_wrist": [
		0.6147213578224182,
		0.4098263382911682,
		-0.4322220981121063,
		0.9782437086105347
	],
	"19. right_shoulder": [
		0.5690836310386658,
		0.40616750717163086,
		0.10115323215723038,
		0.9996401071548462
	],
	"20. right_elbow": [
		0.5533694624900818,
		0.46032074093818665,
		0.10793576389551163,
		0.789018452167511
	],
	"21. right_wrist": [
		0.552390456199646,
		0.5031546950340271,
		-0.011243458837270737,
		0.8373264074325562
	],
	"24. nose": [
		0.5875955820083618,
		0.3541732728481293,
		-0.08516066521406174,
		0.9996089339256287
	],
	"25. left_eye": [
		0.5961419343948364,
		0.3431767225265503,
		-0.08428945392370224,
		0.998860776424408
	],
	"26. right_eye": [
		0.5848112106323242,
		0.3453669548034668,
		-0.06548363715410233,
		0.9990221261978149
	],
	"27. left_ear": [
		0.6102343797683716,
		0.34693238139152527,
		-0.04508788883686066,
		0.9979602694511414
	],
	"28. right_ear": [
		0.5869775414466858,
		0.3486548960208893,
		0.04004085808992386,
		0.9987844228744507
	],
	"time stamp": 30.0
}