{
	"1. left_hip": [
		0.6173810362815857,
		0.5444203019142151,
		-0.02418327145278454,
		0.9996529817581177
	],
	"2. left_knee": [
		0.621453046798706,
		0.6435847282409668,
		-0.05801341310143471,
		0.987581729888916
	],
	"3. left_ankle": [
		0.6194217801094055,
		0.7366234064102173,
		0.0969935730099678,
		0.9839169979095459
	],
	"6. right_hip": [
		0.572354793548584,
		0.5429134368896484,
		0.024219227954745293,
		0.9995628595352173
	],
	"7. right_knee": [
		0.5580548048019409,
		0.6410914063453674,
		0.008374297991394997,
		0.982708215713501
	],
	"8. right_ankle": [
		0.5775021314620972,
		0.7298526167869568,
		0.16622164845466614,
		0.9825332164764404
	],
	"14. left_shoulder": [
		0.6385838985443115,
		0.4089057743549347,
		-0.03742542490363121,
		0.9995856881141663
	],
	"15. left_elbow": [
		0.6333220601081848,
		0.4731367528438568,
		-0.11768770962953568,
		0.9775148034095764
	],
	"16. left_wrist": [
		0.6085982322692871,
		0.4832662045955658,
		-0.31150275468826294,
		0.9734282493591309
	],
	"19. right_shoulder": [
		0.5639742612838745,
		0.41367262601852417,
		0.046829573810100555,
		0.9996844530105591
	],
	"20. right_elbow": [
		0.5469614863395691,
		0.46654435992240906,
		0.030588824301958084,
		0.8070448637008667
	],
	"21. right_wrist": [
		0.54927659034729,
		0.5078445672988892,
		-0.12335788458585739,
		0.8458510637283325
	],
	"24. nose": [
		0.5874949097633362,
		0.36112040281295776,
		-0.17201025784015656,
		0.9996634721755981
	],
	"25. left_eye": [
		0.5963167548179626,
		0.351635217666626,
		-0.1585034430027008,
		0.9990280270576477
	],
	"26. right_eye": [
		0.5828405618667603,
		0.3526604175567627,
		-0.15119047462940216,
		0.9991447925567627
	],
	"27. left_ear": [
		0.6092092394828796,
		0.3556171655654907,
		-0.06362523883581161,
		0.9982613921165466
	],
	"28. right_ear": [
		0.5825355648994446,
		0.3563423156738281,
		-0.028309321030974388,
		0.9988954663276672
	],
	"time stamp": 30.0
}