{
	"1. left_hip": [
		0.6186202764511108,
		0.5353499054908752,
		0.011524037458002567,
		0.9995982050895691
	],
	"2. left_knee": [
		0.6292237043380737,
		0.6311326622962952,
		-0.0009512704564258456,
		0.9880980253219604
	],
	"3. left_ankle": [
		0.630833089351654,
		0.7176496386528015,
		0.15505075454711914,
		0.984147310256958
	],
	"6. right_hip": [
		0.572485089302063,
		0.5405623316764832,
		-0.011391635984182358,
		0.9995890259742737
	],
	"7. right_knee": [
		0.5704821348190308,
		0.6374114751815796,
		-0.025853227823972702,
		0.9826358556747437
	],
	"8. right_ankle": [
		0.5844022631645203,
		0.7269924879074097,
		0.12017480283975601,
		0.9824123978614807
	],
	"14. left_shoulder": [
		0.631872296333313,
		0.41357478499412537,
		0.007750525139272213,
		0.9997637867927551
	],
	"15. left_elbow": [
		0.6601670980453491,
		0.4653787910938263,
		-0.035772282630205154,
		0.9784407019615173
	],
	"16. left_wrist": [
		0.6817464828491211,
		0.4769981801509857,
		-0.2609860599040985,
		0.9738752841949463
	],
	"19. right_shoulder": [
		0.5473280549049377,
		0.41283118724823,
		-0.025512542575597763,
		0.999806821346283
	],
	"20. right_elbow": [
		0.5368818044662476,
		0.4722999930381775,
		-0.02995285391807556,
		0.8793860673904419
	],
	"21. right_wrist": [
		0.5468645691871643,
		0.514528751373291,
		-0.14571310579776764,
		0.8991912007331848
	],
	"24. nose": [
		0.605173647403717,
		0.35704508423805237,
		-0.21058565378189087,
		0.9998127222061157
	],
	"25. left_eye": [
		0.6096894145011902,
		0.3500308394432068,
		-0.1813136488199234,
		0.9994577765464783
	],
	"26. right_eye": [
		0.5958750247955322,
		0.3483179807662964,
		-0.18803846836090088,
		0.9995216727256775
	],
	"27. left_ear": [
		0.6090315580368042,
		0.35629409551620483,
		-0.055637240409851074,
		0.9990273118019104
	],
	"28. right_ear": [
		0.579899251461029,
		0.35329726338386536,
		-0.08709455281496048,
		0.9993762969970703
	],
	"time stamp": 30.0
}