{
	"1. left_hip": [
		0.6374981999397278,
		0.5342445969581604,
		0.007595296949148178,
		0.9996869564056396
	],
	"2. left_knee": [
		0.6554846167564392,
		0.637891411781311,
		-0.04221489280462265,
		0.9919002056121826
	],
	"3. left_ankle": [
		0.6740157604217529,
		0.7293572425842285,
		0.10962212085723877,
		0.9882137775421143
	],
	"6. right_hip": [
		0.5844834446907043,
		0.5314412117004395,
		-0.007563895545899868,
		0.9997305870056152
	],
	"7. right_knee": [
		0.5717989802360535,
		0.6364338397979736,
		-0.03386314585804939,
		0.9896720051765442
	],
	"8. right_ankle": [
		0.5617266297340393,
		0.7266904711723328,
		0.12822571396827698,
		0.9880279302597046
	],
	"14. left_shoulder": [
		0.664755642414093,
		0.40519386529922485,
		0.03910648450255394,
		0.9999034404754639
	],
	"15. left_elbow": [
		0.7000964879989624,
		0.4557746946811676,
		-0.05203099548816681,
		0.9881090521812439
	],
	"16. left_wrist": [
		0.7313060760498047,
		0.4296434223651886,
		-0.2955826222896576,
		0.9883680939674377
	],
	"19. right_shoulder": [
		0.579723596572876,
		0.39097926020622253,
		-0.00037806740147061646,
		0.9999123811721802
	],
	"20. right_elbow": [
		0.5528655052185059,
		0.44676393270492554,
		-0.04469282925128937,
		0.9422585964202881
	],
	"21. right_wrist": [
		0.5591863393783569,
		0.4965633749961853,
		-0.19725388288497925,
		0.9474161863327026
	],
	"24. nose": [
		0.6420130133628845,
		0.3492099344730377,
		-0.184237539768219,
		0.9999244809150696
	],
	"25. left_eye": [
		0.6478927731513977,
		0.3420105576515198,
		-0.16253457963466644,
		0.9997817873954773
	],
	"26. right_eye": [
		0.6324869394302368,
		0.3396911025047302,
		-0.17115600407123566,
		0.9998037815093994
	],
	"27. left_ear": [
		0.6497873067855835,
		0.3474675416946411,
		-0.029879601672291756,
		0.999610185623169
	],
	"28. right_ear": [
		0.6207907199859619,
		0.3434979021549225,
		-0.07130872458219528,
		0.9997490048408508
	],
	"time stamp": 30.0
}