{
	"1. left_hip": [
		0.6609035134315491,
		0.546274721622467,
		0.0037547792308032513,
		0.9997004866600037
	],
	"2. left_knee": [
		0.6642544269561768,
		0.6427628397941589,
		-0.011824630200862885,
		0.9926164746284485
	],
	"3. left_ankle": [
		0.6700707077980042,
		0.7292389273643494,
		0.14348098635673523,
		0.9892412424087524
	],
	"6. right_hip": [
		0.6097702383995056,
		0.5413534641265869,
		-0.0037647432181984186,
		0.9997481107711792
	],
	"7. right_knee": [
		0.5797547101974487,
		0.63916015625,
		-0.01854223944246769,
		0.9915533065795898
	],
	"8. right_ankle": [
		0.5601133108139038,
		0.7280039191246033,
		0.13594067096710205,
		0.9892468452453613
	],
	"14. left_shoulder": [
		0.6861885190010071,
		0.41137614846229553,
		-0.005815040320158005,
		0.9999200701713562
	],
	"15. left_elbow": [
		0.6948202252388,
		0.4654088020324707,
		-0.12068740278482437,
		0.984072744846344
	],
	"16. left_wrist": [
		0.6895622611045837,
		0.44840580224990845,
		-0.3733961284160614,
		0.9878002405166626
	],
	"19. right_shoulder": [
		0.6038198471069336,
		0.41360774636268616,
		-0.0037641855888068676,
		0.9999377131462097
	],
	"20. right_elbow": [
		0.5831519365310669,
		0.4661969840526581,
		-0.037142809480428696,
		0.9604672193527222
	],
	"21. right_wrist": [
		0.591978132724762,
		0.5068480968475342,
		-0.1931176781654358,
		0.9576271772384644
	],
	"24. nose": [
		0.6489121317863464,
		0.3620840609073639,
		-0.20630258321762085,
		0.9999535083770752
	],
	"25. left_eye": [
		0.6561668515205383,
		0.35431522130966187,
		-0.1869477778673172,
		0.9998663067817688
	],
	"26. right_eye": [
		0.6406356692314148,
		0.3525105118751526,
		-0.18952259421348572,
		0.9998793005943298
	],
	"27. left_ear": [
		0.663684606552124,
		0.3598439395427704,
		-0.0689259022474289,
		0.9997583627700806
	],
	"28. right_ear": [
		0.6319863796234131,
		0.35612860321998596,
		-0.07189562171697617,
		0.9998473525047302
	],
	"time stamp": 30.0
}