{
	"1. left_hip": [
		0.6786341071128845,
		0.5382363796234131,
		-0.005453243386000395,
		0.9997711777687073
	],
	"2. left_knee": [
		0.6771312355995178,
		0.6377226710319519,
		0.0024128358345478773,
		0.9933686852455139
	],
	"3. left_ankle": [
		0.6702046990394592,
		0.7261256575584412,
		0.12869173288345337,
		0.9912393689155579
	],
	"6. right_hip": [
		0.632341206073761,
		0.5328077077865601,
		0.005667742807418108,
		0.9998121857643127
	],
	"7. right_knee": [
		0.6080155968666077,
		0.6306245923042297,
		-0.01668078824877739,
		0.9940587282180786
	],
	"8. right_ankle": [
		0.5810961723327637,
		0.725071132183075,
		0.09344972670078278,
		0.9924604892730713
	],
	"14. left_shoulder": [
		0.6966826319694519,
		0.4050687551498413,
		0.037932656705379486,
		0.999915361404419
	],
	"15. left_elbow": [
		0.7000621557235718,
		0.4381142258644104,
		-0.12917229533195496,
		0.9822911620140076
	],
	"16. left_wrist": [
		0.6799153685569763,
		0.3914790451526642,
		-0.34349796175956726,
		0.9878847599029541
	],
	"19. right_shoulder": [
		0.622025191783905,
		0.4136747121810913,
		0.07215462625026703,
		0.9999438524246216
	],
	"20. right_elbow": [
		0.6055703163146973,
		0.46604034304618835,
		0.09229163080453873,
		0.957552433013916
	],
	"21. right_wrist": [
		0.610572874546051,
		0.5052928924560547,
		0.0300946906208992,
		0.9440458416938782
	],
	"24. nose": [
		0.6535643935203552,
		0.3634437024593353,
		-0.12171909213066101,
		0.9999693632125854
	],
	"25. left_eye": [
		0.6599264144897461,
		0.35456669330596924,
		-0.10474438965320587,
		0.9999141693115234
	],
	"26. right_eye": [
		0.6439129114151001,
		0.354859858751297,
		-0.10211005061864853,
		0.9999208450317383
	],
	"27. left_ear": [
		0.6675654649734497,
		0.35958901047706604,
		-4.3057214497821406e-05,
		0.9998424053192139
	],
	"28. right_ear": [
		0.6369582414627075,
		0.3590221405029297,
		0.01169305294752121,
		0.9999030828475952
	],
	"time stamp": 30.0
}