{
	"1. left_hip": [
		0.6837948560714722,
		0.5362997055053711,
		-0.00011314748553559184,
		0.999785840511322
	],
	"2. left_knee": [
		0.6791238188743591,
		0.633752703666687,
		0.0003759650862775743,
		0.9930806756019592
	],
	"3. left_ankle": [
		0.6706492304801941,
		0.7256630659103394,
		0.11553948372602463,
		0.9914526343345642
	],
	"6. right_hip": [
		0.637793779373169,
		0.5319470763206482,
		0.000284804729744792,
		0.9998316168785095
	],
	"7. right_knee": [
		0.6186454892158508,
		0.629485547542572,
		-0.026532776653766632,
		0.9946620464324951
	],
	"8. right_ankle": [
		0.5961171984672546,
		0.7245157361030579,
		0.08005323261022568,
		0.9933497905731201
	],
	"14. left_shoulder": [
		0.6993303298950195,
		0.39977481961250305,
		0.04389398172497749,
		0.9999083280563354
	],
	"15. left_elbow": [
		0.705354630947113,
		0.43308141827583313,
		-0.11126412451267242,
		0.9827903509140015
	],
	"16. left_wrist": [
		0.6812020540237427,
		0.3901270627975464,
		-0.31326204538345337,
		0.988063395023346
	],
	"19. right_shoulder": [
		0.6242018938064575,
		0.4125109612941742,
		0.061188533902168274,
		0.9999487996101379
	],
	"20. right_elbow": [
		0.609065055847168,
		0.4646889865398407,
		0.052249133586883545,
		0.9591767191886902
	],
	"21. right_wrist": [
		0.6154838800430298,
		0.5026377439498901,
		-0.04582079127430916,
		0.9450283646583557
	],
	"24. nose": [
		0.655360221862793,
		0.3638090491294861,
		-0.13155700266361237,
		0.9999730587005615
	],
	"25. left_eye": [
		0.6620861887931824,
		0.3543510138988495,
		-0.11430787295103073,
		0.9999254941940308
	],
	"26. right_eye": [
		0.6453908681869507,
		0.35532525181770325,
		-0.1125749945640564,
		0.9999308586120605
	],
	"27. left_ear": [
		0.6701902151107788,
		0.35801538825035095,
		-0.004923155531287193,
		0.9998630881309509
	],
	"28. right_ear": [
		0.6387836337089539,
		0.3598579466342926,
		0.0033911089412868023,
		0.9999184012413025
	],
	"time stamp": 30.0
}