{
	"1. left_hip": [
		0.6944062113761902,
		0.5441564321517944,
		0.009548666886985302,
		0.999498188495636
	],
	"2. left_knee": [
		0.6931337118148804,
		0.6381307244300842,
		-0.04554292559623718,
		0.9872838258743286
	],
	"3. left_ankle": [
		0.675033688545227,
		0.7216213941574097,
		0.14963436126708984,
		0.9821577072143555
	],
	"6. right_hip": [
		0.6499306559562683,
		0.5427020192146301,
		-0.00947651732712984,
		0.9995998740196228
	],
	"7. right_knee": [
		0.6399890780448914,
		0.6282356381416321,
		0.011834101751446724,
		0.9853916168212891
	],
	"8. right_ankle": [
		0.6376075148582458,
		0.7013845443725586,
		0.2670961618423462,
		0.9805060625076294
	],
	"14. left_shoulder": [
		0.7091270089149475,
		0.41411447525024414,
		-0.02597232349216938,
		0.9998421669006348
	],
	"15. left_elbow": [
		0.7297288179397583,
		0.4679527282714844,
		-0.04156606271862984,
		0.9580872654914856
	],
	"16. left_wrist": [
		0.749212384223938,
		0.5040192008018494,
		-0.2326008528470993,
		0.9546587467193604
	],
	"19. right_shoulder": [
		0.6266114115715027,
		0.41653570532798767,
		-0.07429951429367065,
		0.9998581409454346
	],
	"20. right_elbow": [
		0.6138132214546204,
		0.47646406292915344,
		-0.07289374619722366,
		0.9553568363189697
	],
	"21. right_wrist": [
		0.625714898109436,
		0.5263434052467346,
		-0.18107043206691742,
		0.9373192191123962
	],
	"24. nose": [
		0.6857888102531433,
		0.36562564969062805,
		-0.2334376871585846,
		0.9999377131462097
	],
	"25. left_eye": [
		0.6889642477035522,
		0.3569701910018921,
		-0.21172480285167694,
		0.9998006224632263
	],
	"26. right_eye": [
		0.6760025024414062,
		0.35605213046073914,
		-0.2207532525062561,
		0.9998124241828918
	],
	"27. left_ear": [
		0.6882563829421997,
		0.36174261569976807,
		-0.09516473859548569,
		0.9995348453521729
	],
	"28. right_ear": [
		0.6608200669288635,
		0.3608550727367401,
		-0.13494785130023956,
		0.9997023940086365
	],
	"time stamp": 30.0
}