{
	"1. left_hip": [
		0.6942151188850403,
		0.5434859991073608,
		0.029760127887129784,
		0.9996020197868347
	],
	"2. left_knee": [
		0.6957718729972839,
		0.6368089318275452,
		-0.055646996945142746,
		0.9803934693336487
	],
	"3. left_ankle": [
		0.6720315217971802,
		0.7240509986877441,
		0.08389498293399811,
		0.9660301804542542
	],
	"6. right_hip": [
		0.6525186896324158,
		0.5415932536125183,
		-0.029673423618078232,
		0.9995723366737366
	],
	"7. right_knee": [
		0.6493712067604065,
		0.6379109621047974,
		-0.06824304163455963,
		0.9746000170707703
	],
	"8. right_ankle": [
		0.6745392680168152,
		0.6958245635032654,
		0.23465345799922943,
		0.9063073992729187
	],
	"14. left_shoulder": [
		0.7150408029556274,
		0.4172869920730591,
		0.047153398394584656,
		0.9998899698257446
	],
	"15. left_elbow": [
		0.7614413499832153,
		0.4679829478263855,
		0.08509287983179092,
		0.9634449481964111
	],
	"16. left_wrist": [
		0.8135887980461121,
		0.46715736389160156,
		-0.04880152642726898,
		0.9661527872085571
	],
	"19. right_shoulder": [
		0.6348499059677124,
		0.4117536246776581,
		-0.1123339831829071,
		0.9998723864555359
	],
	"20. right_elbow": [
		0.6204356551170349,
		0.47647377848625183,
		-0.1184656023979187,
		0.967449963092804
	],
	"21. right_wrist": [
		0.6250946521759033,
		0.5266638994216919,
		-0.181195467710495,
		0.9524258375167847
	],
	"24. nose": [
		0.7090525031089783,
		0.3648834228515625,
		-0.14062857627868652,
		0.9999423027038574
	],
	"25. left_eye": [
		0.7069594860076904,
		0.35714420676231384,
		-0.12163428962230682,
		0.9998127818107605
	],
	"26. right_eye": [
		0.6996268630027771,
		0.35619232058525085,
		-0.14639228582382202,
		0.9998125433921814
	],
	"27. left_ear": [
		0.6977595090866089,
		0.3618995249271393,
		-0.02187066152691841,
		0.9995498657226562
	],
	"28. right_ear": [
		0.683297336101532,
		0.3597281873226166,
		-0.1304798126220703,
		0.9997332692146301
	],
	"time stamp": 30.0
}