{
	"1. left_hip": [
		0.6978841423988342,
		0.5411509871482849,
		0.00925454031676054,
		0.9995761513710022
	],
	"2. left_knee": [
		0.696011483669281,
		0.6343590617179871,
		-0.024715587496757507,
		0.9603873491287231
	],
	"3. left_ankle": [
		0.672991931438446,
		0.7212260365486145,
		0.15919913351535797,
		0.930778980255127
	],
	"6. right_hip": [
		0.655173122882843,
		0.5410526990890503,
		-0.009254860691726208,
		0.9993246793746948
	],
	"7. right_knee": [
		0.662459135055542,
		0.6350662708282471,
		0.0010991363087669015,
		0.9304498434066772
	],
	"8. right_ankle": [
		0.6767697334289551,
		0.7016610503196716,
		0.2766522169113159,
		0.7834610342979431
	],
	"14. left_shoulder": [
		0.7252599596977234,
		0.42035195231437683,
		-0.08839935809373856,
		0.9999391436576843
	],
	"15. left_elbow": [
		0.7470862865447998,
		0.4763302206993103,
		-0.0592922642827034,
		0.9722582101821899
	],
	"16. left_wrist": [
		0.7584516406059265,
		0.5225369334220886,
		-0.19360889494419098,
		0.9689083695411682
	],
	"19. right_shoulder": [
		0.6405266523361206,
		0.41557884216308594,
		-0.12677618861198425,
		0.99989253282547
	],
	"20. right_elbow": [
		0.6200060844421387,
		0.47271019220352173,
		-0.07804984599351883,
		0.9809075593948364
	],
	"21. right_wrist": [
		0.6056417226791382,
		0.523864209651947,
		-0.16299143433570862,
		0.9636189341545105
	],
	"24. nose": [
		0.6887597441673279,
		0.3612854480743408,
		-0.30463430285453796,
		0.9999116063117981
	],
	"25. left_eye": [
		0.6971301436424255,
		0.3543463945388794,
		-0.2835938334465027,
		0.9996858835220337
	],
	"26. right_eye": [
		0.6791903972625732,
		0.35306739807128906,
		-0.28847792744636536,
		0.9997613430023193
	],
	"27. left_ear": [
		0.7025537490844727,
		0.36009058356285095,
		-0.16380631923675537,
		0.9992866516113281
	],
	"28. right_ear": [
		0.669345498085022,
		0.35819727182388306,
		-0.18781182169914246,
		0.9997518658638
	],
	"time stamp": 30.0
}