{
	"1. left_hip": [
		0.7085094451904297,
		0.5381463170051575,
		-0.009622885845601559,
		0.9993224143981934
	],
	"2. left_knee": [
		0.7015708088874817,
		0.6346762180328369,
		-0.05541446805000305,
		0.9572100639343262
	],
	"3. left_ankle": [
		0.6839123964309692,
		0.7176392078399658,
		0.13489946722984314,
		0.9328346252441406
	],
	"6. right_hip": [
		0.6656137704849243,
		0.5399139523506165,
		0.009628248400986195,
		0.9990707039833069
	],
	"7. right_knee": [
		0.6690620183944702,
		0.6356370449066162,
		-0.015916895121335983,
		0.9404691457748413
	],
	"8. right_ankle": [
		0.6820359826087952,
		0.7012792229652405,
		0.20786193013191223,
		0.8991329669952393
	],
	"14. left_shoulder": [
		0.7228549122810364,
		0.40704146027565,
		-0.0040757623501122,
		0.9998886585235596
	],
	"15. left_elbow": [
		0.7368807792663574,
		0.4201614558696747,
		-0.1847352385520935,
		0.9457797408103943
	],
	"16. left_wrist": [
		0.7285401225090027,
		0.3951652944087982,
		-0.4537709951400757,
		0.9510192275047302
	],
	"19. right_shoulder": [
		0.6447364687919617,
		0.4145878553390503,
		0.03508864343166351,
		0.999632716178894
	],
	"20. right_elbow": [
		0.6263056397438049,
		0.46967411041259766,
		0.04779471084475517,
		0.960354745388031
	],
	"21. right_wrist": [
		0.6137493848800659,
		0.5034074783325195,
		0.006880769971758127,
		0.9640184044837952
	],
	"24. nose": [
		0.6950995326042175,
		0.3640119731426239,
		-0.13934431970119476,
		0.999937117099762
	],
	"25. left_eye": [
		0.7012141942977905,
		0.3559305667877197,
		-0.11884802579879761,
		0.999832808971405
	],
	"26. right_eye": [
		0.6868274211883545,
		0.35467472672462463,
		-0.12078827619552612,
		0.9997424483299255
	],
	"27. left_ear": [
		0.7044060230255127,
		0.3623359799385071,
		-0.014153865166008472,
		0.9997121691703796
	],
	"28. right_ear": [
		0.6742273569107056,
		0.3596065044403076,
		-0.024169057607650757,
		0.999583899974823
	],
	"time stamp": 30.0
}