{
	"1. left_hip": [
		0.697007954120636,
		0.5033033490180969,
		-0.032434746623039246,
		0.9996383190155029
	],
	"2. left_knee": [
		0.6846150755882263,
		0.591576099395752,
		-0.050679031759500504,
		0.9827108979225159
	],
	"3. left_ankle": [
		0.687158465385437,
		0.6738579273223877,
		0.2073545902967453,
		0.9757750034332275
	],
	"6. right_hip": [
		0.6490387916564941,
		0.5043479800224304,
		0.03249229118227959,
		0.9996048808097839
	],
	"7. right_knee": [
		0.63166344165802,
		0.5865539312362671,
		-0.025522533804178238,
		0.9772069454193115
	],
	"8. right_ankle": [
		0.6415618062019348,
		0.6684111952781677,
		0.20600955188274384,
		0.9477464556694031
	],
	"14. left_shoulder": [
		0.7127196788787842,
		0.38243547081947327,
		-0.2518141567707062,
		0.9998810887336731
	],
	"15. left_elbow": [
		0.7245185971260071,
		0.44299301505088806,
		-0.2922896444797516,
		0.9741969704627991
	],
	"16. left_wrist": [
		0.7185652256011963,
		0.474404901266098,
		-0.48373332619667053,
		0.9474045038223267
	],
	"19. right_shoulder": [
		0.6272646188735962,
		0.38871079683303833,
		-0.16642801463603973,
		0.9996581673622131
	],
	"20. right_elbow": [
		0.6154307723045349,
		0.4419560134410858,
		-0.07209910452365875,
		0.925152599811554
	],
	"21. right_wrist": [
		0.6135969161987305,
		0.48617857694625854,
		-0.2020789235830307,
		0.9202209711074829
	],
	"24. nose": [
		0.6637917160987854,
		0.3447219133377075,
		-0.47097477316856384,
		0.9998183250427246
	],
	"25. left_eye": [
		0.6705018877983093,
		0.33455294370651245,
		-0.4591842293739319,
		0.9994691014289856
	],
	"26. right_eye": [
		0.6552321314811707,
		0.3370550274848938,
		-0.451649934053421,
		0.9993029832839966
	],
	"27. left_ear": [
		0.6797000169754028,
		0.33658096194267273,
		-0.343458890914917,
		0.9989779591560364
	],
	"28. right_ear": [
		0.6489998698234558,
		0.34143248200416565,
		-0.30553558468818665,
		0.998691737651825
	],
	"time stamp": 30.0
}