{
	"1. left_hip": [
		0.69260573387146,
		0.5054723620414734,
		-0.030077114701271057,
		0.9994107484817505
	],
	"2. left_knee": [
		0.6783091425895691,
		0.5886857509613037,
		-0.10329294204711914,
		0.9759610295295715
	],
	"3. left_ankle": [
		0.6737753748893738,
		0.6448357105255127,
		0.18636122345924377,
		0.9388394951820374
	],
	"6. right_hip": [
		0.644777774810791,
		0.5068888068199158,
		0.030102359130978584,
		0.9995942711830139
	],
	"7. right_knee": [
		0.6329194903373718,
		0.6102234721183777,
		-0.05080213025212288,
		0.9750465154647827
	],
	"8. right_ankle": [
		0.6354256272315979,
		0.7041642665863037,
		0.09344819188117981,
		0.9480185508728027
	],
	"14. left_shoulder": [
		0.7094509601593018,
		0.38654789328575134,
		-0.18408450484275818,
		0.9997416138648987
	],
	"15. left_elbow": [
		0.7009210586547852,
		0.4541113078594208,
		-0.2749876379966736,
		0.9709601402282715
	],
	"16. left_wrist": [
		0.6750087738037109,
		0.454955518245697,
		-0.4908919632434845,
		0.9393339157104492
	],
	"19. right_shoulder": [
		0.6258463263511658,
		0.3868366777896881,
		-0.09112454950809479,
		0.9996862411499023
	],
	"20. right_elbow": [
		0.615609884262085,
		0.442253053188324,
		-0.018315434455871582,
		0.9239352345466614
	],
	"21. right_wrist": [
		0.6077510118484497,
		0.5066804885864258,
		-0.11285677552223206,
		0.9132980704307556
	],
	"24. nose": [
		0.6626444458961487,
		0.3478999137878418,
		-0.3604627251625061,
		0.9996837377548218
	],
	"25. left_eye": [
		0.6702055335044861,
		0.3383449614048004,
		-0.3516908586025238,
		0.9990864992141724
	],
	"26. right_eye": [
		0.6546355485916138,
		0.3396722972393036,
		-0.34335973858833313,
		0.9989387392997742
	],
	"27. left_ear": [
		0.6792863011360168,
		0.3408620357513428,
		-0.25021058320999146,
		0.9984135627746582
	],
	"28. right_ear": [
		0.6482173800468445,
		0.3428078293800354,
		-0.21176987886428833,
		0.9980744123458862
	],
	"time stamp": 30.0
}