{
	"1. left_hip": [
		0.6737664341926575,
		0.5349486470222473,
		0.043226372450590134,
		0.9997707605361938
	],
	"2. left_knee": [
		0.7627556920051575,
		0.5658418536186218,
		-0.171661838889122,
		0.9622347950935364
	],
	"3. left_ankle": [
		0.8187492489814758,
		0.6483078598976135,
		-0.0765683725476265,
		0.9147648811340332
	],
	"6. right_hip": [
		0.6243582367897034,
		0.5434144735336304,
		-0.04315037652850151,
		0.9998701810836792
	],
	"7. right_knee": [
		0.6215391159057617,
		0.6504926085472107,
		-0.025061964988708496,
		0.9854223728179932
	],
	"8. right_ankle": [
		0.6229878067970276,
		0.7327111959457397,
		0.1582731008529663,
		0.9660831689834595
	],
	"14. left_shoulder": [
		0.7019180655479431,
		0.4226987063884735,
		-0.007896359078586102,
		0.9998294711112976
	],
	"15. left_elbow": [
		0.709367573261261,
		0.49115267395973206,
		-0.04653092101216316,
		0.7741714119911194
	],
	"16. left_wrist": [
		0.7570929527282715,
		0.494370698928833,
		-0.20639395713806152,
		0.6743184924125671
	],
	"19. right_shoulder": [
		0.6181997060775757,
		0.4094202518463135,
		-0.10038875043392181,
		0.9999238848686218
	],
	"20. right_elbow": [
		0.5974213480949402,
		0.4657681882381439,
		-0.18699759244918823,
		0.947148859500885
	],
	"21. right_wrist": [
		0.5957568287849426,
		0.493675172328949,
		-0.3973328471183777,
		0.883413553237915
	],
	"24. nose": [
		0.6747888922691345,
		0.357827752828598,
		-0.2766355872154236,
		0.9998819231987
	],
	"25. left_eye": [
		0.6818066835403442,
		0.3520044684410095,
		-0.25406235456466675,
		0.9996421933174133
	],
	"26. right_eye": [
		0.6656390428543091,
		0.35084637999534607,
		-0.2622673213481903,
		0.9996174573898315
	],
	"27. left_ear": [
		0.6861537098884583,
		0.3586116135120392,
		-0.11383815854787827,
		0.9992687106132507
	],
	"28. right_ear": [
		0.6538009643554688,
		0.3577927052974701,
		-0.15340374410152435,
		0.9994092583656311
	],
	"time stamp": 30.0
}