{
	"1. left_hip": [
		0.6990318298339844,
		0.5503522157669067,
		0.07997007668018341,
		0.9997636079788208
	],
	"2. left_knee": [
		0.7177801728248596,
		0.6340499520301819,
		0.05883325636386871,
		0.9731364250183105
	],
	"3. left_ankle": [
		0.7350537180900574,
		0.7326759099960327,
		0.120390884578228,
		0.9592015743255615
	],
	"6. right_hip": [
		0.6544740200042725,
		0.5462206602096558,
		-0.08016292750835419,
		0.9997970461845398
	],
	"7. right_knee": [
		0.6270902156829834,
		0.641668438911438,
		-0.07246022671461105,
		0.9908273816108704
	],
	"8. right_ankle": [
		0.5994311571121216,
		0.7344725131988525,
		0.0319548062980175,
		0.9827357530593872
	],
	"14. left_shoulder": [
		0.7461992502212524,
		0.4123944342136383,
		0.03516693785786629,
		0.999900758266449
	],
	"15. left_elbow": [
		0.7590212821960449,
		0.46856948733329773,
		0.220755472779274,
		0.827479898929596
	],
	"16. left_wrist": [
		0.8043283820152283,
		0.4697530269622803,
		0.2938219904899597,
		0.8427008986473083
	],
	"19. right_shoulder": [
		0.6753752827644348,
		0.41054365038871765,
		-0.21457993984222412,
		0.9999470114707947
	],
	"20. right_elbow": [
		0.6362829208374023,
		0.4548795819282532,
		-0.385513037443161,
		0.9615619778633118
	],
	"21. right_wrist": [
		0.6081153154373169,
		0.4519217312335968,
		-0.6378737688064575,
		0.9406603574752808
	],
	"24. nose": [
		0.7254360914230347,
		0.3575667142868042,
		-0.33066293597221375,
		0.9999470114707947
	],
	"25. left_eye": [
		0.7271623015403748,
		0.34942901134490967,
		-0.30032098293304443,
		0.9998424053192139
	],
	"26. right_eye": [
		0.7112014293670654,
		0.3523048162460327,
		-0.31596365571022034,
		0.9998286366462708
	],
	"27. left_ear": [
		0.7288194894790649,
		0.35313087701797485,
		-0.14181393384933472,
		0.9996781945228577
	],
	"28. right_ear": [
		0.6988458633422852,
		0.3614529073238373,
		-0.2076229304075241,
		0.9997380971908569
	],
	"time stamp": 30.0
}