{
	"1. left_hip": [
		0.7102803587913513,
		0.55838543176651,
		0.09091032296419144,
		0.999800980091095
	],
	"2. left_knee": [
		0.7471822500228882,
		0.6363149285316467,
		0.05698852613568306,
		0.9760127067565918
	],
	"3. left_ankle": [
		0.7400103211402893,
		0.734237790107727,
		0.12949368357658386,
		0.9686083197593689
	],
	"6. right_hip": [
		0.6688057780265808,
		0.555972158908844,
		-0.09118980169296265,
		0.9998165965080261
	],
	"7. right_knee": [
		0.6402878165245056,
		0.6487658619880676,
		-0.06663835048675537,
		0.9925402402877808
	],
	"8. right_ankle": [
		0.5989822149276733,
		0.7348853349685669,
		0.03526979312300682,
		0.986929714679718
	],
	"14. left_shoulder": [
		0.755046546459198,
		0.4129946827888489,
		0.07141384482383728,
		0.9999170303344727
	],
	"15. left_elbow": [
		0.7706465721130371,
		0.4662545621395111,
		0.25499922037124634,
		0.8178970813751221
	],
	"16. left_wrist": [
		0.8042667508125305,
		0.5030680298805237,
		0.32056739926338196,
		0.8801072239875793
	],
	"19. right_shoulder": [
		0.6918680667877197,
		0.41789260506629944,
		-0.2060403823852539,
		0.9999558329582214
	],
	"20. right_elbow": [
		0.667362630367279,
		0.46249011158943176,
		-0.38047823309898376,
		0.968231737613678
	],
	"21. right_wrist": [
		0.6333329677581787,
		0.4842308759689331,
		-0.6002475023269653,
		0.9548441767692566
	],
	"24. nose": [
		0.739508330821991,
		0.3620157837867737,
		-0.27175286412239075,
		0.9999613761901855
	],
	"25. left_eye": [
		0.7419639825820923,
		0.35256850719451904,
		-0.24569877982139587,
		0.9998850226402283
	],
	"26. right_eye": [
		0.7257810831069946,
		0.35596978664398193,
		-0.2622264623641968,
		0.9998750686645508
	],
	"27. left_ear": [
		0.7428990006446838,
		0.3552583158016205,
		-0.09239280223846436,
		0.9997652173042297
	],
	"28. right_ear": [
		0.7123504281044006,
		0.3641209006309509,
		-0.17610689997673035,
		0.9998089671134949
	],
	"time stamp": 30.0
}