{
	"1. left_hip": [
		0.7256936430931091,
		0.5588117837905884,
		0.0815482959151268,
		0.9998062252998352
	],
	"2. left_knee": [
		0.7553350329399109,
		0.6408502459526062,
		0.08593355864286423,
		0.974575936794281
	],
	"3. left_ankle": [
		0.7399947047233582,
		0.7349944114685059,
		0.1945539116859436,
		0.9719768762588501
	],
	"6. right_hip": [
		0.6837669014930725,
		0.5575613379478455,
		-0.08172223716974258,
		0.9997953772544861
	],
	"7. right_knee": [
		0.6604611873626709,
		0.6506708264350891,
		-0.01779063045978546,
		0.9930829405784607
	],
	"8. right_ankle": [
		0.6032046675682068,
		0.7257882356643677,
		0.15861183404922485,
		0.9886379837989807
	],
	"14. left_shoulder": [
		0.7617501020431519,
		0.4131815433502197,
		0.02736729010939598,
		0.9999180436134338
	],
	"15. left_elbow": [
		0.7729395627975464,
		0.46740978956222534,
		0.12877212464809418,
		0.820351779460907
	],
	"16. left_wrist": [
		0.8001790046691895,
		0.524505615234375,
		0.05940874665975571,
		0.8927532434463501
	],
	"19. right_shoulder": [
		0.6967069506645203,
		0.4203244149684906,
		-0.21607987582683563,
		0.999945878982544
	],
	"20. right_elbow": [
		0.674995481967926,
		0.48322421312332153,
		-0.3261698782444,
		0.9712249636650085
	],
	"21. right_wrist": [
		0.671398937702179,
		0.5226272344589233,
		-0.4501011371612549,
		0.9597532749176025
	],
	"24. nose": [
		0.7502834796905518,
		0.3611367642879486,
		-0.29376792907714844,
		0.9999683499336243
	],
	"25. left_eye": [
		0.7515875697135925,
		0.35233262181282043,
		-0.2664586305618286,
		0.9999054670333862
	],
	"26. right_eye": [
		0.7365203499794006,
		0.3547784090042114,
		-0.2848796248435974,
		0.9998981356620789
	],
	"27. left_ear": [
		0.7494451403617859,
		0.3556610643863678,
		-0.12289420515298843,
		0.9998049139976501
	],
	"28. right_ear": [
		0.719868004322052,
		0.36284634470939636,
		-0.20855498313903809,
		0.9998438954353333
	],
	"time stamp": 30.0
}