{
	"1. left_hip": [
		0.733732283115387,
		0.5573406219482422,
		0.07965374737977982,
		0.9998043179512024
	],
	"2. left_knee": [
		0.7573330998420715,
		0.6423613429069519,
		0.0849219411611557,
		0.9726870656013489
	],
	"3. left_ankle": [
		0.7405835390090942,
		0.7357950210571289,
		0.19834177196025848,
		0.9724258780479431
	],
	"6. right_hip": [
		0.6911152601242065,
		0.5569396018981934,
		-0.07978730648756027,
		0.9997777342796326
	],
	"7. right_knee": [
		0.6733453869819641,
		0.6502601504325867,
		-0.027873225510120392,
		0.9931154251098633
	],
	"8. right_ankle": [
		0.6136988401412964,
		0.7198058366775513,
		0.14472508430480957,
		0.9890812635421753
	],
	"14. left_shoulder": [
		0.7637143135070801,
		0.41321513056755066,
		0.02161092311143875,
		0.9999157190322876
	],
	"15. left_elbow": [
		0.7722391486167908,
		0.47339656949043274,
		0.09542082995176315,
		0.8200197219848633
	],
	"16. left_wrist": [
		0.7888249754905701,
		0.5326746106147766,
		0.019564902409911156,
		0.8964053988456726
	],
	"19. right_shoulder": [
		0.6978110671043396,
		0.42023611068725586,
		-0.2176215499639511,
		0.9999359250068665
	],
	"20. right_elbow": [
		0.6880102157592773,
		0.48129329085350037,
		-0.3244945704936981,
		0.9722170829772949
	],
	"21. right_wrist": [
		0.6837882399559021,
		0.5311768651008606,
		-0.41897299885749817,
		0.9602324366569519
	],
	"24. nose": [
		0.7535890340805054,
		0.35902824997901917,
		-0.2659560739994049,
		0.9999701380729675
	],
	"25. left_eye": [
		0.7534797191619873,
		0.3507392704486847,
		-0.24244166910648346,
		0.9999103546142578
	],
	"26. right_eye": [
		0.7407740950584412,
		0.3521443009376526,
		-0.2651379704475403,
		0.9999052882194519
	],
	"27. left_ear": [
		0.7494016885757446,
		0.3548700213432312,
		-0.11610262095928192,
		0.999808669090271
	],
	"28. right_ear": [
		0.7229378819465637,
		0.3599590063095093,
		-0.2045217752456665,
		0.9998528957366943
	],
	"time stamp": 30.0
}