{
	"1. left_hip": [
		0.7561183571815491,
		0.5391324162483215,
		0.08519625663757324,
		0.9997857213020325
	],
	"2. left_knee": [
		0.7700116038322449,
		0.6392110586166382,
		0.06899020820856094,
		0.9338739514350891
	],
	"3. left_ankle": [
		0.7465358972549438,
		0.7337067723274231,
		0.16179504990577698,
		0.9468480944633484
	],
	"6. right_hip": [
		0.7177339196205139,
		0.5412662029266357,
		-0.08519070595502853,
		0.9996161460876465
	],
	"7. right_knee": [
		0.7333255410194397,
		0.6402086019515991,
		-0.09993493556976318,
		0.9867283701896667
	],
	"8. right_ankle": [
		0.6854941248893738,
		0.7073590159416199,
		0.05681097134947777,
		0.9797734618186951
	],
	"14. left_shoulder": [
		0.7640154957771301,
		0.40111029148101807,
		0.04865894839167595,
		0.9999327063560486
	],
	"15. left_elbow": [
		0.7735686898231506,
		0.47011399269104004,
		0.08721538633108139,
		0.8515042662620544
	],
	"16. left_wrist": [
		0.7747460603713989,
		0.5284394025802612,
		-0.02610902488231659,
		0.9241428375244141
	],
	"19. right_shoulder": [
		0.6971156597137451,
		0.4061965346336365,
		-0.2270594984292984,
		0.9999229907989502
	],
	"20. right_elbow": [
		0.7065638303756714,
		0.48530063033103943,
		-0.24842658638954163,
		0.9817063212394714
	],
	"21. right_wrist": [
		0.7258066534996033,
		0.5439541339874268,
		-0.2715183198451996,
		0.9725865721702576
	],
	"24. nose": [
		0.7661398649215698,
		0.34962648153305054,
		-0.1594192087650299,
		0.9999551773071289
	],
	"25. left_eye": [
		0.7621288299560547,
		0.34140393137931824,
		-0.14352932572364807,
		0.9998556971549988
	],
	"26. right_eye": [
		0.7553852796554565,
		0.34073394536972046,
		-0.17586086690425873,
		0.9998701214790344
	],
	"27. left_ear": [
		0.7500918507575989,
		0.34577345848083496,
		-0.04944787174463272,
		0.9995558261871338
	],
	"28. right_ear": [
		0.7363100051879883,
		0.34632501006126404,
		-0.19550161063671112,
		0.9997878670692444
	],
	"time stamp": 30.0
}