{
	"1. left_hip": [
		0.7518514394760132,
		0.5490507483482361,
		0.09030729532241821,
		0.9989976286888123
	],
	"2. left_knee": [
		0.8159336447715759,
		0.6053978800773621,
		-0.05306404083967209,
		0.8883889317512512
	],
	"3. left_ankle": [
		0.7658430933952332,
		0.6916924118995667,
		0.07543455064296722,
		0.9055818319320679
	],
	"6. right_hip": [
		0.717278003692627,
		0.5553734302520752,
		-0.09017975628376007,
		0.9987459778785706
	],
	"7. right_knee": [
		0.7317637205123901,
		0.6473668217658997,
		-0.08709731698036194,
		0.9690876603126526
	],
	"8. right_ankle": [
		0.7044081687927246,
		0.7385547161102295,
		0.058374445885419846,
		0.9752556681632996
	],
	"14. left_shoulder": [
		0.7629912495613098,
		0.4126131534576416,
		0.10384566336870193,
		0.9987661242485046
	],
	"15. left_elbow": [
		0.7506936192512512,
		0.48270025849342346,
		0.15088443458080292,
		0.4720611274242401
	],
	"16. left_wrist": [
		0.7603849768638611,
		0.5433634519577026,
		0.08820091933012009,
		0.5353925228118896
	],
	"19. right_shoulder": [
		0.7291330099105835,
		0.4128524363040924,
		-0.20823174715042114,
		0.9997727274894714
	],
	"20. right_elbow": [
		0.732786238193512,
		0.46453857421875,
		-0.3377494812011719,
		0.9866732954978943
	],
	"21. right_wrist": [
		0.7704075574874878,
		0.461832731962204,
		-0.44391801953315735,
		0.9670727849006653
	],
	"24. nose": [
		0.7754119038581848,
		0.35740819573402405,
		-0.16879858076572418,
		0.9992290735244751
	],
	"25. left_eye": [
		0.7710075378417969,
		0.34836792945861816,
		-0.14495491981506348,
		0.9977997541427612
	],
	"26. right_eye": [
		0.7635359168052673,
		0.3497002124786377,
		-0.1733846813440323,
		0.998449444770813
	],
	"27. left_ear": [
		0.7610138058662415,
		0.3544193208217621,
		-0.024149276316165924,
		0.9946138858795166
	],
	"28. right_ear": [
		0.7481566071510315,
		0.3571333885192871,
		-0.14454977214336395,
		0.9981544017791748
	],
	"time stamp": 30.0
}