{
	"1. left_hip": [
		0.7760736346244812,
		0.5539584755897522,
		0.08718080073595047,
		0.9984616637229919
	],
	"2. left_knee": [
		0.802947461605072,
		0.6338775753974915,
		0.1098041757941246,
		0.9170213341712952
	],
	"3. left_ankle": [
		0.8088394999504089,
		0.730293333530426,
		0.2192317247390747,
		0.9531698226928711
	],
	"6. right_hip": [
		0.7382068634033203,
		0.5477296710014343,
		-0.08718651533126831,
		0.9989100694656372
	],
	"7. right_knee": [
		0.7212136387825012,
		0.6392160058021545,
		-0.08093663305044174,
		0.9878342747688293
	],
	"8. right_ankle": [
		0.6965538263320923,
		0.7342643141746521,
		0.01949712634086609,
		0.9909535050392151
	],
	"14. left_shoulder": [
		0.8198213577270508,
		0.41807571053504944,
		0.05522884428501129,
		0.9970543384552002
	],
	"15. left_elbow": [
		0.8167893290519714,
		0.4780351519584656,
		0.0925491452217102,
		0.2918853759765625
	],
	"16. left_wrist": [
		0.8109067678451538,
		0.5225933790206909,
		-0.017117204144597054,
		0.3041810393333435
	],
	"19. right_shoulder": [
		0.7723583579063416,
		0.4087320864200592,
		-0.1953253298997879,
		0.9994648098945618
	],
	"20. right_elbow": [
		0.7711347937583923,
		0.47056815028190613,
		-0.20023946464061737,
		0.9214444756507874
	],
	"21. right_wrist": [
		0.7905021905899048,
		0.5225183367729187,
		-0.1816597729921341,
		0.8166427612304688
	],
	"24. nose": [
		0.8227779865264893,
		0.3631097972393036,
		-0.24889108538627625,
		0.999750018119812
	],
	"25. left_eye": [
		0.8231017589569092,
		0.3543882668018341,
		-0.22368907928466797,
		0.9993096590042114
	],
	"26. right_eye": [
		0.8099345564842224,
		0.35426029562950134,
		-0.24003778398036957,
		0.9995149374008179
	],
	"27. left_ear": [
		0.818056583404541,
		0.3588404953479767,
		-0.09160931408405304,
		0.9983595609664917
	],
	"28. right_ear": [
		0.7927616238594055,
		0.36040663719177246,
		-0.1554793417453766,
		0.999360203742981
	],
	"time stamp": 30.0
}