{
	"1. left_hip": [
		0.8868722319602966,
		0.5309586524963379,
		0.06271301954984665,
		0.9988969564437866
	],
	"2. left_knee": [
		0.8935890793800354,
		0.6309422254562378,
		0.06409168243408203,
		0.855403482913971
	],
	"3. left_ankle": [
		0.8803764581680298,
		0.723226010799408,
		0.16214531660079956,
		0.885635256767273
	],
	"6. right_hip": [
		0.8503836393356323,
		0.5368156433105469,
		-0.06265197694301605,
		0.9983777403831482
	],
	"7. right_knee": [
		0.8644949197769165,
		0.6327452659606934,
		-0.080219566822052,
		0.9490535855293274
	],
	"8. right_ankle": [
		0.8532320261001587,
		0.732443630695343,
		0.022410878911614418,
		0.9494627714157104
	],
	"14. left_shoulder": [
		0.8872514367103577,
		0.40253421664237976,
		0.053056761622428894,
		0.9989380240440369
	],
	"15. left_elbow": [
		0.8951809406280518,
		0.46569234132766724,
		0.0878925547003746,
		0.7929912805557251
	],
	"16. left_wrist": [
		0.9134525060653687,
		0.5188429951667786,
		-0.05122540146112442,
		0.9076523184776306
	],
	"19. right_shoulder": [
		0.8183104991912842,
		0.4085419178009033,
		-0.13532571494579315,
		0.9995638728141785
	],
	"20. right_elbow": [
		0.8135800957679749,
		0.4840601682662964,
		-0.1540149599313736,
		0.9828216433525085
	],
	"21. right_wrist": [
		0.838786780834198,
		0.5368727445602417,
		-0.19730596244335175,
		0.9634374380111694
	],
	"24. nose": [
		0.8786782622337341,
		0.35393354296684265,
		-0.1794445514678955,
		0.9998632669448853
	],
	"25. left_eye": [
		0.8779772520065308,
		0.3450948894023895,
		-0.16009949147701263,
		0.9996594190597534
	],
	"26. right_eye": [
		0.8685835599899292,
		0.34478241205215454,
		-0.18330903351306915,
		0.999654233455658
	],
	"27. left_ear": [
		0.8711444735527039,
		0.3498603403568268,
		-0.0528092086315155,
		0.9989941716194153
	],
	"28. right_ear": [
		0.8500693440437317,
		0.3487156331539154,
		-0.14823514223098755,
		0.9994920492172241
	],
	"time stamp": 30.0
}