{
	"1. left_hip": [
		0.964756965637207,
		0.5607728362083435,
		0.07089021056890488,
		0.998822033405304
	],
	"2. left_knee": [
		0.989351749420166,
		0.6522325873374939,
		0.01841239631175995,
		0.9387933611869812
	],
	"3. left_ankle": [
		0.9915367960929871,
		0.7397893071174622,
		0.18886223435401917,
		0.9153650999069214
	],
	"6. right_hip": [
		0.9186388254165649,
		0.5585444569587708,
		-0.07095977663993835,
		0.9989084005355835
	],
	"7. right_knee": [
		0.9000779986381531,
		0.6563405394554138,
		-0.05167078226804733,
		0.9534932374954224
	],
	"8. right_ankle": [
		0.8361055850982666,
		0.7170953154563904,
		0.13758397102355957,
		0.9416844248771667
	],
	"14. left_shoulder": [
		0.9661375880241394,
		0.4223790466785431,
		0.055720485746860504,
		0.9804834127426147
	],
	"15. left_elbow": [
		1.0015392303466797,
		0.44164103269577026,
		0.20948351919651031,
		0.4083794057369232
	],
	"16. left_wrist": [
		1.0080997943878174,
		0.40882426500320435,
		0.3125348687171936,
		0.4798966348171234
	],
	"19. right_shoulder": [
		0.8984082341194153,
		0.41025128960609436,
		-0.1792110651731491,
		0.9992035627365112
	],
	"20. right_elbow": [
		0.845305860042572,
		0.39023301005363464,
		-0.4077400267124176,
		0.992209792137146
	],
	"21. right_wrist": [
		0.8477535843849182,
		0.34024104475975037,
		-0.618053674697876,
		0.9808902144432068
	],
	"24. nose": [
		0.9522103667259216,
		0.3708997070789337,
		-0.2751191258430481,
		0.9996932148933411
	],
	"25. left_eye": [
		0.9546371102333069,
		0.3637600839138031,
		-0.2452567219734192,
		0.9993077516555786
	],
	"26. right_eye": [
		0.9404757022857666,
		0.3634471595287323,
		-0.2614383399486542,
		0.9996959567070007
	],
	"27. left_ear": [
		0.9532662630081177,
		0.3689161539077759,
		-0.09113632142543793,
		0.99873286485672
	],
	"28. right_ear": [
		0.9242550730705261,
		0.36959365010261536,
		-0.16369780898094177,
		0.999765932559967
	],
	"time stamp": 30.0
}