{
	"1. left_hip": [
		0.9652814865112305,
		0.5429053902626038,
		0.02078704535961151,
		0.9972711205482483
	],
	"2. left_knee": [
		0.9834262132644653,
		0.6382519602775574,
		-0.030671674758195877,
		0.9235772490501404
	],
	"3. left_ankle": [
		0.9837329983711243,
		0.7361143231391907,
		0.14328067004680634,
		0.8537006378173828
	],
	"6. right_hip": [
		0.9187536835670471,
		0.5540923476219177,
		-0.020618220791220665,
		0.9972270727157593
	],
	"7. right_knee": [
		0.9331367611885071,
		0.653297483921051,
		0.0005507612368091941,
		0.8874403238296509
	],
	"8. right_ankle": [
		0.9400025606155396,
		0.7380133867263794,
		0.20406265556812286,
		0.804042637348175
	],
	"14. left_shoulder": [
		0.9654930830001831,
		0.4145177900791168,
		-0.030036406591534615,
		0.986746072769165
	],
	"15. left_elbow": [
		0.9845709800720215,
		0.4702649712562561,
		0.01709025725722313,
		0.55926913022995
	],
	"16. left_wrist": [
		0.9879445433616638,
		0.5075861811637878,
		-0.11009180545806885,
		0.47707414627075195
	],
	"19. right_shoulder": [
		0.874709963798523,
		0.42346450686454773,
		-0.11715014278888702,
		0.9988080859184265
	],
	"20. right_elbow": [
		0.8542666435241699,
		0.4820789396762848,
		-0.17216457426548004,
		0.9912136793136597
	],
	"21. right_wrist": [
		0.865044355392456,
		0.4790581166744232,
		-0.30772265791893005,
		0.9668297171592712
	],
	"24. nose": [
		0.9378282427787781,
		0.37042853236198425,
		-0.23494818806648254,
		0.9983364939689636
	],
	"25. left_eye": [
		0.9402242302894592,
		0.36283260583877563,
		-0.22677408158779144,
		0.9960561394691467
	],
	"26. right_eye": [
		0.926906406879425,
		0.36254626512527466,
		-0.23913319408893585,
		0.9981338977813721
	],
	"27. left_ear": [
		0.9389784336090088,
		0.36714085936546326,
		-0.11063273996114731,
		0.9925931096076965
	],
	"28. right_ear": [
		0.9099007844924927,
		0.36889544129371643,
		-0.17982053756713867,
		0.9981184601783752
	],
	"time stamp": 30.0
}