{
	"1. left_hip": [
		0.9503321647644043,
		0.5532548427581787,
		0.020235000178217888,
		0.9976402521133423
	],
	"2. left_knee": [
		0.9737388491630554,
		0.6513448357582092,
		-0.05925479531288147,
		0.9127032160758972
	],
	"3. left_ankle": [
		0.9650924205780029,
		0.7382491230964661,
		0.1401774287223816,
		0.8129251003265381
	],
	"6. right_hip": [
		0.9007182717323303,
		0.5634620189666748,
		-0.020051438361406326,
		0.9967518448829651
	],
	"7. right_knee": [
		0.9270510077476501,
		0.6621389985084534,
		-0.0157273281365633,
		0.8223344087600708
	],
	"8. right_ankle": [
		0.9434252977371216,
		0.7394810318946838,
		0.17464448511600494,
		0.7264941930770874
	],
	"14. left_shoulder": [
		0.9526211023330688,
		0.4212152659893036,
		-0.014159894548356533,
		0.9911451935768127
	],
	"15. left_elbow": [
		0.9644365310668945,
		0.48451244831085205,
		0.031183578073978424,
		0.6255519986152649
	],
	"16. left_wrist": [
		0.9766684174537659,
		0.527459979057312,
		-0.07343639433383942,
		0.5607386231422424
	],
	"19. right_shoulder": [
		0.8654101490974426,
		0.432455450296402,
		-0.11126424372196198,
		0.9986424446105957
	],
	"20. right_elbow": [
		0.8555157780647278,
		0.4899577498435974,
		-0.1717066466808319,
		0.9845736026763916
	],
	"21. right_wrist": [
		0.8428710699081421,
		0.4871891736984253,
		-0.3677103817462921,
		0.9633040428161621
	],
	"24. nose": [
		0.9370883703231812,
		0.36929747462272644,
		-0.238030806183815,
		0.9986377358436584
	],
	"25. left_eye": [
		0.9339239597320557,
		0.3614019751548767,
		-0.2170516848564148,
		0.9969615340232849
	],
	"26. right_eye": [
		0.9255458116531372,
		0.361359179019928,
		-0.23519626259803772,
		0.9982882142066956
	],
	"27. left_ear": [
		0.9248976111412048,
		0.36621609330177307,
		-0.09271641820669174,
		0.9945471882820129
	],
	"28. right_ear": [
		0.9066312313079834,
		0.3678690791130066,
		-0.1872176229953766,
		0.9982013702392578
	],
	"time stamp": 30.0
}