{
	"1. left_hip": [
		0.8925555348396301,
		0.5426864624023438,
		-0.0026339313481003046,
		0.9977584481239319
	],
	"2. left_knee": [
		0.8827312588691711,
		0.650798499584198,
		-0.04474816843867302,
		0.9019288420677185
	],
	"3. left_ankle": [
		0.8822211027145386,
		0.7438791990280151,
		0.0760107934474945,
		0.8483355641365051
	],
	"6. right_hip": [
		0.8417956829071045,
		0.5431286692619324,
		0.002807898446917534,
		0.9970770478248596
	],
	"7. right_knee": [
		0.8513764142990112,
		0.6453211903572083,
		0.02283909171819687,
		0.8228023052215576
	],
	"8. right_ankle": [
		0.8798200488090515,
		0.7154239416122437,
		0.19799627363681793,
		0.7418926954269409
	],
	"14. left_shoulder": [
		0.9113765358924866,
		0.4022288918495178,
		-0.03566646948456764,
		0.9953228831291199
	],
	"15. left_elbow": [
		0.9655327796936035,
		0.42562979459762573,
		-0.11856245994567871,
		0.7444025874137878
	],
	"16. left_wrist": [
		0.9809667468070984,
		0.43570882081985474,
		-0.3447999656200409,
		0.6261173486709595
	],
	"19. right_shoulder": [
		0.81744784116745,
		0.4082448482513428,
		-0.04825396463274956,
		0.9988502264022827
	],
	"20. right_elbow": [
		0.7646046280860901,
		0.4333726763725281,
		-0.07572436332702637,
		0.9854021072387695
	],
	"21. right_wrist": [
		0.7369065880775452,
		0.48410773277282715,
		-0.20284976065158844,
		0.9594093561172485
	],
	"24. nose": [
		0.8960633873939514,
		0.3603273928165436,
		-0.20409870147705078,
		0.9987601637840271
	],
	"25. left_eye": [
		0.8933815956115723,
		0.351395845413208,
		-0.18415413796901703,
		0.9955004453659058
	],
	"26. right_eye": [
		0.8836780190467834,
		0.35122379660606384,
		-0.1964074671268463,
		0.997636079788208
	],
	"27. left_ear": [
		0.8841840028762817,
		0.3549942076206207,
		-0.07149398326873779,
		0.9924130439758301
	],
	"28. right_ear": [
		0.8636056780815125,
		0.3577049672603607,
		-0.128081813454628,
		0.9979274272918701
	],
	"time stamp": 30.0
}