{
	"1. left_hip": [
		0.7891827821731567,
		0.5589062571525574,
		-0.023075837641954422,
		0.9992047548294067
	],
	"2. left_knee": [
		0.7649022936820984,
		0.6572795510292053,
		-0.08361362665891647,
		0.9379475116729736
	],
	"3. left_ankle": [
		0.7163320183753967,
		0.7313533425331116,
		0.06765397638082504,
		0.9227942824363708
	],
	"6. right_hip": [
		0.7419545650482178,
		0.5547848343849182,
		0.023222871124744415,
		0.9988395571708679
	],
	"7. right_knee": [
		0.7662543654441833,
		0.6569692492485046,
		0.016689550131559372,
		0.9077513813972473
	],
	"8. right_ankle": [
		0.8292137384414673,
		0.7321116328239441,
		0.20330804586410522,
		0.8538058996200562
	],
	"14. left_shoulder": [
		0.8210030198097229,
		0.41859006881713867,
		-0.019850118085741997,
		0.998653769493103
	],
	"15. left_elbow": [
		0.8183819651603699,
		0.4669898748397827,
		-0.15984047949314117,
		0.907943069934845
	],
	"16. left_wrist": [
		0.793065071105957,
		0.4352523684501648,
		-0.40610164403915405,
		0.8762496709823608
	],
	"19. right_shoulder": [
		0.7330107092857361,
		0.4206220209598541,
		0.034914273768663406,
		0.9995907545089722
	],
	"20. right_elbow": [
		0.7165221571922302,
		0.48705002665519714,
		0.056770842522382736,
		0.9541975259780884
	],
	"21. right_wrist": [
		0.715705931186676,
		0.5373671650886536,
		-0.049615465104579926,
		0.9186055660247803
	],
	"24. nose": [
		0.7889452576637268,
		0.3767768442630768,
		-0.16727575659751892,
		0.9996116757392883
	],
	"25. left_eye": [
		0.7985661029815674,
		0.3682567775249481,
		-0.1446191370487213,
		0.9986357092857361
	],
	"26. right_eye": [
		0.7799445390701294,
		0.3661250174045563,
		-0.1596468985080719,
		0.9991629123687744
	],
	"27. left_ear": [
		0.8039677739143372,
		0.3733005225658417,
		-0.045875273644924164,
		0.9976599812507629
	],
	"28. right_ear": [
		0.7690215706825256,
		0.37178394198417664,
		-0.057319287210702896,
		0.9992469549179077
	],
	"time stamp": 30.0
}