{
	"1. left_hip": [
		0.7643193006515503,
		0.5582659244537354,
		-0.047380995005369186,
		0.9993960857391357
	],
	"2. left_knee": [
		0.7319843769073486,
		0.6487942337989807,
		-0.1119743213057518,
		0.9491978287696838
	],
	"3. left_ankle": [
		0.7245219945907593,
		0.7406954765319824,
		0.016086379066109657,
		0.9423596262931824
	],
	"6. right_hip": [
		0.7202620506286621,
		0.5547136664390564,
		0.04742489382624626,
		0.9990557432174683
	],
	"7. right_knee": [
		0.722975492477417,
		0.655021071434021,
		0.06153455004096031,
		0.9169836044311523
	],
	"8. right_ankle": [
		0.7809961438179016,
		0.7129460573196411,
		0.26862984895706177,
		0.8847362399101257
	],
	"14. left_shoulder": [
		0.7981671094894409,
		0.4359547197818756,
		-0.10292348265647888,
		0.9990177750587463
	],
	"15. left_elbow": [
		0.7907117009162903,
		0.5098057985305786,
		-0.2230011522769928,
		0.9321627020835876
	],
	"16. left_wrist": [
		0.7762404084205627,
		0.4747713506221771,
		-0.45351165533065796,
		0.908700704574585
	],
	"19. right_shoulder": [
		0.7095544338226318,
		0.4232703745365143,
		-0.014664899557828903,
		0.9996923208236694
	],
	"20. right_elbow": [
		0.6957364678382874,
		0.4887731373310089,
		-0.0058429427444934845,
		0.9541098475456238
	],
	"21. right_wrist": [
		0.6937645077705383,
		0.536942183971405,
		-0.13601556420326233,
		0.9239157438278198
	],
	"24. nose": [
		0.7591919898986816,
		0.3804361820220947,
		-0.2778005301952362,
		0.9997147917747498
	],
	"25. left_eye": [
		0.7704882025718689,
		0.37079960107803345,
		-0.2583688497543335,
		0.9990010857582092
	],
	"26. right_eye": [
		0.7508269548416138,
		0.3688558340072632,
		-0.2559945583343506,
		0.999380350112915
	],
	"27. left_ear": [
		0.7795712351799011,
		0.3755669593811035,
		-0.14048516750335693,
		0.9982870221138
	],
	"28. right_ear": [
		0.7418992519378662,
		0.37255123257637024,
		-0.12976521253585815,
		0.9994410872459412
	],
	"time stamp": 30.0
}