{
	"1. left_hip": [
		0.5979322791099548,
		0.5512259006500244,
		0.0008471977198496461,
		0.9994848966598511
	],
	"2. left_knee": [
		0.5848114490509033,
		0.6478701829910278,
		-0.006626279558986425,
		0.9467757344245911
	],
	"3. left_ankle": [
		0.5739389657974243,
		0.7493554353713989,
		0.09967492520809174,
		0.9429479837417603
	],
	"6. right_hip": [
		0.5470809936523438,
		0.5452657341957092,
		-0.0008354983874596655,
		0.9994214773178101
	],
	"7. right_knee": [
		0.5315927267074585,
		0.6219130158424377,
		-0.1824372112751007,
		0.9165096879005432
	],
	"8. right_ankle": [
		0.5048180222511292,
		0.6968671083450317,
		-0.0868038460612297,
		0.8127110004425049
	],
	"14. left_shoulder": [
		0.6316319108009338,
		0.4243720769882202,
		-0.13561905920505524,
		0.9998370409011841
	],
	"15. left_elbow": [
		0.6347428560256958,
		0.49903830885887146,
		-0.07544241845607758,
		0.9576709270477295
	],
	"16. left_wrist": [
		0.6364275217056274,
		0.5506211519241333,
		-0.1928289532661438,
		0.8790870904922485
	],
	"19. right_shoulder": [
		0.5367980599403381,
		0.41439682245254517,
		-0.14096137881278992,
		0.99989253282547
	],
	"20. right_elbow": [
		0.5188292264938354,
		0.48421502113342285,
		-0.09761027991771698,
		0.9675341844558716
	],
	"21. right_wrist": [
		0.5042764544487,
		0.5390097498893738,
		-0.19257153570652008,
		0.9248149394989014
	],
	"24. nose": [
		0.5890627503395081,
		0.3634304106235504,
		-0.3483686149120331,
		0.999947726726532
	],
	"25. left_eye": [
		0.6004959344863892,
		0.35535889863967896,
		-0.33330342173576355,
		0.9998127222061157
	],
	"26. right_eye": [
		0.5804075002670288,
		0.35433903336524963,
		-0.3348361849784851,
		0.9998545050621033
	],
	"27. left_ear": [
		0.6084951758384705,
		0.3616544306278229,
		-0.222794771194458,
		0.9995149374008179
	],
	"28. right_ear": [
		0.5716170072555542,
		0.3593323230743408,
		-0.2318551391363144,
		0.9997826218605042
	],
	"time stamp": 30.0
}