{
	"1. left_hip": [
		0.5683804154396057,
		0.5396843552589417,
		0.010284777730703354,
		0.9997498393058777
	],
	"2. left_knee": [
		0.5722091197967529,
		0.6473116874694824,
		-0.05380614101886749,
		0.9606791138648987
	],
	"3. left_ankle": [
		0.5510076284408569,
		0.7489204406738281,
		0.08172328025102615,
		0.9563993811607361
	],
	"6. right_hip": [
		0.516772449016571,
		0.5225807428359985,
		-0.009631691500544548,
		0.9997417330741882
	],
	"7. right_knee": [
		0.49262210726737976,
		0.4980086088180542,
		-0.4538344144821167,
		0.9600257873535156
	],
	"8. right_ankle": [
		0.4612106680870056,
		0.610552191734314,
		-0.38668325543403625,
		0.9088165163993835
	],
	"14. left_shoulder": [
		0.6059728264808655,
		0.4020427167415619,
		-0.08657048642635345,
		0.999893307685852
	],
	"15. left_elbow": [
		0.6137145757675171,
		0.4680119752883911,
		-0.15328358113765717,
		0.9196909666061401
	],
	"16. left_wrist": [
		0.6096888780593872,
		0.5157461166381836,
		-0.33365628123283386,
		0.7702539563179016
	],
	"19. right_shoulder": [
		0.5069613456726074,
		0.4027794301509857,
		-0.06234048306941986,
		0.9999351501464844
	],
	"20. right_elbow": [
		0.4935273826122284,
		0.47207963466644287,
		-0.11988125741481781,
		0.8291003704071045
	],
	"21. right_wrist": [
		0.49632132053375244,
		0.4952832758426666,
		-0.32790905237197876,
		0.6588588953018188
	],
	"24. nose": [
		0.5532546639442444,
		0.3479190468788147,
		-0.34147459268569946,
		0.9999717473983765
	],
	"25. left_eye": [
		0.5642416477203369,
		0.3389270305633545,
		-0.31704550981521606,
		0.9999040961265564
	],
	"26. right_eye": [
		0.5450683832168579,
		0.33928361535072327,
		-0.3157387375831604,
		0.9999274015426636
	],
	"27. left_ear": [
		0.5757680535316467,
		0.3458399176597595,
		-0.17095521092414856,
		0.9997406601905823
	],
	"28. right_ear": [
		0.5375701785087585,
		0.34616318345069885,
		-0.1661301553249359,
		0.9998950362205505
	],
	"time stamp": 30.0
}