{
	"1. left_hip": [
		0.5463099479675293,
		0.5363757014274597,
		0.014043361879885197,
		0.9997413158416748
	],
	"2. left_knee": [
		0.5556113719940186,
		0.6407074332237244,
		0.0247246865183115,
		0.9746359586715698
	],
	"3. left_ankle": [
		0.5494186878204346,
		0.7401114106178284,
		0.1488499641418457,
		0.9755827188491821
	],
	"6. right_hip": [
		0.49070507287979126,
		0.5340766906738281,
		-0.014089507050812244,
		0.9998194575309753
	],
	"7. right_knee": [
		0.45678552985191345,
		0.6443893909454346,
		-0.027851464226841927,
		0.9796023964881897
	],
	"8. right_ankle": [
		0.43525391817092896,
		0.746860921382904,
		0.09136193245649338,
		0.9544379115104675
	],
	"14. left_shoulder": [
		0.5823799967765808,
		0.3938975930213928,
		-0.11346272379159927,
		0.9999185800552368
	],
	"15. left_elbow": [
		0.5900420546531677,
		0.4508408308029175,
		-0.10191311687231064,
		0.9380424618721008
	],
	"16. left_wrist": [
		0.5858297348022461,
		0.5040807723999023,
		-0.27946826815605164,
		0.8357266187667847
	],
	"19. right_shoulder": [
		0.48608699440956116,
		0.39089447259902954,
		-0.13268497586250305,
		0.9999505281448364
	],
	"20. right_elbow": [
		0.4658990204334259,
		0.46409207582473755,
		-0.07846064865589142,
		0.8708457946777344
	],
	"21. right_wrist": [
		0.45206066966056824,
		0.5278598070144653,
		-0.1508946716785431,
		0.7685582637786865
	],
	"24. nose": [
		0.5337424278259277,
		0.3391522169113159,
		-0.36487913131713867,
		0.9999785423278809
	],
	"25. left_eye": [
		0.5440244078636169,
		0.3288404941558838,
		-0.34870481491088867,
		0.9999229907989502
	],
	"26. right_eye": [
		0.5252727270126343,
		0.3292827606201172,
		-0.34862685203552246,
		0.9999356865882874
	],
	"27. left_ear": [
		0.5534172058105469,
		0.33317986130714417,
		-0.21995730698108673,
		0.999808132648468
	],
	"28. right_ear": [
		0.5171192288398743,
		0.3352074921131134,
		-0.22032064199447632,
		0.9999096989631653
	],
	"time stamp": 30.0
}