{
	"1. left_hip": [
		0.5274064540863037,
		0.6004514694213867,
		0.02162557654082775,
		0.9996165633201599
	],
	"2. left_knee": [
		0.5432842373847961,
		0.6784037351608276,
		-0.10627017170190811,
		0.9889501333236694
	],
	"3. left_ankle": [
		0.5743157863616943,
		0.7509518265724182,
		0.111872099339962,
		0.9882087707519531
	],
	"6. right_hip": [
		0.47657421231269836,
		0.5997095704078674,
		-0.021568169817328453,
		0.9997627139091492
	],
	"7. right_knee": [
		0.453943133354187,
		0.6953240633010864,
		-0.03455159813165665,
		0.9908825159072876
	],
	"8. right_ankle": [
		0.39890867471694946,
		0.7516499161720276,
		0.21937598288059235,
		0.980007529258728
	],
	"14. left_shoulder": [
		0.5688501596450806,
		0.47383207082748413,
		-0.12451346963644028,
		0.9999209642410278
	],
	"15. left_elbow": [
		0.5789726376533508,
		0.532913863658905,
		-0.1124287098646164,
		0.9232120513916016
	],
	"16. left_wrist": [
		0.5721384882926941,
		0.5823814868927002,
		-0.2847307324409485,
		0.8022595643997192
	],
	"19. right_shoulder": [
		0.4775286018848419,
		0.4627058506011963,
		-0.18342512845993042,
		0.9999673366546631
	],
	"20. right_elbow": [
		0.4501890540122986,
		0.5285990834236145,
		-0.1717148721218109,
		0.9473524689674377
	],
	"21. right_wrist": [
		0.4507784843444824,
		0.5988755822181702,
		-0.25653213262557983,
		0.8901116251945496
	],
	"24. nose": [
		0.5442594885826111,
		0.426807165145874,
		-0.3542744815349579,
		0.9999769926071167
	],
	"25. left_eye": [
		0.5508172512054443,
		0.41800835728645325,
		-0.3341287076473236,
		0.9999228715896606
	],
	"26. right_eye": [
		0.5354215502738953,
		0.41560912132263184,
		-0.3508341908454895,
		0.9999386072158813
	],
	"27. left_ear": [
		0.5523361563682556,
		0.4223862588405609,
		-0.21106207370758057,
		0.9998009204864502
	],
	"28. right_ear": [
		0.5182008743286133,
		0.41756707429885864,
		-0.24808360636234283,
		0.9999127984046936
	],
	"time stamp": 30.0
}