{
	"1. left_hip": [
		0.5294968485832214,
		0.6162559986114502,
		0.0010542102390900254,
		0.9995439052581787
	],
	"2. left_knee": [
		0.6138812303543091,
		0.6701444387435913,
		-0.23370276391506195,
		0.9910519123077393
	],
	"3. left_ankle": [
		0.5631452798843384,
		0.7565335631370544,
		-0.07435061782598495,
		0.988453209400177
	],
	"6. right_hip": [
		0.4701420068740845,
		0.6187538504600525,
		-0.0009135195869021118,
		0.9997709393501282
	],
	"7. right_knee": [
		0.3934484124183655,
		0.6700140237808228,
		-0.26010921597480774,
		0.9931643009185791
	],
	"8. right_ankle": [
		0.42784053087234497,
		0.7575837969779968,
		-0.07970656454563141,
		0.985495388507843
	],
	"14. left_shoulder": [
		0.5453163385391235,
		0.48086750507354736,
		-0.011737878434360027,
		0.9999048113822937
	],
	"15. left_elbow": [
		0.5686475038528442,
		0.5415520071983337,
		0.04283438250422478,
		0.9379487037658691
	],
	"16. left_wrist": [
		0.5836641192436218,
		0.5979704856872559,
		-0.04071012884378433,
		0.8413229584693909
	],
	"19. right_shoulder": [
		0.4456160068511963,
		0.49304255843162537,
		-0.02854173071682453,
		0.9999491572380066
	],
	"20. right_elbow": [
		0.43040308356285095,
		0.5500965714454651,
		-0.012897280976176262,
		0.9554200768470764
	],
	"21. right_wrist": [
		0.4372130334377289,
		0.6051750183105469,
		-0.11695334315299988,
		0.9034375548362732
	],
	"24. nose": [
		0.4891805648803711,
		0.43449729681015015,
		-0.23603926599025726,
		0.9999827146530151
	],
	"25. left_eye": [
		0.4949336349964142,
		0.42300671339035034,
		-0.21466247737407684,
		0.9999432563781738
	],
	"26. right_eye": [
		0.4767012894153595,
		0.4277102053165436,
		-0.21361246705055237,
		0.9999548196792603
	],
	"27. left_ear": [
		0.5047206282615662,
		0.42703068256378174,
		-0.09701380878686905,
		0.9998602867126465
	],
	"28. right_ear": [
		0.4687905013561249,
		0.43556320667266846,
		-0.089434415102005,
		0.9999379515647888
	],
	"time stamp": 30.0
}