{
	"1. left_hip": [
		0.5171946883201599,
		0.5584092736244202,
		0.006983357015997171,
		0.9997103214263916
	],
	"2. left_knee": [
		0.562764585018158,
		0.6586987972259521,
		-0.03232099488377571,
		0.9929924607276917
	],
	"3. left_ankle": [
		0.5825396180152893,
		0.7475256323814392,
		0.1511288583278656,
		0.9871543645858765
	],
	"6. right_hip": [
		0.4626929461956024,
		0.5691676139831543,
		-0.007052842993289232,
		0.9998042583465576
	],
	"7. right_knee": [
		0.4368847608566284,
		0.6646180152893066,
		-0.0009299117373302579,
		0.9951820373535156
	],
	"8. right_ankle": [
		0.3971596956253052,
		0.7425549626350403,
		0.224234476685524,
		0.9911054968833923
	],
	"14. left_shoulder": [
		0.49985694885253906,
		0.4254183769226074,
		-0.10305603593587875,
		0.9999180436134338
	],
	"15. left_elbow": [
		0.5262058973312378,
		0.49160298705101013,
		-0.027174746617674828,
		0.959784984588623
	],
	"16. left_wrist": [
		0.5543059706687927,
		0.5414271354675293,
		-0.12883810698986053,
		0.910814642906189
	],
	"19. right_shoulder": [
		0.41346457600593567,
		0.4347517788410187,
		-0.15661953389644623,
		0.9999062418937683
	],
	"20. right_elbow": [
		0.42052552103996277,
		0.5131164789199829,
		-0.11786659806966782,
		0.9566928148269653
	],
	"21. right_wrist": [
		0.438481867313385,
		0.57278972864151,
		-0.206689715385437,
		0.9280417561531067
	],
	"24. nose": [
		0.4556213319301605,
		0.3803396224975586,
		-0.346411794424057,
		0.9999833703041077
	],
	"25. left_eye": [
		0.4646998643875122,
		0.3711804449558258,
		-0.32910001277923584,
		0.9999377727508545
	],
	"26. right_eye": [
		0.44681262969970703,
		0.3686932325363159,
		-0.3367292582988739,
		0.9999509453773499
	],
	"27. left_ear": [
		0.4718143343925476,
		0.37659165263175964,
		-0.2061534970998764,
		0.9998539090156555
	],
	"28. right_ear": [
		0.437578409910202,
		0.372131884098053,
		-0.24370691180229187,
		0.9999279379844666
	],
	"time stamp": 30.0
}