{
	"1. left_hip": [
		0.5129972100257874,
		0.5691535472869873,
		0.006374776363372803,
		0.999871015548706
	],
	"2. left_knee": [
		0.5754576921463013,
		0.6551297307014465,
		-0.0954279750585556,
		0.9908981919288635
	],
	"3. left_ankle": [
		0.5791752934455872,
		0.7377535104751587,
		0.11566353589296341,
		0.9912109375
	],
	"6. right_hip": [
		0.45483317971229553,
		0.5739259719848633,
		-0.006358232349157333,
		0.9998824596405029
	],
	"7. right_knee": [
		0.4323095977306366,
		0.6687759160995483,
		0.025439487770199776,
		0.9960110187530518
	],
	"8. right_ankle": [
		0.4057483673095703,
		0.7486323714256287,
		0.2679448127746582,
		0.9935393333435059
	],
	"14. left_shoulder": [
		0.5227612853050232,
		0.4304327368736267,
		-0.07629314810037613,
		0.9998584985733032
	],
	"15. left_elbow": [
		0.5302549004554749,
		0.49561548233032227,
		-0.10201945900917053,
		0.8779682517051697
	],
	"16. left_wrist": [
		0.5361368656158447,
		0.5356491804122925,
		-0.26830071210861206,
		0.856360912322998
	],
	"19. right_shoulder": [
		0.4299045503139496,
		0.4315716326236725,
		-0.07884389162063599,
		0.9999281764030457
	],
	"20. right_elbow": [
		0.4119010865688324,
		0.4970508813858032,
		-0.1550358682870865,
		0.9652365446090698
	],
	"21. right_wrist": [
		0.44446754455566406,
		0.526870608329773,
		-0.3449724316596985,
		0.9385509490966797
	],
	"24. nose": [
		0.4553394317626953,
		0.3733810484409332,
		-0.2722094655036926,
		0.9998865723609924
	],
	"25. left_eye": [
		0.46764224767684937,
		0.3619004189968109,
		-0.25661513209342957,
		0.9996377229690552
	],
	"26. right_eye": [
		0.4523005783557892,
		0.3638059198856354,
		-0.25191912055015564,
		0.9996886849403381
	],
	"27. left_ear": [
		0.4834630787372589,
		0.3666177988052368,
		-0.14904320240020752,
		0.9987722039222717
	],
	"28. right_ear": [
		0.45343056321144104,
		0.3689579963684082,
		-0.1254986673593521,
		0.9995168447494507
	],
	"time stamp": 30.0
}