{
	"1. left_hip": [
		0.6647164821624756,
		0.5535808205604553,
		0.0008907616720534861,
		0.9997957944869995
	],
	"2. left_knee": [
		0.6762392520904541,
		0.656863808631897,
		-0.0742572546005249,
		0.9916697144508362
	],
	"3. left_ankle": [
		0.6646027565002441,
		0.7486772537231445,
		0.09827607125043869,
		0.9875553846359253
	],
	"6. right_hip": [
		0.6140549778938293,
		0.5591846704483032,
		-0.000752371153794229,
		0.9996423125267029
	],
	"7. right_knee": [
		0.6320019364356995,
		0.660827100276947,
		0.0017266315408051014,
		0.9842328429222107
	],
	"8. right_ankle": [
		0.6737505197525024,
		0.6862974166870117,
		0.3397224545478821,
		0.9108737111091614
	],
	"14. left_shoulder": [
		0.6749278903007507,
		0.4123145639896393,
		-0.04292003810405731,
		0.9999112486839294
	],
	"15. left_elbow": [
		0.7029224634170532,
		0.4600701928138733,
		-0.06283501535654068,
		0.9505974650382996
	],
	"16. left_wrist": [
		0.700150728225708,
		0.4892853796482086,
		-0.25253039598464966,
		0.9122777581214905
	],
	"19. right_shoulder": [
		0.5863215923309326,
		0.42530086636543274,
		-0.07836126536130905,
		0.9996470808982849
	],
	"20. right_elbow": [
		0.5656961798667908,
		0.48165419697761536,
		-0.14021483063697815,
		0.9652577638626099
	],
	"21. right_wrist": [
		0.6043750643730164,
		0.49769946932792664,
		-0.32307517528533936,
		0.9276032447814941
	],
	"24. nose": [
		0.6348743438720703,
		0.366132527589798,
		-0.30070629715919495,
		0.9998689889907837
	],
	"25. left_eye": [
		0.6400318145751953,
		0.3575284779071808,
		-0.27627867460250854,
		0.9996747374534607
	],
	"26. right_eye": [
		0.6233586668968201,
		0.3580869138240814,
		-0.2832976281642914,
		0.9995341897010803
	],
	"27. left_ear": [
		0.6449887156486511,
		0.36287105083465576,
		-0.08659124374389648,
		0.9994673132896423
	],
	"28. right_ear": [
		0.6098571419715881,
		0.3658978044986725,
		-0.15372416377067566,
		0.9989551901817322
	],
	"time stamp": 30.0
}