{
	"1. left_hip": [
		0.6753658652305603,
		0.5551084280014038,
		0.023144498467445374,
		0.99985271692276
	],
	"2. left_knee": [
		0.6922717094421387,
		0.6514111757278442,
		-0.1696709394454956,
		0.9903727769851685
	],
	"3. left_ankle": [
		0.6544426679611206,
		0.7492340207099915,
		-0.075872041285038,
		0.9881024956703186
	],
	"6. right_hip": [
		0.633495569229126,
		0.565037727355957,
		-0.02293482981622219,
		0.9996951222419739
	],
	"7. right_knee": [
		0.6675729155540466,
		0.6618286967277527,
		0.0014528544852510095,
		0.9724819660186768
	],
	"8. right_ankle": [
		0.7104191184043884,
		0.7106069922447205,
		0.30475738644599915,
		0.8883413672447205
	],
	"14. left_shoulder": [
		0.6804008483886719,
		0.4184630513191223,
		0.029173631221055984,
		0.9999307990074158
	],
	"15. left_elbow": [
		0.6948969960212708,
		0.4703619182109833,
		0.09002050757408142,
		0.8590824604034424
	],
	"16. left_wrist": [
		0.7459048628807068,
		0.4836467504501343,
		-0.01939009502530098,
		0.8941186666488647
	],
	"19. right_shoulder": [
		0.6052762269973755,
		0.422171950340271,
		-0.052857670933008194,
		0.9996902942657471
	],
	"20. right_elbow": [
		0.5746419429779053,
		0.47716572880744934,
		-0.07287894189357758,
		0.9655625224113464
	],
	"21. right_wrist": [
		0.544034481048584,
		0.514731228351593,
		-0.19330337643623352,
		0.9108635783195496
	],
	"24. nose": [
		0.6472461223602295,
		0.3651917278766632,
		-0.2598229944705963,
		0.999911367893219
	],
	"25. left_eye": [
		0.6529707908630371,
		0.35598668456077576,
		-0.2313210517168045,
		0.999780535697937
	],
	"26. right_eye": [
		0.6367586851119995,
		0.356432169675827,
		-0.23827427625656128,
		0.9996857047080994
	],
	"27. left_ear": [
		0.6590490341186523,
		0.36130014061927795,
		-0.08020234107971191,
		0.9996360540390015
	],
	"28. right_ear": [
		0.6252521872520447,
		0.364021897315979,
		-0.11049804091453552,
		0.9993060231208801
	],
	"time stamp": 30.0
}