{
	"1. left_hip": [
		0.6294119358062744,
		0.545275866985321,
		0.11856649816036224,
		0.9979949593544006
	],
	"2. left_knee": [
		0.645576000213623,
		0.6360841989517212,
		0.21898889541625977,
		0.8439337015151978
	],
	"3. left_ankle": [
		0.5742858648300171,
		0.6635017395019531,
		0.34399235248565674,
		0.9120460748672485
	],
	"6. right_hip": [
		0.6490275263786316,
		0.5476971864700317,
		-0.11863817274570465,
		0.9974324107170105
	],
	"7. right_knee": [
		0.6631935834884644,
		0.6480116248130798,
		-0.13754057884216309,
		0.8481320738792419
	],
	"8. right_ankle": [
		0.6187373399734497,
		0.7420526146888733,
		-0.09255577623844147,
		0.879991352558136
	],
	"14. left_shoulder": [
		0.6371181607246399,
		0.39593106508255005,
		0.16950881481170654,
		0.9988921284675598
	],
	"15. left_elbow": [
		0.6478080749511719,
		0.46718427538871765,
		0.2273058295249939,
		0.6693113446235657
	],
	"16. left_wrist": [
		0.6774265766143799,
		0.5091741681098938,
		0.16334733366966248,
		0.4860442280769348
	],
	"19. right_shoulder": [
		0.6543018817901611,
		0.3947198688983917,
		-0.21934674680233002,
		0.9986546635627747
	],
	"20. right_elbow": [
		0.6431037783622742,
		0.48029735684394836,
		-0.26681944727897644,
		0.778368353843689
	],
	"21. right_wrist": [
		0.690862774848938,
		0.528136670589447,
		-0.26402100920677185,
		0.5416688919067383
	],
	"24. nose": [
		0.6816160678863525,
		0.3528595268726349,
		-0.0334220789372921,
		0.9915263056755066
	],
	"25. left_eye": [
		0.6744669079780579,
		0.34312447905540466,
		-0.01583554781973362,
		0.9901912808418274
	],
	"26. right_eye": [
		0.6748773455619812,
		0.34390008449554443,
		-0.05988544225692749,
		0.9923263788223267
	],
	"27. left_ear": [
		0.6620834469795227,
		0.3455856442451477,
		0.05346796661615372,
		0.9868496060371399
	],
	"28. right_ear": [
		0.664946973323822,
		0.34603285789489746,
		-0.12839317321777344,
		0.9910112023353577
	],
	"time stamp": 30.0
}