{
	"1. left_hip": [
		0.647653341293335,
		0.5435782074928284,
		0.09774307906627655,
		0.9983432292938232
	],
	"2. left_knee": [
		0.6589174270629883,
		0.6456539630889893,
		0.06742114573717117,
		0.7855650782585144
	],
	"3. left_ankle": [
		0.6110877990722656,
		0.7386239767074585,
		0.08520667999982834,
		0.8702734708786011
	],
	"6. right_hip": [
		0.6181475520133972,
		0.547991156578064,
		-0.09780478477478027,
		0.9981433749198914
	],
	"7. right_knee": [
		0.6611557006835938,
		0.5501264333724976,
		-0.3829246461391449,
		0.8953359127044678
	],
	"8. right_ankle": [
		0.6721813082695007,
		0.6202455163002014,
		-0.3080287277698517,
		0.9095888137817383
	],
	"14. left_shoulder": [
		0.6783326864242554,
		0.4050692915916443,
		0.07002516835927963,
		0.9992156624794006
	],
	"15. left_elbow": [
		0.6989858150482178,
		0.4555530846118927,
		0.051868099719285965,
		0.5975872874259949
	],
	"16. left_wrist": [
		0.709371030330658,
		0.4719165563583374,
		-0.17049148678779602,
		0.5365620255470276
	],
	"19. right_shoulder": [
		0.6232531666755676,
		0.4128718972206116,
		-0.2366354912519455,
		0.9991000294685364
	],
	"20. right_elbow": [
		0.5912221670150757,
		0.4859071373939514,
		-0.2594958543777466,
		0.8499422669410706
	],
	"21. right_wrist": [
		0.6305012702941895,
		0.5291358828544617,
		-0.28914839029312134,
		0.690653920173645
	],
	"24. nose": [
		0.6893218159675598,
		0.35402345657348633,
		-0.17355065047740936,
		0.9943294525146484
	],
	"25. left_eye": [
		0.681452214717865,
		0.3434069752693176,
		-0.1507568061351776,
		0.9933320879936218
	],
	"26. right_eye": [
		0.6771496534347534,
		0.345628559589386,
		-0.18576839566230774,
		0.9948441982269287
	],
	"27. left_ear": [
		0.666914165019989,
		0.35081547498703003,
		-0.06068399176001549,
		0.9910717010498047
	],
	"28. right_ear": [
		0.662668764591217,
		0.35287269949913025,
		-0.19839167594909668,
		0.9939307570457458
	],
	"time stamp": 30.0
}