{
	"1. left_hip": [
		0.6791653633117676,
		0.5269606113433838,
		0.036463476717472076,
		0.9988631010055542
	],
	"2. left_knee": [
		0.7230710983276367,
		0.6191040873527527,
		-0.050530724227428436,
		0.8639262914657593
	],
	"3. left_ankle": [
		0.7460479140281677,
		0.7226633429527283,
		0.1042371615767479,
		0.9131624698638916
	],
	"6. right_hip": [
		0.6238085627555847,
		0.5336095094680786,
		-0.036384548991918564,
		0.9987621903419495
	],
	"7. right_knee": [
		0.6204882264137268,
		0.6437299251556396,
		-0.07160316407680511,
		0.9363138675689697
	],
	"8. right_ankle": [
		0.6299180388450623,
		0.7443994879722595,
		0.07372721284627914,
		0.9405102133750916
	],
	"14. left_shoulder": [
		0.6988692879676819,
		0.3921813368797302,
		-0.0043648406863212585,
		0.9995253682136536
	],
	"15. left_elbow": [
		0.714042067527771,
		0.4545918107032776,
		0.0035408618859946728,
		0.7245599031448364
	],
	"16. left_wrist": [
		0.7367149591445923,
		0.48147109150886536,
		-0.18888163566589355,
		0.7119918465614319
	],
	"19. right_shoulder": [
		0.6049391627311707,
		0.3980323076248169,
		-0.11182399094104767,
		0.9994582533836365
	],
	"20. right_elbow": [
		0.5900186896324158,
		0.4617007076740265,
		-0.1328008770942688,
		0.9084787964820862
	],
	"21. right_wrist": [
		0.5969516634941101,
		0.5146688222885132,
		-0.28657057881355286,
		0.8096873164176941
	],
	"24. nose": [
		0.6741164326667786,
		0.3359382152557373,
		-0.25676149129867554,
		0.9966447353363037
	],
	"25. left_eye": [
		0.6753364205360413,
		0.3274981677532196,
		-0.23442435264587402,
		0.9960513114929199
	],
	"26. right_eye": [
		0.6593542695045471,
		0.3291870057582855,
		-0.24718673527240753,
		0.9969431161880493
	],
	"27. left_ear": [
		0.6694715023040771,
		0.3337019979953766,
		-0.10301944613456726,
		0.9947077035903931
	],
	"28. right_ear": [
		0.6406486630439758,
		0.33895209431648254,
		-0.17082567512989044,
		0.9964063167572021
	],
	"time stamp": 30.0
}