{
	"1. left_hip": [
		0.6850228309631348,
		0.5372034311294556,
		-0.022632982581853867,
		0.999136209487915
	],
	"2. left_knee": [
		0.7178015112876892,
		0.6497938632965088,
		-0.08132664859294891,
		0.9003127813339233
	],
	"3. left_ankle": [
		0.7570727467536926,
		0.751291811466217,
		0.033061083406209946,
		0.9356940388679504
	],
	"6. right_hip": [
		0.6261417865753174,
		0.5398841500282288,
		0.022725731134414673,
		0.9990568161010742
	],
	"7. right_knee": [
		0.6180666089057922,
		0.6524723172187805,
		-0.02258126251399517,
		0.9523597955703735
	],
	"8. right_ankle": [
		0.6431587338447571,
		0.7510596513748169,
		0.1454099714756012,
		0.9549233317375183
	],
	"14. left_shoulder": [
		0.7033173441886902,
		0.39540743827819824,
		0.0028047312516719103,
		0.9996535181999207
	],
	"15. left_elbow": [
		0.7246641516685486,
		0.45538437366485596,
		-0.0677880272269249,
		0.7977898120880127
	],
	"16. left_wrist": [
		0.7548069953918457,
		0.4903815984725952,
		-0.3071169853210449,
		0.7889939546585083
	],
	"19. right_shoulder": [
		0.6064068675041199,
		0.3988302946090698,
		0.055071793496608734,
		0.9995968341827393
	],
	"20. right_elbow": [
		0.5884406566619873,
		0.4640672504901886,
		-0.007372262887656689,
		0.923390805721283
	],
	"21. right_wrist": [
		0.59761643409729,
		0.5138283967971802,
		-0.20501062273979187,
		0.8535085320472717
	],
	"24. nose": [
		0.6635440587997437,
		0.33759286999702454,
		-0.1426403820514679,
		0.9975534677505493
	],
	"25. left_eye": [
		0.6657235026359558,
		0.32941731810569763,
		-0.12093567848205566,
		0.9971200227737427
	],
	"26. right_eye": [
		0.6494458913803101,
		0.3308963179588318,
		-0.12098857760429382,
		0.9977691769599915
	],
	"27. left_ear": [
		0.6685205698013306,
		0.3350785970687866,
		-0.0071084885857999325,
		0.9961405396461487
	],
	"28. right_ear": [
		0.6363672614097595,
		0.3404878079891205,
		-0.008021003566682339,
		0.9973768591880798
	],
	"time stamp": 30.0
}