{
	"1. left_hip": [
		0.6893225908279419,
		0.5403079390525818,
		-0.01910802163183689,
		0.9992106556892395
	],
	"2. left_knee": [
		0.7192311882972717,
		0.6513937711715698,
		-0.08697368204593658,
		0.9100583791732788
	],
	"3. left_ankle": [
		0.7529398798942566,
		0.7471598386764526,
		0.08194267749786377,
		0.9417648315429688
	],
	"6. right_hip": [
		0.6281477212905884,
		0.5416160225868225,
		0.019146595150232315,
		0.9991386532783508
	],
	"7. right_knee": [
		0.6175456047058105,
		0.6530395150184631,
		-0.031718116253614426,
		0.9568282961845398
	],
	"8. right_ankle": [
		0.6431705951690674,
		0.7490019202232361,
		0.16929186880588531,
		0.9589331746101379
	],
	"14. left_shoulder": [
		0.7063301801681519,
		0.4001467525959015,
		-0.04591554403305054,
		0.9996878504753113
	],
	"15. left_elbow": [
		0.7282217741012573,
		0.46001988649368286,
		-0.0896061509847641,
		0.8174110651016235
	],
	"16. left_wrist": [
		0.7572775483131409,
		0.49361708760261536,
		-0.3124285638332367,
		0.809540867805481
	],
	"19. right_shoulder": [
		0.6084160804748535,
		0.3989603817462921,
		-0.012856988236308098,
		0.9996339678764343
	],
	"20. right_elbow": [
		0.5890586376190186,
		0.4643438458442688,
		-0.048099905252456665,
		0.9283403754234314
	],
	"21. right_wrist": [
		0.5986195802688599,
		0.5140380859375,
		-0.2093413919210434,
		0.8651884198188782
	],
	"24. nose": [
		0.6603566408157349,
		0.3381361961364746,
		-0.23436595499515533,
		0.9977979063987732
	],
	"25. left_eye": [
		0.6625965237617493,
		0.32998913526535034,
		-0.21332862973213196,
		0.9974074959754944
	],
	"26. right_eye": [
		0.6463125944137573,
		0.33103954792022705,
		-0.2095932811498642,
		0.9979913234710693
	],
	"27. left_ear": [
		0.6679121851921082,
		0.3356937766075134,
		-0.09406962990760803,
		0.9965258836746216
	],
	"28. right_ear": [
		0.6352375745773315,
		0.34183353185653687,
		-0.07622072845697403,
		0.9976378083229065
	],
	"time stamp": 30.0
}