{
	"1. left_hip": [
		0.6948294639587402,
		0.5462986826896667,
		-0.02373567968606949,
		0.9993352890014648
	],
	"2. left_knee": [
		0.7217575907707214,
		0.6537548899650574,
		-0.07745930552482605,
		0.9266471266746521
	],
	"3. left_ankle": [
		0.7593035101890564,
		0.751171350479126,
		0.06879668682813644,
		0.952138364315033
	],
	"6. right_hip": [
		0.6351267099380493,
		0.5458713173866272,
		0.023747699335217476,
		0.9992777705192566
	],
	"7. right_knee": [
		0.6186521649360657,
		0.6510840654373169,
		-0.025704452767968178,
		0.9644839763641357
	],
	"8. right_ankle": [
		0.6428713202476501,
		0.7484993934631348,
		0.1636349856853485,
		0.9657981395721436
	],
	"14. left_shoulder": [
		0.709046483039856,
		0.402969092130661,
		-0.06549547612667084,
		0.9997464418411255
	],
	"15. left_elbow": [
		0.7316792011260986,
		0.46071290969848633,
		-0.11056924611330032,
		0.8511461615562439
	],
	"16. left_wrist": [
		0.7573439478874207,
		0.4967799484729767,
		-0.32207757234573364,
		0.844795286655426
	],
	"19. right_shoulder": [
		0.6099019646644592,
		0.4050946831703186,
		-0.02057533524930477,
		0.9996970295906067
	],
	"20. right_elbow": [
		0.5917849540710449,
		0.46484342217445374,
		-0.05476273223757744,
		0.9364258646965027
	],
	"21. right_wrist": [
		0.6030714511871338,
		0.51444011926651,
		-0.23118333518505096,
		0.8852980136871338
	],
	"24. nose": [
		0.6573829650878906,
		0.3403077721595764,
		-0.24994949996471405,
		0.998215913772583
	],
	"25. left_eye": [
		0.6596422791481018,
		0.3310660123825073,
		-0.23112517595291138,
		0.9978989958763123
	],
	"26. right_eye": [
		0.6434825658798218,
		0.33436721563339233,
		-0.22848936915397644,
		0.9983712434768677
	],
	"27. left_ear": [
		0.6659174561500549,
		0.33644428849220276,
		-0.11640676856040955,
		0.997184693813324
	],
	"28. right_ear": [
		0.633438229560852,
		0.3457365930080414,
		-0.08369141072034836,
		0.9980838298797607
	],
	"time stamp": 30.0
}