{
	"1. left_hip": [
		0.7080148458480835,
		0.5441280603408813,
		-0.04986315220594406,
		0.9996566772460938
	],
	"2. left_knee": [
		0.7412456274032593,
		0.6466835737228394,
		-0.10325281322002411,
		0.9749001264572144
	],
	"3. left_ankle": [
		0.7828205823898315,
		0.7550855875015259,
		-0.03318670019507408,
		0.9827740788459778
	],
	"6. right_hip": [
		0.6529664993286133,
		0.5459652543067932,
		0.0500149205327034,
		0.9996474981307983
	],
	"7. right_knee": [
		0.6326356530189514,
		0.6498857736587524,
		0.037968311458826065,
		0.9858092665672302
	],
	"8. right_ankle": [
		0.6432371735572815,
		0.749178946018219,
		0.19750189781188965,
		0.985902726650238
	],
	"14. left_shoulder": [
		0.713884711265564,
		0.3874052166938782,
		-0.01564164273440838,
		0.9999149441719055
	],
	"15. left_elbow": [
		0.7665122747421265,
		0.41904857754707336,
		-0.15071183443069458,
		0.9482325911521912
	],
	"16. left_wrist": [
		0.7819884419441223,
		0.4555562734603882,
		-0.40310609340667725,
		0.9387378692626953
	],
	"19. right_shoulder": [
		0.6202876567840576,
		0.39846107363700867,
		0.08973943442106247,
		0.9998858571052551
	],
	"20. right_elbow": [
		0.6014043688774109,
		0.44909343123435974,
		0.002474820474162698,
		0.9570456147193909
	],
	"21. right_wrist": [
		0.6126911640167236,
		0.4879525601863861,
		-0.2704888582229614,
		0.9474223256111145
	],
	"24. nose": [
		0.6533520221710205,
		0.34839290380477905,
		-0.1571626216173172,
		0.9994347095489502
	],
	"25. left_eye": [
		0.6613371968269348,
		0.3362642526626587,
		-0.1417212039232254,
		0.9993257522583008
	],
	"26. right_eye": [
		0.6437523365020752,
		0.3408033847808838,
		-0.13433566689491272,
		0.9994721412658691
	],
	"27. left_ear": [
		0.671352744102478,
		0.33767202496528625,
		-0.03321757912635803,
		0.9990991950035095
	],
	"28. right_ear": [
		0.6388027667999268,
		0.34627458453178406,
		0.002652211580425501,
		0.9993752241134644
	],
	"time stamp": 30.0
}