{
	"1. left_hip": [
		0.7156713604927063,
		0.5529168844223022,
		-0.04355277493596077,
		0.9997415542602539
	],
	"2. left_knee": [
		0.7435553669929504,
		0.658703625202179,
		-0.09541480988264084,
		0.98436039686203
	],
	"3. left_ankle": [
		0.7767311930656433,
		0.747255265712738,
		0.12770146131515503,
		0.9889795184135437
	],
	"6. right_hip": [
		0.6609918475151062,
		0.5551694631576538,
		0.04347264766693115,
		0.9997081160545349
	],
	"7. right_knee": [
		0.6458990573883057,
		0.6528680324554443,
		-0.014639521017670631,
		0.9902439117431641
	],
	"8. right_ankle": [
		0.6995658874511719,
		0.7317904829978943,
		0.27108800411224365,
		0.9898186326026917
	],
	"14. left_shoulder": [
		0.7119824886322021,
		0.39022761583328247,
		-0.09062707424163818,
		0.9999477863311768
	],
	"15. left_elbow": [
		0.7448076605796814,
		0.44697967171669006,
		-0.15525081753730774,
		0.9672127366065979
	],
	"16. left_wrist": [
		0.7758090496063232,
		0.48568195104599,
		-0.3801943361759186,
		0.9607124328613281
	],
	"19. right_shoulder": [
		0.6191300749778748,
		0.4098970293998718,
		-0.0027734346222132444,
		0.999882161617279
	],
	"20. right_elbow": [
		0.6193609833717346,
		0.47513389587402344,
		-0.047010816633701324,
		0.92928546667099
	],
	"21. right_wrist": [
		0.6153912544250488,
		0.5151420831680298,
		-0.29760777950286865,
		0.947024405002594
	],
	"24. nose": [
		0.6484920978546143,
		0.348986953496933,
		-0.2674206495285034,
		0.9996627569198608
	],
	"25. left_eye": [
		0.6571857333183289,
		0.3373332619667053,
		-0.25040748715400696,
		0.9995899200439453
	],
	"26. right_eye": [
		0.6380764245986938,
		0.3427571952342987,
		-0.24397294223308563,
		0.9996694326400757
	],
	"27. left_ear": [
		0.6684628129005432,
		0.3411615192890167,
		-0.13534925878047943,
		0.999453604221344
	],
	"28. right_ear": [
		0.6327711343765259,
		0.3512832522392273,
		-0.10290530323982239,
		0.9995898604393005
	],
	"time stamp": 30.0
}