{
	"1. left_hip": [
		0.6573248505592346,
		0.5596562027931213,
		-0.05201512575149536,
		0.9997159242630005
	],
	"2. left_knee": [
		0.6053507924079895,
		0.6598213315010071,
		-0.1881837546825409,
		0.9718324542045593
	],
	"3. left_ankle": [
		0.5578770637512207,
		0.7470793128013611,
		-0.10639993846416473,
		0.9858254194259644
	],
	"6. right_hip": [
		0.6106628179550171,
		0.5626083612442017,
		0.051717907190322876,
		0.9996031522750854
	],
	"7. right_knee": [
		0.6719241738319397,
		0.6611842513084412,
		0.08191622048616409,
		0.9275433421134949
	],
	"8. right_ankle": [
		0.7343088388442993,
		0.7410085201263428,
		0.25693538784980774,
		0.9715806841850281
	],
	"14. left_shoulder": [
		0.6700248122215271,
		0.42507341504096985,
		-0.1518741250038147,
		0.9999586939811707
	],
	"15. left_elbow": [
		0.7323019504547119,
		0.4537162184715271,
		-0.1204165443778038,
		0.9838246703147888
	],
	"16. left_wrist": [
		0.7939004302024841,
		0.4472297728061676,
		-0.15219861268997192,
		0.9749916195869446
	],
	"19. right_shoulder": [
		0.5721240043640137,
		0.4343547821044922,
		-0.1271165907382965,
		0.9998915195465088
	],
	"20. right_elbow": [
		0.5511777400970459,
		0.5010531544685364,
		-0.27515122294425964,
		0.9281355738639832
	],
	"21. right_wrist": [
		0.5728416442871094,
		0.472813218832016,
		-0.5653448700904846,
		0.9637905359268188
	],
	"24. nose": [
		0.5989881753921509,
		0.3813275694847107,
		-0.3499818444252014,
		0.9998642206192017
	],
	"25. left_eye": [
		0.6090148687362671,
		0.37047308683395386,
		-0.3387211859226227,
		0.9998259544372559
	],
	"26. right_eye": [
		0.5960268378257751,
		0.3719528913497925,
		-0.3282181918621063,
		0.9998509883880615
	],
	"27. left_ear": [
		0.6269752979278564,
		0.37456014752388,
		-0.2482443004846573,
		0.9997711181640625
	],
	"28. right_ear": [
		0.5986419320106506,
		0.37585529685020447,
		-0.20139464735984802,
		0.9997913241386414
	],
	"time stamp": 30.0
}