{
	"1. left_hip": [
		0.5927792191505432,
		0.566650390625,
		-0.025037169456481934,
		0.9995713829994202
	],
	"2. left_knee": [
		0.5735891461372375,
		0.6613767743110657,
		-0.06928122043609619,
		0.9580748677253723
	],
	"3. left_ankle": [
		0.5517541766166687,
		0.7471350431442261,
		0.085817351937294,
		0.9661349654197693
	],
	"6. right_hip": [
		0.5447538495063782,
		0.5617157816886902,
		0.02507058158516884,
		0.9991658329963684
	],
	"7. right_knee": [
		0.4962434470653534,
		0.6453882455825806,
		-0.05714710056781769,
		0.9254181981086731
	],
	"8. right_ankle": [
		0.5497040748596191,
		0.6673785448074341,
		0.27393531799316406,
		0.8089963793754578
	],
	"14. left_shoulder": [
		0.6079137325286865,
		0.4247964322566986,
		-0.09746547788381577,
		0.9995685815811157
	],
	"15. left_elbow": [
		0.6657544374465942,
		0.4465324282646179,
		-0.10770370066165924,
		0.9851316809654236
	],
	"16. left_wrist": [
		0.728487491607666,
		0.43747764825820923,
		-0.1688438355922699,
		0.9717611074447632
	],
	"19. right_shoulder": [
		0.5214745998382568,
		0.4320233166217804,
		-0.08888592571020126,
		0.9986301064491272
	],
	"20. right_elbow": [
		0.519240140914917,
		0.4951392412185669,
		-0.23233221471309662,
		0.931876003742218
	],
	"21. right_wrist": [
		0.5398687124252319,
		0.4636176526546478,
		-0.4866248667240143,
		0.9589617252349854
	],
	"24. nose": [
		0.5361860394477844,
		0.3805907964706421,
		-0.23894141614437103,
		0.9998030662536621
	],
	"25. left_eye": [
		0.546018660068512,
		0.37095925211906433,
		-0.23276054859161377,
		0.9995039701461792
	],
	"26. right_eye": [
		0.5370286703109741,
		0.3705345094203949,
		-0.22104500234127045,
		0.9995719790458679
	],
	"27. left_ear": [
		0.5633333325386047,
		0.3743330240249634,
		-0.16781385242938995,
		0.9992828965187073
	],
	"28. right_ear": [
		0.5486543774604797,
		0.3739309012889862,
		-0.11492891609668732,
		0.9994634389877319
	],
	"time stamp": 30.0
}