{
	"1. left_hip": [
		0.5221551060676575,
		0.5443883538246155,
		0.007823417894542217,
		0.9995424747467041
	],
	"2. left_knee": [
		0.5361683964729309,
		0.6440640687942505,
		-0.04112502560019493,
		0.9810302257537842
	],
	"3. left_ankle": [
		0.5202099084854126,
		0.7347092628479004,
		0.15901614725589752,
		0.9793714284896851
	],
	"6. right_hip": [
		0.4628661572933197,
		0.5415763854980469,
		-0.007824947126209736,
		0.9994409680366516
	],
	"7. right_knee": [
		0.42782554030418396,
		0.6467288732528687,
		-0.05473149195313454,
		0.9761070609092712
	],
	"8. right_ankle": [
		0.39876943826675415,
		0.7378119230270386,
		0.09764780104160309,
		0.9349125623703003
	],
	"14. left_shoulder": [
		0.5431099534034729,
		0.38466617465019226,
		0.05396026372909546,
		0.9991543889045715
	],
	"15. left_elbow": [
		0.5950172543525696,
		0.3627967834472656,
		0.1270095854997635,
		0.9832597374916077
	],
	"16. left_wrist": [
		0.6504632234573364,
		0.3880567252635956,
		0.13170316815376282,
		0.9723744988441467
	],
	"19. right_shoulder": [
		0.45954787731170654,
		0.3939715027809143,
		0.012547113932669163,
		0.9980707764625549
	],
	"20. right_elbow": [
		0.4349713623523712,
		0.43639495968818665,
		-0.08250022679567337,
		0.9319283366203308
	],
	"21. right_wrist": [
		0.4537268280982971,
		0.4442201256752014,
		-0.26751708984375,
		0.9445832371711731
	],
	"24. nose": [
		0.4929795563220978,
		0.36074262857437134,
		-0.1627035140991211,
		0.9991713166236877
	],
	"25. left_eye": [
		0.5028223991394043,
		0.35007816553115845,
		-0.14880239963531494,
		0.9971444606781006
	],
	"26. right_eye": [
		0.4893190264701843,
		0.34979233145713806,
		-0.14912748336791992,
		0.9981736540794373
	],
	"27. left_ear": [
		0.5157347321510315,
		0.3518885672092438,
		-0.03652169182896614,
		0.9970616698265076
	],
	"28. right_ear": [
		0.4864920675754547,
		0.35274314880371094,
		-0.038095638155937195,
		0.9980239868164062
	],
	"time stamp": 30.0
}