{
	"1. left_hip": [
		0.5207852721214294,
		0.5595715045928955,
		-0.008517398498952389,
		0.9989484548568726
	],
	"2. left_knee": [
		0.4995700418949127,
		0.6492499113082886,
		-0.018778784200549126,
		0.9697378873825073
	],
	"3. left_ankle": [
		0.47057437896728516,
		0.7214468121528625,
		0.20799748599529266,
		0.9511593580245972
	],
	"6. right_hip": [
		0.47026851773262024,
		0.5548268556594849,
		0.008624525740742683,
		0.9990792274475098
	],
	"7. right_knee": [
		0.45597800612449646,
		0.6506297588348389,
		-0.012836701236665249,
		0.9719935655593872
	],
	"8. right_ankle": [
		0.4595617949962616,
		0.7382171154022217,
		0.16187763214111328,
		0.9475520253181458
	],
	"14. left_shoulder": [
		0.550310492515564,
		0.42426034808158875,
		-0.11547444760799408,
		0.9995137453079224
	],
	"15. left_elbow": [
		0.5876532793045044,
		0.4851563572883606,
		-0.2019606977701187,
		0.9889194965362549
	],
	"16. left_wrist": [
		0.5684266686439514,
		0.476876437664032,
		-0.4279628396034241,
		0.981681227684021
	],
	"19. right_shoulder": [
		0.4573252499103546,
		0.4238409399986267,
		-0.08344253897666931,
		0.9988725781440735
	],
	"20. right_elbow": [
		0.4293152689933777,
		0.4766513407230377,
		-0.030043618753552437,
		0.9568233489990234
	],
	"21. right_wrist": [
		0.3880094885826111,
		0.5014857053756714,
		-0.12401282787322998,
		0.9619743824005127
	],
	"24. nose": [
		0.505947470664978,
		0.37681564688682556,
		-0.3146752119064331,
		0.9995373487472534
	],
	"25. left_eye": [
		0.5135807991027832,
		0.36762866377830505,
		-0.29831773042678833,
		0.9983978867530823
	],
	"26. right_eye": [
		0.4943636953830719,
		0.36674562096595764,
		-0.29778456687927246,
		0.9989355802536011
	],
	"27. left_ear": [
		0.5204983353614807,
		0.37140175700187683,
		-0.18254271149635315,
		0.9983091354370117
	],
	"28. right_ear": [
		0.48814210295677185,
		0.36912664771080017,
		-0.18076443672180176,
		0.9987768530845642
	],
	"time stamp": 30.0
}