{
	"1. left_hip": [
		0.5989785194396973,
		0.5480636358261108,
		-0.028894053772091866,
		0.9967028498649597
	],
	"2. left_knee": [
		0.6185548901557922,
		0.6367365717887878,
		-0.02913404442369938,
		0.9392077326774597
	],
	"3. left_ankle": [
		0.6132532358169556,
		0.6770970821380615,
		0.28349149227142334,
		0.8579931855201721
	],
	"6. right_hip": [
		0.5547127723693848,
		0.5524706840515137,
		0.028870301321148872,
		0.9991009831428528
	],
	"7. right_knee": [
		0.5500145554542542,
		0.6643802523612976,
		-0.01620998978614807,
		0.9381103515625
	],
	"8. right_ankle": [
		0.5771576762199402,
		0.764956533908844,
		0.10467743128538132,
		0.9689316153526306
	],
	"14. left_shoulder": [
		0.6100830435752869,
		0.4081047773361206,
		-0.06878051161766052,
		0.9963042140007019
	],
	"15. left_elbow": [
		0.5992367267608643,
		0.46445244550704956,
		-0.1472804695367813,
		0.8679013848304749
	],
	"16. left_wrist": [
		0.5731557607650757,
		0.4788580536842346,
		-0.3295970559120178,
		0.8695513010025024
	],
	"19. right_shoulder": [
		0.5307111740112305,
		0.40988168120384216,
		0.04581007733941078,
		0.9983476996421814
	],
	"20. right_elbow": [
		0.49267515540122986,
		0.4497174620628357,
		0.0777178481221199,
		0.9068636298179626
	],
	"21. right_wrist": [
		0.44265323877334595,
		0.4383810758590698,
		-0.04599439352750778,
		0.9587638974189758
	],
	"24. nose": [
		0.5819925665855408,
		0.35836026072502136,
		-0.2276712954044342,
		0.9986779093742371
	],
	"25. left_eye": [
		0.586922287940979,
		0.3500380516052246,
		-0.21037828922271729,
		0.9971149563789368
	],
	"26. right_eye": [
		0.5709699392318726,
		0.34785082936286926,
		-0.2073231190443039,
		0.9968107342720032
	],
	"27. left_ear": [
		0.5881776809692383,
		0.3547665774822235,
		-0.09380494058132172,
		0.9965295791625977
	],
	"28. right_ear": [
		0.5595322251319885,
		0.35354408621788025,
		-0.09089609235525131,
		0.9947043657302856
	],
	"time stamp": 30.0
}