{
	"1. left_hip": [
		0.6655490398406982,
		0.5457190275192261,
		-0.06723044067621231,
		0.9980922937393188
	],
	"2. left_knee": [
		0.676239550113678,
		0.6503943800926208,
		-0.12463916838169098,
		0.9811064600944519
	],
	"3. left_ankle": [
		0.7073902487754822,
		0.7307237386703491,
		0.08166144788265228,
		0.956414520740509
	],
	"6. right_hip": [
		0.6163759827613831,
		0.5499197244644165,
		0.06719958782196045,
		0.9993414878845215
	],
	"7. right_knee": [
		0.6185094118118286,
		0.6473631858825684,
		0.02437843382358551,
		0.9759587645530701
	],
	"8. right_ankle": [
		0.6673496961593628,
		0.7189428210258484,
		0.2824471890926361,
		0.9814431667327881
	],
	"14. left_shoulder": [
		0.6630616784095764,
		0.39236322045326233,
		-0.19503900408744812,
		0.9980133175849915
	],
	"15. left_elbow": [
		0.7236043810844421,
		0.41366592049598694,
		-0.3939155042171478,
		0.9314627647399902
	],
	"16. left_wrist": [
		0.6848652362823486,
		0.40504512190818787,
		-0.6160435080528259,
		0.9356074333190918
	],
	"19. right_shoulder": [
		0.5833669304847717,
		0.3917960226535797,
		0.0009467367781326175,
		0.9986850023269653
	],
	"20. right_elbow": [
		0.5678675770759583,
		0.4245598614215851,
		0.13553579151630402,
		0.8074826002120972
	],
	"21. right_wrist": [
		0.5570619106292725,
		0.4614778161048889,
		0.14811155200004578,
		0.8879924416542053
	],
	"24. nose": [
		0.602870762348175,
		0.37966683506965637,
		-0.3065074682235718,
		0.9989916086196899
	],
	"25. left_eye": [
		0.6104656457901001,
		0.36738553643226624,
		-0.31723833084106445,
		0.9979758858680725
	],
	"26. right_eye": [
		0.5975576043128967,
		0.36980876326560974,
		-0.2933589518070221,
		0.9972248077392578
	],
	"27. left_ear": [
		0.6278426051139832,
		0.3628193736076355,
		-0.2608504295349121,
		0.9977818131446838
	],
	"28. right_ear": [
		0.5951642990112305,
		0.3664798438549042,
		-0.15018627047538757,
		0.9958552718162537
	],
	"time stamp": 30.0
}