{
	"1. left_hip": [
		0.6639314293861389,
		0.581535279750824,
		-0.07108426094055176,
		0.9991580247879028
	],
	"2. left_knee": [
		0.6018304824829102,
		0.6522217392921448,
		-0.3835052251815796,
		0.9849479794502258
	],
	"3. left_ankle": [
		0.5507299900054932,
		0.7456125617027283,
		-0.35032057762145996,
		0.9786245226860046
	],
	"6. right_hip": [
		0.6211702823638916,
		0.5955551266670227,
		0.07105258107185364,
		0.9996367692947388
	],
	"7. right_knee": [
		0.6287291646003723,
		0.6832937002182007,
		0.10851458460092545,
		0.9103681445121765
	],
	"8. right_ankle": [
		0.694797158241272,
		0.7348580956459045,
		0.3135320842266083,
		0.9600951671600342
	],
	"14. left_shoulder": [
		0.6525284647941589,
		0.4523896872997284,
		-0.31781110167503357,
		0.9991293549537659
	],
	"15. left_elbow": [
		0.6977577805519104,
		0.38856860995292664,
		-0.37714794278144836,
		0.9700244069099426
	],
	"16. left_wrist": [
		0.7427341341972351,
		0.34235548973083496,
		-0.37624284625053406,
		0.968798816204071
	],
	"19. right_shoulder": [
		0.5721050500869751,
		0.5057211518287659,
		-0.20865070819854736,
		0.999364972114563
	],
	"20. right_elbow": [
		0.5523227453231812,
		0.5668407678604126,
		-0.2499452382326126,
		0.8930596113204956
	],
	"21. right_wrist": [
		0.5214030742645264,
		0.6105542182922363,
		-0.4124230444431305,
		0.9367048740386963
	],
	"24. nose": [
		0.5748201608657837,
		0.44595322012901306,
		-0.5022233724594116,
		0.9995158910751343
	],
	"25. left_eye": [
		0.5849148631095886,
		0.43381211161613464,
		-0.49490922689437866,
		0.999006986618042
	],
	"26. right_eye": [
		0.5704633593559265,
		0.43672528862953186,
		-0.47993797063827515,
		0.9985945820808411
	],
	"27. left_ear": [
		0.6034259796142578,
		0.4342413544654846,
		-0.40564435720443726,
		0.9988963603973389
	],
	"28. right_ear": [
		0.5774089694023132,
		0.4405653178691864,
		-0.33694735169410706,
		0.9979714751243591
	],
	"time stamp": 30.0
}