{
	"1. left_hip": [
		0.5510822534561157,
		0.5381877422332764,
		-0.045317426323890686,
		0.9995489120483398
	],
	"2. left_knee": [
		0.5297586917877197,
		0.6343222856521606,
		-0.05184519663453102,
		0.9752612709999084
	],
	"3. left_ankle": [
		0.5265870094299316,
		0.7244666814804077,
		0.10567130893468857,
		0.9708238840103149
	],
	"6. right_hip": [
		0.5037103295326233,
		0.5380856394767761,
		0.045345816761255264,
		0.9992508292198181
	],
	"7. right_knee": [
		0.4999380111694336,
		0.6355352997779846,
		0.05190739780664444,
		0.9066075086593628
	],
	"8. right_ankle": [
		0.5224636793136597,
		0.7276800870895386,
		0.18527141213417053,
		0.854677140712738
	],
	"14. left_shoulder": [
		0.5753373503684998,
		0.41023996472358704,
		-0.13750258088111877,
		0.999930739402771
	],
	"15. left_elbow": [
		0.5740664601325989,
		0.48256582021713257,
		-0.12479263544082642,
		0.9878657460212708
	],
	"16. left_wrist": [
		0.5479081273078918,
		0.5298441648483276,
		-0.19655151665210724,
		0.9780511260032654
	],
	"19. right_shoulder": [
		0.48935049772262573,
		0.4190233647823334,
		-0.041723258793354034,
		0.9990864396095276
	],
	"20. right_elbow": [
		0.4881000220775604,
		0.4839891791343689,
		-0.16232945024967194,
		0.8046442270278931
	],
	"21. right_wrist": [
		0.4701659083366394,
		0.440317839384079,
		-0.4550477862358093,
		0.9032590389251709
	],
	"24. nose": [
		0.5277561545372009,
		0.3565983176231384,
		-0.29194799065589905,
		0.9999273419380188
	],
	"25. left_eye": [
		0.5342888832092285,
		0.3486354947090149,
		-0.2781387269496918,
		0.9998476505279541
	],
	"26. right_eye": [
		0.518629252910614,
		0.35000696778297424,
		-0.272079735994339,
		0.9997356534004211
	],
	"27. left_ear": [
		0.542084276676178,
		0.3552650809288025,
		-0.17814595997333527,
		0.9997643828392029
	],
	"28. right_ear": [
		0.5091665387153625,
		0.35996076464653015,
		-0.15095463395118713,
		0.9992752075195312
	],
	"time stamp": 30.0
}