{
	"1. left_hip": [
		0.5571637153625488,
		0.5384395718574524,
		-0.029046226292848587,
		0.9995215535163879
	],
	"2. left_knee": [
		0.5538284182548523,
		0.6495329737663269,
		-0.04342659190297127,
		0.9817364811897278
	],
	"3. left_ankle": [
		0.5476307272911072,
		0.7413485050201416,
		0.10902741551399231,
		0.9719234108924866
	],
	"6. right_hip": [
		0.5081713199615479,
		0.539527952671051,
		0.029078347608447075,
		0.9991897940635681
	],
	"7. right_knee": [
		0.5142114162445068,
		0.6481173038482666,
		0.026831939816474915,
		0.9356735348701477
	],
	"8. right_ankle": [
		0.5197895169258118,
		0.7403982877731323,
		0.17579056322574615,
		0.913908064365387
	],
	"14. left_shoulder": [
		0.5747640132904053,
		0.4061957895755768,
		-0.015460466034710407,
		0.999955952167511
	],
	"15. left_elbow": [
		0.5924600958824158,
		0.4678509831428528,
		-0.04452501982450485,
		0.9915208220481873
	],
	"16. left_wrist": [
		0.5914665460586548,
		0.5070566534996033,
		-0.21137848496437073,
		0.9867867827415466
	],
	"19. right_shoulder": [
		0.48487961292266846,
		0.4092971682548523,
		0.04724690318107605,
		0.9992318153381348
	],
	"20. right_elbow": [
		0.46321821212768555,
		0.4748804271221161,
		-0.04181811958551407,
		0.8892287611961365
	],
	"21. right_wrist": [
		0.45466044545173645,
		0.43753373622894287,
		-0.3194897174835205,
		0.9541965126991272
	],
	"24. nose": [
		0.5348469018936157,
		0.3472581207752228,
		-0.18807978928089142,
		0.9999550580978394
	],
	"25. left_eye": [
		0.5432881712913513,
		0.340285986661911,
		-0.16626259684562683,
		0.999904990196228
	],
	"26. right_eye": [
		0.5252097845077515,
		0.33866894245147705,
		-0.16637668013572693,
		0.9998431205749512
	],
	"27. left_ear": [
		0.5491732954978943,
		0.3482484221458435,
		-0.048684705048799515,
		0.9998750686645508
	],
	"28. right_ear": [
		0.5135751962661743,
		0.3467087149620056,
		-0.05148802325129509,
		0.9995351433753967
	],
	"time stamp": 30.0
}