{
	"1. left_hip": [
		0.5557994246482849,
		0.5366134643554688,
		-0.04777168110013008,
		0.9996779561042786
	],
	"2. left_knee": [
		0.5518956184387207,
		0.6464217305183411,
		-0.06300143152475357,
		0.9828240275382996
	],
	"3. left_ankle": [
		0.5478739142417908,
		0.7380691170692444,
		0.0616985447704792,
		0.9794523119926453
	],
	"6. right_hip": [
		0.5145965814590454,
		0.5358895659446716,
		0.047892335802316666,
		0.9992959499359131
	],
	"7. right_knee": [
		0.5106929540634155,
		0.6408453583717346,
		0.041765157133340836,
		0.9443175196647644
	],
	"8. right_ankle": [
		0.5325613617897034,
		0.7311803698539734,
		0.18720807135105133,
		0.9557833671569824
	],
	"14. left_shoulder": [
		0.5704854726791382,
		0.3996509313583374,
		-0.0609871968626976,
		0.999994158744812
	],
	"15. left_elbow": [
		0.5848731994628906,
		0.46684616804122925,
		-0.06959696114063263,
		0.9956288933753967
	],
	"16. left_wrist": [
		0.5736094117164612,
		0.5223519206047058,
		-0.18936903774738312,
		0.9930148720741272
	],
	"19. right_shoulder": [
		0.4952623248100281,
		0.4104955792427063,
		0.07277683168649673,
		0.9996823668479919
	],
	"20. right_elbow": [
		0.49275723099708557,
		0.47239404916763306,
		0.113645538687706,
		0.7782780528068542
	],
	"21. right_wrist": [
		0.4883114993572235,
		0.5242942571640015,
		0.0050556533969938755,
		0.8869774341583252
	],
	"24. nose": [
		0.5311851501464844,
		0.3435046970844269,
		-0.16553093492984772,
		0.99996417760849
	],
	"25. left_eye": [
		0.5385319590568542,
		0.3373606503009796,
		-0.1493949592113495,
		0.9999070763587952
	],
	"26. right_eye": [
		0.5213096737861633,
		0.33752623200416565,
		-0.14371246099472046,
		0.9998247623443604
	],
	"27. left_ear": [
		0.5433663129806519,
		0.34309306740760803,
		-0.05842439457774162,
		0.9999138116836548
	],
	"28. right_ear": [
		0.5133258104324341,
		0.3445262014865875,
		-0.0326896607875824,
		0.9995712637901306
	],
	"time stamp": 30.0
}