{
	"1. left_hip": [
		0.5660051703453064,
		0.5416339039802551,
		0.04078809916973114,
		0.9990649223327637
	],
	"2. left_knee": [
		0.5792182683944702,
		0.6389532089233398,
		0.010246303863823414,
		0.9465091824531555
	],
	"3. left_ankle": [
		0.5663735866546631,
		0.7206984758377075,
		0.19749796390533447,
		0.9261001944541931
	],
	"6. right_hip": [
		0.5219707489013672,
		0.5495308041572571,
		-0.040743689984083176,
		0.9983581304550171
	],
	"7. right_knee": [
		0.5348318219184875,
		0.6445050239562988,
		-0.0341678187251091,
		0.9193865060806274
	],
	"8. right_ankle": [
		0.5378831028938293,
		0.7204344868659973,
		0.161615252494812,
		0.9006382822990417
	],
	"14. left_shoulder": [
		0.5760700702667236,
		0.41114991903305054,
		0.008811957202851772,
		0.9998985528945923
	],
	"15. left_elbow": [
		0.5806370973587036,
		0.4704429507255554,
		0.028216736391186714,
		0.9177625775337219
	],
	"16. left_wrist": [
		0.5852414965629578,
		0.5152484774589539,
		-0.1322098970413208,
		0.9106296300888062
	],
	"19. right_shoulder": [
		0.503688633441925,
		0.4174894392490387,
		-0.14635197818279266,
		0.9995961785316467
	],
	"20. right_elbow": [
		0.5068618655204773,
		0.48661521077156067,
		-0.15012116730213165,
		0.9307013750076294
	],
	"21. right_wrist": [
		0.5497429966926575,
		0.5199736952781677,
		-0.20150057971477509,
		0.9220200777053833
	],
	"24. nose": [
		0.5570952892303467,
		0.3719272017478943,
		-0.26546692848205566,
		0.9998368620872498
	],
	"25. left_eye": [
		0.5625780820846558,
		0.3637872338294983,
		-0.23982176184654236,
		0.9995283484458923
	],
	"26. right_eye": [
		0.548432469367981,
		0.3601782023906708,
		-0.25912585854530334,
		0.9995023012161255
	],
	"27. left_ear": [
		0.562477707862854,
		0.3663938343524933,
		-0.09996429085731506,
		0.9986758232116699
	],
	"28. right_ear": [
		0.5356041789054871,
		0.362972229719162,
		-0.18046104907989502,
		0.9992029666900635
	],
	"time stamp": 30.0
}