{
	"1. left_hip": [
		0.5679954290390015,
		0.5270686745643616,
		-0.008167284540832043,
		0.9992206692695618
	],
	"2. left_knee": [
		0.5645119547843933,
		0.6277306079864502,
		-0.04195577651262283,
		0.9672176241874695
	],
	"3. left_ankle": [
		0.5570197701454163,
		0.7095243334770203,
		0.1323084682226181,
		0.9389815926551819
	],
	"6. right_hip": [
		0.5206548571586609,
		0.5251277089118958,
		0.008323303423821926,
		0.9989526271820068
	],
	"7. right_knee": [
		0.5236244201660156,
		0.6181798577308655,
		-0.024634189903736115,
		0.9549080729484558
	],
	"8. right_ankle": [
		0.5255850553512573,
		0.7007533311843872,
		0.16118872165679932,
		0.9141082167625427
	],
	"14. left_shoulder": [
		0.5844224095344543,
		0.3979395925998688,
		0.02748306281864643,
		0.9996709823608398
	],
	"15. left_elbow": [
		0.6280351281166077,
		0.4264746606349945,
		-0.0884818360209465,
		0.9579848051071167
	],
	"16. left_wrist": [
		0.6156941652297974,
		0.40655311942100525,
		-0.3065049350261688,
		0.9281705021858215
	],
	"19. right_shoulder": [
		0.5016771554946899,
		0.4021075367927551,
		0.011739439330995083,
		0.9994160532951355
	],
	"20. right_elbow": [
		0.4818752110004425,
		0.45772653818130493,
		-0.08916866034269333,
		0.9779894948005676
	],
	"21. right_wrist": [
		0.4868745505809784,
		0.44592541456222534,
		-0.2863767445087433,
		0.9530003070831299
	],
	"24. nose": [
		0.5387647747993469,
		0.35212045907974243,
		-0.1662781983613968,
		0.9998282194137573
	],
	"25. left_eye": [
		0.5492247939109802,
		0.34544429183006287,
		-0.14457176625728607,
		0.9995992183685303
	],
	"26. right_eye": [
		0.5322273373603821,
		0.34463441371917725,
		-0.1467750370502472,
		0.9997201561927795
	],
	"27. left_ear": [
		0.557975172996521,
		0.3527241349220276,
		-0.024128383025527,
		0.9991801381111145
	],
	"28. right_ear": [
		0.5272746682167053,
		0.3504597842693329,
		-0.03439558669924736,
		0.9997164011001587
	],
	"time stamp": 30.0
}