{
	"1. left_hip": [
		0.5663158893585205,
		0.5301253199577332,
		0.0004778943257406354,
		0.9992058873176575
	],
	"2. left_knee": [
		0.5639258027076721,
		0.6362187266349792,
		-0.02624092809855938,
		0.9724970459938049
	],
	"3. left_ankle": [
		0.5569117069244385,
		0.7040669918060303,
		0.22281356155872345,
		0.9459118247032166
	],
	"6. right_hip": [
		0.5184243321418762,
		0.5310032963752747,
		-0.000437593407696113,
		0.9989446401596069
	],
	"7. right_knee": [
		0.5216424465179443,
		0.6439135670661926,
		-0.01141633652150631,
		0.9603737592697144
	],
	"8. right_ankle": [
		0.5271528959274292,
		0.7237990498542786,
		0.17539745569229126,
		0.9301707744598389
	],
	"14. left_shoulder": [
		0.5796970129013062,
		0.4030742645263672,
		-0.05821722745895386,
		0.9997129440307617
	],
	"15. left_elbow": [
		0.6442992091178894,
		0.39876604080200195,
		-0.19478176534175873,
		0.9694300889968872
	],
	"16. left_wrist": [
		0.6098215579986572,
		0.4238547384738922,
		-0.38051775097846985,
		0.9389106035232544
	],
	"19. right_shoulder": [
		0.496987909078598,
		0.40711966156959534,
		-0.07338108122348785,
		0.999419093132019
	],
	"20. right_elbow": [
		0.4461452066898346,
		0.4313224256038666,
		-0.21393625438213348,
		0.9814276695251465
	],
	"21. right_wrist": [
		0.4833596646785736,
		0.43757861852645874,
		-0.4091344475746155,
		0.9578620195388794
	],
	"24. nose": [
		0.5348222255706787,
		0.3610261082649231,
		-0.25361496210098267,
		0.9998454451560974
	],
	"25. left_eye": [
		0.5455850958824158,
		0.3523411750793457,
		-0.2321169227361679,
		0.999646782875061
	],
	"26. right_eye": [
		0.5268514156341553,
		0.351698100566864,
		-0.23410430550575256,
		0.9997544884681702
	],
	"27. left_ear": [
		0.5545920133590698,
		0.35964226722717285,
		-0.1128782406449318,
		0.9993927478790283
	],
	"28. right_ear": [
		0.520748496055603,
		0.35768696665763855,
		-0.12136773020029068,
		0.9997623562812805
	],
	"time stamp": 30.0
}