{
	"1. left_hip": [
		0.5568476915359497,
		0.5429183840751648,
		0.001233855844475329,
		0.9991754293441772
	],
	"2. left_knee": [
		0.5568079352378845,
		0.6464337110519409,
		-0.003907728474587202,
		0.9673960208892822
	],
	"3. left_ankle": [
		0.5509070158004761,
		0.7393558621406555,
		0.20426960289478302,
		0.9528036117553711
	],
	"6. right_hip": [
		0.5100241899490356,
		0.5404569506645203,
		-0.0012583167990669608,
		0.9986233711242676
	],
	"7. right_knee": [
		0.5136108994483948,
		0.6428073048591614,
		0.01331881619989872,
		0.94206303358078
	],
	"8. right_ankle": [
		0.5220299363136292,
		0.7283979058265686,
		0.20625053346157074,
		0.9164571166038513
	],
	"14. left_shoulder": [
		0.5894520282745361,
		0.41680556535720825,
		-0.109540194272995,
		0.9998523592948914
	],
	"15. left_elbow": [
		0.5932649374008179,
		0.47928884625434875,
		-0.09155888855457306,
		0.8905197978019714
	],
	"16. left_wrist": [
		0.6061026453971863,
		0.5216392874717712,
		-0.25746241211891174,
		0.850985586643219
	],
	"19. right_shoulder": [
		0.5005664229393005,
		0.3993805944919586,
		-0.11790808290243149,
		0.9996674060821533
	],
	"20. right_elbow": [
		0.47216930985450745,
		0.4597434103488922,
		-0.07134959846735,
		0.9590704441070557
	],
	"21. right_wrist": [
		0.44831544160842896,
		0.5061740875244141,
		-0.1892518699169159,
		0.9312108755111694
	],
	"24. nose": [
		0.5632701516151428,
		0.3689773976802826,
		-0.35216426849365234,
		0.9998975396156311
	],
	"25. left_eye": [
		0.5695935487747192,
		0.36014407873153687,
		-0.3343580663204193,
		0.9997681975364685
	],
	"26. right_eye": [
		0.5551851391792297,
		0.35678771138191223,
		-0.340427041053772,
		0.9997581839561462
	],
	"27. left_ear": [
		0.5693838596343994,
		0.36289358139038086,
		-0.20317421853542328,
		0.999525785446167
	],
	"28. right_ear": [
		0.5404936671257019,
		0.357778400182724,
		-0.27593693137168884,
		0.9997087717056274
	],
	"time stamp": 30.0
}