{
	"1. left_hip": [
		0.5541137456893921,
		0.5519071221351624,
		0.01104463916271925,
		0.9991738796234131
	],
	"2. left_knee": [
		0.5344198346138,
		0.6606224179267883,
		0.1026022657752037,
		0.9785484075546265
	],
	"3. left_ankle": [
		0.5625563859939575,
		0.6752042770385742,
		0.537680447101593,
		0.9344173073768616
	],
	"6. right_hip": [
		0.49975094199180603,
		0.5529015064239502,
		-0.011083005927503109,
		0.999047040939331
	],
	"7. right_knee": [
		0.4919155538082123,
		0.665671706199646,
		-0.07962937653064728,
		0.9804286360740662
	],
	"8. right_ankle": [
		0.49519845843315125,
		0.7625055313110352,
		0.04391328617930412,
		0.9781798124313354
	],
	"14. left_shoulder": [
		0.5783751010894775,
		0.4031069576740265,
		-0.13144098222255707,
		0.9999570846557617
	],
	"15. left_elbow": [
		0.639139711856842,
		0.44455230236053467,
		-0.15469738841056824,
		0.9832943677902222
	],
	"16. left_wrist": [
		0.6949791312217712,
		0.4275412857532501,
		-0.28026553988456726,
		0.9772454500198364
	],
	"19. right_shoulder": [
		0.47636011242866516,
		0.41129735112190247,
		-0.14017082750797272,
		0.9997680187225342
	],
	"20. right_elbow": [
		0.42423564195632935,
		0.4539138674736023,
		-0.08791564404964447,
		0.9819548726081848
	],
	"21. right_wrist": [
		0.3667738139629364,
		0.46813705563545227,
		-0.17161771655082703,
		0.9771373271942139
	],
	"24. nose": [
		0.5285727977752686,
		0.3545770049095154,
		-0.39039644598960876,
		0.9999766945838928
	],
	"25. left_eye": [
		0.538131594657898,
		0.34409186244010925,
		-0.36768612265586853,
		0.9999231696128845
	],
	"26. right_eye": [
		0.518129289150238,
		0.34293675422668457,
		-0.37005946040153503,
		0.9999009966850281
	],
	"27. left_ear": [
		0.5464041829109192,
		0.3486708998680115,
		-0.2265058010816574,
		0.9998653531074524
	],
	"28. right_ear": [
		0.5084972977638245,
		0.3473066985607147,
		-0.24141466617584229,
		0.9998428821563721
	],
	"time stamp": 30.0
}