{
	"1. left_hip": [
		0.5770537853240967,
		0.5571969747543335,
		0.014218485914170742,
		0.999315619468689
	],
	"2. left_knee": [
		0.6389593482017517,
		0.6404101848602295,
		-0.12122636288404465,
		0.983556866645813
	],
	"3. left_ankle": [
		0.6097973585128784,
		0.6755797266960144,
		0.21947747468948364,
		0.9436265826225281
	],
	"6. right_hip": [
		0.5169934630393982,
		0.5617441534996033,
		-0.014146503061056137,
		0.999347448348999
	],
	"7. right_knee": [
		0.49208250641822815,
		0.6640208959579468,
		-0.2006436586380005,
		0.9869033098220825
	],
	"8. right_ankle": [
		0.4960496127605438,
		0.7603533267974854,
		0.0036287580151110888,
		0.9850151538848877
	],
	"14. left_shoulder": [
		0.5899367332458496,
		0.41712793707847595,
		-0.07783649861812592,
		0.9999640583992004
	],
	"15. left_elbow": [
		0.6290531754493713,
		0.4747713506221771,
		-0.2127332091331482,
		0.9865373373031616
	],
	"16. left_wrist": [
		0.6404032111167908,
		0.429151326417923,
		-0.4855259656906128,
		0.98380446434021
	],
	"19. right_shoulder": [
		0.4936279356479645,
		0.4206443727016449,
		-0.08565042912960052,
		0.9998392462730408
	],
	"20. right_elbow": [
		0.4444313943386078,
		0.46436992287635803,
		-0.08295855671167374,
		0.9851689338684082
	],
	"21. right_wrist": [
		0.38798919320106506,
		0.47291308641433716,
		-0.14603586494922638,
		0.9808470010757446
	],
	"24. nose": [
		0.55025315284729,
		0.3648030459880829,
		-0.2945095896720886,
		0.999983549118042
	],
	"25. left_eye": [
		0.5590156316757202,
		0.356769323348999,
		-0.27313077449798584,
		0.9999455809593201
	],
	"26. right_eye": [
		0.5412427186965942,
		0.35407695174217224,
		-0.27562186121940613,
		0.9999294281005859
	],
	"27. left_ear": [
		0.5645389556884766,
		0.36187776923179626,
		-0.14722909033298492,
		0.9999060034751892
	],
	"28. right_ear": [
		0.528063952922821,
		0.35912632942199707,
		-0.15982969105243683,
		0.9998903870582581
	],
	"time stamp": 30.0
}