{
	"1. left_hip": [
		0.6455734968185425,
		0.5792012810707092,
		-0.004915700294077396,
		0.9996383190155029
	],
	"2. left_knee": [
		0.6702373027801514,
		0.6760192513465881,
		0.02581021562218666,
		0.9963000416755676
	],
	"3. left_ankle": [
		0.7218981981277466,
		0.7403138875961304,
		0.2883298099040985,
		0.9897279739379883
	],
	"6. right_hip": [
		0.5888574123382568,
		0.5868445634841919,
		0.004837200045585632,
		0.999596357345581
	],
	"7. right_knee": [
		0.5682265162467957,
		0.6773403882980347,
		0.04823540896177292,
		0.9936718940734863
	],
	"8. right_ankle": [
		0.5441348552703857,
		0.7559835314750671,
		0.28095272183418274,
		0.9945578575134277
	],
	"14. left_shoulder": [
		0.6412240862846375,
		0.42943546175956726,
		-0.10531195253133774,
		0.9995247721672058
	],
	"15. left_elbow": [
		0.637057900428772,
		0.49071061611175537,
		-0.02587970718741417,
		0.805757462978363
	],
	"16. left_wrist": [
		0.6259652376174927,
		0.5456898808479309,
		-0.08553851395845413,
		0.8326470851898193
	],
	"19. right_shoulder": [
		0.556269645690918,
		0.45091402530670166,
		-0.18708238005638123,
		0.9996792078018188
	],
	"20. right_elbow": [
		0.513176441192627,
		0.49683645367622375,
		-0.11051419377326965,
		0.9919030666351318
	],
	"21. right_wrist": [
		0.4514996111392975,
		0.49110639095306396,
		-0.1901962012052536,
		0.9860231876373291
	],
	"24. nose": [
		0.6112916469573975,
		0.3837962746620178,
		-0.31848350167274475,
		0.9997439384460449
	],
	"25. left_eye": [
		0.6093804240226746,
		0.3726535141468048,
		-0.30300191044807434,
		0.9994217157363892
	],
	"26. right_eye": [
		0.5953940153121948,
		0.3750072717666626,
		-0.31357303261756897,
		0.999504029750824
	],
	"27. left_ear": [
		0.6052953600883484,
		0.3767557442188263,
		-0.18892551958560944,
		0.9991236329078674
	],
	"28. right_ear": [
		0.5807178616523743,
		0.38314980268478394,
		-0.2347564697265625,
		0.9993014335632324
	],
	"time stamp": 30.0
}