{
	"1. left_hip": [
		0.6438443660736084,
		0.5777153372764587,
		0.042715299874544144,
		0.9996952414512634
	],
	"2. left_knee": [
		0.7229122519493103,
		0.6447986960411072,
		-0.15737463533878326,
		0.9962484836578369
	],
	"3. left_ankle": [
		0.6884310841560364,
		0.7447119355201721,
		0.010705752298235893,
		0.9917277693748474
	],
	"6. right_hip": [
		0.5863853693008423,
		0.5850579142570496,
		-0.042724546045064926,
		0.999645471572876
	],
	"7. right_knee": [
		0.5439773201942444,
		0.6772271990776062,
		-0.0706992968916893,
		0.985223650932312
	],
	"8. right_ankle": [
		0.5326258540153503,
		0.7537590265274048,
		0.22910048067569733,
		0.9848071336746216
	],
	"14. left_shoulder": [
		0.6265554428100586,
		0.4286942481994629,
		0.05709896609187126,
		0.9963403940200806
	],
	"15. left_elbow": [
		0.6272692680358887,
		0.5019471049308777,
		0.18760362267494202,
		0.3496733009815216
	],
	"16. left_wrist": [
		0.6349855661392212,
		0.5539763569831848,
		0.16737763583660126,
		0.3534592390060425
	],
	"19. right_shoulder": [
		0.5461337566375732,
		0.4513199031352997,
		-0.07985077798366547,
		0.9992926716804504
	],
	"20. right_elbow": [
		0.5051016211509705,
		0.506240963935852,
		-0.07901424914598465,
		0.9819614291191101
	],
	"21. right_wrist": [
		0.4465547204017639,
		0.4843030571937561,
		-0.18714489042758942,
		0.9797696471214294
	],
	"24. nose": [
		0.5927063822746277,
		0.38255324959754944,
		-0.222227081656456,
		0.9995589852333069
	],
	"25. left_eye": [
		0.5975751876831055,
		0.3730703592300415,
		-0.20366214215755463,
		0.999001145362854
	],
	"26. right_eye": [
		0.580790638923645,
		0.3729735016822815,
		-0.21581843495368958,
		0.9993035197257996
	],
	"27. left_ear": [
		0.5998835563659668,
		0.37760618329048157,
		-0.06396438181400299,
		0.9979093670845032
	],
	"28. right_ear": [
		0.5666530132293701,
		0.37858882546424866,
		-0.13040073215961456,
		0.9991557598114014
	],
	"time stamp": 30.0
}