{
	"1. left_hip": [
		0.6437467336654663,
		0.5731428861618042,
		0.042354412376880646,
		0.9997180700302124
	],
	"2. left_knee": [
		0.7197436094284058,
		0.6456871628761292,
		-0.14144963026046753,
		0.9963129758834839
	],
	"3. left_ankle": [
		0.6897928714752197,
		0.7437467575073242,
		0.03321594372391701,
		0.9918934106826782
	],
	"6. right_hip": [
		0.5869424343109131,
		0.5815207362174988,
		-0.04239044338464737,
		0.999661386013031
	],
	"7. right_knee": [
		0.5496909618377686,
		0.6760713458061218,
		-0.05679978430271149,
		0.9847964644432068
	],
	"8. right_ankle": [
		0.5326184034347534,
		0.7538562417030334,
		0.22519466280937195,
		0.9847074747085571
	],
	"14. left_shoulder": [
		0.6266909837722778,
		0.4251990020275116,
		0.045076046139001846,
		0.9962037205696106
	],
	"15. left_elbow": [
		0.628784716129303,
		0.500641942024231,
		0.1674671620130539,
		0.31908220052719116
	],
	"16. left_wrist": [
		0.6381524801254272,
		0.5522266030311584,
		0.12055367231369019,
		0.32313334941864014
	],
	"19. right_shoulder": [
		0.5464480519294739,
		0.44507625699043274,
		-0.08868073672056198,
		0.9992757439613342
	],
	"20. right_elbow": [
		0.5051534175872803,
		0.5041878819465637,
		-0.10129908472299576,
		0.9820564389228821
	],
	"21. right_wrist": [
		0.44677168130874634,
		0.48327353596687317,
		-0.1966509371995926,
		0.9802663326263428
	],
	"24. nose": [
		0.5940023064613342,
		0.37982645630836487,
		-0.2560288906097412,
		0.9995746612548828
	],
	"25. left_eye": [
		0.5981683731079102,
		0.36996638774871826,
		-0.23009967803955078,
		0.9990494251251221
	],
	"26. right_eye": [
		0.5819272994995117,
		0.3699895143508911,
		-0.24428945779800415,
		0.9993430972099304
	],
	"27. left_ear": [
		0.6001644730567932,
		0.37442317605018616,
		-0.07001562416553497,
		0.9979971647262573
	],
	"28. right_ear": [
		0.5676961541175842,
		0.37499192357063293,
		-0.1401534229516983,
		0.9992172122001648
	],
	"time stamp": 30.0
}