{
	"1. left_hip": [
		0.637079119682312,
		0.5475190877914429,
		0.0578501932322979,
		0.9990895986557007
	],
	"2. left_knee": [
		0.6944485306739807,
		0.6361969113349915,
		-0.005281995050609112,
		0.9938622117042542
	],
	"3. left_ankle": [
		0.6845309734344482,
		0.7391376495361328,
		0.13973872363567352,
		0.9917199611663818
	],
	"6. right_hip": [
		0.5928599834442139,
		0.5542673468589783,
		-0.05786054581403732,
		0.9991399645805359
	],
	"7. right_knee": [
		0.5606687068939209,
		0.6573542356491089,
		-0.06517970561981201,
		0.990348219871521
	],
	"8. right_ankle": [
		0.5379645824432373,
		0.762306272983551,
		0.07872135937213898,
		0.9915502667427063
	],
	"14. left_shoulder": [
		0.6370357275009155,
		0.40102970600128174,
		0.061286281794309616,
		0.9903995394706726
	],
	"15. left_elbow": [
		0.6287749409675598,
		0.4628743827342987,
		0.1790720820426941,
		0.1609145551919937
	],
	"16. left_wrist": [
		0.624909520149231,
		0.5125459432601929,
		0.15634262561798096,
		0.1557300090789795
	],
	"19. right_shoulder": [
		0.5625452399253845,
		0.40268614888191223,
		-0.0947340726852417,
		0.9989590048789978
	],
	"20. right_elbow": [
		0.5110697746276855,
		0.43939611315727234,
		-0.07529357820749283,
		0.9778425693511963
	],
	"21. right_wrist": [
		0.45039933919906616,
		0.44651564955711365,
		-0.17556406557559967,
		0.9723406434059143
	],
	"24. nose": [
		0.6134411692619324,
		0.3538689613342285,
		-0.2648433744907379,
		0.9989860653877258
	],
	"25. left_eye": [
		0.6168438196182251,
		0.34502413868904114,
		-0.23810236155986786,
		0.9979492425918579
	],
	"26. right_eye": [
		0.6016179323196411,
		0.3456597924232483,
		-0.25135132670402527,
		0.9988167881965637
	],
	"27. left_ear": [
		0.6179602742195129,
		0.35018643736839294,
		-0.0831553265452385,
		0.995188295841217
	],
	"28. right_ear": [
		0.5899038910865784,
		0.3511853516101837,
		-0.14268961548805237,
		0.9987512230873108
	],
	"time stamp": 30.0
}