{
	"1. left_hip": [
		0.6358978748321533,
		0.5493476986885071,
		0.06611701846122742,
		0.9991427659988403
	],
	"2. left_knee": [
		0.6984059810638428,
		0.6364292502403259,
		-0.0515819676220417,
		0.9934831261634827
	],
	"3. left_ankle": [
		0.6864221692085266,
		0.7392865419387817,
		0.09515977650880814,
		0.9914202690124512
	],
	"6. right_hip": [
		0.5921053290367126,
		0.5557138919830322,
		-0.06616568565368652,
		0.99916672706604
	],
	"7. right_knee": [
		0.5583416819572449,
		0.6575381755828857,
		-0.06904038041830063,
		0.9904788732528687
	],
	"8. right_ankle": [
		0.5359840393066406,
		0.7621780037879944,
		0.08228684961795807,
		0.9919590353965759
	],
	"14. left_shoulder": [
		0.6390650272369385,
		0.4020622670650482,
		0.07802234590053558,
		0.9901921153068542
	],
	"15. left_elbow": [
		0.6286095380783081,
		0.4626038372516632,
		0.21214333176612854,
		0.1482766568660736
	],
	"16. left_wrist": [
		0.6250622272491455,
		0.5119038224220276,
		0.22431214153766632,
		0.14346234500408173
	],
	"19. right_shoulder": [
		0.5649325251579285,
		0.4025598466396332,
		-0.10320709645748138,
		0.998996913433075
	],
	"20. right_elbow": [
		0.5140930414199829,
		0.43619388341903687,
		-0.13124825060367584,
		0.978449821472168
	],
	"21. right_wrist": [
		0.45342934131622314,
		0.4427279531955719,
		-0.2580925524234772,
		0.9729758501052856
	],
	"24. nose": [
		0.6154438257217407,
		0.35379740595817566,
		-0.26466718316078186,
		0.9990741014480591
	],
	"25. left_eye": [
		0.618812620639801,
		0.3454661965370178,
		-0.23624441027641296,
		0.9981305003166199
	],
	"26. right_eye": [
		0.603821337223053,
		0.3458254635334015,
		-0.24975863099098206,
		0.998920738697052
	],
	"27. left_ear": [
		0.6199787855148315,
		0.35074424743652344,
		-0.07566814869642258,
		0.9956129193305969
	],
	"28. right_ear": [
		0.5914552807807922,
		0.35118988156318665,
		-0.1360265165567398,
		0.9988613128662109
	],
	"time stamp": 30.0
}