{
	"1. left_hip": [
		0.6442687511444092,
		0.5557929277420044,
		0.06250966340303421,
		0.9995453357696533
	],
	"2. left_knee": [
		0.7020262479782104,
		0.6463527083396912,
		-0.013447222299873829,
		0.9942461252212524
	],
	"3. left_ankle": [
		0.6942885518074036,
		0.7387428879737854,
		0.17873091995716095,
		0.9934198260307312
	],
	"6. right_hip": [
		0.5883650779724121,
		0.5613463521003723,
		-0.06264445185661316,
		0.9995008707046509
	],
	"7. right_knee": [
		0.5581022500991821,
		0.6595790386199951,
		-0.07616476714611053,
		0.9893375635147095
	],
	"8. right_ankle": [
		0.5231072306632996,
		0.7600104808807373,
		0.07831484824419022,
		0.9940552115440369
	],
	"14. left_shoulder": [
		0.658791720867157,
		0.4139155149459839,
		0.05010402575135231,
		0.9862576127052307
	],
	"15. left_elbow": [
		0.6717144250869751,
		0.4560915231704712,
		0.16793562471866608,
		0.12591546773910522
	],
	"16. left_wrist": [
		0.6658278107643127,
		0.49682068824768066,
		0.14694176614284515,
		0.17114929854869843
	],
	"19. right_shoulder": [
		0.5772907733917236,
		0.41199252009391785,
		-0.11626297235488892,
		0.999280571937561
	],
	"20. right_elbow": [
		0.5261831879615784,
		0.4342711865901947,
		-0.22605052590370178,
		0.9832617044448853
	],
	"21. right_wrist": [
		0.47584351897239685,
		0.4431247115135193,
		-0.45639464259147644,
		0.9816231727600098
	],
	"24. nose": [
		0.6353260278701782,
		0.36141854524612427,
		-0.28398066759109497,
		0.9995671510696411
	],
	"25. left_eye": [
		0.6385136842727661,
		0.3531423509120941,
		-0.25299468636512756,
		0.9991329908370972
	],
	"26. right_eye": [
		0.6232036352157593,
		0.3516819179058075,
		-0.267996221780777,
		0.9995262622833252
	],
	"27. left_ear": [
		0.6389895677566528,
		0.3588581085205078,
		-0.09045243263244629,
		0.997988224029541
	],
	"28. right_ear": [
		0.6100903749465942,
		0.35760849714279175,
		-0.154229074716568,
		0.9995027780532837
	],
	"time stamp": 30.0
}