{
	"1. left_hip": [
		0.618144154548645,
		0.5380362272262573,
		0.021376118063926697,
		0.9997319579124451
	],
	"2. left_knee": [
		0.6588273048400879,
		0.6301715970039368,
		-0.13317950069904327,
		0.9953820705413818
	],
	"3. left_ankle": [
		0.6399616003036499,
		0.7277756929397583,
		0.0577768012881279,
		0.994469940662384
	],
	"6. right_hip": [
		0.5661886930465698,
		0.5390851497650146,
		-0.021436039358377457,
		0.9997164607048035
	],
	"7. right_knee": [
		0.5708999633789062,
		0.6462597250938416,
		-0.032455191016197205,
		0.9941238760948181
	],
	"8. right_ankle": [
		0.5715962052345276,
		0.7431367635726929,
		0.16578097641468048,
		0.994634747505188
	],
	"14. left_shoulder": [
		0.6503531336784363,
		0.4060758054256439,
		-0.025144699960947037,
		0.995502233505249
	],
	"15. left_elbow": [
		0.6308112740516663,
		0.45211413502693176,
		-0.17181165516376495,
		0.6368368864059448
	],
	"16. left_wrist": [
		0.6320043206214905,
		0.41864004731178284,
		-0.47920364141464233,
		0.69180828332901
	],
	"19. right_shoulder": [
		0.5648708343505859,
		0.38051414489746094,
		-0.05147618427872658,
		0.9997394680976868
	],
	"20. right_elbow": [
		0.5339547395706177,
		0.44129642844200134,
		-0.04076314717531204,
		0.9833582043647766
	],
	"21. right_wrist": [
		0.5163542628288269,
		0.5004530549049377,
		-0.1037929430603981,
		0.965834379196167
	],
	"24. nose": [
		0.6362785696983337,
		0.3406318724155426,
		-0.2359190434217453,
		0.9998352527618408
	],
	"25. left_eye": [
		0.6414319276809692,
		0.3337617814540863,
		-0.21335428953170776,
		0.999651312828064
	],
	"26. right_eye": [
		0.6259411573410034,
		0.33122891187667847,
		-0.22107738256454468,
		0.9997571110725403
	],
	"27. left_ear": [
		0.642449676990509,
		0.34060224890708923,
		-0.0802658423781395,
		0.9991853833198547
	],
	"28. right_ear": [
		0.6102145910263062,
		0.3358639180660248,
		-0.1162816509604454,
		0.9997563362121582
	],
	"time stamp": 30.0
}