{
	"1. left_hip": [
		0.6048619747161865,
		0.5479381084442139,
		-0.00872131809592247,
		0.9995002150535583
	],
	"2. left_knee": [
		0.5918081402778625,
		0.6548126935958862,
		0.014325497671961784,
		0.9866073727607727
	],
	"3. left_ankle": [
		0.5862944722175598,
		0.7440056204795837,
		0.22832144796848297,
		0.9830201864242554
	],
	"6. right_hip": [
		0.5557366013526917,
		0.5418811440467834,
		0.008655956946313381,
		0.9996063709259033
	],
	"7. right_knee": [
		0.545054018497467,
		0.6518617868423462,
		0.028470322489738464,
		0.9902483224868774
	],
	"8. right_ankle": [
		0.5446453094482422,
		0.747452974319458,
		0.22661471366882324,
		0.9850254058837891
	],
	"14. left_shoulder": [
		0.6458419561386108,
		0.40784943103790283,
		-0.052400656044483185,
		0.9973552227020264
	],
	"15. left_elbow": [
		0.6244179010391235,
		0.43461301922798157,
		-0.21335233747959137,
		0.7276496291160583
	],
	"16. left_wrist": [
		0.5959245562553406,
		0.40571659803390503,
		-0.4498905539512634,
		0.7730292081832886
	],
	"19. right_shoulder": [
		0.5544494986534119,
		0.3945953845977783,
		0.01644451916217804,
		0.9998065829277039
	],
	"20. right_elbow": [
		0.5200573801994324,
		0.44904011487960815,
		0.03042873740196228,
		0.9718493819236755
	],
	"21. right_wrist": [
		0.49834638833999634,
		0.4998047351837158,
		-0.058353863656520844,
		0.9262616038322449
	],
	"24. nose": [
		0.618776798248291,
		0.3467399775981903,
		-0.19055120646953583,
		0.999793529510498
	],
	"25. left_eye": [
		0.6281015872955322,
		0.33937230706214905,
		-0.1702854037284851,
		0.9994705319404602
	],
	"26. right_eye": [
		0.6107368469238281,
		0.33485570549964905,
		-0.17013712227344513,
		0.9995118379592896
	],
	"27. left_ear": [
		0.633864164352417,
		0.3471771478652954,
		-0.05874885246157646,
		0.9987690448760986
	],
	"28. right_ear": [
		0.6006351709365845,
		0.33826693892478943,
		-0.05897509306669235,
		0.9995359182357788
	],
	"time stamp": 30.0
}