{
	"1. left_hip": [
		0.6045522093772888,
		0.5457779169082642,
		-0.022501161321997643,
		0.999528706073761
	],
	"2. left_knee": [
		0.5939655303955078,
		0.650230348110199,
		-0.009740752167999744,
		0.9866040945053101
	],
	"3. left_ankle": [
		0.5882473587989807,
		0.7433174252510071,
		0.1672244518995285,
		0.9828957319259644
	],
	"6. right_hip": [
		0.5537847876548767,
		0.5401508212089539,
		0.022437985986471176,
		0.9996269941329956
	],
	"7. right_knee": [
		0.5437648892402649,
		0.6457529664039612,
		0.0170535147190094,
		0.9898717403411865
	],
	"8. right_ankle": [
		0.542009174823761,
		0.7453476786613464,
		0.21846003830432892,
		0.9850463271141052
	],
	"14. left_shoulder": [
		0.6429179310798645,
		0.40171295404434204,
		-0.08167963474988937,
		0.997596263885498
	],
	"15. left_elbow": [
		0.6314570903778076,
		0.419053316116333,
		-0.30927208065986633,
		0.7524837851524353
	],
	"16. left_wrist": [
		0.5991576910018921,
		0.3998347520828247,
		-0.576766312122345,
		0.7930094003677368
	],
	"19. right_shoulder": [
		0.5504145622253418,
		0.39345645904541016,
		0.015279826708137989,
		0.9998177886009216
	],
	"20. right_elbow": [
		0.508598804473877,
		0.4376465976238251,
		-0.05987980589270592,
		0.9720757603645325
	],
	"21. right_wrist": [
		0.4998653829097748,
		0.47368907928466797,
		-0.23789876699447632,
		0.9275678992271423
	],
	"24. nose": [
		0.6057160496711731,
		0.3434775471687317,
		-0.19821618497371674,
		0.9998065233230591
	],
	"25. left_eye": [
		0.6173372864723206,
		0.3356016278266907,
		-0.1784403771162033,
		0.999506950378418
	],
	"26. right_eye": [
		0.5980452299118042,
		0.33305925130844116,
		-0.17585894465446472,
		0.9995430707931519
	],
	"27. left_ear": [
		0.6254563927650452,
		0.34393978118896484,
		-0.06238636374473572,
		0.9988714456558228
	],
	"28. right_ear": [
		0.5894802808761597,
		0.3377493619918823,
		-0.052587494254112244,
		0.9995662569999695
	],
	"time stamp": 30.0
}