{
	"1. left_hip": [
		0.5967755913734436,
		0.52610182762146,
		-0.05293843522667885,
		0.9995923042297363
	],
	"2. left_knee": [
		0.5779727101325989,
		0.6341640949249268,
		-0.03071124106645584,
		0.9906363487243652
	],
	"3. left_ankle": [
		0.5942977070808411,
		0.731445848941803,
		0.08923320472240448,
		0.9862481951713562
	],
	"6. right_hip": [
		0.5496608018875122,
		0.5319185853004456,
		0.052836574614048004,
		0.9996650815010071
	],
	"7. right_knee": [
		0.5445845127105713,
		0.6376967430114746,
		0.06996721774339676,
		0.9452539086341858
	],
	"8. right_ankle": [
		0.5715949535369873,
		0.7394841313362122,
		0.19634641706943512,
		0.9780992865562439
	],
	"14. left_shoulder": [
		0.6041469573974609,
		0.3739798665046692,
		-0.18536022305488586,
		0.9988826513290405
	],
	"15. left_elbow": [
		0.6659242510795593,
		0.333832323551178,
		-0.18776929378509521,
		0.946679413318634
	],
	"16. left_wrist": [
		0.7125082612037659,
		0.2930772006511688,
		-0.22420050203800201,
		0.9470155835151672
	],
	"19. right_shoulder": [
		0.5204060673713684,
		0.4037575125694275,
		-0.11737770587205887,
		0.9993652701377869
	],
	"20. right_elbow": [
		0.4660038948059082,
		0.4296971261501312,
		-0.19519589841365814,
		0.946060299873352
	],
	"21. right_wrist": [
		0.48919621109962463,
		0.37988635897636414,
		-0.3792304992675781,
		0.9666529297828674
	],
	"24. nose": [
		0.5415412187576294,
		0.3460760712623596,
		-0.38248056173324585,
		0.9997312426567078
	],
	"25. left_eye": [
		0.5525011420249939,
		0.33634909987449646,
		-0.3694688677787781,
		0.9993095993995667
	],
	"26. right_eye": [
		0.5353114604949951,
		0.3383053243160248,
		-0.36083221435546875,
		0.9994118809700012
	],
	"27. left_ear": [
		0.5643143057823181,
		0.3403410315513611,
		-0.26659688353538513,
		0.9992114901542664
	],
	"28. right_ear": [
		0.538440465927124,
		0.3434712290763855,
		-0.22469080984592438,
		0.9993675351142883
	],
	"time stamp": 30.0
}