{
	"1. left_hip": [
		0.5936742424964905,
		0.5647923350334167,
		-0.010038554668426514,
		0.9992302656173706
	],
	"2. left_knee": [
		0.5799367427825928,
		0.64760822057724,
		-0.02955726906657219,
		0.9708986878395081
	],
	"3. left_ankle": [
		0.587816596031189,
		0.732293963432312,
		0.18954136967658997,
		0.9654622077941895
	],
	"6. right_hip": [
		0.5421545505523682,
		0.5637414455413818,
		0.009865408763289452,
		0.9986457824707031
	],
	"7. right_knee": [
		0.541830837726593,
		0.6607655882835388,
		0.03821277990937233,
		0.8684569001197815
	],
	"8. right_ankle": [
		0.554144024848938,
		0.7463912963867188,
		0.2609257996082306,
		0.9181389212608337
	],
	"14. left_shoulder": [
		0.6112298965454102,
		0.44599512219429016,
		-0.35529807209968567,
		0.9998744130134583
	],
	"15. left_elbow": [
		0.674872875213623,
		0.44453728199005127,
		-0.4081074297428131,
		0.993273138999939
	],
	"16. left_wrist": [
		0.7392645478248596,
		0.4392927587032318,
		-0.5187507271766663,
		0.9878593683242798
	],
	"19. right_shoulder": [
		0.5155125260353088,
		0.4577607810497284,
		-0.36159756779670715,
		0.9995400309562683
	],
	"20. right_elbow": [
		0.46041736006736755,
		0.4695202708244324,
		-0.5412044525146484,
		0.8536939024925232
	],
	"21. right_wrist": [
		0.48287105560302734,
		0.48173031210899353,
		-0.7937878370285034,
		0.8871713876724243
	],
	"24. nose": [
		0.5567558407783508,
		0.4336848855018616,
		-0.6057758927345276,
		0.9998902678489685
	],
	"25. left_eye": [
		0.5664772391319275,
		0.4202418923377991,
		-0.5976041555404663,
		0.9997234344482422
	],
	"26. right_eye": [
		0.546169638633728,
		0.42081087827682495,
		-0.593818724155426,
		0.9996219277381897
	],
	"27. left_ear": [
		0.5778462290763855,
		0.4179038405418396,
		-0.4776248633861542,
		0.9997591972351074
	],
	"28. right_ear": [
		0.5371019244194031,
		0.41987335681915283,
		-0.46223556995391846,
		0.9994571208953857
	],
	"time stamp": 30.0
}