{
	"1. left_hip": [
		0.593909502029419,
		0.5544974207878113,
		-0.00469787884503603,
		0.9994518160820007
	],
	"2. left_knee": [
		0.5934662818908691,
		0.6575872898101807,
		-0.09947085380554199,
		0.976527750492096
	],
	"3. left_ankle": [
		0.581364631652832,
		0.7533891797065735,
		0.039179690182209015,
		0.9729920625686646
	],
	"6. right_hip": [
		0.5408697724342346,
		0.554868757724762,
		0.004675944801419973,
		0.9989570379257202
	],
	"7. right_knee": [
		0.5518132448196411,
		0.658668041229248,
		0.07855255156755447,
		0.9127627015113831
	],
	"8. right_ankle": [
		0.5410866141319275,
		0.7112002372741699,
		0.46073782444000244,
		0.922630786895752
	],
	"14. left_shoulder": [
		0.6251285076141357,
		0.44516175985336304,
		-0.2518366873264313,
		0.9999237656593323
	],
	"15. left_elbow": [
		0.6723921298980713,
		0.48851802945137024,
		-0.41187748312950134,
		0.9953998327255249
	],
	"16. left_wrist": [
		0.6846578121185303,
		0.45574095845222473,
		-0.6824805736541748,
		0.991949737071991
	],
	"19. right_shoulder": [
		0.5282928943634033,
		0.44020992517471313,
		-0.22572581470012665,
		0.9997039437294006
	],
	"20. right_elbow": [
		0.4667014181613922,
		0.4466666877269745,
		-0.30018314719200134,
		0.9099045395851135
	],
	"21. right_wrist": [
		0.4281972050666809,
		0.44226324558258057,
		-0.4924381375312805,
		0.9160610437393188
	],
	"24. nose": [
		0.5831274390220642,
		0.39771947264671326,
		-0.4864496886730194,
		0.99993497133255
	],
	"25. left_eye": [
		0.5923219919204712,
		0.38988885283470154,
		-0.47036615014076233,
		0.9998362064361572
	],
	"26. right_eye": [
		0.5740463733673096,
		0.3887275755405426,
		-0.4694331884384155,
		0.9997758865356445
	],
	"27. left_ear": [
		0.601332426071167,
		0.3959369361400604,
		-0.3416905999183655,
		0.9998571872711182
	],
	"28. right_ear": [
		0.5636579394340515,
		0.3938330411911011,
		-0.339685320854187,
		0.9996778964996338
	],
	"time stamp": 30.0
}