{
	"1. left_hip": [
		0.5813204050064087,
		0.5644198060035706,
		0.05223686620593071,
		0.9996119141578674
	],
	"2. left_knee": [
		0.5883074402809143,
		0.6646025776863098,
		0.04084230214357376,
		0.964617908000946
	],
	"3. left_ankle": [
		0.5821228623390198,
		0.7534707188606262,
		0.21171125769615173,
		0.9686264395713806
	],
	"6. right_hip": [
		0.537400484085083,
		0.5621048808097839,
		-0.05253995209932327,
		0.9992029070854187
	],
	"7. right_knee": [
		0.5482372641563416,
		0.6608089804649353,
		-0.016357477754354477,
		0.954771101474762
	],
	"8. right_ankle": [
		0.5417471528053284,
		0.7522750496864319,
		0.14047352969646454,
		0.9417505860328674
	],
	"14. left_shoulder": [
		0.6215394139289856,
		0.43842625617980957,
		-0.141683429479599,
		0.9999597668647766
	],
	"15. left_elbow": [
		0.6471886038780212,
		0.48068565130233765,
		-0.2776128947734833,
		0.983575165271759
	],
	"16. left_wrist": [
		0.6667101979255676,
		0.46447744965553284,
		-0.5469632148742676,
		0.991506040096283
	],
	"19. right_shoulder": [
		0.536669909954071,
		0.41614198684692383,
		-0.19795063138008118,
		0.9998262524604797
	],
	"20. right_elbow": [
		0.4647107720375061,
		0.4181590974330902,
		-0.18915313482284546,
		0.9594494104385376
	],
	"21. right_wrist": [
		0.39555278420448303,
		0.41084128618240356,
		-0.21537232398986816,
		0.9535897374153137
	],
	"24. nose": [
		0.6067236065864563,
		0.398666113615036,
		-0.3923555314540863,
		0.9999678730964661
	],
	"25. left_eye": [
		0.6143245100975037,
		0.3897361159324646,
		-0.3760260343551636,
		0.9999217987060547
	],
	"26. right_eye": [
		0.5994853973388672,
		0.3827597200870514,
		-0.38847899436950684,
		0.9998825788497925
	],
	"27. left_ear": [
		0.6139885783195496,
		0.3908844292163849,
		-0.2388591319322586,
		0.9999242424964905
	],
	"28. right_ear": [
		0.5837424397468567,
		0.38270798325538635,
		-0.2902034521102905,
		0.9998466372489929
	],
	"time stamp": 30.0
}