{
	"1. left_hip": [
		0.5752444267272949,
		0.5670238137245178,
		0.07747691869735718,
		0.9995453357696533
	],
	"2. left_knee": [
		0.5977416634559631,
		0.6524531245231628,
		0.16341398656368256,
		0.9667221903800964
	],
	"3. left_ankle": [
		0.5686142444610596,
		0.717682421207428,
		0.4496080279350281,
		0.9556318521499634
	],
	"6. right_hip": [
		0.5290724039077759,
		0.5682646632194519,
		-0.07746105641126633,
		0.9991353154182434
	],
	"7. right_knee": [
		0.5413129329681396,
		0.6624337434768677,
		-0.20905302464962006,
		0.9670813083648682
	],
	"8. right_ankle": [
		0.5375135540962219,
		0.7596798539161682,
		-0.08764351904392242,
		0.958214521408081
	],
	"14. left_shoulder": [
		0.6138226985931396,
		0.44783341884613037,
		-0.12533746659755707,
		0.9999723434448242
	],
	"15. left_elbow": [
		0.6635966300964355,
		0.4812030792236328,
		-0.2661026120185852,
		0.988385796546936
	],
	"16. left_wrist": [
		0.6634764075279236,
		0.43591004610061646,
		-0.5402545928955078,
		0.9934203028678894
	],
	"19. right_shoulder": [
		0.5365405082702637,
		0.4325748383998871,
		-0.3155900835990906,
		0.9998531937599182
	],
	"20. right_elbow": [
		0.47761744260787964,
		0.4518597424030304,
		-0.3679807186126709,
		0.973910391330719
	],
	"21. right_wrist": [
		0.4736056327819824,
		0.4639991819858551,
		-0.4477957785129547,
		0.9637813568115234
	],
	"24. nose": [
		0.6131435632705688,
		0.41295763850212097,
		-0.4256393611431122,
		0.9999711513519287
	],
	"25. left_eye": [
		0.6187781691551208,
		0.4042690694332123,
		-0.40473249554634094,
		0.9999290108680725
	],
	"26. right_eye": [
		0.6053581237792969,
		0.39977943897247314,
		-0.4287845194339752,
		0.9998906850814819
	],
	"27. left_ear": [
		0.6159621477127075,
		0.40511107444763184,
		-0.2567218840122223,
		0.9999223351478577
	],
	"28. right_ear": [
		0.5896899700164795,
		0.39471590518951416,
		-0.37751322984695435,
		0.9998723864555359
	],
	"time stamp": 30.0
}