{
	"1. left_hip": [
		0.5738952159881592,
		0.5878278613090515,
		0.04530363902449608,
		0.9995719790458679
	],
	"2. left_knee": [
		0.6067019701004028,
		0.6693382263183594,
		-0.06937797367572784,
		0.9633212685585022
	],
	"3. left_ankle": [
		0.5591380596160889,
		0.7375370860099792,
		0.14769713580608368,
		0.9383043050765991
	],
	"6. right_hip": [
		0.5332656502723694,
		0.583677351474762,
		-0.04526976868510246,
		0.9994979500770569
	],
	"7. right_knee": [
		0.5467567443847656,
		0.6591640114784241,
		-0.2267194539308548,
		0.9806257486343384
	],
	"8. right_ankle": [
		0.560906171798706,
		0.7571946978569031,
		-0.048847682774066925,
		0.9763267040252686
	],
	"14. left_shoulder": [
		0.6121205687522888,
		0.4741958677768707,
		-0.015398315154016018,
		0.9999421834945679
	],
	"15. left_elbow": [
		0.6056368947029114,
		0.5471188426017761,
		0.030397947877645493,
		0.9162442088127136
	],
	"16. left_wrist": [
		0.621496856212616,
		0.6095011830329895,
		-0.04950171709060669,
		0.9517881870269775
	],
	"19. right_shoulder": [
		0.5444464087486267,
		0.45121005177497864,
		-0.16665467619895935,
		0.9999204277992249
	],
	"20. right_elbow": [
		0.5130846500396729,
		0.5165762901306152,
		-0.20575210452079773,
		0.9847136735916138
	],
	"21. right_wrist": [
		0.5116432905197144,
		0.5793410539627075,
		-0.3008729815483093,
		0.9725031852722168
	],
	"24. nose": [
		0.6151368021965027,
		0.4036164879798889,
		-0.2597392201423645,
		0.9999821782112122
	],
	"25. left_eye": [
		0.6187014579772949,
		0.39781010150909424,
		-0.23530374467372894,
		0.9999539256095886
	],
	"26. right_eye": [
		0.606247067451477,
		0.39318230748176575,
		-0.2514035403728485,
		0.9999389052391052
	],
	"27. left_ear": [
		0.6156906485557556,
		0.40538108348846436,
		-0.11129529029130936,
		0.9999350905418396
	],
	"28. right_ear": [
		0.5900235176086426,
		0.39774537086486816,
		-0.18431997299194336,
		0.9999290704727173
	],
	"time stamp": 30.0
}