{
	"1. left_hip": [
		0.569390594959259,
		0.5600693821907043,
		0.07938208431005478,
		0.9994663596153259
	],
	"2. left_knee": [
		0.5901398658752441,
		0.650329053401947,
		0.0301238801330328,
		0.9347915053367615
	],
	"3. left_ankle": [
		0.56124347448349,
		0.74285489320755,
		0.13860100507736206,
		0.9309899806976318
	],
	"6. right_hip": [
		0.5314039587974548,
		0.5555534958839417,
		-0.07962506264448166,
		0.9993963241577148
	],
	"7. right_knee": [
		0.5404202342033386,
		0.6551719903945923,
		-0.08453623205423355,
		0.9787652492523193
	],
	"8. right_ankle": [
		0.5156404376029968,
		0.7553796768188477,
		0.021668564528226852,
		0.9800993800163269
	],
	"14. left_shoulder": [
		0.612372875213623,
		0.4186157286167145,
		0.06820298731327057,
		0.9995369911193848
	],
	"15. left_elbow": [
		0.6516591310501099,
		0.37086349725723267,
		0.11057479679584503,
		0.857547402381897
	],
	"16. left_wrist": [
		0.6120729446411133,
		0.3394593894481659,
		0.15168601274490356,
		0.8409008979797363
	],
	"19. right_shoulder": [
		0.5462937951087952,
		0.41224205493927,
		-0.1473545879125595,
		0.9999481439590454
	],
	"20. right_elbow": [
		0.5099525451660156,
		0.4697682857513428,
		-0.15582415461540222,
		0.991500973701477
	],
	"21. right_wrist": [
		0.4957149922847748,
		0.5294235944747925,
		-0.1376677006483078,
		0.9730643630027771
	],
	"24. nose": [
		0.607440173625946,
		0.38059771060943604,
		-0.21667633950710297,
		0.999984860420227
	],
	"25. left_eye": [
		0.614726722240448,
		0.3731932044029236,
		-0.1891261339187622,
		0.9999384880065918
	],
	"26. right_eye": [
		0.6011055111885071,
		0.36758938431739807,
		-0.21002733707427979,
		0.9999693036079407
	],
	"27. left_ear": [
		0.6111154556274414,
		0.377996027469635,
		-0.049247387796640396,
		0.9998819828033447
	],
	"28. right_ear": [
		0.585102379322052,
		0.3675374388694763,
		-0.1555522382259369,
		0.9999622106552124
	],
	"time stamp": 30.0
}