{
	"1. left_hip": [
		0.5744686722755432,
		0.5527483820915222,
		0.08535914868116379,
		0.997189998626709
	],
	"2. left_knee": [
		0.5912651419639587,
		0.6438582539558411,
		0.022334232926368713,
		0.9380555748939514
	],
	"3. left_ankle": [
		0.571606457233429,
		0.734740138053894,
		0.1206425130367279,
		0.9375479221343994
	],
	"6. right_hip": [
		0.5380480885505676,
		0.5502161383628845,
		-0.0853460431098938,
		0.9989007711410522
	],
	"7. right_knee": [
		0.548265814781189,
		0.6497088670730591,
		-0.1116221472620964,
		0.9831907153129578
	],
	"8. right_ankle": [
		0.5260182023048401,
		0.7506006360054016,
		-0.03476429730653763,
		0.9858418703079224
	],
	"14. left_shoulder": [
		0.5957842469215393,
		0.4205990433692932,
		0.12291119992733002,
		0.9967620372772217
	],
	"15. left_elbow": [
		0.6318880319595337,
		0.41795188188552856,
		0.27586594223976135,
		0.4311515986919403
	],
	"16. left_wrist": [
		0.6435121893882751,
		0.3975731134414673,
		0.31756532192230225,
		0.44033798575401306
	],
	"19. right_shoulder": [
		0.543006181716919,
		0.40148672461509705,
		-0.14927294850349426,
		0.9999491572380066
	],
	"20. right_elbow": [
		0.4962218701839447,
		0.43610844016075134,
		-0.1477668732404709,
		0.9950410723686218
	],
	"21. right_wrist": [
		0.5013719797134399,
		0.4967750310897827,
		-0.1384514719247818,
		0.9796650409698486
	],
	"24. nose": [
		0.6046873927116394,
		0.3820284903049469,
		-0.18817441165447235,
		0.9995325207710266
	],
	"25. left_eye": [
		0.6065564155578613,
		0.3753034770488739,
		-0.16089646518230438,
		0.9988117814064026
	],
	"26. right_eye": [
		0.5980319976806641,
		0.371459424495697,
		-0.19076959788799286,
		0.999498724937439
	],
	"27. left_ear": [
		0.6003416180610657,
		0.378400981426239,
		-0.027088940143585205,
		0.996730625629425
	],
	"28. right_ear": [
		0.5823866724967957,
		0.3719917833805084,
		-0.14861944317817688,
		0.9996780157089233
	],
	"time stamp": 30.0
}