{
	"1. left_hip": [
		0.5735809206962585,
		0.5408075451850891,
		-0.033721718937158585,
		0.9988405108451843
	],
	"2. left_knee": [
		0.5551552772521973,
		0.6395018696784973,
		-0.0351896658539772,
		0.9714741110801697
	],
	"3. left_ankle": [
		0.5724238157272339,
		0.7237648367881775,
		0.14865247905254364,
		0.9630123972892761
	],
	"6. right_hip": [
		0.5281304717063904,
		0.5382546186447144,
		0.03378161042928696,
		0.9987057447433472
	],
	"7. right_knee": [
		0.5287333130836487,
		0.6399986147880554,
		0.03381308913230896,
		0.9742104411125183
	],
	"8. right_ankle": [
		0.5512775182723999,
		0.7309761047363281,
		0.2058493196964264,
		0.9741376042366028
	],
	"14. left_shoulder": [
		0.6003193855285645,
		0.4087975323200226,
		-0.13117702305316925,
		0.9997587203979492
	],
	"15. left_elbow": [
		0.6087925434112549,
		0.4795409142971039,
		-0.15186569094657898,
		0.9368343949317932
	],
	"16. left_wrist": [
		0.5851833820343018,
		0.5222668647766113,
		-0.2632867991924286,
		0.9432697296142578
	],
	"19. right_shoulder": [
		0.5179563164710999,
		0.4143119156360626,
		-0.008808949962258339,
		0.9997444152832031
	],
	"20. right_elbow": [
		0.5020725727081299,
		0.470023512840271,
		0.00376510270871222,
		0.9428105354309082
	],
	"21. right_wrist": [
		0.46823182702064514,
		0.49419882893562317,
		-0.21729254722595215,
		0.966562032699585
	],
	"24. nose": [
		0.5557079315185547,
		0.35744863748550415,
		-0.29390284419059753,
		0.9999229907989502
	],
	"25. left_eye": [
		0.5654703378677368,
		0.3480221927165985,
		-0.2765882909297943,
		0.9998289346694946
	],
	"26. right_eye": [
		0.5479934811592102,
		0.34779515862464905,
		-0.2820512056350708,
		0.9997256994247437
	],
	"27. left_ear": [
		0.5732256770133972,
		0.35356175899505615,
		-0.167340487241745,
		0.9996598958969116
	],
	"28. right_ear": [
		0.5418838262557983,
		0.3530825674533844,
		-0.14064301550388336,
		0.9995018839836121
	],
	"time stamp": 30.0
}