{
	"1. left_hip": [
		0.5762961506843567,
		0.5449212789535522,
		-0.0680943951010704,
		0.9992090463638306
	],
	"2. left_knee": [
		0.5538666248321533,
		0.6367899775505066,
		-0.09760110080242157,
		0.9785652160644531
	],
	"3. left_ankle": [
		0.5887927412986755,
		0.7121800780296326,
		0.09294281899929047,
		0.9718225002288818
	],
	"6. right_hip": [
		0.5384475588798523,
		0.5418115258216858,
		0.06817787885665894,
		0.9990800619125366
	],
	"7. right_knee": [
		0.5323304533958435,
		0.635424792766571,
		0.05952827259898186,
		0.9232277870178223
	],
	"8. right_ankle": [
		0.5477136969566345,
		0.730530858039856,
		0.20751811563968658,
		0.9679622054100037
	],
	"14. left_shoulder": [
		0.5976569056510925,
		0.41880765557289124,
		-0.15718711912631989,
		0.9998539686203003
	],
	"15. left_elbow": [
		0.6179618835449219,
		0.48308536410331726,
		-0.17750048637390137,
		0.9619712233543396
	],
	"16. left_wrist": [
		0.593816876411438,
		0.5215985774993896,
		-0.2782458961009979,
		0.9641021490097046
	],
	"19. right_shoulder": [
		0.5236717462539673,
		0.4199695587158203,
		0.01101146824657917,
		0.9997142553329468
	],
	"20. right_elbow": [
		0.5233665108680725,
		0.4797493815422058,
		-0.004051995929330587,
		0.7805555462837219
	],
	"21. right_wrist": [
		0.49106308817863464,
		0.49598613381385803,
		-0.24051742255687714,
		0.9415247440338135
	],
	"24. nose": [
		0.5538913011550903,
		0.36790943145751953,
		-0.2878142297267914,
		0.9999474287033081
	],
	"25. left_eye": [
		0.5622144937515259,
		0.35764554142951965,
		-0.2756064236164093,
		0.9998863935470581
	],
	"26. right_eye": [
		0.5456563830375671,
		0.35899618268013,
		-0.26592475175857544,
		0.9998114705085754
	],
	"27. left_ear": [
		0.5688952803611755,
		0.3611021935939789,
		-0.17609108984470367,
		0.9997913241386414
	],
	"28. right_ear": [
		0.5383853316307068,
		0.36431562900543213,
		-0.13074339926242828,
		0.9996167421340942
	],
	"time stamp": 30.0
}