{
	"1. left_hip": [
		0.6132976412773132,
		0.5779585838317871,
		-0.04499258100986481,
		0.9992853403091431
	],
	"2. left_knee": [
		0.6325454115867615,
		0.6615128517150879,
		-0.09734051674604416,
		0.9891307950019836
	],
	"3. left_ankle": [
		0.6290937066078186,
		0.7443655729293823,
		0.06938349455595016,
		0.9864053726196289
	],
	"6. right_hip": [
		0.5661770105361938,
		0.5804760456085205,
		0.04500413313508034,
		0.9993584752082825
	],
	"7. right_knee": [
		0.5113430023193359,
		0.6473813652992249,
		-0.15858128666877747,
		0.9654566049575806
	],
	"8. right_ankle": [
		0.5362837910652161,
		0.7297760844230652,
		-0.01281312108039856,
		0.9851676821708679
	],
	"14. left_shoulder": [
		0.6122540235519409,
		0.4355950951576233,
		-0.07886457443237305,
		0.9999430179595947
	],
	"15. left_elbow": [
		0.6448760032653809,
		0.48331090807914734,
		-0.08492785692214966,
		0.9866921901702881
	],
	"16. left_wrist": [
		0.6385782361030579,
		0.5316720008850098,
		-0.1780487596988678,
		0.9853125214576721
	],
	"19. right_shoulder": [
		0.535662829875946,
		0.45332857966423035,
		0.03845231980085373,
		0.999347984790802
	],
	"20. right_elbow": [
		0.5178471803665161,
		0.5019673109054565,
		-0.026411257684230804,
		0.7581557035446167
	],
	"21. right_wrist": [
		0.47676780819892883,
		0.472321093082428,
		-0.2731509208679199,
		0.93317049741745
	],
	"24. nose": [
		0.5624760389328003,
		0.40850386023521423,
		-0.24640633165836334,
		0.9999672174453735
	],
	"25. left_eye": [
		0.5695433020591736,
		0.3965495228767395,
		-0.2316380888223648,
		0.9999229907989502
	],
	"26. right_eye": [
		0.5517117977142334,
		0.39909714460372925,
		-0.22482125461101532,
		0.9998787045478821
	],
	"27. left_ear": [
		0.5781876444816589,
		0.3964442014694214,
		-0.12365376204252243,
		0.9999014735221863
	],
	"28. right_ear": [
		0.543952465057373,
		0.40154024958610535,
		-0.09186884760856628,
		0.9996827840805054
	],
	"time stamp": 30.0
}