{
	"1. left_hip": [
		0.6391609907150269,
		0.5396059155464172,
		0.008035361766815186,
		0.9990541338920593
	],
	"2. left_knee": [
		0.6339045763015747,
		0.6475478410720825,
		-0.028636392205953598,
		0.9760966300964355
	],
	"3. left_ankle": [
		0.6328551769256592,
		0.7434005737304688,
		0.15229658782482147,
		0.9741048812866211
	],
	"6. right_hip": [
		0.5912704467773438,
		0.5451980829238892,
		-0.008015749976038933,
		0.9988176226615906
	],
	"7. right_knee": [
		0.593787431716919,
		0.6506613492965698,
		-0.03937915712594986,
		0.9693765044212341
	],
	"8. right_ankle": [
		0.5847597718238831,
		0.7365946173667908,
		0.13597933948040009,
		0.9725397825241089
	],
	"14. left_shoulder": [
		0.636390209197998,
		0.39886268973350525,
		-0.08798960596323013,
		0.9999536275863647
	],
	"15. left_elbow": [
		0.6610029935836792,
		0.45338329672813416,
		-0.07263970375061035,
		0.9748915433883667
	],
	"16. left_wrist": [
		0.6693860292434692,
		0.49263548851013184,
		-0.2740612328052521,
		0.9571200013160706
	],
	"19. right_shoulder": [
		0.5507050156593323,
		0.42640602588653564,
		-0.12141887843608856,
		0.9995989799499512
	],
	"20. right_elbow": [
		0.5680984258651733,
		0.49860426783561707,
		-0.05983063578605652,
		0.866793155670166
	],
	"21. right_wrist": [
		0.5878260731697083,
		0.5557753443717957,
		-0.15612712502479553,
		0.9271931052207947
	],
	"24. nose": [
		0.5914894938468933,
		0.3803102374076843,
		-0.3641694188117981,
		0.9999502897262573
	],
	"25. left_eye": [
		0.6000038385391235,
		0.3693450391292572,
		-0.3495519161224365,
		0.9998367428779602
	],
	"26. right_eye": [
		0.5836314558982849,
		0.368766188621521,
		-0.3545380234718323,
		0.9998446106910706
	],
	"27. left_ear": [
		0.6067650318145752,
		0.3694934844970703,
		-0.2193630337715149,
		0.999597430229187
	],
	"28. right_ear": [
		0.5729491114616394,
		0.3690182864665985,
		-0.236134871840477,
		0.9996832013130188
	],
	"time stamp": 30.0
}