{
	"1. left_hip": [
		0.5924093127250671,
		0.5612993240356445,
		0.02549125626683235,
		0.9994980692863464
	],
	"2. left_knee": [
		0.6508336663246155,
		0.642472505569458,
		-0.08633393049240112,
		0.9796369671821594
	],
	"3. left_ankle": [
		0.653622567653656,
		0.7427273392677307,
		0.07155736535787582,
		0.9816557765007019
	],
	"6. right_hip": [
		0.5405407547950745,
		0.5651684403419495,
		-0.025541016831994057,
		0.9993718266487122
	],
	"7. right_knee": [
		0.5139209032058716,
		0.6621333360671997,
		-0.1403585523366928,
		0.9874430298805237
	],
	"8. right_ankle": [
		0.5342426300048828,
		0.7553118467330933,
		0.02885289490222931,
		0.9868022203445435
	],
	"14. left_shoulder": [
		0.6163020133972168,
		0.4273492395877838,
		0.00017785179079510272,
		0.9996877312660217
	],
	"15. left_elbow": [
		0.6133778691291809,
		0.48639407753944397,
		-0.0019481778144836426,
		0.760836660861969
	],
	"16. left_wrist": [
		0.6257233619689941,
		0.5204432010650635,
		-0.18147166073322296,
		0.8319802284240723
	],
	"19. right_shoulder": [
		0.5282645225524902,
		0.4184111952781677,
		-0.06630147248506546,
		0.9997140765190125
	],
	"20. right_elbow": [
		0.4998825490474701,
		0.4823627471923828,
		-0.17133329808712006,
		0.9568801522254944
	],
	"21. right_wrist": [
		0.5183528661727905,
		0.48935118317604065,
		-0.40504494309425354,
		0.9483132362365723
	],
	"24. nose": [
		0.5834882259368896,
		0.36283254623413086,
		-0.25738972425460815,
		0.9999355673789978
	],
	"25. left_eye": [
		0.5876852869987488,
		0.3540416955947876,
		-0.23336705565452576,
		0.9998547434806824
	],
	"26. right_eye": [
		0.5695398449897766,
		0.35732245445251465,
		-0.2382921576499939,
		0.9998728036880493
	],
	"27. left_ear": [
		0.5913181900978088,
		0.3585304021835327,
		-0.0950617641210556,
		0.9995661973953247
	],
	"28. right_ear": [
		0.5591434836387634,
		0.36634138226509094,
		-0.11831604689359665,
		0.9998455047607422
	],
	"time stamp": 30.0
}