{
	"1. left_hip": [
		0.6103082299232483,
		0.5538734793663025,
		-0.09035519510507584,
		0.9990512728691101
	],
	"2. left_knee": [
		0.6208384037017822,
		0.6588715314865112,
		-0.12273714691400528,
		0.9866018295288086
	],
	"3. left_ankle": [
		0.6365221738815308,
		0.7693694829940796,
		-0.05854908004403114,
		0.9848405122756958
	],
	"6. right_hip": [
		0.5743849873542786,
		0.5521129965782166,
		0.09045202285051346,
		0.9993456602096558
	],
	"7. right_knee": [
		0.5375645160675049,
		0.6441454887390137,
		0.030115816742181778,
		0.9820433855056763
	],
	"8. right_ankle": [
		0.5300585031509399,
		0.7479146122932434,
		0.13161152601242065,
		0.9875296950340271
	],
	"14. left_shoulder": [
		0.6179861426353455,
		0.39995232224464417,
		-0.18283402919769287,
		0.9999445080757141
	],
	"15. left_elbow": [
		0.6502088904380798,
		0.45747020840644836,
		-0.23330144584178925,
		0.9737458229064941
	],
	"16. left_wrist": [
		0.6409165263175964,
		0.5087170004844666,
		-0.28460150957107544,
		0.9720765352249146
	],
	"19. right_shoulder": [
		0.561701774597168,
		0.40693050622940063,
		0.12732048332691193,
		0.999664306640625
	],
	"20. right_elbow": [
		0.5499667525291443,
		0.4680129885673523,
		0.15821777284145355,
		0.4979580342769623
	],
	"21. right_wrist": [
		0.5345819592475891,
		0.45998263359069824,
		-0.06882859021425247,
		0.7532790303230286
	],
	"24. nose": [
		0.5495731234550476,
		0.3522396385669708,
		-0.148553267121315,
		0.9999229907989502
	],
	"25. left_eye": [
		0.5630297064781189,
		0.34161391854286194,
		-0.15606321394443512,
		0.9998688697814941
	],
	"26. right_eye": [
		0.5568287968635559,
		0.3399553894996643,
		-0.12885606288909912,
		0.9997877478599548
	],
	"27. left_ear": [
		0.5821921229362488,
		0.3491915464401245,
		-0.15079322457313538,
		0.9998732209205627
	],
	"28. right_ear": [
		0.5695282816886902,
		0.34550994634628296,
		-0.010846804827451706,
		0.9995386004447937
	],
	"time stamp": 30.0
}