{
	"1. left_hip": [
		0.63495934009552,
		0.5455151200294495,
		-0.04270434379577637,
		0.9993036389350891
	],
	"2. left_knee": [
		0.6232126355171204,
		0.6611921191215515,
		-0.04452352970838547,
		0.9884719848632812
	],
	"3. left_ankle": [
		0.6509395241737366,
		0.7606445550918579,
		0.07477311789989471,
		0.987170934677124
	],
	"6. right_hip": [
		0.5865293145179749,
		0.5470558404922485,
		0.04287789762020111,
		0.9994028210639954
	],
	"7. right_knee": [
		0.5556473731994629,
		0.6518911123275757,
		0.02239525318145752,
		0.9773020148277283
	],
	"8. right_ankle": [
		0.5421576499938965,
		0.7529650926589966,
		0.15371441841125488,
		0.9866573810577393
	],
	"14. left_shoulder": [
		0.6383157968521118,
		0.3920168876647949,
		0.011731562204658985,
		0.9999609589576721
	],
	"15. left_elbow": [
		0.6688183546066284,
		0.44216930866241455,
		0.019990572705864906,
		0.9828574657440186
	],
	"16. left_wrist": [
		0.6739626526832581,
		0.49299710988998413,
		-0.06297458708286285,
		0.9796907305717468
	],
	"19. right_shoulder": [
		0.5566919445991516,
		0.4110575318336487,
		0.08075636625289917,
		0.9992881417274475
	],
	"20. right_elbow": [
		0.551375150680542,
		0.4749131500720978,
		-0.05259542167186737,
		0.5131860375404358
	],
	"21. right_wrist": [
		0.5626865029335022,
		0.44700539112091064,
		-0.34284865856170654,
		0.7760699987411499
	],
	"24. nose": [
		0.5869902968406677,
		0.3537173867225647,
		-0.17003792524337769,
		0.9999330639839172
	],
	"25. left_eye": [
		0.5979037284851074,
		0.3438723385334015,
		-0.14722342789173126,
		0.9998915791511536
	],
	"26. right_eye": [
		0.5786110162734985,
		0.34110236167907715,
		-0.14711937308311462,
		0.9998206496238708
	],
	"27. left_ear": [
		0.607453465461731,
		0.35033607482910156,
		-0.02841591089963913,
		0.9999055862426758
	],
	"28. right_ear": [
		0.5700581669807434,
		0.34717249870300293,
		-0.00970155093818903,
		0.9995449781417847
	],
	"time stamp": 30.0
}