{
	"1. left_hip": [
		0.6440878510475159,
		0.5449711084365845,
		0.030897030606865883,
		0.9995390176773071
	],
	"2. left_knee": [
		0.6572491526603699,
		0.6670987606048584,
		-0.015786251053214073,
		0.9892482161521912
	],
	"3. left_ankle": [
		0.6620662212371826,
		0.7704538702964783,
		0.16557952761650085,
		0.9871078729629517
	],
	"6. right_hip": [
		0.589081346988678,
		0.5501863360404968,
		-0.030811093747615814,
		0.9994075298309326
	],
	"7. right_knee": [
		0.5818576812744141,
		0.6651426553726196,
		-0.0037356663960963488,
		0.9780946373939514
	],
	"8. right_ankle": [
		0.5643137097358704,
		0.7520451545715332,
		0.26335495710372925,
		0.9817001223564148
	],
	"14. left_shoulder": [
		0.6530340909957886,
		0.39696720242500305,
		-0.04475037381052971,
		0.9999474883079529
	],
	"15. left_elbow": [
		0.673325777053833,
		0.46192923188209534,
		-0.005595553666353226,
		0.9547794461250305
	],
	"16. left_wrist": [
		0.6750667691230774,
		0.4983016848564148,
		-0.15413996577262878,
		0.9279952049255371
	],
	"19. right_shoulder": [
		0.5530532002449036,
		0.4055602252483368,
		-0.15043067932128906,
		0.9991288185119629
	],
	"20. right_elbow": [
		0.5524495840072632,
		0.4747115969657898,
		-0.10133646428585052,
		0.7159565687179565
	],
	"21. right_wrist": [
		0.5790404677391052,
		0.5087960958480835,
		-0.13425348699092865,
		0.7920090556144714
	],
	"24. nose": [
		0.6116966009140015,
		0.33749303221702576,
		-0.33535322546958923,
		0.9999246001243591
	],
	"25. left_eye": [
		0.6165276765823364,
		0.32944387197494507,
		-0.3101860284805298,
		0.9998815059661865
	],
	"26. right_eye": [
		0.5991687774658203,
		0.3294930160045624,
		-0.3244934380054474,
		0.9998263716697693
	],
	"27. left_ear": [
		0.6198376417160034,
		0.3367527723312378,
		-0.15877176821231842,
		0.9998370409011841
	],
	"28. right_ear": [
		0.5847238302230835,
		0.33779051899909973,
		-0.22600257396697998,
		0.9996508955955505
	],
	"time stamp": 30.0
}