{
	"1. left_hip": [
		0.5680271983146667,
		0.5730268955230713,
		-0.06372067332267761,
		0.9994363784790039
	],
	"2. left_knee": [
		0.5574957728385925,
		0.6771334409713745,
		-0.023617181926965714,
		0.9817100763320923
	],
	"3. left_ankle": [
		0.597509503364563,
		0.760494589805603,
		0.18628941476345062,
		0.9802849292755127
	],
	"6. right_hip": [
		0.5170674324035645,
		0.5656570196151733,
		0.06357206404209137,
		0.9997295141220093
	],
	"7. right_knee": [
		0.48083439469337463,
		0.6644850969314575,
		0.09344746172428131,
		0.9827092885971069
	],
	"8. right_ankle": [
		0.43461793661117554,
		0.7606852650642395,
		0.23098652064800262,
		0.9906129240989685
	],
	"14. left_shoulder": [
		0.6030996441841125,
		0.41648462414741516,
		-0.19688759744167328,
		0.9943167567253113
	],
	"15. left_elbow": [
		0.6451647281646729,
		0.3725517690181732,
		-0.28514066338539124,
		0.9740111231803894
	],
	"16. left_wrist": [
		0.6100441813468933,
		0.3211953043937683,
		-0.24738995730876923,
		0.925629734992981
	],
	"19. right_shoulder": [
		0.5272300839424133,
		0.4030231237411499,
		-0.07428523153066635,
		0.9976751208305359
	],
	"20. right_elbow": [
		0.5271770358085632,
		0.31115829944610596,
		-0.07295819371938705,
		0.8058153986930847
	],
	"21. right_wrist": [
		0.5867377519607544,
		0.30124902725219727,
		-0.018965279683470726,
		0.7586199045181274
	],
	"24. nose": [
		0.559058427810669,
		0.36277323961257935,
		-0.3007417619228363,
		0.9990487694740295
	],
	"25. left_eye": [
		0.5733041167259216,
		0.35316258668899536,
		-0.2855921983718872,
		0.9984156489372253
	],
	"26. right_eye": [
		0.5553398132324219,
		0.35047051310539246,
		-0.2762400805950165,
		0.9976136684417725
	],
	"27. left_ear": [
		0.5856691002845764,
		0.36054715514183044,
		-0.1942148208618164,
		0.9983317255973816
	],
	"28. right_ear": [
		0.5513696670532227,
		0.3545322120189667,
		-0.14744746685028076,
		0.9965970516204834
	],
	"time stamp": 30.0
}