{
	"1. left_hip": [
		0.5535447001457214,
		0.5745337009429932,
		-0.07726142555475235,
		0.9992984533309937
	],
	"2. left_knee": [
		0.534339189529419,
		0.6751296520233154,
		-0.04473915696144104,
		0.98200923204422
	],
	"3. left_ankle": [
		0.5969264507293701,
		0.7673484086990356,
		0.061731450259685516,
		0.9856321215629578
	],
	"6. right_hip": [
		0.5107614398002625,
		0.567413330078125,
		0.07708790898323059,
		0.9995744824409485
	],
	"7. right_knee": [
		0.4746965765953064,
		0.6689383387565613,
		0.0999065563082695,
		0.974408745765686
	],
	"8. right_ankle": [
		0.4341927170753479,
		0.7620648741722107,
		0.1901129186153412,
		0.9900857210159302
	],
	"14. left_shoulder": [
		0.5987594127655029,
		0.41256484389305115,
		-0.1414550095796585,
		0.9964704513549805
	],
	"15. left_elbow": [
		0.5902135968208313,
		0.33591052889823914,
		-0.22260111570358276,
		0.9893444776535034
	],
	"16. left_wrist": [
		0.5773267149925232,
		0.31006836891174316,
		-0.15465164184570312,
		0.8943209648132324
	],
	"19. right_shoulder": [
		0.5307891964912415,
		0.41316908597946167,
		0.0903487280011177,
		0.9980920553207397
	],
	"20. right_elbow": [
		0.4815137982368469,
		0.38077986240386963,
		0.09656431525945663,
		0.9078992009162903
	],
	"21. right_wrist": [
		0.5125980973243713,
		0.32483264803886414,
		0.07176884263753891,
		0.754088282585144
	],
	"24. nose": [
		0.5431731343269348,
		0.3657328486442566,
		-0.15919001400470734,
		0.9992719292640686
	],
	"25. left_eye": [
		0.5541143417358398,
		0.3554990589618683,
		-0.1548078954219818,
		0.9986631274223328
	],
	"26. right_eye": [
		0.542382538318634,
		0.35684746503829956,
		-0.1330520212650299,
		0.9979097247123718
	],
	"27. left_ear": [
		0.5733689665794373,
		0.36004823446273804,
		-0.11630962789058685,
		0.9987707138061523
	],
	"28. right_ear": [
		0.5470163226127625,
		0.3604174852371216,
		-0.003970241639763117,
		0.9975331425666809
	],
	"time stamp": 30.0
}