{
	"1. left_hip": [
		0.5561399459838867,
		0.5638801455497742,
		-0.07932906597852707,
		0.9991531372070312
	],
	"2. left_knee": [
		0.5449094176292419,
		0.670405924320221,
		-0.06184197962284088,
		0.9857003688812256
	],
	"3. left_ankle": [
		0.5962371826171875,
		0.7653661370277405,
		0.06864700466394424,
		0.9878156781196594
	],
	"6. right_hip": [
		0.515609622001648,
		0.5583730340003967,
		0.07924717664718628,
		0.9995464086532593
	],
	"7. right_knee": [
		0.47170963883399963,
		0.6573256254196167,
		0.07877465337514877,
		0.976157546043396
	],
	"8. right_ankle": [
		0.43259096145629883,
		0.7593017220497131,
		0.1522350013256073,
		0.9907482266426086
	],
	"14. left_shoulder": [
		0.5926187038421631,
		0.4088843762874603,
		-0.13680748641490936,
		0.9970993399620056
	],
	"15. left_elbow": [
		0.6010292172431946,
		0.4706780016422272,
		-0.31162360310554504,
		0.9900155663490295
	],
	"16. left_wrist": [
		0.5955609083175659,
		0.42560407519340515,
		-0.4519743025302887,
		0.9178125858306885
	],
	"19. right_shoulder": [
		0.5307302474975586,
		0.4151018261909485,
		0.09338725358247757,
		0.998356819152832
	],
	"20. right_elbow": [
		0.4666014611721039,
		0.4316524863243103,
		0.17161297798156738,
		0.9262910485267639
	],
	"21. right_wrist": [
		0.4911075830459595,
		0.3655204176902771,
		0.12388692796230316,
		0.823483407497406
	],
	"24. nose": [
		0.5403224229812622,
		0.3669978678226471,
		-0.16806849837303162,
		0.9993982911109924
	],
	"25. left_eye": [
		0.5486627221107483,
		0.356777161359787,
		-0.176886647939682,
		0.9989003539085388
	],
	"26. right_eye": [
		0.5371384024620056,
		0.36001285910606384,
		-0.14992256462574005,
		0.9983238577842712
	],
	"27. left_ear": [
		0.5642288327217102,
		0.35655516386032104,
		-0.1453050971031189,
		0.9988408088684082
	],
	"28. right_ear": [
		0.5431216359138489,
		0.36245661973953247,
		-0.028785185888409615,
		0.9978094696998596
	],
	"time stamp": 30.0
}