{
	"1. left_hip": [
		0.5560771226882935,
		0.5759763717651367,
		-0.049496132880449295,
		0.9994288682937622
	],
	"2. left_knee": [
		0.5557821989059448,
		0.6757307052612305,
		0.0041052657179534435,
		0.9900853633880615
	],
	"3. left_ankle": [
		0.595833420753479,
		0.7620849013328552,
		0.23499776422977448,
		0.9894213080406189
	],
	"6. right_hip": [
		0.5034254789352417,
		0.5695996284484863,
		0.04925978183746338,
		0.999703049659729
	],
	"7. right_knee": [
		0.46522626280784607,
		0.6622487902641296,
		0.07085762172937393,
		0.9801044464111328
	],
	"8. right_ankle": [
		0.43085941672325134,
		0.7588549852371216,
		0.25706061720848083,
		0.9910658597946167
	],
	"14. left_shoulder": [
		0.5860111713409424,
		0.4099964499473572,
		-0.10504037141799927,
		0.9984400272369385
	],
	"15. left_elbow": [
		0.6264622211456299,
		0.4736933708190918,
		-0.24609965085983276,
		0.9925464391708374
	],
	"16. left_wrist": [
		0.5548664331436157,
		0.4616340398788452,
		-0.389736533164978,
		0.9529399275779724
	],
	"19. right_shoulder": [
		0.49567118287086487,
		0.40917080640792847,
		0.03481469675898552,
		0.999010443687439
	],
	"20. right_elbow": [
		0.44318097829818726,
		0.4594220519065857,
		-0.08403272926807404,
		0.9224003553390503
	],
	"21. right_wrist": [
		0.47388601303100586,
		0.4472513794898987,
		-0.3108569085597992,
		0.8804885745048523
	],
	"24. nose": [
		0.5174896121025085,
		0.3561539649963379,
		-0.16730007529258728,
		0.999608039855957
	],
	"25. left_eye": [
		0.5300260782241821,
		0.34719032049179077,
		-0.1671713888645172,
		0.9992747902870178
	],
	"26. right_eye": [
		0.5176912546157837,
		0.3473004698753357,
		-0.14569826424121857,
		0.9989561438560486
	],
	"27. left_ear": [
		0.5501448512077332,
		0.3547755181789398,
		-0.12259405851364136,
		0.9992251992225647
	],
	"28. right_ear": [
		0.5233628749847412,
		0.35272151231765747,
		-0.024659307673573494,
		0.9984959363937378
	],
	"time stamp": 30.0
}