{
	"1. left_hip": [
		0.5527901649475098,
		0.5777720212936401,
		-0.050813253968954086,
		0.9994391798973083
	],
	"2. left_knee": [
		0.5550491809844971,
		0.6782323718070984,
		0.01945716328918934,
		0.9902099967002869
	],
	"3. left_ankle": [
		0.595892608165741,
		0.7624865770339966,
		0.23338006436824799,
		0.9889988303184509
	],
	"6. right_hip": [
		0.4993347227573395,
		0.5720688104629517,
		0.0505644828081131,
		0.9997103214263916
	],
	"7. right_knee": [
		0.4633175730705261,
		0.6640189290046692,
		0.09282132238149643,
		0.9808287620544434
	],
	"8. right_ankle": [
		0.4296588599681854,
		0.7601574659347534,
		0.2690994143486023,
		0.9910773038864136
	],
	"14. left_shoulder": [
		0.5844976902008057,
		0.41399717330932617,
		-0.11372096836566925,
		0.9985429048538208
	],
	"15. left_elbow": [
		0.623522162437439,
		0.47677624225616455,
		-0.24695120751857758,
		0.9923758506774902
	],
	"16. left_wrist": [
		0.5549367666244507,
		0.46227169036865234,
		-0.3667336404323578,
		0.9543291926383972
	],
	"19. right_shoulder": [
		0.494087278842926,
		0.4113437831401825,
		0.033753689378499985,
		0.9990870952606201
	],
	"20. right_elbow": [
		0.4454927146434784,
		0.4619206488132477,
		-0.08251717686653137,
		0.9222057461738586
	],
	"21. right_wrist": [
		0.46903637051582336,
		0.45320674777030945,
		-0.30656763911247253,
		0.8862851858139038
	],
	"24. nose": [
		0.5138482451438904,
		0.35665902495384216,
		-0.17047785222530365,
		0.9996350407600403
	],
	"25. left_eye": [
		0.5261988639831543,
		0.3472597897052765,
		-0.1707516461610794,
		0.9993182420730591
	],
	"26. right_eye": [
		0.5142107009887695,
		0.34762337803840637,
		-0.1501338928937912,
		0.9990378022193909
	],
	"27. left_ear": [
		0.5467644333839417,
		0.35500016808509827,
		-0.1271161586046219,
		0.9992590546607971
	],
	"28. right_ear": [
		0.5202479362487793,
		0.3528759777545929,
		-0.029792189598083496,
		0.9985949993133545
	],
	"time stamp": 30.0
}