{
	"1. left_hip": [
		0.5461546182632446,
		0.5454216599464417,
		-0.07015225291252136,
		0.9995425939559937
	],
	"2. left_knee": [
		0.5498493909835815,
		0.6602761745452881,
		-0.07747727632522583,
		0.9939221739768982
	],
	"3. left_ankle": [
		0.5953498482704163,
		0.762814998626709,
		-0.001099881250411272,
		0.9923897981643677
	],
	"6. right_hip": [
		0.4889572560787201,
		0.5435643196105957,
		0.07010754942893982,
		0.9996810555458069
	],
	"7. right_knee": [
		0.4563208520412445,
		0.6506471633911133,
		0.12465289235115051,
		0.9864329695701599
	],
	"8. right_ankle": [
		0.43038931488990784,
		0.7562744617462158,
		0.24653255939483643,
		0.9929251074790955
	],
	"14. left_shoulder": [
		0.5656581521034241,
		0.39417439699172974,
		-0.0772688090801239,
		0.9991692304611206
	],
	"15. left_elbow": [
		0.6052462458610535,
		0.43826723098754883,
		-0.24374613165855408,
		0.9949666261672974
	],
	"16. left_wrist": [
		0.5863522291183472,
		0.37311649322509766,
		-0.3618755340576172,
		0.9716253876686096
	],
	"19. right_shoulder": [
		0.48225006461143494,
		0.3996067941188812,
		0.13425175845623016,
		0.9992949962615967
	],
	"20. right_elbow": [
		0.4614873230457306,
		0.4591306447982788,
		0.05210469290614128,
		0.919667661190033
	],
	"21. right_wrist": [
		0.45650210976600647,
		0.39771825075149536,
		-0.1708720177412033,
		0.9274507761001587
	],
	"24. nose": [
		0.5013613700866699,
		0.34576916694641113,
		-0.13466261327266693,
		0.9997730851173401
	],
	"25. left_eye": [
		0.5120033025741577,
		0.33550018072128296,
		-0.13268554210662842,
		0.9995567202568054
	],
	"26. right_eye": [
		0.5005203485488892,
		0.3362028896808624,
		-0.10968448966741562,
		0.9994595646858215
	],
	"27. left_ear": [
		0.5320956110954285,
		0.34116917848587036,
		-0.08127790689468384,
		0.999463677406311
	],
	"28. right_ear": [
		0.5045443773269653,
		0.341825395822525,
		0.024869631975889206,
		0.9990893006324768
	],
	"time stamp": 30.0
}