{
	"1. left_hip": [
		0.5619304180145264,
		0.5212036967277527,
		-0.006785481236875057,
		0.9991260170936584
	],
	"2. left_knee": [
		0.570698618888855,
		0.6378691792488098,
		-0.04496029019355774,
		0.9941644072532654
	],
	"3. left_ankle": [
		0.548521876335144,
		0.7448658347129822,
		0.11549269407987595,
		0.9918352961540222
	],
	"6. right_hip": [
		0.5058162808418274,
		0.5256126523017883,
		0.0067770229652523994,
		0.9994451403617859
	],
	"7. right_knee": [
		0.5004881620407104,
		0.6391524076461792,
		-0.011365764774382114,
		0.9936615824699402
	],
	"8. right_ankle": [
		0.5161824822425842,
		0.7537820935249329,
		0.13219201564788818,
		0.9948816895484924
	],
	"14. left_shoulder": [
		0.5801473259925842,
		0.36226513981819153,
		-0.015362954698503017,
		0.9996020197868347
	],
	"15. left_elbow": [
		0.6464853882789612,
		0.38477763533592224,
		-0.1228501945734024,
		0.9817274212837219
	],
	"16. left_wrist": [
		0.63114994764328,
		0.3971548080444336,
		-0.3758130371570587,
		0.9251006841659546
	],
	"19. right_shoulder": [
		0.4765390455722809,
		0.374382883310318,
		-0.004297526553273201,
		0.99973064661026
	],
	"20. right_elbow": [
		0.4566842019557953,
		0.4337684214115143,
		0.014134960249066353,
		0.9475566148757935
	],
	"21. right_wrist": [
		0.4717673361301422,
		0.4857020080089569,
		-0.08869464695453644,
		0.9457159042358398
	],
	"24. nose": [
		0.5329622030258179,
		0.3153019845485687,
		-0.24267707765102386,
		0.9998151659965515
	],
	"25. left_eye": [
		0.5422456860542297,
		0.3076232075691223,
		-0.21959981322288513,
		0.9992436170578003
	],
	"26. right_eye": [
		0.5251933336257935,
		0.3056577146053314,
		-0.2212156355381012,
		0.9995625615119934
	],
	"27. left_ear": [
		0.5485419631004333,
		0.3151039779186249,
		-0.07790058106184006,
		0.9988606572151184
	],
	"28. right_ear": [
		0.5128265023231506,
		0.3121874928474426,
		-0.09312102198600769,
		0.9994765520095825
	],
	"time stamp": 30.0
}