{
	"1. left_hip": [
		0.5608327388763428,
		0.5249567627906799,
		0.014946653507649899,
		0.9992505311965942
	],
	"2. left_knee": [
		0.5631683468818665,
		0.6385084390640259,
		0.011704524047672749,
		0.9912893176078796
	],
	"3. left_ankle": [
		0.5509176254272461,
		0.7459415793418884,
		0.15118414163589478,
		0.9881462454795837
	],
	"6. right_hip": [
		0.5066645741462708,
		0.5269539952278137,
		-0.014809851534664631,
		0.9995203614234924
	],
	"7. right_knee": [
		0.5038748383522034,
		0.6401889324188232,
		-0.03717895969748497,
		0.9930627942085266
	],
	"8. right_ankle": [
		0.5055484175682068,
		0.7537278532981873,
		0.10508820414543152,
		0.9937366247177124
	],
	"14. left_shoulder": [
		0.5866714715957642,
		0.3722345232963562,
		0.04170602187514305,
		0.9996971487998962
	],
	"15. left_elbow": [
		0.6045727133750916,
		0.46246781945228577,
		-0.06391314417123795,
		0.9841607809066772
	],
	"16. left_wrist": [
		0.6304346919059753,
		0.4101434648036957,
		-0.3416972756385803,
		0.9440807700157166
	],
	"19. right_shoulder": [
		0.48850390315055847,
		0.37558895349502563,
		0.02537105232477188,
		0.9997932314872742
	],
	"20. right_elbow": [
		0.46839240193367004,
		0.43818962574005127,
		-0.006935936398804188,
		0.9582811594009399
	],
	"21. right_wrist": [
		0.4821755290031433,
		0.4926656186580658,
		-0.1690904051065445,
		0.9566565752029419
	],
	"24. nose": [
		0.541263997554779,
		0.3180443346500397,
		-0.1943550705909729,
		0.9998630285263062
	],
	"25. left_eye": [
		0.550956130027771,
		0.31061264872550964,
		-0.17278257012367249,
		0.9994410276412964
	],
	"26. right_eye": [
		0.5334946513175964,
		0.30868208408355713,
		-0.17520783841609955,
		0.9996740818023682
	],
	"27. left_ear": [
		0.559321403503418,
		0.3177209496498108,
		-0.039112936705350876,
		0.999155580997467
	],
	"28. right_ear": [
		0.5225391387939453,
		0.31547626852989197,
		-0.05349443480372429,
		0.9996111989021301
	],
	"time stamp": 30.0
}