{
	"1. left_hip": [
		0.5819039940834045,
		0.5411109924316406,
		0.015414622612297535,
		0.9996659755706787
	],
	"2. left_knee": [
		0.5961131453514099,
		0.6571540236473083,
		-0.048615217208862305,
		0.9949300289154053
	],
	"3. left_ankle": [
		0.5869941711425781,
		0.755937933921814,
		0.07236706465482712,
		0.9926446080207825
	],
	"6. right_hip": [
		0.527036190032959,
		0.5360310673713684,
		-0.015454891137778759,
		0.9997497797012329
	],
	"7. right_knee": [
		0.4948069155216217,
		0.634303092956543,
		0.07877086102962494,
		0.9944985508918762
	],
	"8. right_ankle": [
		0.47486594319343567,
		0.6956000924110413,
		0.37394270300865173,
		0.9870083928108215
	],
	"14. left_shoulder": [
		0.6065031886100769,
		0.3943122327327728,
		-0.015858110040426254,
		0.9998732209205627
	],
	"15. left_elbow": [
		0.6096534729003906,
		0.4681294560432434,
		-0.1471337527036667,
		0.9819528460502625
	],
	"16. left_wrist": [
		0.6068064570426941,
		0.3968365490436554,
		-0.43177205324172974,
		0.9749792814254761
	],
	"19. right_shoulder": [
		0.5156146883964539,
		0.3820548951625824,
		-0.06594894081354141,
		0.9999008178710938
	],
	"20. right_elbow": [
		0.4901838004589081,
		0.44290047883987427,
		-0.09488368779420853,
		0.9705670475959778
	],
	"21. right_wrist": [
		0.49975213408470154,
		0.49721160531044006,
		-0.21639946103096008,
		0.9588073492050171
	],
	"24. nose": [
		0.5789254903793335,
		0.33572593331336975,
		-0.2503485679626465,
		0.9999442100524902
	],
	"25. left_eye": [
		0.5846331715583801,
		0.3281518816947937,
		-0.22693441808223724,
		0.9997763633728027
	],
	"26. right_eye": [
		0.5687359571456909,
		0.32460296154022217,
		-0.2372199147939682,
		0.9998648166656494
	],
	"27. left_ear": [
		0.5880680680274963,
		0.33288177847862244,
		-0.08952131867408752,
		0.9996494054794312
	],
	"28. right_ear": [
		0.5532553791999817,
		0.32890585064888,
		-0.13548564910888672,
		0.9998397827148438
	],
	"time stamp": 30.0
}