{
	"1. left_hip": [
		0.572134256362915,
		0.5395646095275879,
		0.012265010736882687,
		0.9998717308044434
	],
	"2. left_knee": [
		0.5766591429710388,
		0.6285605430603027,
		0.1015017032623291,
		0.9892261028289795
	],
	"3. left_ankle": [
		0.5798560380935669,
		0.6937811970710754,
		0.38788536190986633,
		0.9828366637229919
	],
	"6. right_hip": [
		0.5229634046554565,
		0.5423712134361267,
		-0.01236796285957098,
		0.9998952150344849
	],
	"7. right_knee": [
		0.5162801146507263,
		0.6404262185096741,
		-0.009902107529342175,
		0.9916460514068604
	],
	"8. right_ankle": [
		0.5016723871231079,
		0.7299742102622986,
		0.15610848367214203,
		0.9862970113754272
	],
	"14. left_shoulder": [
		0.585573136806488,
		0.39403200149536133,
		-0.057742681354284286,
		0.9999202489852905
	],
	"15. left_elbow": [
		0.592505931854248,
		0.4139009118080139,
		-0.23154203593730927,
		0.9833704829216003
	],
	"16. left_wrist": [
		0.576784610748291,
		0.35780471563339233,
		-0.47979408502578735,
		0.9909616708755493
	],
	"19. right_shoulder": [
		0.49831458926200867,
		0.39872321486473083,
		-0.04234222322702408,
		0.9999575018882751
	],
	"20. right_elbow": [
		0.4781758487224579,
		0.45952942967414856,
		0.014338663779199123,
		0.9826542139053345
	],
	"21. right_wrist": [
		0.49561500549316406,
		0.5046000480651855,
		0.026817213743925095,
		0.9664866328239441
	],
	"24. nose": [
		0.5469748973846436,
		0.34518900513648987,
		-0.24052836000919342,
		0.9999819397926331
	],
	"25. left_eye": [
		0.5547982454299927,
		0.3383186459541321,
		-0.22102677822113037,
		0.9999373555183411
	],
	"26. right_eye": [
		0.5385279655456543,
		0.3358519375324249,
		-0.221449613571167,
		0.999955415725708
	],
	"27. left_ear": [
		0.5622106194496155,
		0.34359005093574524,
		-0.10404466092586517,
		0.9998793601989746
	],
	"28. right_ear": [
		0.5284456610679626,
		0.34233617782592773,
		-0.11421335488557816,
		0.999954342842102
	],
	"time stamp": 30.0
}