{
	"1. left_hip": [
		0.5733093023300171,
		0.5379990339279175,
		0.0106421560049057,
		0.9998536109924316
	],
	"2. left_knee": [
		0.57660311460495,
		0.632853090763092,
		0.024224577471613884,
		0.9890769720077515
	],
	"3. left_ankle": [
		0.5708526372909546,
		0.7076804041862488,
		0.2386733740568161,
		0.9828473329544067
	],
	"6. right_hip": [
		0.5240792036056519,
		0.5400169491767883,
		-0.010700282640755177,
		0.999884307384491
	],
	"7. right_knee": [
		0.5172343254089355,
		0.6405759453773499,
		-0.007147651165723801,
		0.9919745922088623
	],
	"8. right_ankle": [
		0.5069356560707092,
		0.7303312420845032,
		0.16836829483509064,
		0.986859142780304
	],
	"14. left_shoulder": [
		0.585888683795929,
		0.39320680499076843,
		-0.024390574544668198,
		0.9998679161071777
	],
	"15. left_elbow": [
		0.5940251350402832,
		0.40213313698768616,
		-0.18521319329738617,
		0.9816599488258362
	],
	"16. left_wrist": [
		0.5769092440605164,
		0.348198801279068,
		-0.4157184660434723,
		0.9901403188705444
	],
	"19. right_shoulder": [
		0.4991355538368225,
		0.3986300528049469,
		-0.012610348872840405,
		0.9999533891677856
	],
	"20. right_elbow": [
		0.47824379801750183,
		0.4579175114631653,
		0.012347511947154999,
		0.9828790426254272
	],
	"21. right_wrist": [
		0.49593648314476013,
		0.5009137988090515,
		-0.018765799701213837,
		0.9660800099372864
	],
	"24. nose": [
		0.5471715927124023,
		0.34589117765426636,
		-0.21425685286521912,
		0.9999800324440002
	],
	"25. left_eye": [
		0.5550836324691772,
		0.3376341164112091,
		-0.19384659826755524,
		0.9999335408210754
	],
	"26. right_eye": [
		0.5390996932983398,
		0.3358477056026459,
		-0.19258961081504822,
		0.9999525547027588
	],
	"27. left_ear": [
		0.5624952912330627,
		0.34303730726242065,
		-0.07402661442756653,
		0.9998622536659241
	],
	"28. right_ear": [
		0.5287913084030151,
		0.34170395135879517,
		-0.07504281401634216,
		0.9999549388885498
	],
	"time stamp": 30.0
}