{
	"1. left_hip": [
		0.5748974084854126,
		0.5380949974060059,
		-0.0048639788292348385,
		0.9998396039009094
	],
	"2. left_knee": [
		0.574873149394989,
		0.6353994011878967,
		0.007229215931147337,
		0.989119827747345
	],
	"3. left_ankle": [
		0.5687640905380249,
		0.7172620892524719,
		0.2198907434940338,
		0.9829939007759094
	],
	"6. right_hip": [
		0.525621771812439,
		0.5400579571723938,
		0.004818024579435587,
		0.9998754262924194
	],
	"7. right_knee": [
		0.5197729468345642,
		0.6405603289604187,
		0.0037099693436175585,
		0.9922059774398804
	],
	"8. right_ankle": [
		0.5137718319892883,
		0.7298650145530701,
		0.19292974472045898,
		0.9872279167175293
	],
	"14. left_shoulder": [
		0.5888707041740417,
		0.3932325839996338,
		-0.03454658389091492,
		0.9997408390045166
	],
	"15. left_elbow": [
		0.5940039753913879,
		0.39064326882362366,
		-0.1770448088645935,
		0.9757516384124756
	],
	"16. left_wrist": [
		0.5765689015388489,
		0.3397884666919708,
		-0.3605482578277588,
		0.9826743602752686
	],
	"19. right_shoulder": [
		0.5008879899978638,
		0.4001893699169159,
		0.00600116141140461,
		0.9999490976333618
	],
	"20. right_elbow": [
		0.4784032106399536,
		0.4576616883277893,
		0.0825997069478035,
		0.9824567437171936
	],
	"21. right_wrist": [
		0.49592161178588867,
		0.4975375831127167,
		0.10400218516588211,
		0.9647179841995239
	],
	"24. nose": [
		0.5475001931190491,
		0.3495901823043823,
		-0.21260981261730194,
		0.999975323677063
	],
	"25. left_eye": [
		0.5555846691131592,
		0.3400532603263855,
		-0.19306835532188416,
		0.9999192953109741
	],
	"26. right_eye": [
		0.539429247379303,
		0.33940407633781433,
		-0.19063948094844818,
		0.9999449253082275
	],
	"27. left_ear": [
		0.5643576979637146,
		0.3444320857524872,
		-0.07664111256599426,
		0.9998178482055664
	],
	"28. right_ear": [
		0.5297877192497253,
		0.34475964307785034,
		-0.07152488082647324,
		0.9999539852142334
	],
	"time stamp": 30.0
}