{
	"1. left_hip": [
		0.587145984172821,
		0.4906761944293976,
		0.019849570468068123,
		0.998927891254425
	],
	"2. left_knee": [
		0.5925602912902832,
		0.4728143513202667,
		-0.4197440445423126,
		0.9614834189414978
	],
	"3. left_ankle": [
		0.6549733281135559,
		0.5291722416877747,
		-0.28251567482948303,
		0.8866125345230103
	],
	"6. right_hip": [
		0.5317169427871704,
		0.5053079128265381,
		-0.01988968253135681,
		0.9993034601211548
	],
	"7. right_knee": [
		0.552772045135498,
		0.6288400292396545,
		-0.07419388741254807,
		0.9731196761131287
	],
	"8. right_ankle": [
		0.5699076056480408,
		0.7328224778175354,
		0.10191693156957626,
		0.9721528887748718
	],
	"14. left_shoulder": [
		0.6032528281211853,
		0.36876794695854187,
		-0.03551361337304115,
		0.9992882013320923
	],
	"15. left_elbow": [
		0.6284564137458801,
		0.43097811937332153,
		-0.048743948340415955,
		0.873279869556427
	],
	"16. left_wrist": [
		0.6053440570831299,
		0.4398670196533203,
		-0.0793454721570015,
		0.7212668061256409
	],
	"19. right_shoulder": [
		0.5061100125312805,
		0.35534903407096863,
		-0.14685405790805817,
		0.999818742275238
	],
	"20. right_elbow": [
		0.4589337408542633,
		0.314785361289978,
		-0.27123671770095825,
		0.9636045694351196
	],
	"21. right_wrist": [
		0.5065456032752991,
		0.29888904094696045,
		-0.41177403926849365,
		0.9333914518356323
	],
	"24. nose": [
		0.5614084005355835,
		0.31980761885643005,
		-0.31706881523132324,
		0.9999082684516907
	],
	"25. left_eye": [
		0.5696211457252502,
		0.31041276454925537,
		-0.29291072487831116,
		0.9997024536132812
	],
	"26. right_eye": [
		0.5539844036102295,
		0.3090076148509979,
		-0.3069632053375244,
		0.9997630715370178
	],
	"27. left_ear": [
		0.577214241027832,
		0.31365907192230225,
		-0.13596464693546295,
		0.9994074702262878
	],
	"28. right_ear": [
		0.5427524447441101,
		0.3123444616794586,
		-0.19846421480178833,
		0.9996808171272278
	],
	"time stamp": 30.0
}