{
	"1. left_hip": [
		0.587277352809906,
		0.4897434413433075,
		0.016655586659908295,
		0.9990233182907104
	],
	"2. left_knee": [
		0.5857020616531372,
		0.4485165774822235,
		-0.4738847613334656,
		0.9647613167762756
	],
	"3. left_ankle": [
		0.6541547179222107,
		0.5383242964744568,
		-0.39458775520324707,
		0.8964733481407166
	],
	"6. right_hip": [
		0.53250652551651,
		0.5070552825927734,
		-0.016692787408828735,
		0.9993647933006287
	],
	"7. right_knee": [
		0.5505793690681458,
		0.6236310601234436,
		-0.08706028759479523,
		0.973598062992096
	],
	"8. right_ankle": [
		0.5639061331748962,
		0.7301761507987976,
		0.03997455909848213,
		0.9737032055854797
	],
	"14. left_shoulder": [
		0.6029279232025146,
		0.3704725503921509,
		-0.01129920594394207,
		0.9993235468864441
	],
	"15. left_elbow": [
		0.6166131496429443,
		0.4392349421977997,
		0.034383874386548996,
		0.8638104200363159
	],
	"16. left_wrist": [
		0.6042595505714417,
		0.47858673334121704,
		-0.006337775848805904,
		0.700534462928772
	],
	"19. right_shoulder": [
		0.5023564100265503,
		0.36295247077941895,
		-0.09862364083528519,
		0.9998223185539246
	],
	"20. right_elbow": [
		0.46162936091423035,
		0.32071447372436523,
		-0.25532767176628113,
		0.9669396281242371
	],
	"21. right_wrist": [
		0.5185431838035583,
		0.2866028845310211,
		-0.4051709473133087,
		0.9340111613273621
	],
	"24. nose": [
		0.5603668093681335,
		0.3230268061161041,
		-0.269937127828598,
		0.9999138116836548
	],
	"25. left_eye": [
		0.5681508779525757,
		0.31366902589797974,
		-0.2463933378458023,
		0.9997237920761108
	],
	"26. right_eye": [
		0.5516132712364197,
		0.31286200881004333,
		-0.2545696496963501,
		0.9997725486755371
	],
	"27. left_ear": [
		0.5742404460906982,
		0.316228985786438,
		-0.10213319212198257,
		0.9994590282440186
	],
	"28. right_ear": [
		0.5407953858375549,
		0.3164409101009369,
		-0.14011181890964508,
		0.9996791481971741
	],
	"time stamp": 30.0
}