{
	"1. left_hip": [
		0.5850388407707214,
		0.5315485596656799,
		0.0011784534435719252,
		0.9994955062866211
	],
	"2. left_knee": [
		0.5740141868591309,
		0.5981000065803528,
		-0.21777194738388062,
		0.9723454713821411
	],
	"3. left_ankle": [
		0.5797743201255798,
		0.6409311890602112,
		0.10246656090021133,
		0.9082034826278687
	],
	"6. right_hip": [
		0.5331209897994995,
		0.5417963266372681,
		-0.001179976505227387,
		0.9996815323829651
	],
	"7. right_knee": [
		0.5372586846351624,
		0.6515492796897888,
		-0.06493125855922699,
		0.964837908744812
	],
	"8. right_ankle": [
		0.5522586107254028,
		0.7526332139968872,
		0.09139611572027206,
		0.9674912691116333
	],
	"14. left_shoulder": [
		0.6032396554946899,
		0.41129711270332336,
		-0.14364102482795715,
		0.9985165596008301
	],
	"15. left_elbow": [
		0.6099274754524231,
		0.47990089654922485,
		-0.127685546875,
		0.71058189868927
	],
	"16. left_wrist": [
		0.6014852523803711,
		0.5119895935058594,
		-0.26082563400268555,
		0.4768698811531067
	],
	"19. right_shoulder": [
		0.510884165763855,
		0.4192531704902649,
		-0.14249242842197418,
		0.9996102452278137
	],
	"20. right_elbow": [
		0.4636903405189514,
		0.465162068605423,
		-0.16129612922668457,
		0.9276750683784485
	],
	"21. right_wrist": [
		0.4707125127315521,
		0.49856770038604736,
		-0.3037346601486206,
		0.7695011496543884
	],
	"24. nose": [
		0.5568627119064331,
		0.3560667335987091,
		-0.3853280544281006,
		0.9997823238372803
	],
	"25. left_eye": [
		0.5635138154029846,
		0.3494020998477936,
		-0.362134724855423,
		0.9996020197868347
	],
	"26. right_eye": [
		0.5457329154014587,
		0.34848853945732117,
		-0.364395409822464,
		0.9995604157447815
	],
	"27. left_ear": [
		0.5715841054916382,
		0.3549495041370392,
		-0.22704806923866272,
		0.9994383454322815
	],
	"28. right_ear": [
		0.5344903469085693,
		0.35606956481933594,
		-0.2400830090045929,
		0.999144971370697
	],
	"time stamp": 30.0
}