{
	"1. left_hip": [
		0.5963406562805176,
		0.5416273474693298,
		-0.002247344935312867,
		0.9987637996673584
	],
	"2. left_knee": [
		0.604478120803833,
		0.6563018560409546,
		-0.016557572409510612,
		0.9799484610557556
	],
	"3. left_ankle": [
		0.6101906895637512,
		0.7402592897415161,
		0.16517142951488495,
		0.9404951930046082
	],
	"6. right_hip": [
		0.5471164584159851,
		0.5432896018028259,
		0.002255406230688095,
		0.9995008707046509
	],
	"7. right_knee": [
		0.5453349947929382,
		0.6577374935150146,
		-0.008573678322136402,
		0.9788127541542053
	],
	"8. right_ankle": [
		0.5504490733146667,
		0.7526177167892456,
		0.16517667472362518,
		0.9803000092506409
	],
	"14. left_shoulder": [
		0.6204795241355896,
		0.40019941329956055,
		-0.09786749631166458,
		0.9982432126998901
	],
	"15. left_elbow": [
		0.6239652633666992,
		0.47457677125930786,
		-0.04963381588459015,
		0.7261496782302856
	],
	"16. left_wrist": [
		0.6330582499504089,
		0.5212527513504028,
		-0.15813513100147247,
		0.46353963017463684
	],
	"19. right_shoulder": [
		0.5247385501861572,
		0.40683528780937195,
		-0.08834318071603775,
		0.9997632503509521
	],
	"20. right_elbow": [
		0.5171462297439575,
		0.476431667804718,
		-0.03460995852947235,
		0.9354829788208008
	],
	"21. right_wrist": [
		0.5142305493354797,
		0.5305782556533813,
		-0.14202095568180084,
		0.7908508777618408
	],
	"24. nose": [
		0.5703650712966919,
		0.3419335186481476,
		-0.31138667464256287,
		0.9998539090156555
	],
	"25. left_eye": [
		0.579598605632782,
		0.33421748876571655,
		-0.2929113507270813,
		0.9996243119239807
	],
	"26. right_eye": [
		0.562727153301239,
		0.3336727023124695,
		-0.29400399327278137,
		0.999690592288971
	],
	"27. left_ear": [
		0.5893996357917786,
		0.3406229317188263,
		-0.1742238998413086,
		0.9992888569831848
	],
	"28. right_ear": [
		0.5529537200927734,
		0.3412943482398987,
		-0.18007127940654755,
		0.9994347095489502
	],
	"time stamp": 30.0
}