{
	"1. left_hip": [
		0.5952330231666565,
		0.5328115224838257,
		-0.03548135608434677,
		0.999180018901825
	],
	"2. left_knee": [
		0.6034509539604187,
		0.6408242583274841,
		-0.0570562444627285,
		0.9914928674697876
	],
	"3. left_ankle": [
		0.6174904108047485,
		0.7419832348823547,
		0.04623664543032646,
		0.9842148423194885
	],
	"6. right_hip": [
		0.539845883846283,
		0.5313855409622192,
		0.0355016253888607,
		0.9994100332260132
	],
	"7. right_knee": [
		0.49588245153427124,
		0.6305883526802063,
		-0.012167559936642647,
		0.9917827248573303
	],
	"8. right_ankle": [
		0.47398775815963745,
		0.7346631288528442,
		0.09125351160764694,
		0.9928954839706421
	],
	"14. left_shoulder": [
		0.6113755106925964,
		0.38722965121269226,
		-0.03802616149187088,
		0.9996241331100464
	],
	"15. left_elbow": [
		0.6597134470939636,
		0.4240686893463135,
		-0.04036838933825493,
		0.9449466466903687
	],
	"16. left_wrist": [
		0.6401488184928894,
		0.4761050045490265,
		-0.16756309568881989,
		0.8822534680366516
	],
	"19. right_shoulder": [
		0.5193497538566589,
		0.39426571130752563,
		0.03955391049385071,
		0.9997751116752625
	],
	"20. right_elbow": [
		0.493854820728302,
		0.44579723477363586,
		0.09997090697288513,
		0.9397010803222656
	],
	"21. right_wrist": [
		0.4985564053058624,
		0.4950065314769745,
		0.00047484427341260016,
		0.885257363319397
	],
	"24. nose": [
		0.5611351132392883,
		0.33981287479400635,
		-0.19679781794548035,
		0.9999529123306274
	],
	"25. left_eye": [
		0.5727726817131042,
		0.3326098620891571,
		-0.18109452724456787,
		0.9998608231544495
	],
	"26. right_eye": [
		0.5555105805397034,
		0.3308021128177643,
		-0.17802578210830688,
		0.9998862147331238
	],
	"27. left_ear": [
		0.5836971402168274,
		0.34017062187194824,
		-0.07924018800258636,
		0.9997612833976746
	],
	"28. right_ear": [
		0.5501340627670288,
		0.33860450983047485,
		-0.06368852406740189,
		0.9997490644454956
	],
	"time stamp": 30.0
}