{
	"1. left_hip": [
		0.5782858729362488,
		0.5516198873519897,
		-0.04163483530282974,
		0.9995179176330566
	],
	"2. left_knee": [
		0.5919589996337891,
		0.6553894877433777,
		-0.04525693878531456,
		0.9941990971565247
	],
	"3. left_ankle": [
		0.6121966242790222,
		0.7455653548240662,
		0.1243569552898407,
		0.9914641380310059
	],
	"6. right_hip": [
		0.5231515765190125,
		0.547998309135437,
		0.041618917137384415,
		0.9996751546859741
	],
	"7. right_knee": [
		0.4771539866924286,
		0.6356438994407654,
		-0.017760708928108215,
		0.9954073429107666
	],
	"8. right_ankle": [
		0.46904444694519043,
		0.7348842024803162,
		0.15002165734767914,
		0.9957747459411621
	],
	"14. left_shoulder": [
		0.5998108983039856,
		0.41144388914108276,
		-0.16550497710704803,
		0.9998212456703186
	],
	"15. left_elbow": [
		0.6015613675117493,
		0.47606223821640015,
		-0.19852213561534882,
		0.9703093767166138
	],
	"16. left_wrist": [
		0.597736656665802,
		0.5250629782676697,
		-0.3152284026145935,
		0.9377321600914001
	],
	"19. right_shoulder": [
		0.5117225050926208,
		0.4090666174888611,
		-0.0036379615776240826,
		0.9998646974563599
	],
	"20. right_elbow": [
		0.4930585026741028,
		0.47090521454811096,
		0.06056485325098038,
		0.8982939720153809
	],
	"21. right_wrist": [
		0.4809750020503998,
		0.5295358896255493,
		-0.05391113832592964,
		0.8999796509742737
	],
	"24. nose": [
		0.5274324417114258,
		0.3568953275680542,
		-0.22892527282238007,
		0.9999664425849915
	],
	"25. left_eye": [
		0.5381828546524048,
		0.34729281067848206,
		-0.2332070767879486,
		0.9999005794525146
	],
	"26. right_eye": [
		0.5276994109153748,
		0.3481757342815399,
		-0.2116183191537857,
		0.9998970627784729
	],
	"27. left_ear": [
		0.5572975277900696,
		0.35056793689727783,
		-0.19539599120616913,
		0.9998429417610168
	],
	"28. right_ear": [
		0.5371967554092407,
		0.35185086727142334,
		-0.09899786114692688,
		0.9997698664665222
	],
	"time stamp": 30.0
}