{
	"frame_width": 1080,
	"frame_height": 1080,
	"video_fps": 30.0,
	"total_frame": 1773,
	"gt_bbox": [
		0.2970219552516937,
		0.2467244416475296,
		1,
		0.777012050151825
	]
}