{
	"1. left_hip": [
		0.5214900374412537,
		0.551609992980957,
		0.17973507940769196,
		0.9989064335823059
	],
	"2. left_knee": [
		0.42677897214889526,
		0.7198011875152588,
		0.16545578837394714,
		0.8504744172096252
	],
	"3. left_ankle": [
		0.3164864480495453,
		0.8672523498535156,
		0.199723482131958,
		0.945574164390564
	],
	"6. right_hip": [
		0.5192229747772217,
		0.5474799275398254,
		-0.18042735755443573,
		0.9992711544036865
	],
	"7. right_knee": [
		0.551961362361908,
		0.7347190976142883,
		-0.16128890216350555,
		0.9572411775588989
	],
	"8. right_ankle": [
		0.5961099863052368,
		0.8958744406700134,
		-0.12356777489185333,
		0.9906249046325684
	],
	"14. left_shoulder": [
		0.5225261449813843,
		0.3165605664253235,
		0.2821325659751892,
		0.9998629689216614
	],
	"15. left_elbow": [
		0.6098983287811279,
		0.24417436122894287,
		0.3784071207046509,
		0.7615857720375061
	],
	"16. left_wrist": [
		0.5244810581207275,
		0.21457424759864807,
		0.44030630588531494,
		0.7584699392318726
	],
	"19. right_shoulder": [
		0.45609503984451294,
		0.32114312052726746,
		-0.2565400302410126,
		0.9999915361404419
	],
	"20. right_elbow": [
		0.43924063444137573,
		0.4450318217277527,
		-0.3260546922683716,
		0.9928820729255676
	],
	"21. right_wrist": [
		0.4720344841480255,
		0.5527002811431885,
		-0.29382243752479553,
		0.9681872129440308
	],
	"24. nose": [
		0.5217958092689514,
		0.254475861787796,
		-0.2161080539226532,
		0.9999993443489075
	],
	"25. left_eye": [
		0.5206995010375977,
		0.2416287064552307,
		-0.1695355474948883,
		0.9999960660934448
	],
	"26. right_eye": [
		0.5032814741134644,
		0.23793576657772064,
		-0.22072409093379974,
		0.9999993443489075
	],
	"27. left_ear": [
		0.5094704031944275,
		0.24718676507472992,
		0.04952244833111763,
		0.9999929070472717
	],
	"28. right_ear": [
		0.48060089349746704,
		0.2441793829202652,
		-0.1804843544960022,
		0.9999995827674866
	],
	"time stamp": 30.0
}