{
	"1. left_hip": [
		0.5224002599716187,
		0.5525349378585815,
		0.1716139018535614,
		0.998874843120575
	],
	"2. left_knee": [
		0.4266057014465332,
		0.7227129340171814,
		0.1581708937883377,
		0.8616187572479248
	],
	"3. left_ankle": [
		0.32132771611213684,
		0.8664060235023499,
		0.18570156395435333,
		0.9456979036331177
	],
	"6. right_hip": [
		0.5203914642333984,
		0.549805760383606,
		-0.17228735983371735,
		0.9992557168006897
	],
	"7. right_knee": [
		0.5570385456085205,
		0.7386912703514099,
		-0.15706132352352142,
		0.9530222415924072
	],
	"8. right_ankle": [
		0.5964541435241699,
		0.8940427899360657,
		-0.11938878893852234,
		0.9902262091636658
	],
	"14. left_shoulder": [
		0.5216994881629944,
		0.32034480571746826,
		0.274001806974411,
		0.999844491481781
	],
	"15. left_elbow": [
		0.6084585785865784,
		0.2505800127983093,
		0.36954858899116516,
		0.7544708847999573
	],
	"16. left_wrist": [
		0.5233151912689209,
		0.22103875875473022,
		0.42494985461235046,
		0.7558807730674744
	],
	"19. right_shoulder": [
		0.4583102762699127,
		0.32639503479003906,
		-0.2413947582244873,
		0.9999918937683105
	],
	"20. right_elbow": [
		0.44127053022384644,
		0.44879117608070374,
		-0.30644136667251587,
		0.9931429028511047
	],
	"21. right_wrist": [
		0.4730028808116913,
		0.5548861026763916,
		-0.2778702974319458,
		0.9707704186439514
	],
	"24. nose": [
		0.5210206508636475,
		0.2651156783103943,
		-0.2206176370382309,
		0.9999993443489075
	],
	"25. left_eye": [
		0.5203679203987122,
		0.2512975335121155,
		-0.1752006858587265,
		0.999995768070221
	],
	"26. right_eye": [
		0.5030480027198792,
		0.24826551973819733,
		-0.2227085530757904,
		0.9999993443489075
	],
	"27. left_ear": [
		0.5091543793678284,
		0.2549889385700226,
		0.04400043934583664,
		0.9999924302101135
	],
	"28. right_ear": [
		0.48195043206214905,
		0.25266513228416443,
		-0.1741529405117035,
		0.9999995827674866
	],
	"time stamp": 30.0
}