{
	"1. left_hip": [
		0.5261733531951904,
		0.556334912776947,
		0.16793221235275269,
		0.9989742636680603
	],
	"2. left_knee": [
		0.43211978673934937,
		0.7238839864730835,
		0.1484643518924713,
		0.8694842457771301
	],
	"3. left_ankle": [
		0.3262890875339508,
		0.8666351437568665,
		0.17295831441879272,
		0.9490140676498413
	],
	"6. right_hip": [
		0.525570273399353,
		0.5550037622451782,
		-0.16861537098884583,
		0.9993243217468262
	],
	"7. right_knee": [
		0.5596675872802734,
		0.7408402562141418,
		-0.14440758526325226,
		0.9494739174842834
	],
	"8. right_ankle": [
		0.599879801273346,
		0.8934957981109619,
		-0.1052883118391037,
		0.9901396036148071
	],
	"14. left_shoulder": [
		0.5230578780174255,
		0.3258726894855499,
		0.2752639353275299,
		0.9998159408569336
	],
	"15. left_elbow": [
		0.6049727201461792,
		0.2564023435115814,
		0.388346791267395,
		0.7205403447151184
	],
	"16. left_wrist": [
		0.5255432724952698,
		0.22361484169960022,
		0.46125373244285583,
		0.7281100749969482
	],
	"19. right_shoulder": [
		0.4614487588405609,
		0.33407142758369446,
		-0.24747329950332642,
		0.9999919533729553
	],
	"20. right_elbow": [
		0.44338831305503845,
		0.45297694206237793,
		-0.3295086622238159,
		0.9933454990386963
	],
	"21. right_wrist": [
		0.475063294172287,
		0.5583416223526001,
		-0.31202590465545654,
		0.9717977643013
	],
	"24. nose": [
		0.5238111615180969,
		0.26610827445983887,
		-0.18611322343349457,
		0.9999993443489075
	],
	"25. left_eye": [
		0.5210950970649719,
		0.2523398995399475,
		-0.14178280532360077,
		0.9999958276748657
	],
	"26. right_eye": [
		0.5057132244110107,
		0.25016987323760986,
		-0.19309461116790771,
		0.9999993443489075
	],
	"27. left_ear": [
		0.5098752379417419,
		0.25660356879234314,
		0.06195930391550064,
		0.9999930262565613
	],
	"28. right_ear": [
		0.4838210344314575,
		0.25564801692962646,
		-0.17178262770175934,
		0.9999995827674866
	],
	"time stamp": 30.0
}