{
	"1. left_hip": [
		0.5280206203460693,
		0.5608983635902405,
		0.16329579055309296,
		0.9988846182823181
	],
	"2. left_knee": [
		0.4346891939640045,
		0.7240410447120667,
		0.14845766127109528,
		0.9046443700790405
	],
	"3. left_ankle": [
		0.3299335539340973,
		0.8660240769386292,
		0.18328063189983368,
		0.952772319316864
	],
	"6. right_hip": [
		0.5265733599662781,
		0.5581879615783691,
		-0.1639132797718048,
		0.9992619752883911
	],
	"7. right_knee": [
		0.5614972710609436,
		0.7402913570404053,
		-0.13939093053340912,
		0.9480999112129211
	],
	"8. right_ankle": [
		0.6019047498703003,
		0.8921244144439697,
		-0.0864080935716629,
		0.9902600049972534
	],
	"14. left_shoulder": [
		0.5267191529273987,
		0.32987135648727417,
		0.25554218888282776,
		0.9998016953468323
	],
	"15. left_elbow": [
		0.607466995716095,
		0.2606774568557739,
		0.35352107882499695,
		0.7286865711212158
	],
	"16. left_wrist": [
		0.5324211716651917,
		0.23020654916763306,
		0.39838430285453796,
		0.741250216960907
	],
	"19. right_shoulder": [
		0.46466246247291565,
		0.33935749530792236,
		-0.24917548894882202,
		0.999991774559021
	],
	"20. right_elbow": [
		0.4460960924625397,
		0.45609888434410095,
		-0.3215887248516083,
		0.9926198124885559
	],
	"21. right_wrist": [
		0.47707268595695496,
		0.5614181756973267,
		-0.3139134645462036,
		0.9711803793907166
	],
	"24. nose": [
		0.5231221318244934,
		0.271978497505188,
		-0.23882359266281128,
		0.9999993443489075
	],
	"25. left_eye": [
		0.5218328833580017,
		0.2581908702850342,
		-0.19260044395923615,
		0.9999964833259583
	],
	"26. right_eye": [
		0.5050200819969177,
		0.25618141889572144,
		-0.24036747217178345,
		0.999999463558197
	],
	"27. left_ear": [
		0.5119805932044983,
		0.2622937858104706,
		0.027042457833886147,
		0.9999938607215881
	],
	"28. right_ear": [
		0.48531773686408997,
		0.26224076747894287,
		-0.1906610131263733,
		0.9999995827674866
	],
	"time stamp": 30.0
}