{
	"1. left_hip": [
		0.532116174697876,
		0.5601634383201599,
		0.15671886503696442,
		0.9989842772483826
	],
	"2. left_knee": [
		0.44347530603408813,
		0.718784749507904,
		0.13514551520347595,
		0.8718632459640503
	],
	"3. left_ankle": [
		0.3406347632408142,
		0.8560959100723267,
		0.1634141355752945,
		0.9515385627746582
	],
	"6. right_hip": [
		0.5288437008857727,
		0.5592495799064636,
		-0.15728147327899933,
		0.9993340373039246
	],
	"7. right_knee": [
		0.5604837536811829,
		0.7388489842414856,
		-0.13828669488430023,
		0.9473363161087036
	],
	"8. right_ankle": [
		0.6029049754142761,
		0.8902180194854736,
		-0.10348405689001083,
		0.9901763796806335
	],
	"14. left_shoulder": [
		0.5285771489143372,
		0.33917680382728577,
		0.261543869972229,
		0.9998071193695068
	],
	"15. left_elbow": [
		0.6099955439567566,
		0.2707819640636444,
		0.37358155846595764,
		0.7460188269615173
	],
	"16. left_wrist": [
		0.5323508381843567,
		0.23862583935260773,
		0.43492838740348816,
		0.7389973402023315
	],
	"19. right_shoulder": [
		0.46895256638526917,
		0.34613731503486633,
		-0.22521190345287323,
		0.9999915361404419
	],
	"20. right_elbow": [
		0.4514414072036743,
		0.4611920714378357,
		-0.29434487223625183,
		0.992042601108551
	],
	"21. right_wrist": [
		0.48034876585006714,
		0.5638275146484375,
		-0.30018743872642517,
		0.9719803929328918
	],
	"24. nose": [
		0.5230859518051147,
		0.27942875027656555,
		-0.23038582503795624,
		0.9999993443489075
	],
	"25. left_eye": [
		0.5231367945671082,
		0.2673373818397522,
		-0.18550124764442444,
		0.9999972581863403
	],
	"26. right_eye": [
		0.505489706993103,
		0.2641288638114929,
		-0.22972208261489868,
		0.9999995231628418
	],
	"27. left_ear": [
		0.515795886516571,
		0.27315789461135864,
		0.029978126287460327,
		0.9999951720237732
	],
	"28. right_ear": [
		0.4869683086872101,
		0.2711279094219208,
		-0.16933560371398926,
		0.9999995827674866
	],
	"time stamp": 30.0
}