{
	"1. left_hip": [
		0.5321054458618164,
		0.5615097284317017,
		0.156094491481781,
		0.9989812970161438
	],
	"2. left_knee": [
		0.44349297881126404,
		0.7185649275779724,
		0.13417938351631165,
		0.8644394874572754
	],
	"3. left_ankle": [
		0.34118789434432983,
		0.856178879737854,
		0.16114361584186554,
		0.9505667686462402
	],
	"6. right_hip": [
		0.5287808179855347,
		0.5606008172035217,
		-0.15664783120155334,
		0.9993324875831604
	],
	"7. right_knee": [
		0.5603179931640625,
		0.7391345500946045,
		-0.13647346198558807,
		0.9469712972640991
	],
	"8. right_ankle": [
		0.6028636693954468,
		0.8902963399887085,
		-0.09801861643791199,
		0.9900825619697571
	],
	"14. left_shoulder": [
		0.5291292071342468,
		0.3395354151725769,
		0.25415635108947754,
		0.9998034834861755
	],
	"15. left_elbow": [
		0.6099979281425476,
		0.27104222774505615,
		0.36010870337486267,
		0.7435932755470276
	],
	"16. left_wrist": [
		0.5321320295333862,
		0.23902098834514618,
		0.4214015007019043,
		0.7346884608268738
	],
	"19. right_shoulder": [
		0.46894505620002747,
		0.3469303250312805,
		-0.22539173066616058,
		0.9999915361404419
	],
	"20. right_elbow": [
		0.45085617899894714,
		0.46178799867630005,
		-0.2941155731678009,
		0.9920468926429749
	],
	"21. right_wrist": [
		0.480193167924881,
		0.5642474293708801,
		-0.2998954653739929,
		0.9721958637237549
	],
	"24. nose": [
		0.5227569937705994,
		0.28033435344696045,
		-0.23802021145820618,
		0.9999993443489075
	],
	"25. left_eye": [
		0.5229535698890686,
		0.26837149262428284,
		-0.19289818406105042,
		0.9999972581863403
	],
	"26. right_eye": [
		0.5051578283309937,
		0.26524171233177185,
		-0.23688505589962006,
		0.9999995231628418
	],
	"27. left_ear": [
		0.5159732699394226,
		0.2741263806819916,
		0.02407640404999256,
		0.9999951720237732
	],
	"28. right_ear": [
		0.4867250621318817,
		0.27219823002815247,
		-0.17305025458335876,
		0.9999995827674866
	],
	"time stamp": 30.0
}