{
	"1. left_hip": [
		0.5301017165184021,
		0.5637211799621582,
		0.1525019258260727,
		0.9988781213760376
	],
	"2. left_knee": [
		0.44491273164749146,
		0.7181650996208191,
		0.13008497655391693,
		0.8590410351753235
	],
	"3. left_ankle": [
		0.34202858805656433,
		0.8548198342323303,
		0.15293534100055695,
		0.9477923512458801
	],
	"6. right_hip": [
		0.5287168025970459,
		0.5623701214790344,
		-0.15307748317718506,
		0.9992797374725342
	],
	"7. right_knee": [
		0.5597876906394958,
		0.7415132522583008,
		-0.12934134900569916,
		0.9436135292053223
	],
	"8. right_ankle": [
		0.6023719906806946,
		0.8904857039451599,
		-0.08548486232757568,
		0.9892498850822449
	],
	"14. left_shoulder": [
		0.5264953970909119,
		0.3428141474723816,
		0.2546067237854004,
		0.9997793436050415
	],
	"15. left_elbow": [
		0.6081200242042542,
		0.27566900849342346,
		0.3627018332481384,
		0.7231296896934509
	],
	"16. left_wrist": [
		0.5291882157325745,
		0.2408866435289383,
		0.4244873821735382,
		0.7170142531394958
	],
	"19. right_shoulder": [
		0.46900826692581177,
		0.34936925768852234,
		-0.22606287896633148,
		0.9999912977218628
	],
	"20. right_elbow": [
		0.4500128924846649,
		0.4635220468044281,
		-0.2951074242591858,
		0.9917910695075989
	],
	"21. right_wrist": [
		0.47962501645088196,
		0.5658757090568542,
		-0.2948283851146698,
		0.9721160531044006
	],
	"24. nose": [
		0.5223990678787231,
		0.2835719883441925,
		-0.23262983560562134,
		0.9999993443489075
	],
	"25. left_eye": [
		0.5231494903564453,
		0.27138960361480713,
		-0.18697945773601532,
		0.9999974966049194
	],
	"26. right_eye": [
		0.5047386884689331,
		0.2682228088378906,
		-0.23220740258693695,
		0.9999995231628418
	],
	"27. left_ear": [
		0.5159698724746704,
		0.2762928307056427,
		0.028411438688635826,
		0.9999955892562866
	],
	"28. right_ear": [
		0.48604580760002136,
		0.2740335166454315,
		-0.1756502091884613,
		0.9999995827674866
	],
	"time stamp": 30.0
}