{
	"1. left_hip": [
		0.5297728776931763,
		0.5620488524436951,
		0.15190938115119934,
		0.9989680051803589
	],
	"2. left_knee": [
		0.4457792639732361,
		0.7178992629051208,
		0.11564943194389343,
		0.8710213899612427
	],
	"3. left_ankle": [
		0.34284958243370056,
		0.8556239604949951,
		0.12434163689613342,
		0.9481175541877747
	],
	"6. right_hip": [
		0.5279037356376648,
		0.5602055191993713,
		-0.1524890810251236,
		0.9993341565132141
	],
	"7. right_knee": [
		0.5584502220153809,
		0.7398505210876465,
		-0.12657959759235382,
		0.9391225576400757
	],
	"8. right_ankle": [
		0.6006203293800354,
		0.8896042704582214,
		-0.08220024406909943,
		0.9885815382003784
	],
	"14. left_shoulder": [
		0.5265113115310669,
		0.3449319303035736,
		0.26159584522247314,
		0.9997891783714294
	],
	"15. left_elbow": [
		0.6071452498435974,
		0.278251975774765,
		0.3692390024662018,
		0.7349061965942383
	],
	"16. left_wrist": [
		0.5284234881401062,
		0.24376486241817474,
		0.42791035771369934,
		0.732079803943634
	],
	"19. right_shoulder": [
		0.46906086802482605,
		0.3512704372406006,
		-0.21367469429969788,
		0.9999918341636658
	],
	"20. right_elbow": [
		0.4509628415107727,
		0.4649125039577484,
		-0.2743305563926697,
		0.9920139908790588
	],
	"21. right_wrist": [
		0.4796333312988281,
		0.5657749176025391,
		-0.2663770914077759,
		0.9733213782310486
	],
	"24. nose": [
		0.5227410197257996,
		0.2867097556591034,
		-0.2094428539276123,
		0.9999993443489075
	],
	"25. left_eye": [
		0.5229848623275757,
		0.2742743492126465,
		-0.16609244048595428,
		0.9999974966049194
	],
	"26. right_eye": [
		0.5050844550132751,
		0.2720668911933899,
		-0.21118499338626862,
		0.9999995231628418
	],
	"27. left_ear": [
		0.5153480768203735,
		0.27980440855026245,
		0.0435916893184185,
		0.9999957084655762
	],
	"28. right_ear": [
		0.4865739941596985,
		0.27852120995521545,
		-0.1616418957710266,
		0.9999995827674866
	],
	"time stamp": 30.0
}