{
	"1. left_hip": [
		0.5294472575187683,
		0.5594207048416138,
		0.15243561565876007,
		0.9989747405052185
	],
	"2. left_knee": [
		0.4464223086833954,
		0.717647135257721,
		0.10541127622127533,
		0.8813807368278503
	],
	"3. left_ankle": [
		0.3429209887981415,
		0.8576104044914246,
		0.10722711682319641,
		0.9482118487358093
	],
	"6. right_hip": [
		0.5279988646507263,
		0.5571370720863342,
		-0.1530103236436844,
		0.9993576407432556
	],
	"7. right_knee": [
		0.5564110279083252,
		0.7358494997024536,
		-0.13005688786506653,
		0.936299204826355
	],
	"8. right_ankle": [
		0.5996888875961304,
		0.8891910314559937,
		-0.10315834730863571,
		0.9875217080116272
	],
	"14. left_shoulder": [
		0.5247066617012024,
		0.3482044041156769,
		0.27662724256515503,
		0.9997857809066772
	],
	"15. left_elbow": [
		0.6067585349082947,
		0.28134122490882874,
		0.36222997307777405,
		0.7138669490814209
	],
	"16. left_wrist": [
		0.5278335809707642,
		0.25385525822639465,
		0.4088848829269409,
		0.6950141191482544
	],
	"19. right_shoulder": [
		0.469412624835968,
		0.35277649760246277,
		-0.19550178945064545,
		0.9999926686286926
	],
	"20. right_elbow": [
		0.4536733031272888,
		0.46614015102386475,
		-0.24800896644592285,
		0.9917555451393127
	],
	"21. right_wrist": [
		0.4799412190914154,
		0.5657656192779541,
		-0.22490708529949188,
		0.9704838395118713
	],
	"24. nose": [
		0.524682879447937,
		0.2928466498851776,
		-0.18730857968330383,
		0.9999993443489075
	],
	"25. left_eye": [
		0.5249330997467041,
		0.27924835681915283,
		-0.14394311606884003,
		0.9999972581863403
	],
	"26. right_eye": [
		0.50753253698349,
		0.2777582108974457,
		-0.18892671167850494,
		0.9999995231628418
	],
	"27. left_ear": [
		0.516486406326294,
		0.2844974994659424,
		0.06418029218912125,
		0.999995231628418
	],
	"28. right_ear": [
		0.4886365234851837,
		0.28290483355522156,
		-0.1401486098766327,
		0.9999995827674866
	],
	"time stamp": 30.0
}