{
	"1. left_hip": [
		0.5294082164764404,
		0.5594184994697571,
		0.1524316668510437,
		0.9989816546440125
	],
	"2. left_knee": [
		0.4463774263858795,
		0.717682957649231,
		0.10547580569982529,
		0.8832651972770691
	],
	"3. left_ankle": [
		0.342933714389801,
		0.8579184412956238,
		0.10866991430521011,
		0.9480988383293152
	],
	"6. right_hip": [
		0.52798992395401,
		0.5571423172950745,
		-0.15300367772579193,
		0.9993598461151123
	],
	"7. right_knee": [
		0.5562254786491394,
		0.7356968522071838,
		-0.13013416528701782,
		0.9357374906539917
	],
	"8. right_ankle": [
		0.599585771560669,
		0.8890786170959473,
		-0.10181987285614014,
		0.9873448014259338
	],
	"14. left_shoulder": [
		0.5246240496635437,
		0.34836500883102417,
		0.2758052945137024,
		0.9997878670692444
	],
	"15. left_elbow": [
		0.6069162487983704,
		0.28156426548957825,
		0.35903507471084595,
		0.7144560813903809
	],
	"16. left_wrist": [
		0.5278799533843994,
		0.2535243630409241,
		0.396198570728302,
		0.6951684951782227
	],
	"19. right_shoulder": [
		0.4693993031978607,
		0.3529168367385864,
		-0.19332259893417358,
		0.9999927282333374
	],
	"20. right_elbow": [
		0.45400017499923706,
		0.46619394421577454,
		-0.24791781604290009,
		0.9916121959686279
	],
	"21. right_wrist": [
		0.48000434041023254,
		0.5658234357833862,
		-0.23017922043800354,
		0.9698343276977539
	],
	"24. nose": [
		0.5246243476867676,
		0.29282519221305847,
		-0.18779680132865906,
		0.9999993443489075
	],
	"25. left_eye": [
		0.5249424576759338,
		0.279339075088501,
		-0.14491602778434753,
		0.9999973177909851
	],
	"26. right_eye": [
		0.5071583390235901,
		0.2780918776988983,
		-0.19106298685073853,
		0.9999995231628418
	],
	"27. left_ear": [
		0.5169099569320679,
		0.2847178280353546,
		0.06194436922669411,
		0.9999953508377075
	],
	"28. right_ear": [
		0.4884253740310669,
		0.2837359607219696,
		-0.14089570939540863,
		0.9999995827674866
	],
	"time stamp": 30.0
}