{
	"1. left_hip": [
		0.528754711151123,
		0.5593888759613037,
		0.15315619111061096,
		0.9990666508674622
	],
	"2. left_knee": [
		0.44585445523262024,
		0.7181380391120911,
		0.1124897226691246,
		0.8790640234947205
	],
	"3. left_ankle": [
		0.344819575548172,
		0.8547383546829224,
		0.116871677339077,
		0.9460163116455078
	],
	"6. right_hip": [
		0.5277720093727112,
		0.5586657524108887,
		-0.153747096657753,
		0.9994007349014282
	],
	"7. right_knee": [
		0.5543190240859985,
		0.7349101305007935,
		-0.13064779341220856,
		0.9340752959251404
	],
	"8. right_ankle": [
		0.5975511074066162,
		0.8867573142051697,
		-0.11049117147922516,
		0.9865081906318665
	],
	"14. left_shoulder": [
		0.5227029323577881,
		0.35015445947647095,
		0.27385181188583374,
		0.9998137950897217
	],
	"15. left_elbow": [
		0.60591721534729,
		0.2874034643173218,
		0.37067466974258423,
		0.7208752036094666
	],
	"16. left_wrist": [
		0.5263903141021729,
		0.257996529340744,
		0.4380737245082855,
		0.7108245491981506
	],
	"19. right_shoulder": [
		0.4698519706726074,
		0.3552659749984741,
		-0.20231588184833527,
		0.999992847442627
	],
	"20. right_elbow": [
		0.4550844728946686,
		0.4696684181690216,
		-0.2681877315044403,
		0.9917534589767456
	],
	"21. right_wrist": [
		0.4808433949947357,
		0.5690991282463074,
		-0.24526293575763702,
		0.9686291217803955
	],
	"24. nose": [
		0.5256583094596863,
		0.29852530360221863,
		-0.17784003913402557,
		0.9999993443489075
	],
	"25. left_eye": [
		0.5249823927879333,
		0.28508856892585754,
		-0.13597573339939117,
		0.9999971985816956
	],
	"26. right_eye": [
		0.5075948238372803,
		0.28352871537208557,
		-0.1817406713962555,
		0.9999995231628418
	],
	"27. left_ear": [
		0.5160013437271118,
		0.2890719175338745,
		0.06521961838006973,
		0.999995231628418
	],
	"28. right_ear": [
		0.4884447753429413,
		0.2887627184391022,
		-0.1426270604133606,
		0.9999995827674866
	],
	"time stamp": 30.0
}