{
	"1. left_hip": [
		0.5280067920684814,
		0.5633445382118225,
		0.15452148020267487,
		0.9990938901901245
	],
	"2. left_knee": [
		0.4449996054172516,
		0.7192457318305969,
		0.11612948030233383,
		0.8836281299591064
	],
	"3. left_ankle": [
		0.34666696190834045,
		0.852154552936554,
		0.11813978850841522,
		0.950128436088562
	],
	"6. right_hip": [
		0.527788519859314,
		0.5622137784957886,
		-0.15513373911380768,
		0.9994322657585144
	],
	"7. right_knee": [
		0.554806113243103,
		0.7371883988380432,
		-0.13200680911540985,
		0.9418436884880066
	],
	"8. right_ankle": [
		0.5969484448432922,
		0.8860679864883423,
		-0.11020002514123917,
		0.9878578782081604
	],
	"14. left_shoulder": [
		0.5221854448318481,
		0.352597713470459,
		0.275564581155777,
		0.9998193979263306
	],
	"15. left_elbow": [
		0.6031275987625122,
		0.2909961938858032,
		0.37159067392349243,
		0.7185052633285522
	],
	"16. left_wrist": [
		0.5256444215774536,
		0.2637884020805359,
		0.4326561391353607,
		0.706251859664917
	],
	"19. right_shoulder": [
		0.4698663353919983,
		0.35707423090934753,
		-0.20789426565170288,
		0.9999931454658508
	],
	"20. right_elbow": [
		0.4553818106651306,
		0.4703845977783203,
		-0.2717720866203308,
		0.992833137512207
	],
	"21. right_wrist": [
		0.4812372028827667,
		0.568187952041626,
		-0.24085824191570282,
		0.971286952495575
	],
	"24. nose": [
		0.5272606611251831,
		0.30351522564888,
		-0.1621537059545517,
		0.9999993443489075
	],
	"25. left_eye": [
		0.5251467823982239,
		0.2903585731983185,
		-0.12141292542219162,
		0.9999966621398926
	],
	"26. right_eye": [
		0.5099595189094543,
		0.28836914896965027,
		-0.16835984587669373,
		0.9999995231628418
	],
	"27. left_ear": [
		0.5155377984046936,
		0.2935184836387634,
		0.07250898331403732,
		0.9999945163726807
	],
	"28. right_ear": [
		0.4903789162635803,
		0.2921552062034607,
		-0.14100125432014465,
		0.9999995827674866
	],
	"time stamp": 30.0
}