{
	"1. left_hip": [
		0.5220993757247925,
		0.5839640498161316,
		0.15249863266944885,
		0.9990847110748291
	],
	"2. left_knee": [
		0.4410775601863861,
		0.7244699001312256,
		0.10511800646781921,
		0.883493185043335
	],
	"3. left_ankle": [
		0.3481428921222687,
		0.855678915977478,
		0.09632737189531326,
		0.9587934017181396
	],
	"6. right_hip": [
		0.5280684232711792,
		0.5770784616470337,
		-0.1530851572751999,
		0.999439537525177
	],
	"7. right_knee": [
		0.579214870929718,
		0.7389142513275146,
		-0.10013023018836975,
		0.9604426622390747
	],
	"8. right_ankle": [
		0.5940178036689758,
		0.8840057253837585,
		-0.05285599082708359,
		0.9912933111190796
	],
	"14. left_shoulder": [
		0.5181935429573059,
		0.36474817991256714,
		0.27319279313087463,
		0.9997910261154175
	],
	"15. left_elbow": [
		0.5946822166442871,
		0.31142571568489075,
		0.42743441462516785,
		0.6713165640830994
	],
	"16. left_wrist": [
		0.5322848558425903,
		0.2783448398113251,
		0.5611388087272644,
		0.6131309866905212
	],
	"19. right_shoulder": [
		0.4750850200653076,
		0.3645172417163849,
		-0.2223706841468811,
		0.9999920129776001
	],
	"20. right_elbow": [
		0.4788476824760437,
		0.46974214911460876,
		-0.29858556389808655,
		0.9920173287391663
	],
	"21. right_wrist": [
		0.5322537422180176,
		0.5428014397621155,
		-0.25380629301071167,
		0.9634368419647217
	],
	"24. nose": [
		0.5280898213386536,
		0.3030105233192444,
		-0.0766451358795166,
		0.999999463558197
	],
	"25. left_eye": [
		0.5252686142921448,
		0.29370272159576416,
		-0.04468988999724388,
		0.9999961256980896
	],
	"26. right_eye": [
		0.515453577041626,
		0.290890634059906,
		-0.09590926766395569,
		0.9999995827674866
	],
	"27. left_ear": [
		0.5147332549095154,
		0.30057311058044434,
		0.1011461690068245,
		0.9999940991401672
	],
	"28. right_ear": [
		0.4963139295578003,
		0.29758474230766296,
		-0.13296686112880707,
		0.9999996423721313
	],
	"time stamp": 30.0
}