{
	"1. left_hip": [
		0.4804084002971649,
		0.5640152096748352,
		0.11359475553035736,
		0.9993918538093567
	],
	"2. left_knee": [
		0.44027912616729736,
		0.7245537042617798,
		0.02126404643058777,
		0.9261690378189087
	],
	"3. left_ankle": [
		0.3573201894760132,
		0.8625437617301941,
		-0.08349494636058807,
		0.969355583190918
	],
	"6. right_hip": [
		0.543773889541626,
		0.5584041476249695,
		-0.11392690986394882,
		0.9995831251144409
	],
	"7. right_knee": [
		0.5895954966545105,
		0.7323132753372192,
		-0.05982770770788193,
		0.9722523093223572
	],
	"8. right_ankle": [
		0.5954514145851135,
		0.8831291198730469,
		-0.14523860812187195,
		0.9928625226020813
	],
	"14. left_shoulder": [
		0.44488412141799927,
		0.35338836908340454,
		0.36805304884910583,
		0.9998006224632263
	],
	"15. left_elbow": [
		0.47595635056495667,
		0.3816526234149933,
		0.6058636903762817,
		0.48249441385269165
	],
	"16. left_wrist": [
		0.531708300113678,
		0.3245905637741089,
		0.8313106298446655,
		0.5499549508094788
	],
	"19. right_shoulder": [
		0.5509662628173828,
		0.3549554646015167,
		0.06267902255058289,
		0.9999780654907227
	],
	"20. right_elbow": [
		0.6281628608703613,
		0.421884149312973,
		0.16951137781143188,
		0.9912266135215759
	],
	"21. right_wrist": [
		0.6600480675697327,
		0.3601984679698944,
		0.42991530895233154,
		0.959543764591217
	],
	"24. nose": [
		0.509876549243927,
		0.288041353225708,
		0.4246351420879364,
		0.9999960660934448
	],
	"25. left_eye": [
		0.49626168608665466,
		0.2769060432910919,
		0.40239766240119934,
		0.9999915957450867
	],
	"26. right_eye": [
		0.5190421938896179,
		0.2792048454284668,
		0.3842245638370514,
		0.9999971389770508
	],
	"27. left_ear": [
		0.47953805327415466,
		0.2847564220428467,
		0.306680828332901,
		0.999991774559021
	],
	"28. right_ear": [
		0.5148800611495972,
		0.28774815797805786,
		0.2275342345237732,
		0.999996542930603
	],
	"time stamp": 30.0
}