{
	"1. left_hip": [
		0.4709606170654297,
		0.5566324591636658,
		0.11789081245660782,
		0.9995015263557434
	],
	"2. left_knee": [
		0.42813172936439514,
		0.724349319934845,
		0.0397055447101593,
		0.9384049773216248
	],
	"3. left_ankle": [
		0.36514371633529663,
		0.8622496128082275,
		-0.019715361297130585,
		0.9717455506324768
	],
	"6. right_hip": [
		0.5380459427833557,
		0.5549505949020386,
		-0.11834818869829178,
		0.999654233455658
	],
	"7. right_knee": [
		0.5923194885253906,
		0.7257031202316284,
		-0.10157971829175949,
		0.9765410423278809
	],
	"8. right_ankle": [
		0.5955531597137451,
		0.8794355392456055,
		-0.1872575581073761,
		0.9931493997573853
	],
	"14. left_shoulder": [
		0.44364315271377563,
		0.3435543477535248,
		0.42933401465415955,
		0.9997679591178894
	],
	"15. left_elbow": [
		0.4549536406993866,
		0.3493565320968628,
		0.7795472145080566,
		0.4137519896030426
	],
	"16. left_wrist": [
		0.46463996171951294,
		0.2776172459125519,
		1.117362380027771,
		0.487214595079422
	],
	"19. right_shoulder": [
		0.5472797751426697,
		0.33524656295776367,
		0.104463130235672,
		0.9999574422836304
	],
	"20. right_elbow": [
		0.5975649356842041,
		0.3408578038215637,
		0.27064380049705505,
		0.9807709455490112
	],
	"21. right_wrist": [
		0.5803942084312439,
		0.27067121863365173,
		0.6107057332992554,
		0.926682710647583
	],
	"24. nose": [
		0.5013482570648193,
		0.2699938416481018,
		0.4809516370296478,
		0.9999958872795105
	],
	"25. left_eye": [
		0.48751208186149597,
		0.263105571269989,
		0.4570704698562622,
		0.9999922513961792
	],
	"26. right_eye": [
		0.5076497197151184,
		0.26245591044425964,
		0.43457603454589844,
		0.9999971389770508
	],
	"27. left_ear": [
		0.4734732210636139,
		0.2740646004676819,
		0.36386317014694214,
		0.9999925494194031
	],
	"28. right_ear": [
		0.513777494430542,
		0.2733861804008484,
		0.2638131082057953,
		0.9999964237213135
	],
	"time stamp": 30.0
}