{
	"1. left_hip": [
		0.4785635769367218,
		0.6266316175460815,
		-0.07161583751440048,
		0.9999626874923706
	],
	"2. left_knee": [
		0.3687576651573181,
		0.729897141456604,
		0.09765876084566116,
		0.9948917031288147
	],
	"3. left_ankle": [
		0.41671183705329895,
		0.8753017783164978,
		-0.35659080743789673,
		0.9952892661094666
	],
	"6. right_hip": [
		0.5572082996368408,
		0.61574786901474,
		0.07166313380002975,
		0.9999741911888123
	],
	"7. right_knee": [
		0.6214883327484131,
		0.7580632567405701,
		0.12684723734855652,
		0.9981063604354858
	],
	"8. right_ankle": [
		0.6454595923423767,
		0.8876609802246094,
		-0.45646098256111145,
		0.9980978965759277
	],
	"14. left_shoulder": [
		0.4259060323238373,
		0.4118829071521759,
		0.2311430126428604,
		0.9999136328697205
	],
	"15. left_elbow": [
		0.4207330048084259,
		0.519410252571106,
		0.48324334621429443,
		0.6074559092521667
	],
	"16. left_wrist": [
		0.46416404843330383,
		0.497980535030365,
		0.8418213725090027,
		0.2165636569261551
	],
	"19. right_shoulder": [
		0.5537799596786499,
		0.4089149534702301,
		0.29097867012023926,
		0.9999670386314392
	],
	"20. right_elbow": [
		0.6215099692344666,
		0.4658997058868408,
		0.4179321229457855,
		0.9660985469818115
	],
	"21. right_wrist": [
		0.6568725109100342,
		0.3869948089122772,
		0.6229166388511658,
		0.9155197143554688
	],
	"24. nose": [
		0.4964942932128906,
		0.33467429876327515,
		0.5655999779701233,
		0.9999945759773254
	],
	"25. left_eye": [
		0.48672422766685486,
		0.32366424798965454,
		0.5215158462524414,
		0.9999958276748657
	],
	"26. right_eye": [
		0.5074960589408875,
		0.32393980026245117,
		0.5273866057395935,
		0.9999959468841553
	],
	"27. left_ear": [
		0.4747314751148224,
		0.33314865827560425,
		0.3493290841579437,
		0.9999949932098389
	],
	"28. right_ear": [
		0.5185257196426392,
		0.33424246311187744,
		0.36918842792510986,
		0.9999945759773254
	],
	"time stamp": 30.0
}