{
	"1. left_hip": [
		0.48277440667152405,
		0.6316264867782593,
		-0.07736478745937347,
		0.9999676942825317
	],
	"2. left_knee": [
		0.3685101270675659,
		0.7335416078567505,
		0.09780260920524597,
		0.9958595633506775
	],
	"3. left_ankle": [
		0.418042927980423,
		0.8784217834472656,
		-0.3566552996635437,
		0.9961817264556885
	],
	"6. right_hip": [
		0.559098482131958,
		0.6198182702064514,
		0.07755783200263977,
		0.9999781847000122
	],
	"7. right_knee": [
		0.6246058344841003,
		0.7602925896644592,
		0.15692955255508423,
		0.9984195828437805
	],
	"8. right_ankle": [
		0.6460631489753723,
		0.8872213363647461,
		-0.4319514036178589,
		0.9984537363052368
	],
	"14. left_shoulder": [
		0.425981342792511,
		0.41835924983024597,
		0.23512759804725647,
		0.9999216794967651
	],
	"15. left_elbow": [
		0.42369604110717773,
		0.519784152507782,
		0.4882046580314636,
		0.6156318783760071
	],
	"16. left_wrist": [
		0.4694903790950775,
		0.4999890625476837,
		0.8327775001525879,
		0.1988016813993454
	],
	"19. right_shoulder": [
		0.5543845295906067,
		0.41701769828796387,
		0.291569322347641,
		0.9999720454216003
	],
	"20. right_elbow": [
		0.6223737597465515,
		0.47060805559158325,
		0.42189329862594604,
		0.9718533754348755
	],
	"21. right_wrist": [
		0.6587740778923035,
		0.3926553428173065,
		0.6226641535758972,
		0.9253042936325073
	],
	"24. nose": [
		0.49606242775917053,
		0.34544646739959717,
		0.5612502694129944,
		0.9999955892562866
	],
	"25. left_eye": [
		0.4867762625217438,
		0.33355003595352173,
		0.5170867443084717,
		0.9999966025352478
	],
	"26. right_eye": [
		0.5071729421615601,
		0.33387210965156555,
		0.5235317945480347,
		0.9999967217445374
	],
	"27. left_ear": [
		0.47531014680862427,
		0.34201282262802124,
		0.3485017418861389,
		0.9999959468841553
	],
	"28. right_ear": [
		0.518393874168396,
		0.342486172914505,
		0.3695172965526581,
		0.9999955892562866
	],
	"time stamp": 30.0
}