{
	"1. left_hip": [
		0.4781792461872101,
		0.5463142395019531,
		-0.0009055515401996672,
		0.9999558329582214
	],
	"2. left_knee": [
		0.4050687253475189,
		0.7127470970153809,
		0.0009636614704504609,
		0.9968894124031067
	],
	"3. left_ankle": [
		0.41505199670791626,
		0.869651734828949,
		-0.21195641160011292,
		0.996665894985199
	],
	"6. right_hip": [
		0.5476616621017456,
		0.5435981154441833,
		0.0004962348029948771,
		0.9999728202819824
	],
	"7. right_knee": [
		0.5816648006439209,
		0.7138117551803589,
		-0.028016868978738785,
		0.9983211159706116
	],
	"8. right_ankle": [
		0.6216516494750977,
		0.8704947829246521,
		-0.3024212419986725,
		0.9980992078781128
	],
	"14. left_shoulder": [
		0.43519994616508484,
		0.33772575855255127,
		0.27742546796798706,
		0.9999314546585083
	],
	"15. left_elbow": [
		0.3904838562011719,
		0.4208369255065918,
		0.489121675491333,
		0.7214337587356567
	],
	"16. left_wrist": [
		0.4151054322719574,
		0.3831314146518707,
		0.7872923016548157,
		0.2327580451965332
	],
	"19. right_shoulder": [
		0.5605078339576721,
		0.34314730763435364,
		0.30585187673568726,
		0.9999730587005615
	],
	"20. right_elbow": [
		0.6256035566329956,
		0.4082029163837433,
		0.4184585213661194,
		0.9809034466743469
	],
	"21. right_wrist": [
		0.6653353571891785,
		0.3308393955230713,
		0.6208874583244324,
		0.9251137375831604
	],
	"24. nose": [
		0.497268408536911,
		0.2749064266681671,
		0.5954803228378296,
		0.9999949336051941
	],
	"25. left_eye": [
		0.4880179464817047,
		0.2629670798778534,
		0.5484762191772461,
		0.9999960660934448
	],
	"26. right_eye": [
		0.5069623589515686,
		0.26337581872940063,
		0.5579804182052612,
		0.9999963641166687
	],
	"27. left_ear": [
		0.47724080085754395,
		0.26971086859703064,
		0.3707132041454315,
		0.999995231628418
	],
	"28. right_ear": [
		0.5194963812828064,
		0.26940837502479553,
		0.4136936664581299,
		0.9999950528144836
	],
	"time stamp": 30.0
}