{
	"1. left_hip": [
		0.4654572308063507,
		0.5280995965003967,
		0.10502039641141891,
		0.999859631061554
	],
	"2. left_knee": [
		0.45113906264305115,
		0.6000213027000427,
		0.2553330659866333,
		0.9700852632522583
	],
	"3. left_ankle": [
		0.4079805612564087,
		0.655807375907898,
		0.35871225595474243,
		0.9768089056015015
	],
	"6. right_hip": [
		0.5265406370162964,
		0.5275757908821106,
		-0.10549924522638321,
		0.9999591112136841
	],
	"7. right_knee": [
		0.507840096950531,
		0.7009630799293518,
		-0.1595853716135025,
		0.9971708059310913
	],
	"8. right_ankle": [
		0.48303791880607605,
		0.8695281147956848,
		-0.24725742638111115,
		0.997860848903656
	],
	"14. left_shoulder": [
		0.4402298927307129,
		0.3215010166168213,
		0.1598811149597168,
		0.9999098777770996
	],
	"15. left_elbow": [
		0.37431949377059937,
		0.40988266468048096,
		0.30480387806892395,
		0.855362057685852
	],
	"16. left_wrist": [
		0.382196843624115,
		0.3331828713417053,
		0.4846896827220917,
		0.5751810669898987
	],
	"19. right_shoulder": [
		0.5644255876541138,
		0.3149001896381378,
		-0.001263102050870657,
		0.9999684691429138
	],
	"20. right_elbow": [
		0.6440902948379517,
		0.3812699615955353,
		0.04173506796360016,
		0.9899714589118958
	],
	"21. right_wrist": [
		0.6754988431930542,
		0.28877735137939453,
		0.19481392204761505,
		0.9447093605995178
	],
	"24. nose": [
		0.5118501782417297,
		0.263651967048645,
		0.364376962184906,
		0.999945878982544
	],
	"25. left_eye": [
		0.5021263360977173,
		0.2520347535610199,
		0.3139360547065735,
		0.9999433755874634
	],
	"26. right_eye": [
		0.5212140679359436,
		0.2505756616592407,
		0.30806097388267517,
		0.9999537467956543
	],
	"27. left_ear": [
		0.48810455203056335,
		0.2512580156326294,
		0.15737538039684296,
		0.9999182224273682
	],
	"28. right_ear": [
		0.5275721549987793,
		0.25127074122428894,
		0.13002946972846985,
		0.9999226927757263
	],
	"time stamp": 30.0
}