{
	"1. left_hip": [
		0.47421473264694214,
		0.5580426454544067,
		0.03907015547156334,
		0.9996026754379272
	],
	"2. left_knee": [
		0.5079764127731323,
		0.7232971787452698,
		-0.013571083545684814,
		0.9238662123680115
	],
	"3. left_ankle": [
		0.5431790351867676,
		0.879603385925293,
		-0.08390584588050842,
		0.9343870878219604
	],
	"6. right_hip": [
		0.5418100953102112,
		0.5575436949729919,
		-0.039535898715257645,
		0.999656081199646
	],
	"7. right_knee": [
		0.5180849432945251,
		0.7324160933494568,
		-0.061061810702085495,
		0.9817427396774292
	],
	"8. right_ankle": [
		0.49399256706237793,
		0.8898553848266602,
		-0.13579119741916656,
		0.9761708378791809
	],
	"14. left_shoulder": [
		0.4405008852481842,
		0.3565558195114136,
		0.21215885877609253,
		0.9998621940612793
	],
	"15. left_elbow": [
		0.3575136959552765,
		0.422719269990921,
		0.36562687158584595,
		0.9680361747741699
	],
	"16. left_wrist": [
		0.37777867913246155,
		0.33593472838401794,
		0.5658612847328186,
		0.8554412126541138
	],
	"19. right_shoulder": [
		0.5699465274810791,
		0.354044646024704,
		0.18916651606559753,
		0.9998745918273926
	],
	"20. right_elbow": [
		0.6488378643989563,
		0.41457730531692505,
		0.2221243679523468,
		0.9964368939399719
	],
	"21. right_wrist": [
		0.6728867292404175,
		0.31717151403427124,
		0.38131260871887207,
		0.950114905834198
	],
	"24. nose": [
		0.509466826915741,
		0.300024151802063,
		0.4941326081752777,
		0.999833345413208
	],
	"25. left_eye": [
		0.501778781414032,
		0.29068732261657715,
		0.4490337073802948,
		0.9998413920402527
	],
	"26. right_eye": [
		0.5203796029090881,
		0.29010313749313354,
		0.45047301054000854,
		0.9998349547386169
	],
	"27. left_ear": [
		0.48893725872039795,
		0.2929871082305908,
		0.28291985392570496,
		0.9997592568397522
	],
	"28. right_ear": [
		0.5300201177597046,
		0.2952834963798523,
		0.2873799204826355,
		0.9997242093086243
	],
	"time stamp": 30.0
}