{
	"1. left_hip": [
		0.47425854206085205,
		0.5592101812362671,
		0.06823179125785828,
		0.9992629885673523
	],
	"2. left_knee": [
		0.5076298117637634,
		0.7269309759140015,
		0.022366123273968697,
		0.8367148041725159
	],
	"3. left_ankle": [
		0.5452436804771423,
		0.8795204758644104,
		0.011004868894815445,
		0.8680439591407776
	],
	"6. right_hip": [
		0.5423183441162109,
		0.5580863952636719,
		-0.06868711858987808,
		0.9989248514175415
	],
	"7. right_knee": [
		0.51976478099823,
		0.734923779964447,
		-0.08421977609395981,
		0.9663435220718384
	],
	"8. right_ankle": [
		0.4928513765335083,
		0.8935163021087646,
		-0.08684719353914261,
		0.9429054856300354
	],
	"14. left_shoulder": [
		0.4471505880355835,
		0.36073365807533264,
		0.20813561975955963,
		0.9996971487998962
	],
	"15. left_elbow": [
		0.3807128965854645,
		0.43527519702911377,
		0.2317069172859192,
		0.9828231930732727
	],
	"16. left_wrist": [
		0.3262171149253845,
		0.375092476606369,
		0.2891530692577362,
		0.9302882552146912
	],
	"19. right_shoulder": [
		0.5779663920402527,
		0.3553355634212494,
		0.12400425970554352,
		0.9995178580284119
	],
	"20. right_elbow": [
		0.6578365564346313,
		0.41485193371772766,
		0.2182444930076599,
		0.9831496477127075
	],
	"21. right_wrist": [
		0.6476366519927979,
		0.32036978006362915,
		0.4076286256313324,
		0.9265862107276917
	],
	"24. nose": [
		0.512235164642334,
		0.29966485500335693,
		0.44625240564346313,
		0.99847412109375
	],
	"25. left_eye": [
		0.5035565495491028,
		0.2900301218032837,
		0.40468624234199524,
		0.9985438585281372
	],
	"26. right_eye": [
		0.5233452320098877,
		0.2893944978713989,
		0.3989103436470032,
		0.9983632564544678
	],
	"27. left_ear": [
		0.4937056601047516,
		0.29423072934150696,
		0.2549547255039215,
		0.9977264404296875
	],
	"28. right_ear": [
		0.5339232683181763,
		0.2938518822193146,
		0.22846534848213196,
		0.9979683756828308
	],
	"time stamp": 30.0
}