{
	"1. left_hip": [
		0.47423139214515686,
		0.5589659810066223,
		0.052557554095983505,
		0.9992042183876038
	],
	"2. left_knee": [
		0.5087605714797974,
		0.727500855922699,
		-0.016463547945022583,
		0.7896691560745239
	],
	"3. left_ankle": [
		0.5451205372810364,
		0.8833715915679932,
		-0.038276392966508865,
		0.8302444815635681
	],
	"6. right_hip": [
		0.5425439476966858,
		0.5582494139671326,
		-0.05301680043339729,
		0.9988155961036682
	],
	"7. right_knee": [
		0.522285521030426,
		0.7361037135124207,
		-0.07786381244659424,
		0.9517081379890442
	],
	"8. right_ankle": [
		0.49311405420303345,
		0.8932488560676575,
		-0.09154538065195084,
		0.9222641587257385
	],
	"14. left_shoulder": [
		0.44757169485092163,
		0.3606577217578888,
		0.1712900847196579,
		0.9996660947799683
	],
	"15. left_elbow": [
		0.3791618347167969,
		0.4390791058540344,
		0.336063951253891,
		0.9868454337120056
	],
	"16. left_wrist": [
		0.3714888393878937,
		0.35327577590942383,
		0.5624254941940308,
		0.9472925662994385
	],
	"19. right_shoulder": [
		0.5776733160018921,
		0.35476380586624146,
		0.12150932103395462,
		0.9995173215866089
	],
	"20. right_elbow": [
		0.6546518802642822,
		0.4159451425075531,
		0.22129756212234497,
		0.9821523427963257
	],
	"21. right_wrist": [
		0.6702192425727844,
		0.32071903347969055,
		0.41567331552505493,
		0.9220282435417175
	],
	"24. nose": [
		0.5130182504653931,
		0.29914793372154236,
		0.4319990277290344,
		0.9984015226364136
	],
	"25. left_eye": [
		0.503838062286377,
		0.2892507016658783,
		0.3860657513141632,
		0.998502254486084
	],
	"26. right_eye": [
		0.5241115689277649,
		0.28877004981040955,
		0.3850933015346527,
		0.9983775615692139
	],
	"27. left_ear": [
		0.493424654006958,
		0.29350438714027405,
		0.22510367631912231,
		0.9977436065673828
	],
	"28. right_ear": [
		0.5345627665519714,
		0.2929549217224121,
		0.21765974164009094,
		0.9979153871536255
	],
	"time stamp": 30.0
}