{
	"1. left_hip": [
		0.47435295581817627,
		0.5591322779655457,
		0.04922378808259964,
		0.9992009401321411
	],
	"2. left_knee": [
		0.5088974833488464,
		0.7274366617202759,
		-0.010925336740911007,
		0.7958734035491943
	],
	"3. left_ankle": [
		0.5450243949890137,
		0.8830759525299072,
		-0.04073070362210274,
		0.833794891834259
	],
	"6. right_hip": [
		0.5425126552581787,
		0.5586103796958923,
		-0.049621760845184326,
		0.9988277554512024
	],
	"7. right_knee": [
		0.5230216979980469,
		0.7362273335456848,
		-0.0667537972331047,
		0.9529167413711548
	],
	"8. right_ankle": [
		0.4936089813709259,
		0.8930344581604004,
		-0.09181089699268341,
		0.9245446920394897
	],
	"14. left_shoulder": [
		0.4475439190864563,
		0.3623602092266083,
		0.2168417125940323,
		0.9996779561042786
	],
	"15. left_elbow": [
		0.3798297345638275,
		0.442647248506546,
		0.3884139060974121,
		0.9873955249786377
	],
	"16. left_wrist": [
		0.3883032500743866,
		0.36118650436401367,
		0.6191965937614441,
		0.9414632320404053
	],
	"19. right_shoulder": [
		0.5759873986244202,
		0.3562723398208618,
		0.15253186225891113,
		0.9995452165603638
	],
	"20. right_elbow": [
		0.6483584642410278,
		0.41991642117500305,
		0.21820083260536194,
		0.9836626648902893
	],
	"21. right_wrist": [
		0.6742991805076599,
		0.32917550206184387,
		0.37565645575523376,
		0.9245489835739136
	],
	"24. nose": [
		0.511224627494812,
		0.2996560335159302,
		0.48633185029029846,
		0.9985089898109436
	],
	"25. left_eye": [
		0.5024001002311707,
		0.28984513878822327,
		0.4422523081302643,
		0.9986007213592529
	],
	"26. right_eye": [
		0.5219454765319824,
		0.2894569933414459,
		0.44003593921661377,
		0.998491108417511
	],
	"27. left_ear": [
		0.4919670820236206,
		0.294467031955719,
		0.28118467330932617,
		0.99791020154953
	],
	"28. right_ear": [
		0.5337183475494385,
		0.29416531324386597,
		0.2701103985309601,
		0.9980509281158447
	],
	"time stamp": 30.0
}