{
	"1. left_hip": [
		0.4829568564891815,
		0.5629672408103943,
		0.06182608753442764,
		0.9993605017662048
	],
	"2. left_knee": [
		0.5192873477935791,
		0.7292020320892334,
		0.08185252547264099,
		0.8051108121871948
	],
	"3. left_ankle": [
		0.5224698185920715,
		0.8705607652664185,
		-0.08340523391962051,
		0.8538362383842468
	],
	"6. right_hip": [
		0.5529282689094543,
		0.5629955530166626,
		-0.06254493445158005,
		0.9990854859352112
	],
	"7. right_knee": [
		0.5380849242210388,
		0.7383438944816589,
		-0.008050245232880116,
		0.954932689666748
	],
	"8. right_ankle": [
		0.5037859678268433,
		0.8819805383682251,
		-0.19300109148025513,
		0.9396747946739197
	],
	"14. left_shoulder": [
		0.4538836181163788,
		0.3569341003894806,
		0.1355653703212738,
		0.9997065663337708
	],
	"15. left_elbow": [
		0.3722173571586609,
		0.3178599774837494,
		0.1525072455406189,
		0.9871162176132202
	],
	"16. left_wrist": [
		0.4520392119884491,
		0.28013429045677185,
		0.13010531663894653,
		0.8990223407745361
	],
	"19. right_shoulder": [
		0.5825122594833374,
		0.35578078031539917,
		0.05733751133084297,
		0.9996254444122314
	],
	"20. right_elbow": [
		0.6635736227035522,
		0.3478344678878784,
		0.03658570349216461,
		0.9900895357131958
	],
	"21. right_wrist": [
		0.5924233794212341,
		0.28446540236473083,
		0.07542803883552551,
		0.9102425575256348
	],
	"24. nose": [
		0.5189555883407593,
		0.29833200573921204,
		0.38461586833000183,
		0.9990477561950684
	],
	"25. left_eye": [
		0.5099012851715088,
		0.2886390686035156,
		0.34985458850860596,
		0.9990752935409546
	],
	"26. right_eye": [
		0.5292291045188904,
		0.28796514868736267,
		0.33582690358161926,
		0.9990484714508057
	],
	"27. left_ear": [
		0.4975064694881439,
		0.2948819398880005,
		0.2187584936618805,
		0.998627781867981
	],
	"28. right_ear": [
		0.5419164299964905,
		0.2936704158782959,
		0.16691073775291443,
		0.9987413287162781
	],
	"time stamp": 30.0
}