{
	"1. left_hip": [
		0.49408167600631714,
		0.5327985286712646,
		0.03140189126133919,
		0.9999703764915466
	],
	"2. left_knee": [
		0.46356651186943054,
		0.7046967148780823,
		0.015289204195141792,
		0.9824773669242859
	],
	"3. left_ankle": [
		0.410910964012146,
		0.8560411334037781,
		-0.27673009037971497,
		0.9871882200241089
	],
	"6. right_hip": [
		0.5661128759384155,
		0.5265321135520935,
		-0.032096996903419495,
		0.9999621510505676
	],
	"7. right_knee": [
		0.5932363867759705,
		0.7016710638999939,
		-0.0468595065176487,
		0.9901595711708069
	],
	"8. right_ankle": [
		0.6071450710296631,
		0.8571973443031311,
		-0.3653337359428406,
		0.9879108667373657
	],
	"14. left_shoulder": [
		0.46844589710235596,
		0.3213452696800232,
		0.05919097736477852,
		0.9999138712882996
	],
	"15. left_elbow": [
		0.4093698263168335,
		0.24839280545711517,
		-0.11198319494724274,
		0.9246190190315247
	],
	"16. left_wrist": [
		0.4612175524234772,
		0.20363718271255493,
		-0.29783228039741516,
		0.8901224136352539
	],
	"19. right_shoulder": [
		0.5908234119415283,
		0.3184245824813843,
		0.05803123116493225,
		0.9999231696128845
	],
	"20. right_elbow": [
		0.6669266819953918,
		0.2559371590614319,
		-0.17847774922847748,
		0.994364857673645
	],
	"21. right_wrist": [
		0.6082330346107483,
		0.22872628271579742,
		-0.4303254783153534,
		0.9611983895301819
	],
	"24. nose": [
		0.5361636281013489,
		0.2679603695869446,
		0.4069216847419739,
		0.9998882412910461
	],
	"25. left_eye": [
		0.525708794593811,
		0.25827881693840027,
		0.36148756742477417,
		0.9998534917831421
	],
	"26. right_eye": [
		0.5469751358032227,
		0.2567547559738159,
		0.36309003829956055,
		0.9998347163200378
	],
	"27. left_ear": [
		0.5130621194839478,
		0.266605019569397,
		0.19263382256031036,
		0.9997929930686951
	],
	"28. right_ear": [
		0.557942807674408,
		0.2649449110031128,
		0.20003890991210938,
		0.9998498558998108
	],
	"time stamp": 30.0
}