{
	"1. left_hip": [
		0.4921938478946686,
		0.522071123123169,
		0.12209819257259369,
		0.9999632239341736
	],
	"2. left_knee": [
		0.48841384053230286,
		0.6951503157615662,
		0.20799550414085388,
		0.9794486165046692
	],
	"3. left_ankle": [
		0.4861244559288025,
		0.843812108039856,
		0.10293621569871902,
		0.9783375859260559
	],
	"6. right_hip": [
		0.5554331541061401,
		0.5233511328697205,
		-0.1228690966963768,
		0.999941349029541
	],
	"7. right_knee": [
		0.5457894206047058,
		0.7021286487579346,
		-0.05991748720407486,
		0.9909710884094238
	],
	"8. right_ankle": [
		0.5229371190071106,
		0.8526033163070679,
		-0.17744199931621552,
		0.9893134236335754
	],
	"14. left_shoulder": [
		0.4697684049606323,
		0.3046530485153198,
		0.16126736998558044,
		0.9998020529747009
	],
	"15. left_elbow": [
		0.46354666352272034,
		0.21843013167381287,
		0.24656297266483307,
		0.8794348835945129
	],
	"16. left_wrist": [
		0.4823159873485565,
		0.134365975856781,
		0.2759341597557068,
		0.8971580862998962
	],
	"19. right_shoulder": [
		0.5772217512130737,
		0.3025294244289398,
		-0.05648369714617729,
		0.9998775124549866
	],
	"20. right_elbow": [
		0.581220269203186,
		0.22207631170749664,
		-0.038475483655929565,
		0.9921055436134338
	],
	"21. right_wrist": [
		0.5762290358543396,
		0.12873420119285583,
		0.054762840270996094,
		0.9713829755783081
	],
	"24. nose": [
		0.5241326689720154,
		0.25160831212997437,
		0.3229028880596161,
		0.9998422861099243
	],
	"25. left_eye": [
		0.5133569240570068,
		0.24693001806735992,
		0.2892055809497833,
		0.9998165369033813
	],
	"26. right_eye": [
		0.5356028079986572,
		0.24554748833179474,
		0.27267155051231384,
		0.9998034834861755
	],
	"27. left_ear": [
		0.5028088092803955,
		0.257712185382843,
		0.16540725529193878,
		0.9997856020927429
	],
	"28. right_ear": [
		0.5487447381019592,
		0.2567586302757263,
		0.08742056041955948,
		0.999822199344635
	],
	"time stamp": 30.0
}