{
	"1. left_hip": [
		0.4773145914077759,
		0.5490880608558655,
		0.11909806728363037,
		0.9999666213989258
	],
	"2. left_knee": [
		0.4861328601837158,
		0.7196784019470215,
		0.1789775788784027,
		0.9728436470031738
	],
	"3. left_ankle": [
		0.482416570186615,
		0.8549129962921143,
		-0.10449476540088654,
		0.9738248586654663
	],
	"6. right_hip": [
		0.5448299050331116,
		0.5467257499694824,
		-0.12018857896327972,
		0.9999462962150574
	],
	"7. right_knee": [
		0.5532122850418091,
		0.7142717838287354,
		-0.03761326149106026,
		0.992755115032196
	],
	"8. right_ankle": [
		0.5341057181358337,
		0.8533200621604919,
		-0.29459846019744873,
		0.9915035963058472
	],
	"14. left_shoulder": [
		0.4643789529800415,
		0.33086833357810974,
		0.17745289206504822,
		0.9997971057891846
	],
	"15. left_elbow": [
		0.4432936906814575,
		0.24188341200351715,
		0.22844921052455902,
		0.8586025834083557
	],
	"16. left_wrist": [
		0.46747568249702454,
		0.15924197435379028,
		0.15754970908164978,
		0.9028329849243164
	],
	"19. right_shoulder": [
		0.5733138918876648,
		0.3307327628135681,
		-0.055702295154333115,
		0.9998911619186401
	],
	"20. right_elbow": [
		0.5931499600410461,
		0.24598562717437744,
		-0.054486073553562164,
		0.9918715953826904
	],
	"21. right_wrist": [
		0.5557297468185425,
		0.16427534818649292,
		0.018105097115039825,
		0.9787664413452148
	],
	"24. nose": [
		0.521837055683136,
		0.2796822786331177,
		0.32791730761528015,
		0.9998736381530762
	],
	"25. left_eye": [
		0.5114163160324097,
		0.26802247762680054,
		0.29528480768203735,
		0.9998561143875122
	],
	"26. right_eye": [
		0.532783567905426,
		0.26827043294906616,
		0.2790580689907074,
		0.9998472332954407
	],
	"27. left_ear": [
		0.5004409551620483,
		0.2760007679462433,
		0.1723850816488266,
		0.9998360276222229
	],
	"28. right_ear": [
		0.5430203080177307,
		0.27862250804901123,
		0.09783293306827545,
		0.9998601675033569
	],
	"time stamp": 30.0
}