{
	"1. left_hip": [
		0.46828579902648926,
		0.573359489440918,
		0.10341902077198029,
		0.9999700784683228
	],
	"2. left_knee": [
		0.48444175720214844,
		0.7303571701049805,
		0.15957005321979523,
		0.9768354892730713
	],
	"3. left_ankle": [
		0.48396503925323486,
		0.8546186089515686,
		-0.2895992398262024,
		0.9803289771080017
	],
	"6. right_hip": [
		0.533577561378479,
		0.5690237283706665,
		-0.10488050431013107,
		0.999945342540741
	],
	"7. right_knee": [
		0.579556941986084,
		0.7144761681556702,
		-0.01627868227660656,
		0.9943481087684631
	],
	"8. right_ankle": [
		0.5455235838890076,
		0.8178223371505737,
		-0.4420405626296997,
		0.9937310218811035
	],
	"14. left_shoulder": [
		0.44516193866729736,
		0.37168651819229126,
		0.24417074024677277,
		0.999814510345459
	],
	"15. left_elbow": [
		0.4108409881591797,
		0.4655500650405884,
		0.4045761823654175,
		0.8427115678787231
	],
	"16. left_wrist": [
		0.4383196532726288,
		0.41433441638946533,
		0.6238685846328735,
		0.8305237889289856
	],
	"19. right_shoulder": [
		0.562714159488678,
		0.35305213928222656,
		0.014477507211267948,
		0.9999083876609802
	],
	"20. right_elbow": [
		0.6157297492027283,
		0.4168719947338104,
		0.13432952761650085,
		0.9912610054016113
	],
	"21. right_wrist": [
		0.5770444869995117,
		0.33582037687301636,
		0.4261113405227661,
		0.96587735414505
	],
	"24. nose": [
		0.5072822570800781,
		0.3112187385559082,
		0.3622567355632782,
		0.9999068379402161
	],
	"25. left_eye": [
		0.4954933226108551,
		0.30147701501846313,
		0.33163881301879883,
		0.9998932480812073
	],
	"26. right_eye": [
		0.5144710540771484,
		0.30036959052085876,
		0.31527984142303467,
		0.9998886585235596
	],
	"27. left_ear": [
		0.4843747317790985,
		0.30472230911254883,
		0.21957968175411224,
		0.999875009059906
	],
	"28. right_ear": [
		0.5269712209701538,
		0.3047240674495697,
		0.14980469644069672,
		0.99989253282547
	],
	"time stamp": 30.0
}