{
	"1. left_hip": [
		0.5228297114372253,
		0.577782154083252,
		0.12651734054088593,
		0.9985283017158508
	],
	"2. left_knee": [
		0.5537331700325012,
		0.7307827472686768,
		0.09439177811145782,
		0.7599091529846191
	],
	"3. left_ankle": [
		0.49260008335113525,
		0.8386409282684326,
		0.31350499391555786,
		0.8147494196891785
	],
	"6. right_hip": [
		0.46984702348709106,
		0.5728223323822021,
		-0.12665072083473206,
		0.9990569949150085
	],
	"7. right_knee": [
		0.5153198838233948,
		0.7246713638305664,
		-0.21129044890403748,
		0.9841277003288269
	],
	"8. right_ankle": [
		0.4812815487384796,
		0.8725351095199585,
		-0.11688465625047684,
		0.9832499623298645
	],
	"14. left_shoulder": [
		0.548069953918457,
		0.36787205934524536,
		0.12354674935340881,
		0.9993200302124023
	],
	"15. left_elbow": [
		0.6312601566314697,
		0.39229580760002136,
		0.23238222301006317,
		0.636137068271637
	],
	"16. left_wrist": [
		0.7149882912635803,
		0.4106983244419098,
		0.0559399388730526,
		0.6462070941925049
	],
	"19. right_shoulder": [
		0.44289466738700867,
		0.38169988989830017,
		-0.1896311640739441,
		0.9999696612358093
	],
	"20. right_elbow": [
		0.4210132658481598,
		0.4836256802082062,
		-0.2167140543460846,
		0.9937112331390381
	],
	"21. right_wrist": [
		0.42581185698509216,
		0.5775418877601624,
		-0.3282240033149719,
		0.9660729765892029
	],
	"24. nose": [
		0.529079020023346,
		0.30354011058807373,
		-0.29603368043899536,
		0.9989836812019348
	],
	"25. left_eye": [
		0.5358743667602539,
		0.2958672344684601,
		-0.25669562816619873,
		0.997624933719635
	],
	"26. right_eye": [
		0.514624834060669,
		0.29132241010665894,
		-0.2871498465538025,
		0.9986409544944763
	],
	"27. left_ear": [
		0.529574990272522,
		0.3030663728713989,
		-0.0585380457341671,
		0.9956284761428833
	],
	"28. right_ear": [
		0.4906161427497864,
		0.29718244075775146,
		-0.197642520070076,
		0.9988496899604797
	],
	"time stamp": 30.0
}