{
	"1. left_hip": [
		0.5242753624916077,
		0.5756810307502747,
		0.11697591841220856,
		0.9985975623130798
	],
	"2. left_knee": [
		0.5526201128959656,
		0.7311236262321472,
		0.11295747756958008,
		0.7625806331634521
	],
	"3. left_ankle": [
		0.5013587474822998,
		0.8386780619621277,
		0.36092838644981384,
		0.8081241250038147
	],
	"6. right_hip": [
		0.4689795672893524,
		0.5713142156600952,
		-0.11714771389961243,
		0.9991033673286438
	],
	"7. right_knee": [
		0.5134543776512146,
		0.7241058945655823,
		-0.21546663343906403,
		0.9842812418937683
	],
	"8. right_ankle": [
		0.4816651940345764,
		0.8735094666481018,
		-0.13795433938503265,
		0.9831600189208984
	],
	"14. left_shoulder": [
		0.5485095381736755,
		0.36797672510147095,
		0.07936054468154907,
		0.9993857741355896
	],
	"15. left_elbow": [
		0.6383165121078491,
		0.38996273279190063,
		0.17373593151569366,
		0.6719009876251221
	],
	"16. left_wrist": [
		0.7294841408729553,
		0.40077733993530273,
		-0.007281497586518526,
		0.6812844276428223
	],
	"19. right_shoulder": [
		0.4389207065105438,
		0.3824447691440582,
		-0.1988043189048767,
		0.999970555305481
	],
	"20. right_elbow": [
		0.4220842719078064,
		0.4832756519317627,
		-0.22253940999507904,
		0.9937325716018677
	],
	"21. right_wrist": [
		0.42369070649147034,
		0.5793137550354004,
		-0.3365088999271393,
		0.9682280421257019
	],
	"24. nose": [
		0.5247779488563538,
		0.3028002083301544,
		-0.3338004946708679,
		0.9990847706794739
	],
	"25. left_eye": [
		0.5322194695472717,
		0.29565367102622986,
		-0.2945338487625122,
		0.9978590607643127
	],
	"26. right_eye": [
		0.5113727450370789,
		0.29084113240242004,
		-0.3227755129337311,
		0.9987756609916687
	],
	"27. left_ear": [
		0.5289838314056396,
		0.30331161618232727,
		-0.0948873832821846,
		0.996056079864502
	],
	"28. right_ear": [
		0.4878445863723755,
		0.29684746265411377,
		-0.22434650361537933,
		0.9989631772041321
	],
	"time stamp": 30.0
}