{
	"1. left_hip": [
		0.5392448902130127,
		0.5623478889465332,
		0.06713293492794037,
		0.999183714389801
	],
	"2. left_knee": [
		0.536194384098053,
		0.7232386469841003,
		0.016565687954425812,
		0.7796298265457153
	],
	"3. left_ankle": [
		0.5026503205299377,
		0.8628620505332947,
		0.2472892552614212,
		0.8081932663917542
	],
	"6. right_hip": [
		0.4739820659160614,
		0.5691092014312744,
		-0.06717217713594437,
		0.9995130300521851
	],
	"7. right_knee": [
		0.50348961353302,
		0.7225865721702576,
		-0.1670137643814087,
		0.9769154787063599
	],
	"8. right_ankle": [
		0.48779037594795227,
		0.8732042908668518,
		-0.024208923801779747,
		0.9672518968582153
	],
	"14. left_shoulder": [
		0.5429441928863525,
		0.3825986683368683,
		0.10863740742206573,
		0.9997497797012329
	],
	"15. left_elbow": [
		0.61995530128479,
		0.3702658414840698,
		0.1032637506723404,
		0.8697365522384644
	],
	"16. left_wrist": [
		0.6791636347770691,
		0.3382543921470642,
		-0.14427287876605988,
		0.8747180700302124
	],
	"19. right_shoulder": [
		0.4286220967769623,
		0.38642188906669617,
		-0.015757279470562935,
		0.9999821186065674
	],
	"20. right_elbow": [
		0.4218151569366455,
		0.4851016700267792,
		0.04337982088327408,
		0.9928721785545349
	],
	"21. right_wrist": [
		0.4164557158946991,
		0.5744120478630066,
		0.014374089427292347,
		0.9782254695892334
	],
	"24. nose": [
		0.5114937424659729,
		0.31091657280921936,
		-0.23252250254154205,
		0.9996441006660461
	],
	"25. left_eye": [
		0.5200386643409729,
		0.3039936125278473,
		-0.19701309502124786,
		0.9991604685783386
	],
	"26. right_eye": [
		0.49922460317611694,
		0.2990673780441284,
		-0.210979625582695,
		0.9995225071907043
	],
	"27. left_ear": [
		0.5206279158592224,
		0.3114067614078522,
		-0.013819484040141106,
		0.9984361529350281
	],
	"28. right_ear": [
		0.4783118665218353,
		0.30445051193237305,
		-0.07961375266313553,
		0.9995953440666199
	],
	"time stamp": 30.0
}