{
	"1. left_hip": [
		0.5348252058029175,
		0.5837029814720154,
		0.019210828468203545,
		0.9995263814926147
	],
	"2. left_knee": [
		0.5335321426391602,
		0.7503306865692139,
		-0.08165765553712845,
		0.86110520362854
	],
	"3. left_ankle": [
		0.5024023056030273,
		0.8522095680236816,
		0.284274697303772,
		0.8604592680931091
	],
	"6. right_hip": [
		0.4658685326576233,
		0.5857143998146057,
		-0.019385244697332382,
		0.9996339678764343
	],
	"7. right_knee": [
		0.48603057861328125,
		0.7438793778419495,
		-0.10649966448545456,
		0.982225239276886
	],
	"8. right_ankle": [
		0.4585072696208954,
		0.8524806499481201,
		0.2244875133037567,
		0.9510974884033203
	],
	"14. left_shoulder": [
		0.5598083138465881,
		0.393939346075058,
		0.025599339976906776,
		0.9997965097427368
	],
	"15. left_elbow": [
		0.548581600189209,
		0.4006568491458893,
		-0.1962355524301529,
		0.870728075504303
	],
	"16. left_wrist": [
		0.510563850402832,
		0.3679826557636261,
		-0.5481107234954834,
		0.8786826729774475
	],
	"19. right_shoulder": [
		0.4386869966983795,
		0.40831899642944336,
		0.07460211962461472,
		0.9999657273292542
	],
	"20. right_elbow": [
		0.4286365807056427,
		0.5085482597351074,
		0.15170112252235413,
		0.9903838038444519
	],
	"21. right_wrist": [
		0.41748449206352234,
		0.5989519953727722,
		0.06711495667695999,
		0.9750616550445557
	],
	"24. nose": [
		0.5071168541908264,
		0.3434601128101349,
		-0.24254606664180756,
		0.99980628490448
	],
	"25. left_eye": [
		0.5187488198280334,
		0.33017992973327637,
		-0.2155061513185501,
		0.999506413936615
	],
	"26. right_eye": [
		0.4953707754611969,
		0.329380065202713,
		-0.2109355330467224,
		0.999692976474762
	],
	"27. left_ear": [
		0.525650680065155,
		0.3345397710800171,
		-0.0435001365840435,
		0.9989264607429504
	],
	"28. right_ear": [
		0.48025593161582947,
		0.33296075463294983,
		-0.03612000495195389,
		0.9997437596321106
	],
	"time stamp": 30.0
}