{
	"1. left_hip": [
		0.533607542514801,
		0.5691424608230591,
		0.023523952811956406,
		0.9995763897895813
	],
	"2. left_knee": [
		0.5335076451301575,
		0.7417420148849487,
		-0.06656152755022049,
		0.8844742774963379
	],
	"3. left_ankle": [
		0.5111322402954102,
		0.8425365090370178,
		0.2379513382911682,
		0.8800817131996155
	],
	"6. right_hip": [
		0.4655904471874237,
		0.5672087073326111,
		-0.023692568764090538,
		0.999640166759491
	],
	"7. right_knee": [
		0.4757001996040344,
		0.7393796443939209,
		-0.11108875274658203,
		0.9839980602264404
	],
	"8. right_ankle": [
		0.45770466327667236,
		0.8539358377456665,
		0.1633891612291336,
		0.9551370143890381
	],
	"14. left_shoulder": [
		0.5566818118095398,
		0.3699477016925812,
		0.02500908449292183,
		0.9998288154602051
	],
	"15. left_elbow": [
		0.6035533547401428,
		0.38352492451667786,
		-0.14971162378787994,
		0.8934047222137451
	],
	"16. left_wrist": [
		0.5281097292900085,
		0.359480082988739,
		-0.46258050203323364,
		0.8982046842575073
	],
	"19. right_shoulder": [
		0.4393092691898346,
		0.387765109539032,
		0.05102081224322319,
		0.999965250492096
	],
	"20. right_elbow": [
		0.4311414361000061,
		0.48958247900009155,
		0.10606825351715088,
		0.9897077679634094
	],
	"21. right_wrist": [
		0.42197495698928833,
		0.5813716053962708,
		0.015932952985167503,
		0.9757784008979797
	],
	"24. nose": [
		0.5061920285224915,
		0.33787015080451965,
		-0.30790281295776367,
		0.9998332262039185
	],
	"25. left_eye": [
		0.5179301500320435,
		0.3236267566680908,
		-0.27968651056289673,
		0.9995566010475159
	],
	"26. right_eye": [
		0.4951705038547516,
		0.3214070498943329,
		-0.28390419483184814,
		0.9997147917747498
	],
	"27. left_ear": [
		0.5263140201568604,
		0.32597795128822327,
		-0.08934478461742401,
		0.9990357160568237
	],
	"28. right_ear": [
		0.47990772128105164,
		0.3210867941379547,
		-0.10853780061006546,
		0.9997633099555969
	],
	"time stamp": 30.0
}