{
	"1. left_hip": [
		0.5409361720085144,
		0.5511118173599243,
		-0.023388685658574104,
		0.99965900182724
	],
	"2. left_knee": [
		0.5286678075790405,
		0.7194966673851013,
		-0.05367473512887955,
		0.9260445833206177
	],
	"3. left_ankle": [
		0.5167871117591858,
		0.8594866394996643,
		0.14158059656620026,
		0.9222670197486877
	],
	"6. right_hip": [
		0.4712754487991333,
		0.5515733361244202,
		0.02327774278819561,
		0.9996168613433838
	],
	"7. right_knee": [
		0.47623211145401,
		0.7182157039642334,
		0.007209410425275564,
		0.9828623533248901
	],
	"8. right_ankle": [
		0.48207512497901917,
		0.8557243943214417,
		0.21159633994102478,
		0.9643452763557434
	],
	"14. left_shoulder": [
		0.562927782535553,
		0.3421182632446289,
		-0.018609168007969856,
		0.9998924136161804
	],
	"15. left_elbow": [
		0.6629819869995117,
		0.32957375049591064,
		-0.18995922803878784,
		0.9364486932754517
	],
	"16. left_wrist": [
		0.6073553562164307,
		0.27554085850715637,
		-0.44211655855178833,
		0.9338988065719604
	],
	"19. right_shoulder": [
		0.4426972270011902,
		0.35540011525154114,
		0.022240538150072098,
		0.9999628663063049
	],
	"20. right_elbow": [
		0.3976219594478607,
		0.45147421956062317,
		0.07384330034255981,
		0.9886890649795532
	],
	"21. right_wrist": [
		0.4227708578109741,
		0.5450664162635803,
		-0.028931651264429092,
		0.9736940860748291
	],
	"24. nose": [
		0.5123535990715027,
		0.28626352548599243,
		-0.325673371553421,
		0.9998993277549744
	],
	"25. left_eye": [
		0.5235369205474854,
		0.277328759431839,
		-0.29070064425468445,
		0.9997267723083496
	],
	"26. right_eye": [
		0.5005785822868347,
		0.27060118317604065,
		-0.2970283031463623,
		0.9998236298561096
	],
	"27. left_ear": [
		0.5348966121673584,
		0.28535717725753784,
		-0.10038202255964279,
		0.9994115829467773
	],
	"28. right_ear": [
		0.48204806447029114,
		0.2763594388961792,
		-0.13311302661895752,
		0.9998550415039062
	],
	"time stamp": 30.0
}