{
	"1. left_hip": [
		0.5598874688148499,
		0.5708473324775696,
		0.047228533774614334,
		0.9997888207435608
	],
	"2. left_knee": [
		0.5523207187652588,
		0.7507659792900085,
		-0.08460453897714615,
		0.9563491344451904
	],
	"3. left_ankle": [
		0.5230859518051147,
		0.8857401609420776,
		0.20938341319561005,
		0.9480094909667969
	],
	"6. right_hip": [
		0.4864039421081543,
		0.5783250331878662,
		-0.04720069468021393,
		0.9997508525848389
	],
	"7. right_knee": [
		0.49355846643447876,
		0.7515867352485657,
		-0.08643483370542526,
		0.9819638133049011
	],
	"8. right_ankle": [
		0.47462645173072815,
		0.8163763880729675,
		0.5079213976860046,
		0.9093464016914368
	],
	"14. left_shoulder": [
		0.5610046982765198,
		0.39519885182380676,
		0.08203248679637909,
		0.9999361634254456
	],
	"15. left_elbow": [
		0.6072050929069519,
		0.48858222365379333,
		0.08217721432447433,
		0.9509693384170532
	],
	"16. left_wrist": [
		0.6830011606216431,
		0.46158844232559204,
		-0.16167737543582916,
		0.9596467614173889
	],
	"19. right_shoulder": [
		0.44164273142814636,
		0.3671761453151703,
		-0.14176638424396515,
		0.9999746084213257
	],
	"20. right_elbow": [
		0.34343263506889343,
		0.3942370116710663,
		-0.37530627846717834,
		0.9925405979156494
	],
	"21. right_wrist": [
		0.42791444063186646,
		0.4118664264678955,
		-0.7113271355628967,
		0.9802157878875732
	],
	"24. nose": [
		0.5197744369506836,
		0.2994966506958008,
		-0.38567209243774414,
		0.9999452829360962
	],
	"25. left_eye": [
		0.5304368138313293,
		0.2904157042503357,
		-0.34443286061286926,
		0.9998511075973511
	],
	"26. right_eye": [
		0.5070173144340515,
		0.2857145369052887,
		-0.3637520372867584,
		0.9999037981033325
	],
	"27. left_ear": [
		0.5350776314735413,
		0.3007873594760895,
		-0.1103673055768013,
		0.9996777176856995
	],
	"28. right_ear": [
		0.4862678647041321,
		0.2957207262516022,
		-0.2084602415561676,
		0.9999216198921204
	],
	"time stamp": 30.0
}