{
	"1. left_hip": [
		0.5440300107002258,
		0.5680727362632751,
		0.027979513630270958,
		0.9997437000274658
	],
	"2. left_knee": [
		0.5525941252708435,
		0.7530356645584106,
		-0.09556081891059875,
		0.9667957425117493
	],
	"3. left_ankle": [
		0.517773449420929,
		0.871339738368988,
		0.24123762547969818,
		0.9426959156990051
	],
	"6. right_hip": [
		0.46598145365715027,
		0.5647481083869934,
		-0.027835261076688766,
		0.999540388584137
	],
	"7. right_knee": [
		0.4954816997051239,
		0.7317497134208679,
		-0.15183953940868378,
		0.9718316793441772
	],
	"8. right_ankle": [
		0.4843536913394928,
		0.8976966142654419,
		0.07586582750082016,
		0.9302758574485779
	],
	"14. left_shoulder": [
		0.5831798911094666,
		0.3566363751888275,
		0.04689694941043854,
		0.9999676942825317
	],
	"15. left_elbow": [
		0.6159528493881226,
		0.45503121614456177,
		0.028255293145775795,
		0.9590851068496704
	],
	"16. left_wrist": [
		0.5818233489990234,
		0.49882757663726807,
		-0.2240338921546936,
		0.97160804271698
	],
	"19. right_shoulder": [
		0.4563748240470886,
		0.37600255012512207,
		0.07871479541063309,
		0.9996960163116455
	],
	"20. right_elbow": [
		0.4340691864490509,
		0.4707852602005005,
		-0.036218300461769104,
		0.9851735830307007
	],
	"21. right_wrist": [
		0.3720623552799225,
		0.38167041540145874,
		-0.4744513928890228,
		0.9843560457229614
	],
	"24. nose": [
		0.5204101204872131,
		0.30228346586227417,
		-0.285337895154953,
		0.999957263469696
	],
	"25. left_eye": [
		0.5326076149940491,
		0.29078343510627747,
		-0.2393745481967926,
		0.9999082088470459
	],
	"26. right_eye": [
		0.5075030326843262,
		0.2883917987346649,
		-0.26194941997528076,
		0.9998846650123596
	],
	"27. left_ear": [
		0.5444263815879822,
		0.29526904225349426,
		-0.07517027109861374,
		0.9998549818992615
	],
	"28. right_ear": [
		0.4908349812030792,
		0.29381343722343445,
		-0.08060063421726227,
		0.9997867941856384
	],
	"time stamp": 30.0
}