{
	"1. left_hip": [
		0.5612733364105225,
		0.5724565982818604,
		-0.007980076596140862,
		0.9994610548019409
	],
	"2. left_knee": [
		0.5368458032608032,
		0.7546409368515015,
		-0.04107990860939026,
		0.9664751887321472
	],
	"3. left_ankle": [
		0.5293864011764526,
		0.882809042930603,
		0.21322235465049744,
		0.895043134689331
	],
	"6. right_hip": [
		0.4843178987503052,
		0.5657636523246765,
		0.00810271967202425,
		0.9994610548019409
	],
	"7. right_knee": [
		0.484968364238739,
		0.7432554364204407,
		-0.05631599575281143,
		0.9752818942070007
	],
	"8. right_ankle": [
		0.48189404606819153,
		0.8993130326271057,
		0.16035017371177673,
		0.9525368213653564
	],
	"14. left_shoulder": [
		0.5878111720085144,
		0.3522234261035919,
		0.011079649440944195,
		0.9998935461044312
	],
	"15. left_elbow": [
		0.6671295166015625,
		0.4105556905269623,
		-0.16933631896972656,
		0.9727318286895752
	],
	"16. left_wrist": [
		0.6687303185462952,
		0.3278736472129822,
		-0.5519992113113403,
		0.9606549143791199
	],
	"19. right_shoulder": [
		0.4578000009059906,
		0.36170005798339844,
		-0.0059304083697497845,
		0.9997590184211731
	],
	"20. right_elbow": [
		0.37485313415527344,
		0.4470643401145935,
		0.0572919063270092,
		0.9799559116363525
	],
	"21. right_wrist": [
		0.38409265875816345,
		0.5379294157028198,
		-0.0911945328116417,
		0.9745999574661255
	],
	"24. nose": [
		0.5235670804977417,
		0.29833781719207764,
		-0.3949902057647705,
		0.9999489188194275
	],
	"25. left_eye": [
		0.5393097996711731,
		0.28474128246307373,
		-0.36525586247444153,
		0.9998713135719299
	],
	"26. right_eye": [
		0.5102835893630981,
		0.28257688879966736,
		-0.36864933371543884,
		0.9998466968536377
	],
	"27. left_ear": [
		0.5530723333358765,
		0.28843581676483154,
		-0.15498065948486328,
		0.9998085498809814
	],
	"28. right_ear": [
		0.49726203083992004,
		0.28437361121177673,
		-0.17461436986923218,
		0.9997751712799072
	],
	"time stamp": 30.0
}