{
	"1. left_hip": [
		0.5576043725013733,
		0.5547274947166443,
		-0.013632351532578468,
		0.999559223651886
	],
	"2. left_knee": [
		0.5322728157043457,
		0.7424405217170715,
		-0.09247478097677231,
		0.9855421781539917
	],
	"3. left_ankle": [
		0.526940107345581,
		0.8836830854415894,
		0.17741769552230835,
		0.9632009863853455
	],
	"6. right_hip": [
		0.47640329599380493,
		0.5544998049736023,
		0.013774225488305092,
		0.9993793964385986
	],
	"7. right_knee": [
		0.48258453607559204,
		0.7452139854431152,
		-0.06669768691062927,
		0.9830053448677063
	],
	"8. right_ankle": [
		0.4866337776184082,
		0.8887441754341125,
		0.16500498354434967,
		0.9654821753501892
	],
	"14. left_shoulder": [
		0.5862385034561157,
		0.3512265384197235,
		0.08330925554037094,
		0.9999627470970154
	],
	"15. left_elbow": [
		0.6074012517929077,
		0.4570638835430145,
		0.11865650117397308,
		0.979439914226532
	],
	"16. left_wrist": [
		0.7039755582809448,
		0.45492079854011536,
		-0.06453947722911835,
		0.9829074144363403
	],
	"19. right_shoulder": [
		0.45760154724121094,
		0.35588085651397705,
		0.15005618333816528,
		0.9997937679290771
	],
	"20. right_elbow": [
		0.4193704426288605,
		0.45296749472618103,
		0.10785311460494995,
		0.9867119789123535
	],
	"21. right_wrist": [
		0.34897300601005554,
		0.3838202655315399,
		-0.20907729864120483,
		0.989744246006012
	],
	"24. nose": [
		0.5185241103172302,
		0.27288123965263367,
		-0.18763430416584015,
		0.999981164932251
	],
	"25. left_eye": [
		0.5325241088867188,
		0.258009135723114,
		-0.1614229679107666,
		0.9999529123306274
	],
	"26. right_eye": [
		0.5046930313110352,
		0.2579985558986664,
		-0.15704630315303802,
		0.9999275803565979
	],
	"27. left_ear": [
		0.5467165112495422,
		0.26465553045272827,
		-0.002257464686408639,
		0.9999365210533142
	],
	"28. right_ear": [
		0.49325117468833923,
		0.26530808210372925,
		0.014710911549627781,
		0.9998775720596313
	],
	"time stamp": 30.0
}