{
	"1. left_hip": [
		0.5609576106071472,
		0.5159294605255127,
		0.05889999121427536,
		0.999652087688446
	],
	"2. left_knee": [
		0.6021232604980469,
		0.7120317220687866,
		0.00010034904698841274,
		0.9878761172294617
	],
	"3. left_ankle": [
		0.6104500889778137,
		0.8801239132881165,
		0.21683815121650696,
		0.9726130366325378
	],
	"6. right_hip": [
		0.47842809557914734,
		0.520486056804657,
		-0.05914054065942764,
		0.9994981288909912
	],
	"7. right_knee": [
		0.4833909273147583,
		0.7202192544937134,
		-0.08504330366849899,
		0.9861711263656616
	],
	"8. right_ankle": [
		0.4849196970462799,
		0.8885459303855896,
		0.11539341509342194,
		0.9749484062194824
	],
	"14. left_shoulder": [
		0.5825492143630981,
		0.2761210799217224,
		0.028835853561758995,
		0.9999656677246094
	],
	"15. left_elbow": [
		0.6786152720451355,
		0.24522635340690613,
		-0.2604158818721771,
		0.9864387512207031
	],
	"16. left_wrist": [
		0.6127901077270508,
		0.20987235009670258,
		-0.5226643681526184,
		0.9884999394416809
	],
	"19. right_shoulder": [
		0.455077201128006,
		0.28161484003067017,
		-0.1153668612241745,
		0.9998549818992615
	],
	"20. right_elbow": [
		0.35215044021606445,
		0.28124675154685974,
		-0.40332767367362976,
		0.9906550049781799
	],
	"21. right_wrist": [
		0.4055154621601105,
		0.22006306052207947,
		-0.6441149115562439,
		0.9927244782447815
	],
	"24. nose": [
		0.5169419646263123,
		0.20938783884048462,
		-0.410611629486084,
		0.9999879598617554
	],
	"25. left_eye": [
		0.5311726331710815,
		0.19825422763824463,
		-0.36589711904525757,
		0.9999697804450989
	],
	"26. right_eye": [
		0.5024656653404236,
		0.19703632593154907,
		-0.37764015793800354,
		0.999954104423523
	],
	"27. left_ear": [
		0.5445528626441956,
		0.20982174575328827,
		-0.10958889126777649,
		0.9999597668647766
	],
	"28. right_ear": [
		0.4877755343914032,
		0.2104325145483017,
		-0.1724713146686554,
		0.9999241828918457
	],
	"time stamp": 30.0
}