{
	"1. left_hip": [
		0.5632368922233582,
		0.518086314201355,
		0.04250369220972061,
		0.9996639490127563
	],
	"2. left_knee": [
		0.6131731867790222,
		0.711945652961731,
		-0.008530755527317524,
		0.9884745478630066
	],
	"3. left_ankle": [
		0.6365424990653992,
		0.8777538537979126,
		0.2132183462381363,
		0.9746081233024597
	],
	"6. right_hip": [
		0.47867339849472046,
		0.5228360295295715,
		-0.042528413236141205,
		0.9995161890983582
	],
	"7. right_knee": [
		0.4833613634109497,
		0.7205912470817566,
		-0.06349311769008636,
		0.9868214130401611
	],
	"8. right_ankle": [
		0.4822927713394165,
		0.8882633447647095,
		0.12739157676696777,
		0.9766375422477722
	],
	"14. left_shoulder": [
		0.5828513503074646,
		0.2781044542789459,
		0.05367343872785568,
		0.9999592304229736
	],
	"15. left_elbow": [
		0.6777826547622681,
		0.22473786771297455,
		0.01684250496327877,
		0.9875859618186951
	],
	"16. left_wrist": [
		0.5981722474098206,
		0.20573779940605164,
		0.09981170296669006,
		0.9847733378410339
	],
	"19. right_shoulder": [
		0.4512537717819214,
		0.28215938806533813,
		-0.05914637818932533,
		0.9998621344566345
	],
	"20. right_elbow": [
		0.3410497307777405,
		0.2616443932056427,
		-0.03298376500606537,
		0.9915300011634827
	],
	"21. right_wrist": [
		0.4137178063392639,
		0.21579568088054657,
		0.1565760374069214,
		0.9909865856170654
	],
	"24. nose": [
		0.5179165005683899,
		0.2150307148694992,
		-0.37773841619491577,
		0.9999887943267822
	],
	"25. left_eye": [
		0.5322226881980896,
		0.20275934040546417,
		-0.338852196931839,
		0.9999718070030212
	],
	"26. right_eye": [
		0.5025505423545837,
		0.20154772698879242,
		-0.3471837639808655,
		0.9999579191207886
	],
	"27. left_ear": [
		0.5466300249099731,
		0.21119549870491028,
		-0.10237465798854828,
		0.9999628663063049
	],
	"28. right_ear": [
		0.4873553514480591,
		0.21191495656967163,
		-0.15478381514549255,
		0.9999316334724426
	],
	"time stamp": 30.0
}