{
	"1. left_hip": [
		0.5767115950584412,
		0.5660647749900818,
		0.01281749363988638,
		0.9997632503509521
	],
	"2. left_knee": [
		0.678707480430603,
		0.7306867837905884,
		-0.05003724619746208,
		0.9901148676872253
	],
	"3. left_ankle": [
		0.7770020961761475,
		0.873094916343689,
		0.1308324933052063,
		0.9839582443237305
	],
	"6. right_hip": [
		0.49069344997406006,
		0.572681725025177,
		-0.013049216009676456,
		0.9996658563613892
	],
	"7. right_knee": [
		0.48288437724113464,
		0.7510370016098022,
		0.02849186211824417,
		0.9900870323181152
	],
	"8. right_ankle": [
		0.47966325283050537,
		0.89327073097229,
		0.29743510484695435,
		0.9850096702575684
	],
	"14. left_shoulder": [
		0.5836736559867859,
		0.334866464138031,
		-0.03727196156978607,
		0.9999151825904846
	],
	"15. left_elbow": [
		0.6801354289054871,
		0.27041202783584595,
		-0.15203753113746643,
		0.9935182929039001
	],
	"16. left_wrist": [
		0.6029196977615356,
		0.24076426029205322,
		-0.194317027926445,
		0.9611595273017883
	],
	"19. right_shoulder": [
		0.4549274444580078,
		0.3395034372806549,
		-0.0802401676774025,
		0.9998745322227478
	],
	"20. right_elbow": [
		0.39052844047546387,
		0.289273738861084,
		-0.16114738583564758,
		0.9947605133056641
	],
	"21. right_wrist": [
		0.4567943513393402,
		0.2528458833694458,
		-0.11840328574180603,
		0.9364444613456726
	],
	"24. nose": [
		0.5200045704841614,
		0.2519165277481079,
		-0.3826535940170288,
		0.9999943375587463
	],
	"25. left_eye": [
		0.5356205105781555,
		0.24417917430400848,
		-0.3424294888973236,
		0.9999855756759644
	],
	"26. right_eye": [
		0.5061843395233154,
		0.24713194370269775,
		-0.34923291206359863,
		0.9999796152114868
	],
	"27. left_ear": [
		0.5512799620628357,
		0.2553531527519226,
		-0.131199911236763,
		0.9999821186065674
	],
	"28. right_ear": [
		0.4893997609615326,
		0.26235708594322205,
		-0.16149865090847015,
		0.999969482421875
	],
	"time stamp": 30.0
}