{
	"1. left_hip": [
		0.5458317399024963,
		0.5833931565284729,
		0.02007998153567314,
		0.9998778104782104
	],
	"2. left_knee": [
		0.632318377494812,
		0.756950318813324,
		-0.07274043560028076,
		0.9933895468711853
	],
	"3. left_ankle": [
		0.7102614641189575,
		0.8791040182113647,
		0.20970772206783295,
		0.9882567524909973
	],
	"6. right_hip": [
		0.4636608064174652,
		0.5852130651473999,
		-0.020326534286141396,
		0.9998224973678589
	],
	"7. right_knee": [
		0.4699217975139618,
		0.7641726732254028,
		-0.039852239191532135,
		0.9921029210090637
	],
	"8. right_ankle": [
		0.47647207975387573,
		0.9032082557678223,
		0.286923885345459,
		0.9865268468856812
	],
	"14. left_shoulder": [
		0.5768617987632751,
		0.3640309274196625,
		0.02470586821436882,
		0.9999368786811829
	],
	"15. left_elbow": [
		0.6379863023757935,
		0.4607989490032196,
		-0.1541135013103485,
		0.990650475025177
	],
	"16. left_wrist": [
		0.6472627520561218,
		0.3639846444129944,
		-0.47555112838745117,
		0.9733503460884094
	],
	"19. right_shoulder": [
		0.4541597068309784,
		0.364701509475708,
		0.017556877806782722,
		0.9999139308929443
	],
	"20. right_elbow": [
		0.38890016078948975,
		0.4654625654220581,
		-0.17029215395450592,
		0.9918408989906311
	],
	"21. right_wrist": [
		0.3919656574726105,
		0.36844608187675476,
		-0.5334897637367249,
		0.9542136192321777
	],
	"24. nose": [
		0.5087763667106628,
		0.28107690811157227,
		-0.28683215379714966,
		0.9999972581863403
	],
	"25. left_eye": [
		0.5247565507888794,
		0.26978373527526855,
		-0.2580249607563019,
		0.9999935030937195
	],
	"26. right_eye": [
		0.49518486857414246,
		0.2696366608142853,
		-0.2553592026233673,
		0.9999906420707703
	],
	"27. left_ear": [
		0.5400686264038086,
		0.28017839789390564,
		-0.07279039174318314,
		0.9999921321868896
	],
	"28. right_ear": [
		0.4860383868217468,
		0.28054380416870117,
		-0.06911497563123703,
		0.9999867081642151
	],
	"time stamp": 30.0
}