{
	"1. left_hip": [
		0.5394692420959473,
		0.5656852126121521,
		0.015876254066824913,
		0.9996142387390137
	],
	"2. left_knee": [
		0.5253586769104004,
		0.7523181438446045,
		-0.007340886164456606,
		0.9892941117286682
	],
	"3. left_ankle": [
		0.5208863019943237,
		0.867740273475647,
		0.37099558115005493,
		0.9746419787406921
	],
	"6. right_hip": [
		0.45674416422843933,
		0.5648927688598633,
		-0.015863515436649323,
		0.9995681047439575
	],
	"7. right_knee": [
		0.4690766930580139,
		0.7527735233306885,
		-0.029556455090641975,
		0.9895914793014526
	],
	"8. right_ankle": [
		0.4755009412765503,
		0.8895367980003357,
		0.3056710660457611,
		0.9802700281143188
	],
	"14. left_shoulder": [
		0.573807418346405,
		0.3467737138271332,
		-0.21573473513126373,
		0.9999284148216248
	],
	"15. left_elbow": [
		0.6687215566635132,
		0.28008729219436646,
		-0.243632972240448,
		0.9946533441543579
	],
	"16. left_wrist": [
		0.7171660661697388,
		0.190468430519104,
		-0.38409215211868286,
		0.9890815019607544
	],
	"19. right_shoulder": [
		0.44210875034332275,
		0.3454657793045044,
		-0.2467251718044281,
		0.999836266040802
	],
	"20. right_elbow": [
		0.33948183059692383,
		0.28213703632354736,
		-0.3339270353317261,
		0.9935158491134644
	],
	"21. right_wrist": [
		0.28032320737838745,
		0.1929660439491272,
		-0.571117103099823,
		0.9832322597503662
	],
	"24. nose": [
		0.5043864250183105,
		0.2802225649356842,
		-0.5695950984954834,
		0.9999947547912598
	],
	"25. left_eye": [
		0.5170806646347046,
		0.2671835720539093,
		-0.5381977558135986,
		0.9999829530715942
	],
	"26. right_eye": [
		0.49080830812454224,
		0.2667504549026489,
		-0.5400727391242981,
		0.9999784827232361
	],
	"27. left_ear": [
		0.5297996401786804,
		0.2764310836791992,
		-0.34228768944740295,
		0.9999809265136719
	],
	"28. right_ear": [
		0.4786362946033478,
		0.27718406915664673,
		-0.352464497089386,
		0.9999732375144958
	],
	"time stamp": 30.0
}