{
	"1. left_hip": [
		0.560270369052887,
		0.5210781693458557,
		0.02906758524477482,
		0.9994889497756958
	],
	"2. left_knee": [
		0.5930962562561035,
		0.721750795841217,
		-0.043371398001909256,
		0.9849867820739746
	],
	"3. left_ankle": [
		0.5749809145927429,
		0.8540244102478027,
		0.23932282626628876,
		0.9699586033821106
	],
	"6. right_hip": [
		0.47436755895614624,
		0.5241515040397644,
		-0.029285501688718796,
		0.9995180368423462
	],
	"7. right_knee": [
		0.45939183235168457,
		0.7246951460838318,
		-0.06502879410982132,
		0.9890694618225098
	],
	"8. right_ankle": [
		0.4610893130302429,
		0.8835403323173523,
		0.17843744158744812,
		0.9812866449356079
	],
	"14. left_shoulder": [
		0.5695542097091675,
		0.2965092957019806,
		0.04902748018503189,
		0.9982618689537048
	],
	"15. left_elbow": [
		0.5711786150932312,
		0.20260721445083618,
		-0.28958484530448914,
		0.9817086458206177
	],
	"16. left_wrist": [
		0.5355958938598633,
		0.10833922773599625,
		-0.5355430841445923,
		0.9713296890258789
	],
	"19. right_shoulder": [
		0.4568140208721161,
		0.2896311581134796,
		-0.02165093459188938,
		0.9987940788269043
	],
	"20. right_elbow": [
		0.479267418384552,
		0.20143236219882965,
		-0.38297343254089355,
		0.9901611804962158
	],
	"21. right_wrist": [
		0.521274983882904,
		0.11354438215494156,
		-0.6075316071510315,
		0.9762003421783447
	],
	"24. nose": [
		0.5172840356826782,
		0.2212917059659958,
		-0.1740500032901764,
		0.999842643737793
	],
	"25. left_eye": [
		0.5336523056030273,
		0.21230314671993256,
		-0.13274483382701874,
		0.9996849894523621
	],
	"26. right_eye": [
		0.5046237111091614,
		0.2087138295173645,
		-0.13668860495090485,
		0.9997065663337708
	],
	"27. left_ear": [
		0.5430943369865417,
		0.22243940830230713,
		0.0588226318359375,
		0.9996756911277771
	],
	"28. right_ear": [
		0.4876804053783417,
		0.21797581017017365,
		0.044525597244501114,
		0.9997623562812805
	],
	"time stamp": 30.0
}