{
	"1. left_hip": [
		0.5714316368103027,
		0.5103684067726135,
		0.010976141318678856,
		0.9994431138038635
	],
	"2. left_knee": [
		0.5923401713371277,
		0.7116245627403259,
		-0.07259488850831985,
		0.9864537715911865
	],
	"3. left_ankle": [
		0.5848029851913452,
		0.869361937046051,
		0.17781685292720795,
		0.9719659090042114
	],
	"6. right_hip": [
		0.48665696382522583,
		0.5180670619010925,
		-0.010972336865961552,
		0.9995061159133911
	],
	"7. right_knee": [
		0.46286967396736145,
		0.7206534743309021,
		-0.06966321915388107,
		0.9896858334541321
	],
	"8. right_ankle": [
		0.46167877316474915,
		0.8827809691429138,
		0.1419304460287094,
		0.9813575148582458
	],
	"14. left_shoulder": [
		0.5686439275741577,
		0.28871598839759827,
		0.07258346676826477,
		0.9970873594284058
	],
	"15. left_elbow": [
		0.5450754761695862,
		0.24900241196155548,
		-0.3090832233428955,
		0.9454920887947083
	],
	"16. left_wrist": [
		0.5158333778381348,
		0.18897533416748047,
		-0.5820028185844421,
		0.936932384967804
	],
	"19. right_shoulder": [
		0.45087945461273193,
		0.2854958176612854,
		-0.028929824009537697,
		0.9985602498054504
	],
	"20. right_elbow": [
		0.48343566060066223,
		0.22401735186576843,
		-0.4218928813934326,
		0.9882634282112122
	],
	"21. right_wrist": [
		0.559116005897522,
		0.1700780838727951,
		-0.6168560981750488,
		0.9726941585540771
	],
	"24. nose": [
		0.5221917629241943,
		0.2121177613735199,
		-0.12720248103141785,
		0.9993758797645569
	],
	"25. left_eye": [
		0.5355618596076965,
		0.2038712352514267,
		-0.0906696543097496,
		0.9990876913070679
	],
	"26. right_eye": [
		0.5109771490097046,
		0.20197069644927979,
		-0.10405530035495758,
		0.9990983605384827
	],
	"27. left_ear": [
		0.5391668081283569,
		0.21114258468151093,
		0.0909981057047844,
		0.9991742968559265
	],
	"28. right_ear": [
		0.49209704995155334,
		0.2092033177614212,
		0.035115476697683334,
		0.9993560314178467
	],
	"time stamp": 30.0
}