{
	"1. left_hip": [
		0.5857973694801331,
		0.5444265604019165,
		0.021409856155514717,
		0.9998189806938171
	],
	"2. left_knee": [
		0.599613606929779,
		0.7401058673858643,
		-0.04830284044146538,
		0.9929031133651733
	],
	"3. left_ankle": [
		0.5923821926116943,
		0.8804025650024414,
		0.31229448318481445,
		0.9830843210220337
	],
	"6. right_hip": [
		0.5062199234962463,
		0.5522197484970093,
		-0.02164781466126442,
		0.9997522234916687
	],
	"7. right_knee": [
		0.5300167798995972,
		0.7323616743087769,
		-0.07223351299762726,
		0.990605354309082
	],
	"8. right_ankle": [
		0.5396949052810669,
		0.8706450462341309,
		0.31245118379592896,
		0.9662689566612244
	],
	"14. left_shoulder": [
		0.5966425538063049,
		0.3302978277206421,
		-0.21070930361747742,
		0.9988664984703064
	],
	"15. left_elbow": [
		0.7043991684913635,
		0.37402692437171936,
		-0.4875907599925995,
		0.8719472885131836
	],
	"16. left_wrist": [
		0.6319631934165955,
		0.3089994788169861,
		-0.8054311871528625,
		0.8770574331283569
	],
	"19. right_shoulder": [
		0.46426934003829956,
		0.32363054156303406,
		-0.28943347930908203,
		0.9996258020401001
	],
	"20. right_elbow": [
		0.36020076274871826,
		0.3563767671585083,
		-0.5959407091140747,
		0.9933110475540161
	],
	"21. right_wrist": [
		0.46440333127975464,
		0.34123337268829346,
		-0.9023716449737549,
		0.975274384021759
	],
	"24. nose": [
		0.5509376525878906,
		0.2748333513736725,
		-0.6246378421783447,
		0.9996135234832764
	],
	"25. left_eye": [
		0.5603158473968506,
		0.2586159408092499,
		-0.5870253443717957,
		0.9994280338287354
	],
	"26. right_eye": [
		0.5369209051132202,
		0.2572470009326935,
		-0.5998735427856445,
		0.9995183348655701
	],
	"27. left_ear": [
		0.5660572648048401,
		0.2637808322906494,
		-0.34234902262687683,
		0.9994104504585266
	],
	"28. right_ear": [
		0.5128684639930725,
		0.26044681668281555,
		-0.4065551459789276,
		0.9997252225875854
	],
	"time stamp": 30.0
}