{
	"1. left_hip": [
		0.5859121680259705,
		0.5461543202400208,
		0.01617182046175003,
		0.9998217821121216
	],
	"2. left_knee": [
		0.5995756983757019,
		0.7429080605506897,
		-0.03417566791176796,
		0.993147075176239
	],
	"3. left_ankle": [
		0.5921789407730103,
		0.8811826109886169,
		0.3005312979221344,
		0.9838838577270508
	],
	"6. right_hip": [
		0.5056842565536499,
		0.5537081956863403,
		-0.01643991470336914,
		0.9997488260269165
	],
	"7. right_knee": [
		0.527119517326355,
		0.7372925877571106,
		-0.048044681549072266,
		0.990808367729187
	],
	"8. right_ankle": [
		0.542065441608429,
		0.8717695474624634,
		0.320896178483963,
		0.9678528904914856
	],
	"14. left_shoulder": [
		0.596851646900177,
		0.3320585787296295,
		-0.23095832765102386,
		0.9989773035049438
	],
	"15. left_elbow": [
		0.7112583518028259,
		0.34288859367370605,
		-0.5162031054496765,
		0.884631872177124
	],
	"16. left_wrist": [
		0.6406127214431763,
		0.2987106740474701,
		-0.8174293637275696,
		0.8884629607200623
	],
	"19. right_shoulder": [
		0.4639878273010254,
		0.32966020703315735,
		-0.3065090775489807,
		0.999646782875061
	],
	"20. right_elbow": [
		0.35223591327667236,
		0.349596232175827,
		-0.6231631636619568,
		0.9936054348945618
	],
	"21. right_wrist": [
		0.44748660922050476,
		0.33377107977867126,
		-0.932486891746521,
		0.9717220067977905
	],
	"24. nose": [
		0.5499359369277954,
		0.27492469549179077,
		-0.6241562366485596,
		0.9996519088745117
	],
	"25. left_eye": [
		0.5596118569374084,
		0.2607974410057068,
		-0.5873396992683411,
		0.9994847774505615
	],
	"26. right_eye": [
		0.5363819003105164,
		0.26016542315483093,
		-0.5995626449584961,
		0.9995660781860352
	],
	"27. left_ear": [
		0.5653887391090393,
		0.26604026556015015,
		-0.3521638512611389,
		0.9994690418243408
	],
	"28. right_ear": [
		0.5106155872344971,
		0.26390430331230164,
		-0.4126605987548828,
		0.9997524619102478
	],
	"time stamp": 30.0
}