{
	"1. left_hip": [
		0.5853925347328186,
		0.5286121964454651,
		-0.0031804912723600864,
		0.9998195767402649
	],
	"2. left_knee": [
		0.5962649583816528,
		0.7297473549842834,
		-0.016895169392228127,
		0.9944141507148743
	],
	"3. left_ankle": [
		0.6048967838287354,
		0.8823220133781433,
		0.2137557566165924,
		0.9872072339057922
	],
	"6. right_hip": [
		0.5037059783935547,
		0.5388080477714539,
		0.0028904317878186703,
		0.9997550249099731
	],
	"7. right_knee": [
		0.48148876428604126,
		0.7302968502044678,
		-0.022797366604208946,
		0.9917447566986084
	],
	"8. right_ankle": [
		0.5032283067703247,
		0.8707558512687683,
		0.2136918008327484,
		0.974583625793457
	],
	"14. left_shoulder": [
		0.574458122253418,
		0.29692542552948,
		-0.047783125191926956,
		0.999305784702301
	],
	"15. left_elbow": [
		0.6723048090934753,
		0.22273781895637512,
		-0.2355339080095291,
		0.923868715763092
	],
	"16. left_wrist": [
		0.621026337146759,
		0.15471284091472626,
		-0.3583458662033081,
		0.9235227704048157
	],
	"19. right_shoulder": [
		0.44775307178497314,
		0.30908939242362976,
		-0.09147615730762482,
		0.9997372627258301
	],
	"20. right_elbow": [
		0.3535973131656647,
		0.2874491810798645,
		-0.4366261661052704,
		0.9952988624572754
	],
	"21. right_wrist": [
		0.4461066722869873,
		0.260859876871109,
		-0.7079025506973267,
		0.9726122617721558
	],
	"24. nose": [
		0.5188602805137634,
		0.23526963591575623,
		-0.37874162197113037,
		0.9997710585594177
	],
	"25. left_eye": [
		0.530735433101654,
		0.22552897036075592,
		-0.33389759063720703,
		0.9996607899665833
	],
	"26. right_eye": [
		0.5063698887825012,
		0.2228267639875412,
		-0.34293144941329956,
		0.9997145533561707
	],
	"27. left_ear": [
		0.5402877926826477,
		0.23583069443702698,
		-0.11072547733783722,
		0.9996508359909058
	],
	"28. right_ear": [
		0.48588308691978455,
		0.23736919462680817,
		-0.1553967297077179,
		0.9998372793197632
	],
	"time stamp": 30.0
}