{
	"1. left_hip": [
		0.5637692213058472,
		0.5508988499641418,
		0.020434102043509483,
		0.9998582005500793
	],
	"2. left_knee": [
		0.6654843688011169,
		0.7147746682167053,
		-0.09255802631378174,
		0.995960533618927
	],
	"3. left_ankle": [
		0.7789418697357178,
		0.8629124760627747,
		0.14292605221271515,
		0.9903314113616943
	],
	"6. right_hip": [
		0.4886275827884674,
		0.5622867941856384,
		-0.020517557859420776,
		0.9997952580451965
	],
	"7. right_knee": [
		0.43154335021972656,
		0.7410346865653992,
		-0.009381947107613087,
		0.9931159019470215
	],
	"8. right_ankle": [
		0.4195075035095215,
		0.8923795819282532,
		0.2868771553039551,
		0.9826404452323914
	],
	"14. left_shoulder": [
		0.5505782961845398,
		0.3200187385082245,
		0.07566311955451965,
		0.9989874362945557
	],
	"15. left_elbow": [
		0.5371069312095642,
		0.2246001958847046,
		-0.12368395179510117,
		0.9273353219032288
	],
	"16. left_wrist": [
		0.5110644698143005,
		0.14545893669128418,
		-0.26161953806877136,
		0.8842287659645081
	],
	"19. right_shoulder": [
		0.4320192039012909,
		0.33177584409713745,
		-0.17051440477371216,
		0.9995003938674927
	],
	"20. right_elbow": [
		0.45615336298942566,
		0.3159847855567932,
		-0.6058802008628845,
		0.9898933172225952
	],
	"21. right_wrist": [
		0.5117926001548767,
		0.2621094286441803,
		-0.8891416788101196,
		0.947894811630249
	],
	"24. nose": [
		0.5139985680580139,
		0.24462151527404785,
		-0.27704259753227234,
		0.9998502731323242
	],
	"25. left_eye": [
		0.5221498012542725,
		0.23414382338523865,
		-0.23536904156208038,
		0.9997722506523132
	],
	"26. right_eye": [
		0.4999852776527405,
		0.2322101593017578,
		-0.2532934844493866,
		0.9998177886009216
	],
	"27. left_ear": [
		0.5225864052772522,
		0.24569733440876007,
		-0.020050643011927605,
		0.9997778534889221
	],
	"28. right_ear": [
		0.47661489248275757,
		0.24598729610443115,
		-0.11899275332689285,
		0.999893844127655
	],
	"time stamp": 30.0
}