{
	"1. left_hip": [
		0.553031861782074,
		0.5842836499214172,
		-0.021660100668668747,
		0.9998802542686462
	],
	"2. left_knee": [
		0.6848659515380859,
		0.7445634603500366,
		-0.1504293829202652,
		0.9963889122009277
	],
	"3. left_ankle": [
		0.7993344068527222,
		0.873991072177887,
		0.015398485586047173,
		0.9915030598640442
	],
	"6. right_hip": [
		0.4837551414966583,
		0.5862970352172852,
		0.02134297974407673,
		0.999825656414032
	],
	"7. right_knee": [
		0.4287123680114746,
		0.757628321647644,
		0.043621208518743515,
		0.9936926364898682
	],
	"8. right_ankle": [
		0.4270595610141754,
		0.8951600790023804,
		0.38875529170036316,
		0.9844008684158325
	],
	"14. left_shoulder": [
		0.5509746670722961,
		0.3449920415878296,
		-0.01900743506848812,
		0.9990736842155457
	],
	"15. left_elbow": [
		0.5177759528160095,
		0.27617329359054565,
		-0.29004573822021484,
		0.9255821704864502
	],
	"16. left_wrist": [
		0.4874575734138489,
		0.2041088044643402,
		-0.5459915995597839,
		0.8712762594223022
	],
	"19. right_shoulder": [
		0.42905184626579285,
		0.358489066362381,
		-0.03392472863197327,
		0.9995691180229187
	],
	"20. right_elbow": [
		0.4531952738761902,
		0.4608500599861145,
		-0.2185571938753128,
		0.9832713603973389
	],
	"21. right_wrist": [
		0.512322187423706,
		0.5301253795623779,
		-0.43188637495040894,
		0.9405902624130249
	],
	"24. nose": [
		0.4966560900211334,
		0.28379595279693604,
		-0.2493089735507965,
		0.9998707175254822
	],
	"25. left_eye": [
		0.5034603476524353,
		0.27114778757095337,
		-0.21770693361759186,
		0.9997920393943787
	],
	"26. right_eye": [
		0.488654762506485,
		0.2698081135749817,
		-0.22731566429138184,
		0.999841034412384
	],
	"27. left_ear": [
		0.5064271092414856,
		0.2767253816127777,
		0.003645721822977066,
		0.9997912645339966
	],
	"28. right_ear": [
		0.47484758496284485,
		0.27664974331855774,
		-0.07733084261417389,
		0.9999068975448608
	],
	"time stamp": 30.0
}