{
	"1. left_hip": [
		0.49196553230285645,
		0.5657669901847839,
		0.004511398728936911,
		0.9996868371963501
	],
	"2. left_knee": [
		0.5636007785797119,
		0.7455201745033264,
		-0.056830521672964096,
		0.9943093657493591
	],
	"3. left_ankle": [
		0.6107568144798279,
		0.8917224407196045,
		0.17473040521144867,
		0.9925399422645569
	],
	"6. right_hip": [
		0.4098295569419861,
		0.5472339987754822,
		-0.00464614387601614,
		0.9996230006217957
	],
	"7. right_knee": [
		0.3376341164112091,
		0.7229096293449402,
		-0.06529811769723892,
		0.9961745142936707
	],
	"8. right_ankle": [
		0.29319193959236145,
		0.8707213401794434,
		0.12442463636398315,
		0.99232417345047
	],
	"14. left_shoulder": [
		0.5861943364143372,
		0.33915090560913086,
		-0.05420205369591713,
		0.9999520182609558
	],
	"15. left_elbow": [
		0.6908498406410217,
		0.34490081667900085,
		-0.04937726631760597,
		0.9881284236907959
	],
	"16. left_wrist": [
		0.7587002515792847,
		0.4168979227542877,
		-0.20263563096523285,
		0.9763075113296509
	],
	"19. right_shoulder": [
		0.44925472140312195,
		0.3268285393714905,
		-0.004615683574229479,
		0.9996785521507263
	],
	"20. right_elbow": [
		0.33965539932250977,
		0.3357008695602417,
		0.07682401686906815,
		0.9890338182449341
	],
	"21. right_wrist": [
		0.25340917706489563,
		0.3847217559814453,
		-0.060398682951927185,
		0.9631444811820984
	],
	"24. nose": [
		0.4900820851325989,
		0.2587592303752899,
		-0.327645480632782,
		0.999944269657135
	],
	"25. left_eye": [
		0.5038399696350098,
		0.24392493069171906,
		-0.3285791277885437,
		0.999890923500061
	],
	"26. right_eye": [
		0.48136985301971436,
		0.25314173102378845,
		-0.2921164035797119,
		0.9997637271881104
	],
	"27. left_ear": [
		0.5275685787200928,
		0.2531792223453522,
		-0.15623173117637634,
		0.9999114274978638
	],
	"28. right_ear": [
		0.48144662380218506,
		0.26289084553718567,
		-0.08734366297721863,
		0.9997772574424744
	],
	"time stamp": 30.0
}