{
	"1. left_hip": [
		0.4783708453178406,
		0.5670547485351562,
		0.0024209879338741302,
		0.9996839165687561
	],
	"2. left_knee": [
		0.5517961978912354,
		0.74565190076828,
		-0.07476197928190231,
		0.9941328763961792
	],
	"3. left_ankle": [
		0.6091833710670471,
		0.89161616563797,
		0.14928463101387024,
		0.9926535487174988
	],
	"6. right_hip": [
		0.3985516428947449,
		0.5433187484741211,
		-0.00251288921572268,
		0.9996166229248047
	],
	"7. right_knee": [
		0.3330570161342621,
		0.725977897644043,
		-0.06863988935947418,
		0.9961810111999512
	],
	"8. right_ankle": [
		0.29095587134361267,
		0.8723002076148987,
		0.12199349701404572,
		0.9928115606307983
	],
	"14. left_shoulder": [
		0.583541750907898,
		0.33524566888809204,
		-0.02534494176506996,
		0.9999595284461975
	],
	"15. left_elbow": [
		0.6872890591621399,
		0.34666088223457336,
		-0.0421663373708725,
		0.9902037382125854
	],
	"16. left_wrist": [
		0.7485438585281372,
		0.41312357783317566,
		-0.2062736302614212,
		0.9801138043403625
	],
	"19. right_shoulder": [
		0.4460616111755371,
		0.326316237449646,
		0.026740223169326782,
		0.9997261166572571
	],
	"20. right_elbow": [
		0.335917204618454,
		0.33431923389434814,
		0.11530649662017822,
		0.989025354385376
	],
	"21. right_wrist": [
		0.24970969557762146,
		0.39104199409484863,
		0.016476402059197426,
		0.9664126634597778
	],
	"24. nose": [
		0.48834580183029175,
		0.2582964301109314,
		-0.29043111205101013,
		0.9999536871910095
	],
	"25. left_eye": [
		0.5018759965896606,
		0.24302342534065247,
		-0.27765828371047974,
		0.9999073147773743
	],
	"26. right_eye": [
		0.4768194854259491,
		0.25263819098472595,
		-0.257095605134964,
		0.9998006820678711
	],
	"27. left_ear": [
		0.5243635177612305,
		0.250313937664032,
		-0.14366815984249115,
		0.9999234676361084
	],
	"28. right_ear": [
		0.4763493835926056,
		0.26099205017089844,
		-0.05583449453115463,
		0.9998091459274292
	],
	"time stamp": 30.0
}