{
	"1. left_hip": [
		0.487263560295105,
		0.5703411102294922,
		-0.007585577201098204,
		0.9996651411056519
	],
	"2. left_knee": [
		0.5589891672134399,
		0.7502650022506714,
		-0.13073138892650604,
		0.9933956265449524
	],
	"3. left_ankle": [
		0.6059176325798035,
		0.8955714702606201,
		0.10683568567037582,
		0.9908506870269775
	],
	"6. right_hip": [
		0.4054765999317169,
		0.5458910465240479,
		0.00751446234062314,
		0.9996073246002197
	],
	"7. right_knee": [
		0.33301663398742676,
		0.7270746827125549,
		-0.0689043328166008,
		0.9947800040245056
	],
	"8. right_ankle": [
		0.28451648354530334,
		0.8758417963981628,
		0.11256178468465805,
		0.990772545337677
	],
	"14. left_shoulder": [
		0.5825213193893433,
		0.3336242139339447,
		0.01883356273174286,
		0.9999727606773376
	],
	"15. left_elbow": [
		0.6667463183403015,
		0.37246331572532654,
		-0.008661298081278801,
		0.993015468120575
	],
	"16. left_wrist": [
		0.7328174114227295,
		0.4262356162071228,
		-0.1727098524570465,
		0.9844465851783752
	],
	"19. right_shoulder": [
		0.4413798451423645,
		0.335889995098114,
		0.06425853073596954,
		0.9998189210891724
	],
	"20. right_elbow": [
		0.34212812781333923,
		0.36549580097198486,
		0.13806740939617157,
		0.9860305190086365
	],
	"21. right_wrist": [
		0.27636775374412537,
		0.42873382568359375,
		0.013767875730991364,
		0.9641913771629333
	],
	"24. nose": [
		0.48958659172058105,
		0.25718238949775696,
		-0.24274280667304993,
		0.9999711513519287
	],
	"25. left_eye": [
		0.5015021562576294,
		0.24209152162075043,
		-0.22330354154109955,
		0.9999403357505798
	],
	"26. right_eye": [
		0.47613632678985596,
		0.25035062432289124,
		-0.21121597290039062,
		0.9998728632926941
	],
	"27. left_ear": [
		0.5234428644180298,
		0.24906018376350403,
		-0.08341938257217407,
		0.9999494552612305
	],
	"28. right_ear": [
		0.4719001054763794,
		0.2591087818145752,
		-0.020223766565322876,
		0.999876081943512
	],
	"time stamp": 30.0
}