{
	"1. left_hip": [
		0.5319855809211731,
		0.5735248923301697,
		-0.02105395868420601,
		0.9997260570526123
	],
	"2. left_knee": [
		0.5287872552871704,
		0.7441849708557129,
		-0.07645919919013977,
		0.9847741723060608
	],
	"3. left_ankle": [
		0.5475550889968872,
		0.8867103457450867,
		0.11887226998806,
		0.9749240875244141
	],
	"6. right_hip": [
		0.4545685648918152,
		0.5715169906616211,
		0.021009786054491997,
		0.9994754195213318
	],
	"7. right_knee": [
		0.470075398683548,
		0.7466984987258911,
		-0.008236785419285297,
		0.9762656092643738
	],
	"8. right_ankle": [
		0.4802398979663849,
		0.8809319138526917,
		0.17855708301067352,
		0.8951412439346313
	],
	"14. left_shoulder": [
		0.573536217212677,
		0.3752467632293701,
		-0.15650677680969238,
		0.999866247177124
	],
	"15. left_elbow": [
		0.6157873272895813,
		0.4637047350406647,
		-0.1917669028043747,
		0.9857067465782166
	],
	"16. left_wrist": [
		0.567003607749939,
		0.5081676244735718,
		-0.4884185791015625,
		0.9789779186248779
	],
	"19. right_shoulder": [
		0.443837434053421,
		0.3859332501888275,
		-0.07757356017827988,
		0.9998053312301636
	],
	"20. right_elbow": [
		0.42633146047592163,
		0.4939553439617157,
		0.03934192657470703,
		0.8923277854919434
	],
	"21. right_wrist": [
		0.38997289538383484,
		0.5879499316215515,
		-0.11668569594621658,
		0.8161275386810303
	],
	"24. nose": [
		0.508499801158905,
		0.3117825388908386,
		-0.4914190471172333,
		0.9999760985374451
	],
	"25. left_eye": [
		0.5225526094436646,
		0.29806745052337646,
		-0.4698221981525421,
		0.99995356798172
	],
	"26. right_eye": [
		0.49291491508483887,
		0.29695507884025574,
		-0.4660124182701111,
		0.999917209148407
	],
	"27. left_ear": [
		0.5339850783348083,
		0.30256327986717224,
		-0.2886370122432709,
		0.9999169111251831
	],
	"28. right_ear": [
		0.481286883354187,
		0.3034636974334717,
		-0.26818785071372986,
		0.999902606010437
	],
	"time stamp": 30.0
}