{
	"1. left_hip": [
		0.5462234020233154,
		0.5450734496116638,
		0.001361606060527265,
		0.9995494484901428
	],
	"2. left_knee": [
		0.5396864414215088,
		0.7265609502792358,
		-0.024956678971648216,
		0.986574649810791
	],
	"3. left_ankle": [
		0.5356471538543701,
		0.8717185854911804,
		0.1969289779663086,
		0.9367578029632568
	],
	"6. right_hip": [
		0.471240371465683,
		0.5532405972480774,
		-0.0013381963362917304,
		0.9995062947273254
	],
	"7. right_knee": [
		0.47910451889038086,
		0.7351377606391907,
		-0.019734058529138565,
		0.9824337363243103
	],
	"8. right_ankle": [
		0.48580819368362427,
		0.8757109045982361,
		0.1959867626428604,
		0.9608879685401917
	],
	"14. left_shoulder": [
		0.554103672504425,
		0.35485604405403137,
		-0.05832033231854439,
		0.9997650980949402
	],
	"15. left_elbow": [
		0.6439302563667297,
		0.3482194244861603,
		-0.40020492672920227,
		0.9714498519897461
	],
	"16. left_wrist": [
		0.5482152700424194,
		0.3342234790325165,
		-0.6965625882148743,
		0.9267547130584717
	],
	"19. right_shoulder": [
		0.43478426337242126,
		0.3518906831741333,
		-0.0936327800154686,
		0.999596118927002
	],
	"20. right_elbow": [
		0.3469085991382599,
		0.31553012132644653,
		-0.4215056896209717,
		0.9560756683349609
	],
	"21. right_wrist": [
		0.4497454762458801,
		0.331125944852829,
		-0.6978216767311096,
		0.8849509358406067
	],
	"24. nose": [
		0.5061905980110168,
		0.2935035824775696,
		-0.35021644830703735,
		0.9998149275779724
	],
	"25. left_eye": [
		0.5198022127151489,
		0.28362053632736206,
		-0.3126961290836334,
		0.9996402263641357
	],
	"26. right_eye": [
		0.4925763010978699,
		0.28127363324165344,
		-0.32210060954093933,
		0.9995418787002563
	],
	"27. left_ear": [
		0.5305486917495728,
		0.29094943404197693,
		-0.10417818278074265,
		0.9997581839561462
	],
	"28. right_ear": [
		0.47642409801483154,
		0.28849002718925476,
		-0.15051592886447906,
		0.9994916319847107
	],
	"time stamp": 30.0
}