{
	"1. left_hip": [
		0.5536278486251831,
		0.5416867136955261,
		0.001295003341510892,
		0.99955153465271
	],
	"2. left_knee": [
		0.5459156632423401,
		0.7301175594329834,
		-0.020930154249072075,
		0.988966166973114
	],
	"3. left_ankle": [
		0.5393264293670654,
		0.8710214495658875,
		0.2518455386161804,
		0.9520369172096252
	],
	"6. right_hip": [
		0.47705549001693726,
		0.5492444634437561,
		-0.001341165159828961,
		0.9995490312576294
	],
	"7. right_knee": [
		0.48436546325683594,
		0.7345171570777893,
		-0.016163375228643417,
		0.9852389693260193
	],
	"8. right_ankle": [
		0.4902983009815216,
		0.8766035437583923,
		0.23792536556720734,
		0.9688050746917725
	],
	"14. left_shoulder": [
		0.5575690865516663,
		0.35119447112083435,
		-0.10659308731555939,
		0.999795138835907
	],
	"15. left_elbow": [
		0.654688835144043,
		0.36500227451324463,
		-0.4433963894844055,
		0.9779547452926636
	],
	"16. left_wrist": [
		0.5711078643798828,
		0.34703880548477173,
		-0.8089653253555298,
		0.9388607740402222
	],
	"19. right_shoulder": [
		0.4351145327091217,
		0.34216082096099854,
		-0.145603209733963,
		0.9996906518936157
	],
	"20. right_elbow": [
		0.33848273754119873,
		0.3381980061531067,
		-0.4754493832588196,
		0.9676182270050049
	],
	"21. right_wrist": [
		0.4251527488231659,
		0.3500891923904419,
		-0.7928739190101624,
		0.9117761850357056
	],
	"24. nose": [
		0.5084811449050903,
		0.28380194306373596,
		-0.4300844967365265,
		0.9998615384101868
	],
	"25. left_eye": [
		0.5223804712295532,
		0.27332618832588196,
		-0.39317479729652405,
		0.9997299313545227
	],
	"26. right_eye": [
		0.49760740995407104,
		0.2694554924964905,
		-0.4020217955112457,
		0.9996616244316101
	],
	"27. left_ear": [
		0.533353328704834,
		0.2805841863155365,
		-0.17817462980747223,
		0.9998180270195007
	],
	"28. right_ear": [
		0.4779576063156128,
		0.2751077711582184,
		-0.22221410274505615,
		0.9996276497840881
	],
	"time stamp": 30.0
}