{
	"1. left_hip": [
		0.5363064408302307,
		0.5629020929336548,
		-0.017057113349437714,
		0.9996532201766968
	],
	"2. left_knee": [
		0.5344394445419312,
		0.7426093816757202,
		-0.11275044828653336,
		0.988763153553009
	],
	"3. left_ankle": [
		0.5364675521850586,
		0.8730288147926331,
		0.13202926516532898,
		0.9734358787536621
	],
	"6. right_hip": [
		0.4603767693042755,
		0.5541244745254517,
		0.01725318655371666,
		0.9994096159934998
	],
	"7. right_knee": [
		0.472319632768631,
		0.7369384169578552,
		-0.059233687818050385,
		0.9829692244529724
	],
	"8. right_ankle": [
		0.4882068336009979,
		0.8767766356468201,
		0.15986782312393188,
		0.9755287766456604
	],
	"14. left_shoulder": [
		0.582455039024353,
		0.35004863142967224,
		0.036897048354148865,
		0.9999080300331116
	],
	"15. left_elbow": [
		0.6223267316818237,
		0.44008052349090576,
		0.04212360829114914,
		0.9690237641334534
	],
	"16. left_wrist": [
		0.5952897667884827,
		0.4957411587238312,
		-0.11209548264741898,
		0.956810712814331
	],
	"19. right_shoulder": [
		0.45906880497932434,
		0.37536507844924927,
		0.1241924837231636,
		0.9995992183685303
	],
	"20. right_elbow": [
		0.4469693601131439,
		0.4788675904273987,
		0.08305617421865463,
		0.8840537071228027
	],
	"21. right_wrist": [
		0.412034809589386,
		0.5037469863891602,
		-0.21122005581855774,
		0.9160079956054688
	],
	"24. nose": [
		0.5035690069198608,
		0.27813559770584106,
		-0.21987196803092957,
		0.9999312162399292
	],
	"25. left_eye": [
		0.5100927948951721,
		0.2673068642616272,
		-0.19598916172981262,
		0.9998822212219238
	],
	"26. right_eye": [
		0.4867400825023651,
		0.27669140696525574,
		-0.1884564757347107,
		0.9998227953910828
	],
	"27. left_ear": [
		0.5257183313369751,
		0.27328890562057495,
		-0.041208188980817795,
		0.9999138712882996
	],
	"28. right_ear": [
		0.47918280959129333,
		0.2950640916824341,
		-0.004398285876959562,
		0.999768853187561
	],
	"time stamp": 30.0
}