{
	"1. left_hip": [
		0.5335153937339783,
		0.5720438361167908,
		-0.019292838871479034,
		0.9995810389518738
	],
	"2. left_knee": [
		0.5345069169998169,
		0.7487651109695435,
		-0.11096256226301193,
		0.9879008531570435
	],
	"3. left_ankle": [
		0.5359374284744263,
		0.8747373223304749,
		0.1265821009874344,
		0.9744232892990112
	],
	"6. right_hip": [
		0.4605928659439087,
		0.5626180171966553,
		0.01938830316066742,
		0.9993031024932861
	],
	"7. right_knee": [
		0.471129834651947,
		0.7412812113761902,
		-0.05497894808650017,
		0.9832314252853394
	],
	"8. right_ankle": [
		0.4870712161064148,
		0.8786364793777466,
		0.1419834941625595,
		0.9756502509117126
	],
	"14. left_shoulder": [
		0.5913881659507751,
		0.3609418570995331,
		-0.11140023171901703,
		0.9999245405197144
	],
	"15. left_elbow": [
		0.6401392817497253,
		0.4586981534957886,
		-0.0428415946662426,
		0.9744545221328735
	],
	"16. left_wrist": [
		0.5924614667892456,
		0.5461235642433167,
		-0.18017995357513428,
		0.9637688994407654
	],
	"19. right_shoulder": [
		0.46853384375572205,
		0.38705968856811523,
		-0.0037002223543822765,
		0.9996338486671448
	],
	"20. right_elbow": [
		0.44264766573905945,
		0.478913277387619,
		0.09328166395425797,
		0.8806611895561218
	],
	"21. right_wrist": [
		0.4147246479988098,
		0.5488817095756531,
		-0.06660759449005127,
		0.9069395661354065
	],
	"24. nose": [
		0.5016316771507263,
		0.30510208010673523,
		-0.35717278718948364,
		0.9999399781227112
	],
	"25. left_eye": [
		0.5073719620704651,
		0.29086869955062866,
		-0.3464162349700928,
		0.9998970627784729
	],
	"26. right_eye": [
		0.4861395061016083,
		0.3054996132850647,
		-0.32919228076934814,
		0.9998362064361572
	],
	"27. left_ear": [
		0.5249248147010803,
		0.29122358560562134,
		-0.22352585196495056,
		0.9999249577522278
	],
	"28. right_ear": [
		0.48130640387535095,
		0.31766074895858765,
		-0.14051459729671478,
		0.9997673630714417
	],
	"time stamp": 30.0
}