{
	"1. left_hip": [
		0.5498001575469971,
		0.6459392309188843,
		0.011042238213121891,
		0.9994304180145264
	],
	"2. left_knee": [
		0.5487326383590698,
		0.7856014966964722,
		-0.19441284239292145,
		0.9829521775245667
	],
	"3. left_ankle": [
		0.5322237610816956,
		0.8818051815032959,
		0.1492544561624527,
		0.9793635010719299
	],
	"6. right_hip": [
		0.47580716013908386,
		0.6421676874160767,
		-0.011073117144405842,
		0.9994572997093201
	],
	"7. right_knee": [
		0.4775247871875763,
		0.7762583494186401,
		-0.29353219270706177,
		0.9812287092208862
	],
	"8. right_ankle": [
		0.4825912415981293,
		0.8833317160606384,
		0.038532618433237076,
		0.9797168970108032
	],
	"14. left_shoulder": [
		0.5952467322349548,
		0.5076894760131836,
		-0.40122997760772705,
		0.9999572038650513
	],
	"15. left_elbow": [
		0.6638157963752747,
		0.5959063172340393,
		-0.3822190463542938,
		0.9932700395584106
	],
	"16. left_wrist": [
		0.586288332939148,
		0.6575053930282593,
		-0.49031880497932434,
		0.9722127318382263
	],
	"19. right_shoulder": [
		0.462992787361145,
		0.48182788491249084,
		-0.4027988314628601,
		0.9998978972434998
	],
	"20. right_elbow": [
		0.40357768535614014,
		0.5638898015022278,
		-0.3776988685131073,
		0.969313383102417
	],
	"21. right_wrist": [
		0.4513678252696991,
		0.6505521535873413,
		-0.48148804903030396,
		0.9290463924407959
	],
	"24. nose": [
		0.5450851321220398,
		0.42485666275024414,
		-0.7575834393501282,
		0.9999734163284302
	],
	"25. left_eye": [
		0.5580257177352905,
		0.416279137134552,
		-0.7307590842247009,
		0.9999193549156189
	],
	"26. right_eye": [
		0.5340133905410767,
		0.41229498386383057,
		-0.731654167175293,
		0.9999264478683472
	],
	"27. left_ear": [
		0.565978467464447,
		0.42710405588150024,
		-0.553371787071228,
		0.9998641610145569
	],
	"28. right_ear": [
		0.519797682762146,
		0.42119285464286804,
		-0.5587723851203918,
		0.9998944997787476
	],
	"time stamp": 30.0
}