{
	"1. left_hip": [
		0.5465412735939026,
		0.6454004645347595,
		0.011095328256487846,
		0.9994019269943237
	],
	"2. left_knee": [
		0.553131639957428,
		0.7805925011634827,
		-0.3107266128063202,
		0.9771039485931396
	],
	"3. left_ankle": [
		0.5307444930076599,
		0.8827041387557983,
		0.06679541617631912,
		0.974776566028595
	],
	"6. right_hip": [
		0.4700801372528076,
		0.6386127471923828,
		-0.01110389456152916,
		0.9994299411773682
	],
	"7. right_knee": [
		0.47949883341789246,
		0.7665525674819946,
		-0.4101540446281433,
		0.98151695728302
	],
	"8. right_ankle": [
		0.4825267493724823,
		0.8849157691001892,
		-0.09885610640048981,
		0.9805039763450623
	],
	"14. left_shoulder": [
		0.60822594165802,
		0.503228485584259,
		-0.3298005163669586,
		0.9999484419822693
	],
	"15. left_elbow": [
		0.6623663306236267,
		0.5949347019195557,
		-0.2747955620288849,
		0.9939529299736023
	],
	"16. left_wrist": [
		0.5803346633911133,
		0.6556236147880554,
		-0.32307323813438416,
		0.9550735950469971
	],
	"19. right_shoulder": [
		0.47317785024642944,
		0.48233747482299805,
		-0.31917017698287964,
		0.9998914003372192
	],
	"20. right_elbow": [
		0.3988620340824127,
		0.5590943098068237,
		-0.28782784938812256,
		0.9750480055809021
	],
	"21. right_wrist": [
		0.4446824789047241,
		0.6451793313026428,
		-0.3751218020915985,
		0.8943939208984375
	],
	"24. nose": [
		0.5471856594085693,
		0.41854730248451233,
		-0.6676034927368164,
		0.9999745488166809
	],
	"25. left_eye": [
		0.5592094659805298,
		0.4116637706756592,
		-0.6385336518287659,
		0.9999218583106995
	],
	"26. right_eye": [
		0.533369243144989,
		0.41134020686149597,
		-0.6369348168373108,
		0.999930202960968
	],
	"27. left_ear": [
		0.570788562297821,
		0.4262429177761078,
		-0.4635663628578186,
		0.9998762607574463
	],
	"28. right_ear": [
		0.519567608833313,
		0.42035356163978577,
		-0.4570418894290924,
		0.9999052286148071
	],
	"time stamp": 30.0
}