{
	"1. left_hip": [
		0.5458362698554993,
		0.6446614861488342,
		0.010610654018819332,
		0.9993916153907776
	],
	"2. left_knee": [
		0.5546607375144958,
		0.7805308699607849,
		-0.21105486154556274,
		0.974879801273346
	],
	"3. left_ankle": [
		0.5304692387580872,
		0.8826647996902466,
		0.2035166174173355,
		0.9736148715019226
	],
	"6. right_hip": [
		0.4692362844944,
		0.6385127305984497,
		-0.010615143924951553,
		0.9994416832923889
	],
	"7. right_knee": [
		0.4801822304725647,
		0.7639549374580383,
		-0.3718157112598419,
		0.9818373322486877
	],
	"8. right_ankle": [
		0.48274460434913635,
		0.8842415809631348,
		-0.04434461146593094,
		0.9809327721595764
	],
	"14. left_shoulder": [
		0.6120421290397644,
		0.5019331574440002,
		-0.33997198939323425,
		0.9999470710754395
	],
	"15. left_elbow": [
		0.6613730192184448,
		0.5926790237426758,
		-0.2842748165130615,
		0.9940570592880249
	],
	"16. left_wrist": [
		0.5807633399963379,
		0.6541798710823059,
		-0.32794177532196045,
		0.9501405954360962
	],
	"19. right_shoulder": [
		0.47578302025794983,
		0.4813498556613922,
		-0.3212158977985382,
		0.9998826384544373
	],
	"20. right_elbow": [
		0.3988826274871826,
		0.5547243356704712,
		-0.2751765251159668,
		0.9759165048599243
	],
	"21. right_wrist": [
		0.4441703259944916,
		0.6412581205368042,
		-0.35191863775253296,
		0.8761577010154724
	],
	"24. nose": [
		0.5478092432022095,
		0.4129490256309509,
		-0.6598549485206604,
		0.999974250793457
	],
	"25. left_eye": [
		0.5597192049026489,
		0.40697628259658813,
		-0.6362056136131287,
		0.999920666217804
	],
	"26. right_eye": [
		0.5335579514503479,
		0.4096701443195343,
		-0.6327123045921326,
		0.9999285340309143
	],
	"27. left_ear": [
		0.5720173120498657,
		0.42272982001304626,
		-0.47643953561782837,
		0.9998769164085388
	],
	"28. right_ear": [
		0.5199691653251648,
		0.41824448108673096,
		-0.4610157310962677,
		0.9999056458473206
	],
	"time stamp": 30.0
}