{
	"1. left_hip": [
		0.5650190114974976,
		0.5642967820167542,
		-0.017363395541906357,
		0.9996997117996216
	],
	"2. left_knee": [
		0.6073586344718933,
		0.7358089089393616,
		-0.06070966273546219,
		0.9932817220687866
	],
	"3. left_ankle": [
		0.6247973442077637,
		0.8740686774253845,
		0.12388955056667328,
		0.987048864364624
	],
	"6. right_hip": [
		0.4860749840736389,
		0.5611502528190613,
		0.01749931462109089,
		0.999738335609436
	],
	"7. right_knee": [
		0.42839282751083374,
		0.7224867939949036,
		-0.022824719548225403,
		0.9942795634269714
	],
	"8. right_ankle": [
		0.3998481333255768,
		0.8554083108901978,
		0.27097287774086,
		0.990469217300415
	],
	"14. left_shoulder": [
		0.5905465483665466,
		0.36215299367904663,
		0.043774787336587906,
		0.9999783635139465
	],
	"15. left_elbow": [
		0.6677976250648499,
		0.4134776294231415,
		-0.07651760429143906,
		0.9561545848846436
	],
	"16. left_wrist": [
		0.6994842290878296,
		0.32506412267684937,
		-0.389080673456192,
		0.9569838047027588
	],
	"19. right_shoulder": [
		0.47146543860435486,
		0.35962244868278503,
		0.0439194031059742,
		0.9999752640724182
	],
	"20. right_elbow": [
		0.4562969207763672,
		0.46112900972366333,
		0.11918028444051743,
		0.9838266968727112
	],
	"21. right_wrist": [
		0.43888065218925476,
		0.5542749762535095,
		0.015895895659923553,
		0.9711107015609741
	],
	"24. nose": [
		0.5296679735183716,
		0.292357861995697,
		-0.2937549948692322,
		0.9999881982803345
	],
	"25. left_eye": [
		0.5409537553787231,
		0.27959540486335754,
		-0.26067596673965454,
		0.9999620914459229
	],
	"26. right_eye": [
		0.51778244972229,
		0.2796284258365631,
		-0.2604656219482422,
		0.9999589323997498
	],
	"27. left_ear": [
		0.5547955632209778,
		0.2864440381526947,
		-0.0805911049246788,
		0.9999216198921204
	],
	"28. right_ear": [
		0.5059967041015625,
		0.2873591184616089,
		-0.08985541760921478,
		0.9999361634254456
	],
	"time stamp": 30.0
}