{
	"1. left_hip": [
		0.545636773109436,
		0.5811060070991516,
		0.026692718267440796,
		0.9998764395713806
	],
	"2. left_knee": [
		0.6325350999832153,
		0.7357993125915527,
		-0.05638178810477257,
		0.9958760738372803
	],
	"3. left_ankle": [
		0.6177226305007935,
		0.8742448687553406,
		0.1562335044145584,
		0.9943720698356628
	],
	"6. right_hip": [
		0.46864160895347595,
		0.580025315284729,
		-0.026631943881511688,
		0.9999013543128967
	],
	"7. right_knee": [
		0.4107837975025177,
		0.7364803552627563,
		-0.10746345669031143,
		0.9951702356338501
	],
	"8. right_ankle": [
		0.3965911567211151,
		0.8663952946662903,
		0.14391985535621643,
		0.9938740134239197
	],
	"14. left_shoulder": [
		0.5753906965255737,
		0.37583693861961365,
		0.05464370921254158,
		0.9999883770942688
	],
	"15. left_elbow": [
		0.6536259651184082,
		0.433371365070343,
		0.07425461709499359,
		0.9946501851081848
	],
	"16. left_wrist": [
		0.7090862989425659,
		0.36490166187286377,
		-0.09590701758861542,
		0.9940893650054932
	],
	"19. right_shoulder": [
		0.4522170126438141,
		0.38707733154296875,
		-0.01271847914904356,
		0.9999685883522034
	],
	"20. right_elbow": [
		0.4473884701728821,
		0.4885578453540802,
		0.02370593324303627,
		0.9681135416030884
	],
	"21. right_wrist": [
		0.42520442605018616,
		0.5731812119483948,
		-0.11673618853092194,
		0.9763911366462708
	],
	"24. nose": [
		0.5024385452270508,
		0.2896033525466919,
		-0.29111358523368835,
		0.999998152256012
	],
	"25. left_eye": [
		0.5180039405822754,
		0.2861650884151459,
		-0.2560143768787384,
		0.9999924898147583
	],
	"26. right_eye": [
		0.4952229857444763,
		0.2814520001411438,
		-0.26032179594039917,
		0.9999930262565613
	],
	"27. left_ear": [
		0.5363226532936096,
		0.30039602518081665,
		-0.07310060411691666,
		0.9999851584434509
	],
	"28. right_ear": [
		0.48778074979782104,
		0.29469162225723267,
		-0.10012785345315933,
		0.9999901056289673
	],
	"time stamp": 30.0
}