{
	"1. left_hip": [
		0.5289324522018433,
		0.6000849604606628,
		0.06385461986064911,
		0.9999331831932068
	],
	"2. left_knee": [
		0.6399529576301575,
		0.7290166020393372,
		-0.062388621270656586,
		0.9953237175941467
	],
	"3. left_ankle": [
		0.6068867444992065,
		0.8788049221038818,
		0.21913321316242218,
		0.9940348863601685
	],
	"6. right_hip": [
		0.450284868478775,
		0.5943402051925659,
		-0.06401816010475159,
		0.99993497133255
	],
	"7. right_knee": [
		0.4162546694278717,
		0.7578462362289429,
		-0.1671941578388214,
		0.9969222545623779
	],
	"8. right_ankle": [
		0.383924663066864,
		0.8813161253929138,
		0.09716174751520157,
		0.9950413107872009
	],
	"14. left_shoulder": [
		0.563369631767273,
		0.3914076089859009,
		0.08377901464700699,
		0.9999908208847046
	],
	"15. left_elbow": [
		0.6440719366073608,
		0.43774235248565674,
		-0.05423082411289215,
		0.9954875707626343
	],
	"16. left_wrist": [
		0.6910431981086731,
		0.3700593411922455,
		-0.36592093110084534,
		0.9959915280342102
	],
	"19. right_shoulder": [
		0.44222721457481384,
		0.396776020526886,
		-0.03823109343647957,
		0.9999801516532898
	],
	"20. right_elbow": [
		0.3837842643260956,
		0.4799790680408478,
		-0.21431240439414978,
		0.9813088178634644
	],
	"21. right_wrist": [
		0.36807161569595337,
		0.4234550893306732,
		-0.5843861699104309,
		0.9849251508712769
	],
	"24. nose": [
		0.4952487647533417,
		0.30466121435165405,
		-0.27893826365470886,
		0.9999990463256836
	],
	"25. left_eye": [
		0.511319100856781,
		0.2958328425884247,
		-0.24046050012111664,
		0.9999962449073792
	],
	"26. right_eye": [
		0.4853023886680603,
		0.2953420877456665,
		-0.24613866209983826,
		0.9999964833259583
	],
	"27. left_ear": [
		0.526363730430603,
		0.30910101532936096,
		-0.04613200202584267,
		0.9999925494194031
	],
	"28. right_ear": [
		0.47682780027389526,
		0.30893731117248535,
		-0.07151953130960464,
		0.999995231628418
	],
	"time stamp": 30.0
}