{
	"1. left_hip": [
		0.5802486538887024,
		0.5824697017669678,
		-0.09747015684843063,
		0.9998417496681213
	],
	"2. left_knee": [
		0.6213109493255615,
		0.7502573728561401,
		-0.2013058364391327,
		0.9965817332267761
	],
	"3. left_ankle": [
		0.6615546941757202,
		0.8732079267501831,
		0.05227172002196312,
		0.9949858784675598
	],
	"6. right_hip": [
		0.5075331926345825,
		0.5972251296043396,
		0.09751846641302109,
		0.9999116063117981
	],
	"7. right_knee": [
		0.3806079924106598,
		0.7169303297996521,
		-0.07897631078958511,
		0.9975751638412476
	],
	"8. right_ankle": [
		0.42837998270988464,
		0.8739035725593567,
		0.15597668290138245,
		0.9965174794197083
	],
	"14. left_shoulder": [
		0.5830417275428772,
		0.39200088381767273,
		-0.07556082308292389,
		0.9999831914901733
	],
	"15. left_elbow": [
		0.6763048768043518,
		0.44276830554008484,
		-0.18565227091312408,
		0.9977522492408752
	],
	"16. left_wrist": [
		0.7260578870773315,
		0.36616265773773193,
		-0.3959153890609741,
		0.9976248741149902
	],
	"19. right_shoulder": [
		0.46478602290153503,
		0.3743196725845337,
		0.16043724119663239,
		0.999962329864502
	],
	"20. right_elbow": [
		0.36732059717178345,
		0.4204781949520111,
		0.25810039043426514,
		0.9911510348320007
	],
	"21. right_wrist": [
		0.31722182035446167,
		0.3671624958515167,
		0.16498872637748718,
		0.9934802651405334
	],
	"24. nose": [
		0.4928186535835266,
		0.30990085005760193,
		-0.25840213894844055,
		0.9999989867210388
	],
	"25. left_eye": [
		0.5084902048110962,
		0.2971133887767792,
		-0.24072495102882385,
		0.9999960660934448
	],
	"26. right_eye": [
		0.489241361618042,
		0.29855701327323914,
		-0.21746036410331726,
		0.9999957084655762
	],
	"27. left_ear": [
		0.529513955116272,
		0.30394887924194336,
		-0.1196376234292984,
		0.9999942779541016
	],
	"28. right_ear": [
		0.501325786113739,
		0.30582672357559204,
		-0.01401299238204956,
		0.999995231628418
	],
	"time stamp": 30.0
}