{
	"1. left_hip": [
		0.5188179016113281,
		0.5982414484024048,
		0.031456366181373596,
		0.9998226761817932
	],
	"2. left_knee": [
		0.6368569135665894,
		0.7289865016937256,
		-0.11276598274707794,
		0.9929922223091125
	],
	"3. left_ankle": [
		0.6236336827278137,
		0.8832782506942749,
		0.049584969878196716,
		0.9924534559249878
	],
	"6. right_hip": [
		0.4411635100841522,
		0.5817590951919556,
		-0.03135322406888008,
		0.9998283386230469
	],
	"7. right_knee": [
		0.40728557109832764,
		0.7526026368141174,
		-0.07402132451534271,
		0.9976093173027039
	],
	"8. right_ankle": [
		0.3826278746128082,
		0.8839621543884277,
		0.09682908654212952,
		0.9958874583244324
	],
	"14. left_shoulder": [
		0.5796196460723877,
		0.38949576020240784,
		0.005521751940250397,
		0.9999619126319885
	],
	"15. left_elbow": [
		0.6630640625953674,
		0.42725640535354614,
		-0.16070429980754852,
		0.9981878995895386
	],
	"16. left_wrist": [
		0.7121735215187073,
		0.3623209297657013,
		-0.4853973388671875,
		0.9980660676956177
	],
	"19. right_shoulder": [
		0.4570963680744171,
		0.39071953296661377,
		0.022055020555853844,
		0.9999482035636902
	],
	"20. right_elbow": [
		0.3628692328929901,
		0.42483341693878174,
		0.04825256019830704,
		0.9956508278846741
	],
	"21. right_wrist": [
		0.27765902876853943,
		0.37241843342781067,
		-0.08863137662410736,
		0.9971302151679993
	],
	"24. nose": [
		0.47953352332115173,
		0.31669408082962036,
		-0.25230905413627625,
		0.9999961256980896
	],
	"25. left_eye": [
		0.4939575493335724,
		0.303587406873703,
		-0.23514455556869507,
		0.9999858140945435
	],
	"26. right_eye": [
		0.4806511402130127,
		0.3039635717868805,
		-0.217177152633667,
		0.9999798536300659
	],
	"27. left_ear": [
		0.5212028622627258,
		0.30962374806404114,
		-0.11309706419706345,
		0.9999790191650391
	],
	"28. right_ear": [
		0.4927872121334076,
		0.308672159910202,
		-0.03764070197939873,
		0.9999774694442749
	],
	"time stamp": 30.0
}