{
	"1. left_hip": [
		0.5226236581802368,
		0.5979341864585876,
		0.029833588749170303,
		0.9998283386230469
	],
	"2. left_knee": [
		0.6379727721214294,
		0.727289080619812,
		-0.12386775761842728,
		0.9930399656295776
	],
	"3. left_ankle": [
		0.6246009469032288,
		0.883032500743866,
		0.04527011513710022,
		0.992356538772583
	],
	"6. right_hip": [
		0.44323718547821045,
		0.583373486995697,
		-0.029682597145438194,
		0.9998271465301514
	],
	"7. right_knee": [
		0.40698158740997314,
		0.7530443072319031,
		-0.0656442865729332,
		0.9976140260696411
	],
	"8. right_ankle": [
		0.3829007148742676,
		0.8838282823562622,
		0.11571720242500305,
		0.9959357380867004
	],
	"14. left_shoulder": [
		0.5775989294052124,
		0.388962060213089,
		-0.008538341149687767,
		0.9999627470970154
	],
	"15. left_elbow": [
		0.6613650918006897,
		0.42728477716445923,
		-0.19999021291732788,
		0.9982243776321411
	],
	"16. left_wrist": [
		0.7110001444816589,
		0.36016324162483215,
		-0.5346307158470154,
		0.9981443285942078
	],
	"19. right_shoulder": [
		0.4542766213417053,
		0.38899731636047363,
		0.011154143139719963,
		0.9999502897262573
	],
	"20. right_elbow": [
		0.36099866032600403,
		0.4219919443130493,
		0.05905526131391525,
		0.9957852363586426
	],
	"21. right_wrist": [
		0.2778741121292114,
		0.3644293546676636,
		-0.017402134835720062,
		0.9972413778305054
	],
	"24. nose": [
		0.47986114025115967,
		0.3135102391242981,
		-0.26526814699172974,
		0.9999963045120239
	],
	"25. left_eye": [
		0.4942585825920105,
		0.3006569445133209,
		-0.2489660531282425,
		0.9999867677688599
	],
	"26. right_eye": [
		0.4808354377746582,
		0.3003119230270386,
		-0.2330671101808548,
		0.9999808073043823
	],
	"27. left_ear": [
		0.520634651184082,
		0.30865252017974854,
		-0.12675820291042328,
		0.9999804496765137
	],
	"28. right_ear": [
		0.4914785623550415,
		0.30687204003334045,
		-0.05563684180378914,
		0.9999789595603943
	],
	"time stamp": 30.0
}