{
	"1. left_hip": [
		0.6048188805580139,
		0.5927374958992004,
		-0.10256940871477127,
		0.9997938275337219
	],
	"2. left_knee": [
		0.6338809132575989,
		0.7626083493232727,
		-0.17759685218334198,
		0.9954779744148254
	],
	"3. left_ankle": [
		0.6654012203216553,
		0.8745609521865845,
		0.19299522042274475,
		0.9942147731781006
	],
	"6. right_hip": [
		0.526029646396637,
		0.6036970615386963,
		0.1026872918009758,
		0.9998615980148315
	],
	"7. right_knee": [
		0.38849347829818726,
		0.7159485816955566,
		-0.07083242386579514,
		0.9970960021018982
	],
	"8. right_ankle": [
		0.4397934675216675,
		0.8769188523292542,
		0.20199909806251526,
		0.9962928891181946
	],
	"14. left_shoulder": [
		0.5920190811157227,
		0.3867134153842926,
		-0.1254500448703766,
		0.9999697208404541
	],
	"15. left_elbow": [
		0.6859206557273865,
		0.43743693828582764,
		-0.2774450480937958,
		0.9989613890647888
	],
	"16. left_wrist": [
		0.7407172918319702,
		0.35892900824546814,
		-0.5366466045379639,
		0.9985999464988708
	],
	"19. right_shoulder": [
		0.47235381603240967,
		0.385426789522171,
		0.12998196482658386,
		0.9999269843101501
	],
	"20. right_elbow": [
		0.3785734474658966,
		0.41248318552970886,
		0.20216220617294312,
		0.9971113204956055
	],
	"21. right_wrist": [
		0.30940955877304077,
		0.34038597345352173,
		0.08705662190914154,
		0.9983305335044861
	],
	"24. nose": [
		0.5057542324066162,
		0.29628947377204895,
		-0.3088374733924866,
		0.9999969005584717
	],
	"25. left_eye": [
		0.5249964594841003,
		0.2857303321361542,
		-0.28199702501296997,
		0.9999884963035583
	],
	"26. right_eye": [
		0.504318356513977,
		0.28506264090538025,
		-0.26115480065345764,
		0.9999834299087524
	],
	"27. left_ear": [
		0.5436537861824036,
		0.29952120780944824,
		-0.14465747773647308,
		0.9999851584434509
	],
	"28. right_ear": [
		0.5079206824302673,
		0.29474011063575745,
		-0.044960036873817444,
		0.9999808073043823
	],
	"time stamp": 30.0
}