{
	"1. left_hip": [
		0.601212203502655,
		0.5887548923492432,
		-0.09306006878614426,
		0.9997401833534241
	],
	"2. left_knee": [
		0.6339254379272461,
		0.7571121454238892,
		-0.18710196018218994,
		0.9954708218574524
	],
	"3. left_ankle": [
		0.6646738052368164,
		0.8744370341300964,
		0.07485887408256531,
		0.9943325519561768
	],
	"6. right_hip": [
		0.5215924382209778,
		0.600734293460846,
		0.09318196773529053,
		0.9998323917388916
	],
	"7. right_knee": [
		0.3907203674316406,
		0.7148059606552124,
		-0.053763940930366516,
		0.9968200325965881
	],
	"8. right_ankle": [
		0.4365677833557129,
		0.8774415850639343,
		0.19513876736164093,
		0.9959424138069153
	],
	"14. left_shoulder": [
		0.5942376255989075,
		0.38224026560783386,
		-0.06669007241725922,
		0.9999549984931946
	],
	"15. left_elbow": [
		0.6862727403640747,
		0.43266817927360535,
		-0.18895360827445984,
		0.9989377856254578
	],
	"16. left_wrist": [
		0.7441751956939697,
		0.35679686069488525,
		-0.40886959433555603,
		0.9982020258903503
	],
	"19. right_shoulder": [
		0.474015474319458,
		0.38282516598701477,
		0.13223475217819214,
		0.9998985528945923
	],
	"20. right_elbow": [
		0.38011401891708374,
		0.4075150489807129,
		0.16043253242969513,
		0.9969571828842163
	],
	"21. right_wrist": [
		0.30794021487236023,
		0.33780959248542786,
		-0.019010020419955254,
		0.9982876777648926
	],
	"24. nose": [
		0.507072389125824,
		0.292339563369751,
		-0.2595517337322235,
		0.9999961853027344
	],
	"25. left_eye": [
		0.5262999534606934,
		0.28139811754226685,
		-0.23221120238304138,
		0.9999855756759644
	],
	"26. right_eye": [
		0.5050320625305176,
		0.28107765316963196,
		-0.2182377129793167,
		0.9999806880950928
	],
	"27. left_ear": [
		0.5460224151611328,
		0.2961457371711731,
		-0.0899951308965683,
		0.9999824166297913
	],
	"28. right_ear": [
		0.5089467167854309,
		0.2897106111049652,
		-0.02425926737487316,
		0.9999758005142212
	],
	"time stamp": 30.0
}