{
	"1. left_hip": [
		0.5682138204574585,
		0.5774378180503845,
		-0.009533197619020939,
		0.9997279047966003
	],
	"2. left_knee": [
		0.6546543836593628,
		0.733428955078125,
		-0.09832284599542618,
		0.9932043552398682
	],
	"3. left_ankle": [
		0.6354423761367798,
		0.8790358901023865,
		0.1212652325630188,
		0.993211030960083
	],
	"6. right_hip": [
		0.48592594265937805,
		0.5764595866203308,
		0.009725327603518963,
		0.9998098015785217
	],
	"7. right_knee": [
		0.39359384775161743,
		0.7196084856987,
		-0.1288282424211502,
		0.9971867203712463
	],
	"8. right_ankle": [
		0.39036422967910767,
		0.8727812767028809,
		0.10130953043699265,
		0.9962161183357239
	],
	"14. left_shoulder": [
		0.593830406665802,
		0.3606366515159607,
		0.0017156216781586409,
		0.9999005794525146
	],
	"15. left_elbow": [
		0.6746088862419128,
		0.4092945158481598,
		-0.1475098431110382,
		0.998206377029419
	],
	"16. left_wrist": [
		0.7368404865264893,
		0.3438970446586609,
		-0.4411276876926422,
		0.997390866279602
	],
	"19. right_shoulder": [
		0.46953243017196655,
		0.3615271747112274,
		0.0752510130405426,
		0.9998621344566345
	],
	"20. right_elbow": [
		0.379753440618515,
		0.3948371410369873,
		0.10975715517997742,
		0.9966983199119568
	],
	"21. right_wrist": [
		0.3025597333908081,
		0.3318999111652374,
		-0.024299679324030876,
		0.9983075857162476
	],
	"24. nose": [
		0.50548255443573,
		0.2751085162162781,
		-0.24731314182281494,
		0.9999945759773254
	],
	"25. left_eye": [
		0.5249401926994324,
		0.2647849917411804,
		-0.2199326455593109,
		0.9999786615371704
	],
	"26. right_eye": [
		0.5032386183738708,
		0.26417624950408936,
		-0.20501406490802765,
		0.9999716281890869
	],
	"27. left_ear": [
		0.5448700189590454,
		0.2782953977584839,
		-0.07192935794591904,
		0.9999698996543884
	],
	"28. right_ear": [
		0.5069132447242737,
		0.2740176022052765,
		-0.02270582690834999,
		0.9999648928642273
	],
	"time stamp": 30.0
}