{
	"1. left_hip": [
		0.539374589920044,
		0.5510078072547913,
		0.050643857568502426,
		0.9998821020126343
	],
	"2. left_knee": [
		0.6252075433731079,
		0.7198902368545532,
		-0.029204104095697403,
		0.9948833584785461
	],
	"3. left_ankle": [
		0.6659008860588074,
		0.8761729598045349,
		0.2339480221271515,
		0.993457019329071
	],
	"6. right_hip": [
		0.4563935101032257,
		0.5469847321510315,
		-0.05065496638417244,
		0.9998886585235596
	],
	"7. right_knee": [
		0.40599238872528076,
		0.7324576377868652,
		-0.08244959264993668,
		0.9978739619255066
	],
	"8. right_ankle": [
		0.36674290895462036,
		0.886634886264801,
		0.1622321903705597,
		0.9971530437469482
	],
	"14. left_shoulder": [
		0.5643285512924194,
		0.31999367475509644,
		0.2067270129919052,
		0.9999086856842041
	],
	"15. left_elbow": [
		0.6031628251075745,
		0.38133829832077026,
		-0.08925771713256836,
		0.9819811582565308
	],
	"16. left_wrist": [
		0.5697184801101685,
		0.2762681841850281,
		-0.45836859941482544,
		0.9866187572479248
	],
	"19. right_shoulder": [
		0.442844420671463,
		0.3236500918865204,
		-0.00727458018809557,
		0.9999088048934937
	],
	"20. right_elbow": [
		0.46177443861961365,
		0.42316606640815735,
		-0.21258343756198883,
		0.9887300133705139
	],
	"21. right_wrist": [
		0.5500848889350891,
		0.3743092715740204,
		-0.3421405851840973,
		0.9920986890792847
	],
	"24. nose": [
		0.5207792520523071,
		0.23298946022987366,
		-0.14199897646903992,
		0.9999955892562866
	],
	"25. left_eye": [
		0.5297709703445435,
		0.2276846170425415,
		-0.10138973593711853,
		0.9999877214431763
	],
	"26. right_eye": [
		0.5039143562316895,
		0.22385089099407196,
		-0.11894427239894867,
		0.9999810457229614
	],
	"27. left_ear": [
		0.537618100643158,
		0.24151134490966797,
		0.11523635685443878,
		0.9999821782112122
	],
	"28. right_ear": [
		0.48408275842666626,
		0.24004453420639038,
		0.039284929633140564,
		0.99997878074646
	],
	"time stamp": 30.0
}