{
	"1. left_hip": [
		0.5410760045051575,
		0.5577532649040222,
		0.030841032043099403,
		0.9998828172683716
	],
	"2. left_knee": [
		0.6179884672164917,
		0.7333972454071045,
		-0.04087986424565315,
		0.9950016736984253
	],
	"3. left_ankle": [
		0.6727263927459717,
		0.880919873714447,
		0.20033128559589386,
		0.99349045753479
	],
	"6. right_hip": [
		0.4578205645084381,
		0.5539171695709229,
		-0.03088446520268917,
		0.999882161617279
	],
	"7. right_knee": [
		0.4054866433143616,
		0.7338905334472656,
		-0.0717720165848732,
		0.9977608323097229
	],
	"8. right_ankle": [
		0.3648930788040161,
		0.8866329789161682,
		0.13635848462581635,
		0.9969743490219116
	],
	"14. left_shoulder": [
		0.5658864974975586,
		0.3306324779987335,
		0.1686031073331833,
		0.9998005032539368
	],
	"15. left_elbow": [
		0.6029266119003296,
		0.3819844126701355,
		-0.155720517039299,
		0.9704303741455078
	],
	"16. left_wrist": [
		0.5610839128494263,
		0.28130075335502625,
		-0.500442385673523,
		0.9673255085945129
	],
	"19. right_shoulder": [
		0.4437500536441803,
		0.34332275390625,
		0.02442115917801857,
		0.9998770952224731
	],
	"20. right_elbow": [
		0.47075605392456055,
		0.45008406043052673,
		-0.2571258246898651,
		0.9868133664131165
	],
	"21. right_wrist": [
		0.5428746342658997,
		0.37136587500572205,
		-0.48990824818611145,
		0.9877869486808777
	],
	"24. nose": [
		0.5256341695785522,
		0.25273963809013367,
		-0.15133436024188995,
		0.9999926686286926
	],
	"25. left_eye": [
		0.5362163782119751,
		0.24769528210163116,
		-0.11091852933168411,
		0.9999855160713196
	],
	"26. right_eye": [
		0.5111112594604492,
		0.2423509657382965,
		-0.12370802462100983,
		0.9999815821647644
	],
	"27. left_ear": [
		0.5435655117034912,
		0.2571353614330292,
		0.09961417317390442,
		0.9999790191650391
	],
	"28. right_ear": [
		0.48688584566116333,
		0.25237783789634705,
		0.04459134116768837,
		0.9999810457229614
	],
	"time stamp": 30.0
}