{
	"1. left_hip": [
		0.5427448153495789,
		0.5622195601463318,
		0.02509348653256893,
		0.9998992681503296
	],
	"2. left_knee": [
		0.6200951337814331,
		0.7390401363372803,
		-0.04755410552024841,
		0.9955989122390747
	],
	"3. left_ankle": [
		0.6741930842399597,
		0.885786771774292,
		0.21938897669315338,
		0.994005024433136
	],
	"6. right_hip": [
		0.45848792791366577,
		0.557300329208374,
		-0.025106674060225487,
		0.99988853931427
	],
	"7. right_knee": [
		0.4035765826702118,
		0.7377452254295349,
		-0.08236421644687653,
		0.9977080225944519
	],
	"8. right_ankle": [
		0.36129239201545715,
		0.888333797454834,
		0.17676909267902374,
		0.9969235062599182
	],
	"14. left_shoulder": [
		0.572458803653717,
		0.3317508399486542,
		0.16578485071659088,
		0.9998062252998352
	],
	"15. left_elbow": [
		0.646913468837738,
		0.3729951083660126,
		-0.1338767409324646,
		0.9730461239814758
	],
	"16. left_wrist": [
		0.5776447057723999,
		0.27991604804992676,
		-0.45802146196365356,
		0.9654625654220581
	],
	"19. right_shoulder": [
		0.44363412261009216,
		0.3454791009426117,
		0.04493013024330139,
		0.9998742341995239
	],
	"20. right_elbow": [
		0.4274483919143677,
		0.451627254486084,
		-0.19770395755767822,
		0.9868788123130798
	],
	"21. right_wrist": [
		0.519340455532074,
		0.4084431529045105,
		-0.46923553943634033,
		0.9868423938751221
	],
	"24. nose": [
		0.5275347232818604,
		0.24545399844646454,
		-0.19255231320858002,
		0.9999931454658508
	],
	"25. left_eye": [
		0.5365114212036133,
		0.23988297581672668,
		-0.14483462274074554,
		0.9999875426292419
	],
	"26. right_eye": [
		0.5127836465835571,
		0.23345284163951874,
		-0.1596035212278366,
		0.9999855756759644
	],
	"27. left_ear": [
		0.5438929200172424,
		0.2529788017272949,
		0.09476727247238159,
		0.9999822974205017
	],
	"28. right_ear": [
		0.4888002574443817,
		0.24559010565280914,
		0.01900813728570938,
		0.9999855160713196
	],
	"time stamp": 30.0
}