{
	"1. left_hip": [
		0.5487858057022095,
		0.5391039252281189,
		0.005601437762379646,
		0.9999606609344482
	],
	"2. left_knee": [
		0.6344958543777466,
		0.717691957950592,
		-0.07977880537509918,
		0.9964204430580139
	],
	"3. left_ankle": [
		0.6891472935676575,
		0.8687583208084106,
		0.2031257152557373,
		0.9957777857780457
	],
	"6. right_hip": [
		0.4604489207267761,
		0.5421743392944336,
		-0.0056132301688194275,
		0.9999468326568604
	],
	"7. right_knee": [
		0.40808409452438354,
		0.7311503887176514,
		-0.07076741009950638,
		0.99811851978302
	],
	"8. right_ankle": [
		0.3626165986061096,
		0.884059727191925,
		0.20030298829078674,
		0.9971994757652283
	],
	"14. left_shoulder": [
		0.5593132972717285,
		0.31183451414108276,
		0.03924878314137459,
		0.9999708533287048
	],
	"15. left_elbow": [
		0.6642342209815979,
		0.3489876985549927,
		-0.030683523043990135,
		0.9949294924736023
	],
	"16. left_wrist": [
		0.7157227396965027,
		0.2688421905040741,
		-0.3091733157634735,
		0.9932583570480347
	],
	"19. right_shoulder": [
		0.4259127676486969,
		0.3145236372947693,
		0.006665085442364216,
		0.9999783039093018
	],
	"20. right_elbow": [
		0.413726806640625,
		0.4311186969280243,
		0.09499138593673706,
		0.988605260848999
	],
	"21. right_wrist": [
		0.4043341875076294,
		0.5391908288002014,
		-0.02132389321923256,
		0.9841268062591553
	],
	"24. nose": [
		0.5026402473449707,
		0.2295665591955185,
		-0.3199128210544586,
		0.9999988675117493
	],
	"25. left_eye": [
		0.5215895175933838,
		0.22554780542850494,
		-0.29314449429512024,
		0.9999973177909851
	],
	"26. right_eye": [
		0.5000292658805847,
		0.21411067247390747,
		-0.29381000995635986,
		0.9999968409538269
	],
	"27. left_ear": [
		0.5308482050895691,
		0.23781971633434296,
		-0.08789463341236115,
		0.9999954700469971
	],
	"28. right_ear": [
		0.48576244711875916,
		0.2193327397108078,
		-0.11450819671154022,
		0.9999972581863403
	],
	"time stamp": 30.0
}