{
	"1. left_hip": [
		0.5782544612884521,
		0.5406359434127808,
		0.003961213398724794,
		0.9999637603759766
	],
	"2. left_knee": [
		0.6550690531730652,
		0.7218831181526184,
		-0.09250637888908386,
		0.997505784034729
	],
	"3. left_ankle": [
		0.7012363076210022,
		0.8742539286613464,
		0.25564834475517273,
		0.9965552091598511
	],
	"6. right_hip": [
		0.49206241965293884,
		0.5496286153793335,
		-0.0040480028837919235,
		0.9999421238899231
	],
	"7. right_knee": [
		0.41971856355667114,
		0.738194465637207,
		-0.0677940621972084,
		0.9981482028961182
	],
	"8. right_ankle": [
		0.36408933997154236,
		0.8849176168441772,
		0.24288658797740936,
		0.9973373413085938
	],
	"14. left_shoulder": [
		0.5866807699203491,
		0.3427076041698456,
		-0.019070131704211235,
		0.9999844431877136
	],
	"15. left_elbow": [
		0.6897199153900146,
		0.3879711925983429,
		-0.02530554123222828,
		0.996579647064209
	],
	"16. left_wrist": [
		0.7461507320404053,
		0.3060047924518585,
		-0.2821560800075531,
		0.9954842925071716
	],
	"19. right_shoulder": [
		0.45469316840171814,
		0.31579872965812683,
		-0.02176523394882679,
		0.9999870657920837
	],
	"20. right_elbow": [
		0.43184894323349,
		0.4327479600906372,
		0.047983985394239426,
		0.9895489811897278
	],
	"21. right_wrist": [
		0.42541882395744324,
		0.5327134132385254,
		-0.12580659985542297,
		0.9861012697219849
	],
	"24. nose": [
		0.5514504909515381,
		0.2387692928314209,
		-0.41563308238983154,
		0.9999993443489075
	],
	"25. left_eye": [
		0.5709483027458191,
		0.2371269017457962,
		-0.3748956322669983,
		0.9999982118606567
	],
	"26. right_eye": [
		0.5468235611915588,
		0.2236194759607315,
		-0.3803865611553192,
		0.9999980926513672
	],
	"27. left_ear": [
		0.5796330571174622,
		0.253784716129303,
		-0.1517990082502365,
		0.9999964833259583
	],
	"28. right_ear": [
		0.5318512916564941,
		0.22661389410495758,
		-0.18196021020412445,
		0.9999983906745911
	],
	"time stamp": 30.0
}