{
	"1. left_hip": [
		0.5976263284683228,
		0.567683756351471,
		0.05109618604183197,
		0.999955952167511
	],
	"2. left_knee": [
		0.6731252670288086,
		0.7409633994102478,
		-0.005911071319133043,
		0.9980283975601196
	],
	"3. left_ankle": [
		0.7034816145896912,
		0.8826578855514526,
		0.29429271817207336,
		0.9974409341812134
	],
	"6. right_hip": [
		0.5111846923828125,
		0.5574601292610168,
		-0.05124411731958389,
		0.9999387264251709
	],
	"7. right_knee": [
		0.4220203757286072,
		0.7247555255889893,
		-0.10680246353149414,
		0.9987335205078125
	],
	"8. right_ankle": [
		0.3729242980480194,
		0.8727204203605652,
		0.16652101278305054,
		0.998233437538147
	],
	"14. left_shoulder": [
		0.6472039222717285,
		0.3556969165802002,
		0.08514581620693207,
		0.9999902844429016
	],
	"15. left_elbow": [
		0.7434595823287964,
		0.3987762928009033,
		0.03200552240014076,
		0.9967769980430603
	],
	"16. left_wrist": [
		0.7984858155250549,
		0.3150331377983093,
		-0.23500573635101318,
		0.9958315491676331
	],
	"19. right_shoulder": [
		0.5238124132156372,
		0.32891833782196045,
		-0.05422262102365494,
		0.9999924302101135
	],
	"20. right_elbow": [
		0.475097119808197,
		0.43319350481033325,
		-0.04781847074627876,
		0.9917793869972229
	],
	"21. right_wrist": [
		0.44201627373695374,
		0.5411667823791504,
		-0.19811657071113586,
		0.9869208335876465
	],
	"24. nose": [
		0.605992317199707,
		0.2518918812274933,
		-0.34072059392929077,
		0.9999995827674866
	],
	"25. left_eye": [
		0.6128259301185608,
		0.2428613305091858,
		-0.3025186359882355,
		0.9999987483024597
	],
	"26. right_eye": [
		0.5915647745132446,
		0.24314577877521515,
		-0.3123660087585449,
		0.999998927116394
	],
	"27. left_ear": [
		0.6170674562454224,
		0.2538684010505676,
		-0.07966513931751251,
		0.9999971389770508
	],
	"28. right_ear": [
		0.572064995765686,
		0.25550681352615356,
		-0.13296687602996826,
		0.9999991655349731
	],
	"time stamp": 30.0
}