{
	"1. left_hip": [
		0.5186358690261841,
		0.5379404425621033,
		-0.042791757732629776,
		0.9999263286590576
	],
	"2. left_knee": [
		0.5313207507133484,
		0.727293848991394,
		-0.15250568091869354,
		0.9972920417785645
	],
	"3. left_ankle": [
		0.5868528485298157,
		0.8628966212272644,
		0.1708333045244217,
		0.9956306219100952
	],
	"6. right_hip": [
		0.43738678097724915,
		0.5295038223266602,
		0.04243458807468414,
		0.9999017715454102
	],
	"7. right_knee": [
		0.41232597827911377,
		0.7311079502105713,
		-0.012346044182777405,
		0.9975631237030029
	],
	"8. right_ankle": [
		0.39781758189201355,
		0.8881669640541077,
		0.24731847643852234,
		0.9966515898704529
	],
	"14. left_shoulder": [
		0.5642340183258057,
		0.30782872438430786,
		-0.13896602392196655,
		0.9999800324440002
	],
	"15. left_elbow": [
		0.6193234920501709,
		0.20611923933029175,
		-0.26405102014541626,
		0.997623860836029
	],
	"16. left_wrist": [
		0.5697060823440552,
		0.13582883775234222,
		-0.43661659955978394,
		0.9812535643577576
	],
	"19. right_shoulder": [
		0.43523529171943665,
		0.33539628982543945,
		0.037495728582143784,
		0.9999687671661377
	],
	"20. right_elbow": [
		0.4138273596763611,
		0.4494625926017761,
		0.1259281486272812,
		0.9707044959068298
	],
	"21. right_wrist": [
		0.38886621594429016,
		0.5503897070884705,
		0.0018202525097876787,
		0.9526633620262146
	],
	"24. nose": [
		0.49767035245895386,
		0.24540990591049194,
		-0.36386770009994507,
		0.9999985694885254
	],
	"25. left_eye": [
		0.5136187076568604,
		0.23263102769851685,
		-0.33164718747138977,
		0.9999934434890747
	],
	"26. right_eye": [
		0.4849638342857361,
		0.23443524539470673,
		-0.3312980532646179,
		0.9999946355819702
	],
	"27. left_ear": [
		0.528272807598114,
		0.24039967358112335,
		-0.14544788002967834,
		0.999991774559021
	],
	"28. right_ear": [
		0.47309383749961853,
		0.24353435635566711,
		-0.13044874370098114,
		0.9999951720237732
	],
	"time stamp": 30.0
}