{
	"1. left_hip": [
		0.516062319278717,
		0.5563368201255798,
		0.15628686547279358,
		0.9997749924659729
	],
	"2. left_knee": [
		0.5901325941085815,
		0.7191278338432312,
		0.018304983153939247,
		0.9859102368354797
	],
	"3. left_ankle": [
		0.5544188618659973,
		0.8870264887809753,
		0.17821091413497925,
		0.9869340062141418
	],
	"6. right_hip": [
		0.46911588311195374,
		0.5511378645896912,
		-0.15669478476047516,
		0.9997708201408386
	],
	"7. right_knee": [
		0.4969199001789093,
		0.7319068908691406,
		-0.23085083067417145,
		0.9938107132911682
	],
	"8. right_ankle": [
		0.412645161151886,
		0.8733016848564148,
		0.0004005548544228077,
		0.9931962490081787
	],
	"14. left_shoulder": [
		0.5019193291664124,
		0.32701337337493896,
		0.2556242346763611,
		0.9985947012901306
	],
	"15. left_elbow": [
		0.4945615530014038,
		0.43756431341171265,
		0.39084768295288086,
		0.583572506904602
	],
	"16. left_wrist": [
		0.4979371428489685,
		0.531311571598053,
		0.4510759115219116,
		0.4215218126773834
	],
	"19. right_shoulder": [
		0.47255071997642517,
		0.3162233233451843,
		-0.2665780186653137,
		0.9990910887718201
	],
	"20. right_elbow": [
		0.5559175610542297,
		0.3008570075035095,
		-0.592921793460846,
		0.9764108061790466
	],
	"21. right_wrist": [
		0.5106165409088135,
		0.27276650071144104,
		-0.8208870887756348,
		0.6963118314743042
	],
	"24. nose": [
		0.51997309923172,
		0.25681769847869873,
		-0.08038543909788132,
		0.9998307228088379
	],
	"25. left_eye": [
		0.5149932503700256,
		0.2440824657678604,
		-0.055414941161870956,
		0.9996700286865234
	],
	"26. right_eye": [
		0.507851779460907,
		0.2416124939918518,
		-0.1021026074886322,
		0.9995720982551575
	],
	"27. left_ear": [
		0.505095899105072,
		0.2489473968744278,
		0.08449599891901016,
		0.9996734857559204
	],
	"28. right_ear": [
		0.4888227581977844,
		0.245127871632576,
		-0.13268660008907318,
		0.9996740818023682
	],
	"time stamp": 30.0
}