{
	"1. left_hip": [
		0.5420262217521667,
		0.544325590133667,
		-0.16282276809215546,
		0.9994913935661316
	],
	"2. left_knee": [
		0.5202623605728149,
		0.7299351096153259,
		-0.2140009105205536,
		0.9706339240074158
	],
	"3. left_ankle": [
		0.6264170408248901,
		0.8799542784690857,
		-0.11616452783346176,
		0.9865390658378601
	],
	"6. right_hip": [
		0.5076108574867249,
		0.5481474995613098,
		0.16288533806800842,
		0.9989121556282043
	],
	"7. right_knee": [
		0.45834091305732727,
		0.7178844809532166,
		0.12986089289188385,
		0.8597626686096191
	],
	"8. right_ankle": [
		0.4617657959461212,
		0.8806812763214111,
		0.19523173570632935,
		0.9049332141876221
	],
	"14. left_shoulder": [
		0.5041123032569885,
		0.3034481406211853,
		-0.24142014980316162,
		0.9995415806770325
	],
	"15. left_elbow": [
		0.5449341535568237,
		0.41463136672973633,
		-0.305078387260437,
		0.8199495673179626
	],
	"16. left_wrist": [
		0.5714108943939209,
		0.5077296495437622,
		-0.34527042508125305,
		0.6049575209617615
	],
	"19. right_shoulder": [
		0.48290175199508667,
		0.32460328936576843,
		0.2837885916233063,
		0.998883843421936
	],
	"20. right_elbow": [
		0.4952961504459381,
		0.43401479721069336,
		0.42276158928871155,
		0.5574464797973633
	],
	"21. right_wrist": [
		0.4574894309043884,
		0.4789190888404846,
		0.3095298409461975,
		0.32075434923171997
	],
	"24. nose": [
		0.4616457521915436,
		0.2380765676498413,
		-0.1526772379875183,
		0.9993323087692261
	],
	"25. left_eye": [
		0.47409361600875854,
		0.22574004530906677,
		-0.16501882672309875,
		0.999293863773346
	],
	"26. right_eye": [
		0.46745771169662476,
		0.22426192462444305,
		-0.12116944044828415,
		0.9988910555839539
	],
	"27. left_ear": [
		0.4993307888507843,
		0.23394057154655457,
		-0.14607512950897217,
		0.9992806315422058
	],
	"28. right_ear": [
		0.4816153347492218,
		0.23219147324562073,
		0.051710061728954315,
		0.9987664222717285
	],
	"time stamp": 30.0
}