{
	"1. left_hip": [
		0.616497814655304,
		0.5618906617164612,
		0.036875106394290924,
		0.999805748462677
	],
	"2. left_knee": [
		0.6799319982528687,
		0.7403648495674133,
		-0.05302610248327255,
		0.9922145009040833
	],
	"3. left_ankle": [
		0.7070490717887878,
		0.884623646736145,
		0.24990075826644897,
		0.9952771067619324
	],
	"6. right_hip": [
		0.5360254645347595,
		0.5628907084465027,
		-0.03707447275519371,
		0.9996905326843262
	],
	"7. right_knee": [
		0.4646390378475189,
		0.7336112260818481,
		-0.02587648294866085,
		0.9656082987785339
	],
	"8. right_ankle": [
		0.4212312400341034,
		0.8661113977432251,
		0.3284339904785156,
		0.9767548441886902
	],
	"14. left_shoulder": [
		0.6086258292198181,
		0.3568061888217926,
		0.040491778403520584,
		0.9986875653266907
	],
	"15. left_elbow": [
		0.6123751997947693,
		0.4687471091747284,
		0.09681269526481628,
		0.5270783305168152
	],
	"16. left_wrist": [
		0.6090609431266785,
		0.5482472777366638,
		0.05932769924402237,
		0.40823662281036377
	],
	"19. right_shoulder": [
		0.5125102996826172,
		0.33771631121635437,
		-0.25301307439804077,
		0.999581515789032
	],
	"20. right_elbow": [
		0.6016594171524048,
		0.3478156328201294,
		-0.5063610672950745,
		0.8556278347969055
	],
	"21. right_wrist": [
		0.7171570658683777,
		0.32866808772087097,
		-0.7089245915412903,
		0.8215738534927368
	],
	"24. nose": [
		0.5573238730430603,
		0.26563480496406555,
		-0.433064341545105,
		0.9998313188552856
	],
	"25. left_eye": [
		0.5721395611763,
		0.25637978315353394,
		-0.3924843966960907,
		0.9998040199279785
	],
	"26. right_eye": [
		0.5476067066192627,
		0.25528645515441895,
		-0.40246278047561646,
		0.9997218251228333
	],
	"27. left_ear": [
		0.5860548615455627,
		0.26770883798599243,
		-0.1685287207365036,
		0.9997942447662354
	],
	"28. right_ear": [
		0.5325254201889038,
		0.26582348346710205,
		-0.2094753235578537,
		0.9996762275695801
	],
	"time stamp": 30.0
}