{
	"1. left_hip": [
		0.6152369379997253,
		0.5616174936294556,
		0.036965277045965195,
		0.9998212456703186
	],
	"2. left_knee": [
		0.6790713667869568,
		0.7417062520980835,
		-0.05700840801000595,
		0.9928739070892334
	],
	"3. left_ankle": [
		0.7048255205154419,
		0.8852238059043884,
		0.22901755571365356,
		0.9955629110336304
	],
	"6. right_hip": [
		0.5347439050674438,
		0.5622727870941162,
		-0.03715202212333679,
		0.999717652797699
	],
	"7. right_knee": [
		0.44646304845809937,
		0.7329801917076111,
		-0.05220355838537216,
		0.9689084887504578
	],
	"8. right_ankle": [
		0.4125262498855591,
		0.8621232509613037,
		0.28979137539863586,
		0.9788262844085693
	],
	"14. left_shoulder": [
		0.6174975633621216,
		0.35532110929489136,
		0.06753462553024292,
		0.998669445514679
	],
	"15. left_elbow": [
		0.6089262962341309,
		0.4664376974105835,
		0.07552257925271988,
		0.49957066774368286
	],
	"16. left_wrist": [
		0.6163819432258606,
		0.5478114485740662,
		-0.05234108120203018,
		0.3888237774372101
	],
	"19. right_shoulder": [
		0.5119637250900269,
		0.3363967835903168,
		-0.20619969069957733,
		0.9995964169502258
	],
	"20. right_elbow": [
		0.58443284034729,
		0.3465270698070526,
		-0.5416337847709656,
		0.8694936037063599
	],
	"21. right_wrist": [
		0.6745116114616394,
		0.31950193643569946,
		-0.8296158909797668,
		0.837607741355896
	],
	"24. nose": [
		0.5558293461799622,
		0.264250785112381,
		-0.3696177303791046,
		0.9998448491096497
	],
	"25. left_eye": [
		0.5703749060630798,
		0.2548111379146576,
		-0.3230484127998352,
		0.9998173713684082
	],
	"26. right_eye": [
		0.5451691746711731,
		0.25412601232528687,
		-0.3370877504348755,
		0.9997456669807434
	],
	"27. left_ear": [
		0.5848428606987,
		0.265965074300766,
		-0.08912686258554459,
		0.999804675579071
	],
	"28. right_ear": [
		0.5317143201828003,
		0.26440373063087463,
		-0.14361454546451569,
		0.9997039437294006
	],
	"time stamp": 30.0
}