{
	"1. left_hip": [
		0.5845418572425842,
		0.6001582145690918,
		-0.005133420694619417,
		0.9998794794082642
	],
	"2. left_knee": [
		0.661563515663147,
		0.7706477046012878,
		-0.0875384658575058,
		0.9960304498672485
	],
	"3. left_ankle": [
		0.7009384632110596,
		0.8849087953567505,
		0.30279356241226196,
		0.9971287846565247
	],
	"6. right_hip": [
		0.4985153079032898,
		0.5919164419174194,
		0.004839079454541206,
		0.999813437461853
	],
	"7. right_knee": [
		0.4225858151912689,
		0.7551753520965576,
		-0.04124927520751953,
		0.9847081303596497
	],
	"8. right_ankle": [
		0.3579910397529602,
		0.8817180395126343,
		0.24758148193359375,
		0.9892846345901489
	],
	"14. left_shoulder": [
		0.6259526014328003,
		0.3791922628879547,
		-0.11065804213285446,
		0.9993302822113037
	],
	"15. left_elbow": [
		0.6339739561080933,
		0.482807993888855,
		-0.10926104336977005,
		0.7368999719619751
	],
	"16. left_wrist": [
		0.665584146976471,
		0.5640607476234436,
		-0.3039284348487854,
		0.6625291705131531
	],
	"19. right_shoulder": [
		0.4940294027328491,
		0.38255563378334045,
		-0.07251210510730743,
		0.999663233757019
	],
	"20. right_elbow": [
		0.37306591868400574,
		0.3731881082057953,
		-0.04550674185156822,
		0.9339956641197205
	],
	"21. right_wrist": [
		0.2687520682811737,
		0.3217567503452301,
		-0.17340528964996338,
		0.912369966506958
	],
	"24. nose": [
		0.5493338108062744,
		0.306625097990036,
		-0.4246947467327118,
		0.9999187588691711
	],
	"25. left_eye": [
		0.5626106858253479,
		0.2935231626033783,
		-0.3958965837955475,
		0.9998995065689087
	],
	"26. right_eye": [
		0.5380030870437622,
		0.29596829414367676,
		-0.39203500747680664,
		0.9998525381088257
	],
	"27. left_ear": [
		0.5786212086677551,
		0.29929253458976746,
		-0.21566541492938995,
		0.9998927712440491
	],
	"28. right_ear": [
		0.5294618606567383,
		0.3040328323841095,
		-0.19670239090919495,
		0.9998118877410889
	],
	"time stamp": 30.0
}