{
	"1. left_hip": [
		0.549481987953186,
		0.527910053730011,
		-0.015049404464662075,
		0.9998934864997864
	],
	"2. left_knee": [
		0.5433347225189209,
		0.7229329347610474,
		-0.03451448678970337,
		0.9925357103347778
	],
	"3. left_ankle": [
		0.5272915959358215,
		0.8730544447898865,
		0.23105299472808838,
		0.9902651309967041
	],
	"6. right_hip": [
		0.46888303756713867,
		0.5228314399719238,
		0.014954655431210995,
		0.9998379349708557
	],
	"7. right_knee": [
		0.47985586524009705,
		0.7195306420326233,
		-0.0032375806476920843,
		0.9908732175827026
	],
	"8. right_ankle": [
		0.47804710268974304,
		0.8777421116828918,
		0.27205148339271545,
		0.9884803891181946
	],
	"14. left_shoulder": [
		0.5837468504905701,
		0.2855157256126404,
		-0.01760016568005085,
		0.999758243560791
	],
	"15. left_elbow": [
		0.5886091589927673,
		0.17293889820575714,
		-0.10486023128032684,
		0.9256448745727539
	],
	"16. left_wrist": [
		0.5771280527114868,
		0.07084120064973831,
		-0.19435308873653412,
		0.90501469373703
	],
	"19. right_shoulder": [
		0.46355170011520386,
		0.3181132376194,
		0.06162499263882637,
		0.9997735619544983
	],
	"20. right_elbow": [
		0.4300729036331177,
		0.4398787319660187,
		0.1512497514486313,
		0.9520362019538879
	],
	"21. right_wrist": [
		0.40932753682136536,
		0.5530614852905273,
		0.08892059326171875,
		0.9098386764526367
	],
	"24. nose": [
		0.5206282138824463,
		0.21509769558906555,
		-0.27208229899406433,
		0.999961256980896
	],
	"25. left_eye": [
		0.5363659858703613,
		0.19960035383701324,
		-0.23755985498428345,
		0.9999139308929443
	],
	"26. right_eye": [
		0.5072667598724365,
		0.20427489280700684,
		-0.23606044054031372,
		0.999910831451416
	],
	"27. left_ear": [
		0.5495220422744751,
		0.21346408128738403,
		-0.03928337246179581,
		0.9998515248298645
	],
	"28. right_ear": [
		0.49631065130233765,
		0.21935321390628815,
		-0.06547757983207703,
		0.9998942613601685
	],
	"time stamp": 30.0
}