{
	"1. left_hip": [
		0.5408298373222351,
		0.5273526906967163,
		0.018903333693742752,
		0.9998660683631897
	],
	"2. left_knee": [
		0.6056909561157227,
		0.7125227451324463,
		-0.026435669511556625,
		0.9932671189308167
	],
	"3. left_ankle": [
		0.6547146439552307,
		0.8681357502937317,
		0.24790477752685547,
		0.9874712228775024
	],
	"6. right_hip": [
		0.4509981870651245,
		0.5204800963401794,
		-0.01885107345879078,
		0.9998291730880737
	],
	"7. right_knee": [
		0.40518295764923096,
		0.7130950093269348,
		-0.08497501164674759,
		0.9928622841835022
	],
	"8. right_ankle": [
		0.363383412361145,
		0.8653373718261719,
		0.20600609481334686,
		0.9881822466850281
	],
	"14. left_shoulder": [
		0.5742581486701965,
		0.30134910345077515,
		0.0791277214884758,
		0.9998182654380798
	],
	"15. left_elbow": [
		0.682357132434845,
		0.3268578350543976,
		0.05559810623526573,
		0.9660474061965942
	],
	"16. left_wrist": [
		0.7269461750984192,
		0.2295520007610321,
		-0.12315451353788376,
		0.9538103342056274
	],
	"19. right_shoulder": [
		0.43498119711875916,
		0.3009002208709717,
		-0.0025700738187879324,
		0.999809205532074
	],
	"20. right_elbow": [
		0.4256989061832428,
		0.4199298024177551,
		0.04406595602631569,
		0.9631944894790649
	],
	"21. right_wrist": [
		0.4068540930747986,
		0.5306997299194336,
		-0.07222522795200348,
		0.9225174188613892
	],
	"24. nose": [
		0.511542797088623,
		0.22013984620571136,
		-0.3210313618183136,
		0.9999609589576721
	],
	"25. left_eye": [
		0.5270125865936279,
		0.20619235932826996,
		-0.2813528776168823,
		0.9998518228530884
	],
	"26. right_eye": [
		0.4985409677028656,
		0.20694708824157715,
		-0.2897568345069885,
		0.9998947381973267
	],
	"27. left_ear": [
		0.5367401242256165,
		0.21491222083568573,
		-0.05988132208585739,
		0.9997180700302124
	],
	"28. right_ear": [
		0.4829872250556946,
		0.21413204073905945,
		-0.1018536388874054,
		0.9998701214790344
	],
	"time stamp": 30.0
}