{
	"1. left_hip": [
		0.5331692695617676,
		0.5568006634712219,
		0.014831740409135818,
		0.9998839497566223
	],
	"2. left_knee": [
		0.6088082790374756,
		0.7347939610481262,
		-0.09160905331373215,
		0.9939815998077393
	],
	"3. left_ankle": [
		0.6594635248184204,
		0.8750525712966919,
		0.15382510423660278,
		0.9891833066940308
	],
	"6. right_hip": [
		0.444691002368927,
		0.5479158759117126,
		-0.014822049997746944,
		0.9998490810394287
	],
	"7. right_knee": [
		0.38980141282081604,
		0.7251715660095215,
		-0.06818992644548416,
		0.993664026260376
	],
	"8. right_ankle": [
		0.36034342646598816,
		0.8714089393615723,
		0.22122010588645935,
		0.9897370934486389
	],
	"14. left_shoulder": [
		0.5740349888801575,
		0.33336055278778076,
		0.008425647392868996,
		0.9998515844345093
	],
	"15. left_elbow": [
		0.6739416122436523,
		0.3497024178504944,
		0.0394933819770813,
		0.9719763994216919
	],
	"16. left_wrist": [
		0.7567281126976013,
		0.30816391110420227,
		-0.09179792553186417,
		0.9615268707275391
	],
	"19. right_shoulder": [
		0.4357573986053467,
		0.3413371741771698,
		-0.04357823729515076,
		0.9998422861099243
	],
	"20. right_elbow": [
		0.4248068928718567,
		0.4602334201335907,
		-0.01531781442463398,
		0.9657553434371948
	],
	"21. right_wrist": [
		0.4023337960243225,
		0.5627186894416809,
		-0.15979909896850586,
		0.9297300577163696
	],
	"24. nose": [
		0.5104948282241821,
		0.26514750719070435,
		-0.3656562864780426,
		0.9999681711196899
	],
	"25. left_eye": [
		0.5237609148025513,
		0.24794216454029083,
		-0.3318386971950531,
		0.9998788833618164
	],
	"26. right_eye": [
		0.4956718981266022,
		0.25181031227111816,
		-0.3362203538417816,
		0.9999138712882996
	],
	"27. left_ear": [
		0.5325338244438171,
		0.2533520758152008,
		-0.13080590963363647,
		0.9997697472572327
	],
	"28. right_ear": [
		0.47984713315963745,
		0.2587570250034332,
		-0.14975762367248535,
		0.9998940229415894
	],
	"time stamp": 30.0
}