{
	"1. left_hip": [
		0.5343582630157471,
		0.563528299331665,
		0.004777280613780022,
		0.9999054670333862
	],
	"2. left_knee": [
		0.6129199266433716,
		0.7411521077156067,
		-0.07835102826356888,
		0.9948329925537109
	],
	"3. left_ankle": [
		0.6578146815299988,
		0.8836780786514282,
		0.14752699434757233,
		0.9917728900909424
	],
	"6. right_hip": [
		0.4497425854206085,
		0.5537956357002258,
		-0.0049578361213207245,
		0.9998754262924194
	],
	"7. right_knee": [
		0.39056476950645447,
		0.7337054014205933,
		-0.0896390825510025,
		0.9950402975082397
	],
	"8. right_ankle": [
		0.3597491383552551,
		0.8761114478111267,
		0.17220671474933624,
		0.9924050569534302
	],
	"14. left_shoulder": [
		0.5810287594795227,
		0.3418000042438507,
		-0.16107121109962463,
		0.999901294708252
	],
	"15. left_elbow": [
		0.6909396648406982,
		0.3592078685760498,
		-0.1539153754711151,
		0.9812421798706055
	],
	"16. left_wrist": [
		0.7617692947387695,
		0.3029089570045471,
		-0.3440895974636078,
		0.974054753780365
	],
	"19. right_shoulder": [
		0.4425868093967438,
		0.3614847958087921,
		-0.22149990499019623,
		0.9998915791511536
	],
	"20. right_elbow": [
		0.42441585659980774,
		0.478357195854187,
		-0.1968505084514618,
		0.9718239903450012
	],
	"21. right_wrist": [
		0.3978639245033264,
		0.580409049987793,
		-0.3732968270778656,
		0.9452523589134216
	],
	"24. nose": [
		0.5113569498062134,
		0.2915373146533966,
		-0.5808769464492798,
		0.9999790191650391
	],
	"25. left_eye": [
		0.5244463086128235,
		0.275067001581192,
		-0.5594534277915955,
		0.9999198317527771
	],
	"26. right_eye": [
		0.49728310108184814,
		0.2742483913898468,
		-0.5614577531814575,
		0.9999428391456604
	],
	"27. left_ear": [
		0.5338137149810791,
		0.27581945061683655,
		-0.36092397570610046,
		0.9998476505279541
	],
	"28. right_ear": [
		0.48345717787742615,
		0.2758018374443054,
		-0.36712196469306946,
		0.9999299049377441
	],
	"time stamp": 30.0
}