{
	"1. left_hip": [
		0.5394240021705627,
		0.6229570508003235,
		0.009775706566870213,
		0.9999313950538635
	],
	"2. left_knee": [
		0.6568155288696289,
		0.7553265690803528,
		-0.14304928481578827,
		0.9975186586380005
	],
	"3. left_ankle": [
		0.6641069054603577,
		0.8805919289588928,
		0.18987791240215302,
		0.9965300559997559
	],
	"6. right_hip": [
		0.4512876868247986,
		0.6173643469810486,
		-0.009785211645066738,
		0.9999240040779114
	],
	"7. right_knee": [
		0.35886430740356445,
		0.749344527721405,
		-0.2623467743396759,
		0.9984601140022278
	],
	"8. right_ankle": [
		0.35785892605781555,
		0.8828157782554626,
		0.10148829221725464,
		0.9977294206619263
	],
	"14. left_shoulder": [
		0.5747334957122803,
		0.406302809715271,
		0.010612131096422672,
		0.9999645352363586
	],
	"15. left_elbow": [
		0.6793743371963501,
		0.432050496339798,
		-0.0167231485247612,
		0.9952234029769897
	],
	"16. left_wrist": [
		0.7440205216407776,
		0.3662663400173187,
		-0.20130294561386108,
		0.9920900464057922
	],
	"19. right_shoulder": [
		0.43839403986930847,
		0.41255679726600647,
		-0.02498912625014782,
		0.9999458193778992
	],
	"20. right_elbow": [
		0.41815969347953796,
		0.5233713984489441,
		-0.01918979361653328,
		0.9727901220321655
	],
	"21. right_wrist": [
		0.3928406238555908,
		0.6244828701019287,
		-0.19332608580589294,
		0.957232654094696
	],
	"24. nose": [
		0.514554500579834,
		0.3249335289001465,
		-0.3479475975036621,
		0.9999960660934448
	],
	"25. left_eye": [
		0.5315247774124146,
		0.31415361166000366,
		-0.30570322275161743,
		0.9999837875366211
	],
	"26. right_eye": [
		0.5035378932952881,
		0.3092728555202484,
		-0.3115027844905853,
		0.999988853931427
	],
	"27. left_ear": [
		0.5433788299560547,
		0.32671040296554565,
		-0.10237705707550049,
		0.999968409538269
	],
	"28. right_ear": [
		0.4863406717777252,
		0.31667274236679077,
		-0.12962943315505981,
		0.9999868869781494
	],
	"time stamp": 30.0
}