{
	"1. left_hip": [
		0.5383618474006653,
		0.5734827518463135,
		0.00815023947507143,
		0.9999374151229858
	],
	"2. left_knee": [
		0.6254626512527466,
		0.7447152733802795,
		-0.06897450238466263,
		0.9975761771202087
	],
	"3. left_ankle": [
		0.6561545729637146,
		0.8797777891159058,
		0.21450483798980713,
		0.9968328475952148
	],
	"6. right_hip": [
		0.4518239200115204,
		0.5664588212966919,
		-0.00823716539889574,
		0.9999322295188904
	],
	"7. right_knee": [
		0.38140568137168884,
		0.7358840703964233,
		-0.10613458603620529,
		0.998754620552063
	],
	"8. right_ankle": [
		0.35751163959503174,
		0.8818860650062561,
		0.17339138686656952,
		0.998185396194458
	],
	"14. left_shoulder": [
		0.5770544409751892,
		0.34427064657211304,
		-0.03974518924951553,
		0.9999788403511047
	],
	"15. left_elbow": [
		0.6759344935417175,
		0.38342082500457764,
		-0.02844516932964325,
		0.9969789981842041
	],
	"16. left_wrist": [
		0.7417401075363159,
		0.32048413157463074,
		-0.21951229870319366,
		0.994705855846405
	],
	"19. right_shoulder": [
		0.44416922330856323,
		0.3641730546951294,
		-0.09771105647087097,
		0.999965250492096
	],
	"20. right_elbow": [
		0.4164077043533325,
		0.4803575277328491,
		-0.07819744944572449,
		0.9791587591171265
	],
	"21. right_wrist": [
		0.3861272633075714,
		0.5833038687705994,
		-0.24607793986797333,
		0.9704439640045166
	],
	"24. nose": [
		0.5171555876731873,
		0.291649729013443,
		-0.4230327308177948,
		0.9999977946281433
	],
	"25. left_eye": [
		0.5318376421928406,
		0.2781981825828552,
		-0.3927900493144989,
		0.9999904036521912
	],
	"26. right_eye": [
		0.5047880411148071,
		0.27280494570732117,
		-0.3987382650375366,
		0.9999934434890747
	],
	"27. left_ear": [
		0.5425642132759094,
		0.28284400701522827,
		-0.19101719558238983,
		0.999981164932251
	],
	"28. right_ear": [
		0.4884071350097656,
		0.2747352719306946,
		-0.2178066521883011,
		0.9999924898147583
	],
	"time stamp": 30.0
}