{
	"1. left_hip": [
		0.5054118633270264,
		0.520526647567749,
		-0.06607554852962494,
		0.9999616146087646
	],
	"2. left_knee": [
		0.4361365735530853,
		0.5950501561164856,
		-0.5801138281822205,
		0.9972530603408813
	],
	"3. left_ankle": [
		0.5089668035507202,
		0.7212889790534973,
		-0.24430416524410248,
		0.9872751235961914
	],
	"6. right_hip": [
		0.4299679696559906,
		0.5253050923347473,
		0.06589604169130325,
		0.9999615550041199
	],
	"7. right_knee": [
		0.4004720151424408,
		0.7073988318443298,
		0.005406256299465895,
		0.9939182996749878
	],
	"8. right_ankle": [
		0.4082139730453491,
		0.8794206380844116,
		0.14632782340049744,
		0.9963374137878418
	],
	"14. left_shoulder": [
		0.5336325168609619,
		0.30121713876724243,
		-0.1049429252743721,
		0.9999693632125854
	],
	"15. left_elbow": [
		0.6064329743385315,
		0.27418896555900574,
		-0.2661365270614624,
		0.9982877373695374
	],
	"16. left_wrist": [
		0.5647221207618713,
		0.1992221176624298,
		-0.390150249004364,
		0.9916808009147644
	],
	"19. right_shoulder": [
		0.4228493869304657,
		0.32834377884864807,
		0.11298982053995132,
		0.9999607801437378
	],
	"20. right_elbow": [
		0.4197063148021698,
		0.43755558133125305,
		0.2184002697467804,
		0.8995134234428406
	],
	"21. right_wrist": [
		0.39607271552085876,
		0.5277302861213684,
		0.16141651570796967,
		0.9058395028114319
	],
	"24. nose": [
		0.46331295371055603,
		0.2217237651348114,
		-0.2926110327243805,
		0.9999979734420776
	],
	"25. left_eye": [
		0.4768317639827728,
		0.21215026080608368,
		-0.2557148337364197,
		0.9999920725822449
	],
	"26. right_eye": [
		0.454154372215271,
		0.2132171392440796,
		-0.24660547077655792,
		0.9999914169311523
	],
	"27. left_ear": [
		0.4998750388622284,
		0.2233428955078125,
		-0.08144796639680862,
		0.9999915361404419
	],
	"28. right_ear": [
		0.44813966751098633,
		0.22610047459602356,
		-0.03650235757231712,
		0.9999827146530151
	],
	"time stamp": 30.0
}