{
	"1. left_hip": [
		0.4879419207572937,
		0.5374611020088196,
		-0.17794831097126007,
		0.9999671578407288
	],
	"2. left_knee": [
		0.4154416024684906,
		0.7073603868484497,
		-0.3095477521419525,
		0.9940378665924072
	],
	"3. left_ankle": [
		0.5437110662460327,
		0.8630712032318115,
		-0.2763763964176178,
		0.9863103032112122
	],
	"6. right_hip": [
		0.45139676332473755,
		0.5420795679092407,
		0.17772652208805084,
		0.9999544024467468
	],
	"7. right_knee": [
		0.4018182158470154,
		0.7088064551353455,
		0.027035444974899292,
		0.9278706312179565
	],
	"8. right_ankle": [
		0.4257282614707947,
		0.88044273853302,
		0.088963083922863,
		0.9766350388526917
	],
	"14. left_shoulder": [
		0.49977001547813416,
		0.29707324504852295,
		-0.20402435958385468,
		0.9999473094940186
	],
	"15. left_elbow": [
		0.5408953428268433,
		0.29725027084350586,
		-0.579866349697113,
		0.9967786073684692
	],
	"16. left_wrist": [
		0.5226199626922607,
		0.31456536054611206,
		-0.8605918288230896,
		0.9644707441329956
	],
	"19. right_shoulder": [
		0.44443222880363464,
		0.32724282145500183,
		0.2769004702568054,
		0.9998571872711182
	],
	"20. right_elbow": [
		0.4553665220737457,
		0.4241483807563782,
		0.4398634731769562,
		0.6297031044960022
	],
	"21. right_wrist": [
		0.4400828182697296,
		0.5001949071884155,
		0.4337378740310669,
		0.6673954725265503
	],
	"24. nose": [
		0.44786232709884644,
		0.22823745012283325,
		-0.22621572017669678,
		0.9999858140945435
	],
	"25. left_eye": [
		0.46600693464279175,
		0.2167493849992752,
		-0.2062063366174698,
		0.9999675154685974
	],
	"26. right_eye": [
		0.44363075494766235,
		0.2184491902589798,
		-0.17721779644489288,
		0.9999575018882751
	],
	"27. left_ear": [
		0.49036353826522827,
		0.2274652123451233,
		-0.08341939747333527,
		0.9999602437019348
	],
	"28. right_ear": [
		0.44466638565063477,
		0.23112019896507263,
		0.05686163902282715,
		0.9999130368232727
	],
	"time stamp": 30.0
}