{
	"1. left_hip": [
		0.5307797193527222,
		0.5295355319976807,
		-0.1612338423728943,
		0.9999485015869141
	],
	"2. left_knee": [
		0.535415768623352,
		0.7296934127807617,
		-0.27863219380378723,
		0.9950587153434753
	],
	"3. left_ankle": [
		0.6119630336761475,
		0.8984239101409912,
		-0.2771524488925934,
		0.9930096864700317
	],
	"6. right_hip": [
		0.47052001953125,
		0.5395504236221313,
		0.16124312579631805,
		0.9999154210090637
	],
	"7. right_knee": [
		0.39915338158607483,
		0.7110633254051208,
		0.057148728519678116,
		0.9193125367164612
	],
	"8. right_ankle": [
		0.440950870513916,
		0.8875879645347595,
		0.067635178565979,
		0.9683948755264282
	],
	"14. left_shoulder": [
		0.5266526341438293,
		0.29364994168281555,
		-0.026906853541731834,
		0.9999709725379944
	],
	"15. left_elbow": [
		0.4808269143104553,
		0.35126200318336487,
		-0.19463852047920227,
		0.9911213517189026
	],
	"16. left_wrist": [
		0.44114863872528076,
		0.3995383679866791,
		-0.28067895770072937,
		0.9601964950561523
	],
	"19. right_shoulder": [
		0.46972036361694336,
		0.33571067452430725,
		0.4318583905696869,
		0.9997455477714539
	],
	"20. right_elbow": [
		0.45088931918144226,
		0.42030903697013855,
		0.4668352007865906,
		0.3446996808052063
	],
	"21. right_wrist": [
		0.41194242238998413,
		0.4756453335285187,
		0.2978232502937317,
		0.4728178381919861
	],
	"24. nose": [
		0.45547065138816833,
		0.245406836271286,
		0.029667021706700325,
		0.9999814629554749
	],
	"25. left_eye": [
		0.47295281291007996,
		0.23047533631324768,
		0.03206706419587135,
		0.9999704360961914
	],
	"26. right_eye": [
		0.4519043266773224,
		0.23412162065505981,
		0.06710824370384216,
		0.999954342842102
	],
	"27. left_ear": [
		0.49671074748039246,
		0.23573510348796844,
		0.09268007427453995,
		0.9999677538871765
	],
	"28. right_ear": [
		0.45979195833206177,
		0.24123020470142365,
		0.2564258277416229,
		0.9999115467071533
	],
	"time stamp": 30.0
}