{
	"1. left_hip": [
		0.5860130786895752,
		0.527439296245575,
		0.07908423990011215,
		0.9999295473098755
	],
	"2. left_knee": [
		0.6098777055740356,
		0.7331825494766235,
		-0.07876021414995193,
		0.9942410588264465
	],
	"3. left_ankle": [
		0.58025062084198,
		0.8961971998214722,
		0.18766115605831146,
		0.98859041929245
	],
	"6. right_hip": [
		0.5076438188552856,
		0.5308459997177124,
		-0.0792185515165329,
		0.9998942017555237
	],
	"7. right_knee": [
		0.5026386976242065,
		0.7266111373901367,
		-0.14172318577766418,
		0.9661639332771301
	],
	"8. right_ankle": [
		0.45953166484832764,
		0.8258321285247803,
		0.381496399641037,
		0.9596403241157532
	],
	"14. left_shoulder": [
		0.5826528668403625,
		0.3166812062263489,
		0.17845052480697632,
		0.9996016025543213
	],
	"15. left_elbow": [
		0.6343646049499512,
		0.39095360040664673,
		0.08541537076234818,
		0.9675412774085999
	],
	"16. left_wrist": [
		0.6832951307296753,
		0.2973710894584656,
		-0.19002898037433624,
		0.9525979161262512
	],
	"19. right_shoulder": [
		0.4522961378097534,
		0.30727970600128174,
		-0.0483534075319767,
		0.9997448921203613
	],
	"20. right_elbow": [
		0.36634954810142517,
		0.3650527000427246,
		-0.3186855614185333,
		0.7406397461891174
	],
	"21. right_wrist": [
		0.43799418210983276,
		0.2791328728199005,
		-0.6067727208137512,
		0.8011084794998169
	],
	"24. nose": [
		0.5339795351028442,
		0.20572280883789062,
		-0.2809206545352936,
		0.9999851584434509
	],
	"25. left_eye": [
		0.5456973314285278,
		0.19906584918498993,
		-0.23283100128173828,
		0.9999734163284302
	],
	"26. right_eye": [
		0.520196259021759,
		0.19954128563404083,
		-0.2500537037849426,
		0.9999674558639526
	],
	"27. left_ear": [
		0.5541524291038513,
		0.2119370847940445,
		-0.020430782809853554,
		0.9999671578407288
	],
	"28. right_ear": [
		0.49919238686561584,
		0.215716153383255,
		-0.07901471108198166,
		0.9999475479125977
	],
	"time stamp": 30.0
}