{
	"1. left_hip": [
		0.588263988494873,
		0.53183513879776,
		0.08041337132453918,
		0.9999326467514038
	],
	"2. left_knee": [
		0.6157448887825012,
		0.7333115339279175,
		-0.07166991382837296,
		0.9922987222671509
	],
	"3. left_ankle": [
		0.5832126140594482,
		0.8998005390167236,
		0.18367014825344086,
		0.9855450391769409
	],
	"6. right_hip": [
		0.5103305578231812,
		0.5346594452857971,
		-0.08047927170991898,
		0.9998918175697327
	],
	"7. right_knee": [
		0.5569212436676025,
		0.7253252863883972,
		-0.26482269167900085,
		0.970789909362793
	],
	"8. right_ankle": [
		0.48919034004211426,
		0.8223334550857544,
		0.23451675474643707,
		0.9437742233276367
	],
	"14. left_shoulder": [
		0.5899428725242615,
		0.333305686712265,
		0.14215078949928284,
		0.99967360496521
	],
	"15. left_elbow": [
		0.6399916410446167,
		0.4363569915294647,
		-0.047835905104875565,
		0.9647566080093384
	],
	"16. left_wrist": [
		0.6367689967155457,
		0.36984366178512573,
		-0.5003199577331543,
		0.9595321416854858
	],
	"19. right_shoulder": [
		0.45352691411972046,
		0.29926010966300964,
		-0.02685585804283619,
		0.9997910261154175
	],
	"20. right_elbow": [
		0.3448560833930969,
		0.3097638189792633,
		-0.16191735863685608,
		0.7897001504898071
	],
	"21. right_wrist": [
		0.4212387502193451,
		0.3280656337738037,
		-0.5537965893745422,
		0.8359087705612183
	],
	"24. nose": [
		0.5470472574234009,
		0.2186361700296402,
		-0.30699190497398376,
		0.999987006187439
	],
	"25. left_eye": [
		0.5589447021484375,
		0.2130233496427536,
		-0.2651307284832001,
		0.999976634979248
	],
	"26. right_eye": [
		0.532768189907074,
		0.20573709905147552,
		-0.2854604721069336,
		0.9999715089797974
	],
	"27. left_ear": [
		0.5666083693504333,
		0.22931694984436035,
		-0.01536858081817627,
		0.9999692440032959
	],
	"28. right_ear": [
		0.5142977237701416,
		0.2167685329914093,
		-0.12465030699968338,
		0.9999566674232483
	],
	"time stamp": 30.0
}