{
	"1. left_hip": [
		0.574511706829071,
		0.5267333388328552,
		0.12254875153303146,
		0.9997266530990601
	],
	"2. left_knee": [
		0.621764600276947,
		0.7099661231040955,
		-0.026387739926576614,
		0.9659697413444519
	],
	"3. left_ankle": [
		0.5744760632514954,
		0.8814592957496643,
		0.16596591472625732,
		0.9639906287193298
	],
	"6. right_hip": [
		0.5047807693481445,
		0.5283998847007751,
		-0.12252965569496155,
		0.9997644424438477
	],
	"7. right_knee": [
		0.575833797454834,
		0.7001853585243225,
		-0.3441498279571533,
		0.9811865091323853
	],
	"8. right_ankle": [
		0.5170796513557434,
		0.8676209449768066,
		-0.0941406637430191,
		0.9601775407791138
	],
	"14. left_shoulder": [
		0.5894910097122192,
		0.3330857455730438,
		0.1500508189201355,
		0.9997912049293518
	],
	"15. left_elbow": [
		0.6337603330612183,
		0.4331737458705902,
		0.031284160912036896,
		0.9203200340270996
	],
	"16. left_wrist": [
		0.5585684776306152,
		0.41322359442710876,
		-0.3599083423614502,
		0.952685534954071
	],
	"19. right_shoulder": [
		0.4669528007507324,
		0.280436247587204,
		-0.07811324298381805,
		0.9998842477798462
	],
	"20. right_elbow": [
		0.3598550260066986,
		0.2621275782585144,
		-0.049374304711818695,
		0.8876447081565857
	],
	"21. right_wrist": [
		0.3764675259590149,
		0.36992737650871277,
		-0.019522836431860924,
		0.9014172554016113
	],
	"24. nose": [
		0.559431791305542,
		0.2283940613269806,
		-0.300224632024765,
		0.9999828338623047
	],
	"25. left_eye": [
		0.5687234401702881,
		0.22318488359451294,
		-0.2613967955112457,
		0.9999620318412781
	],
	"26. right_eye": [
		0.5445353984832764,
		0.2149738371372223,
		-0.2983427941799164,
		0.9999656081199646
	],
	"27. left_ear": [
		0.5731528997421265,
		0.23806114494800568,
		-0.024550816044211388,
		0.9999321699142456
	],
	"28. right_ear": [
		0.5231881141662598,
		0.22105978429317474,
		-0.1566837728023529,
		0.999967098236084
	],
	"time stamp": 30.0
}