{
	"1. left_hip": [
		0.5391870141029358,
		0.5295811295509338,
		0.13382863998413086,
		0.999815821647644
	],
	"2. left_knee": [
		0.5917336344718933,
		0.7212255597114563,
		-0.0344279520213604,
		0.9747887253761292
	],
	"3. left_ankle": [
		0.5751162171363831,
		0.8976292014122009,
		0.2052578330039978,
		0.9730377793312073
	],
	"6. right_hip": [
		0.4647153317928314,
		0.5222247838973999,
		-0.13383761048316956,
		0.9998162388801575
	],
	"7. right_knee": [
		0.44405725598335266,
		0.7180337905883789,
		-0.23166315257549286,
		0.9861918687820435
	],
	"8. right_ankle": [
		0.3482323884963989,
		0.8530391454696655,
		0.08958040177822113,
		0.9675431251525879
	],
	"14. left_shoulder": [
		0.5486716628074646,
		0.32545915246009827,
		0.3170025646686554,
		0.9998478889465332
	],
	"15. left_elbow": [
		0.5614712238311768,
		0.4259907901287079,
		0.3711468279361725,
		0.8354490995407104
	],
	"16. left_wrist": [
		0.5795234441757202,
		0.5230668187141418,
		0.2207697182893753,
		0.8932334184646606
	],
	"19. right_shoulder": [
		0.4510446786880493,
		0.27156779170036316,
		-0.11873538792133331,
		0.9999160766601562
	],
	"20. right_elbow": [
		0.43556666374206543,
		0.34908539056777954,
		-0.4451696574687958,
		0.9326934218406677
	],
	"21. right_wrist": [
		0.5391963720321655,
		0.3199869990348816,
		-0.746624767780304,
		0.9283968806266785
	],
	"24. nose": [
		0.5350379347801208,
		0.21226085722446442,
		-0.17212849855422974,
		0.9999765753746033
	],
	"25. left_eye": [
		0.5457329154014587,
		0.20588110387325287,
		-0.12440694123506546,
		0.9999523758888245
	],
	"26. right_eye": [
		0.5223287343978882,
		0.19862407445907593,
		-0.15976299345493317,
		0.9999527335166931
	],
	"27. left_ear": [
		0.547839879989624,
		0.2161690890789032,
		0.12378692626953125,
		0.9999204874038696
	],
	"28. right_ear": [
		0.4942798316478729,
		0.20573315024375916,
		-0.04141233116388321,
		0.9999638795852661
	],
	"time stamp": 30.0
}