{
	"1. left_hip": [
		0.5255427360534668,
		0.5273584723472595,
		0.1021440178155899,
		0.9999244213104248
	],
	"2. left_knee": [
		0.5427768230438232,
		0.7344438433647156,
		-0.05768261104822159,
		0.9864888787269592
	],
	"3. left_ankle": [
		0.5389624834060669,
		0.8986397385597229,
		0.09111898392438889,
		0.9902036190032959
	],
	"6. right_hip": [
		0.44218337535858154,
		0.5170266628265381,
		-0.10248161107301712,
		0.9998487234115601
	],
	"7. right_knee": [
		0.45622190833091736,
		0.6853836178779602,
		-0.14827094972133636,
		0.9950774908065796
	],
	"8. right_ankle": [
		0.4501931369304657,
		0.7372593283653259,
		0.4900827705860138,
		0.9403943419456482
	],
	"14. left_shoulder": [
		0.5568118095397949,
		0.2865697741508484,
		0.16687072813510895,
		0.9985337257385254
	],
	"15. left_elbow": [
		0.580148458480835,
		0.31053030490875244,
		0.10242381691932678,
		0.2828330099582672
	],
	"16. left_wrist": [
		0.5738273859024048,
		0.3640839457511902,
		-0.0728207603096962,
		0.3012784421443939
	],
	"19. right_shoulder": [
		0.4617804288864136,
		0.272964745759964,
		-0.22366970777511597,
		0.9996564984321594
	],
	"20. right_elbow": [
		0.5568608045578003,
		0.28001803159713745,
		-0.44552379846572876,
		0.9801528453826904
	],
	"21. right_wrist": [
		0.6679583787918091,
		0.24117183685302734,
		-0.5014365911483765,
		0.9538488984107971
	],
	"24. nose": [
		0.5304885506629944,
		0.20350918173789978,
		-0.26278072595596313,
		0.9999372959136963
	],
	"25. left_eye": [
		0.5368163585662842,
		0.1935204565525055,
		-0.22308366000652313,
		0.9998607039451599
	],
	"26. right_eye": [
		0.5135918259620667,
		0.18851996958255768,
		-0.24889138340950012,
		0.999910295009613
	],
	"27. left_ear": [
		0.5375511646270752,
		0.20232921838760376,
		-0.005540479905903339,
		0.9995429515838623
	],
	"28. right_ear": [
		0.4887458384037018,
		0.1982986181974411,
		-0.1149430200457573,
		0.9999428987503052
	],
	"time stamp": 30.0
}