{
	"1. left_hip": [
		0.5483911037445068,
		0.5484064817428589,
		0.12121429294347763,
		0.999841570854187
	],
	"2. left_knee": [
		0.6336857676506042,
		0.6983500123023987,
		-0.11464472115039825,
		0.9795756936073303
	],
	"3. left_ankle": [
		0.5753157138824463,
		0.8608617782592773,
		0.21580356359481812,
		0.9723169207572937
	],
	"6. right_hip": [
		0.47084006667137146,
		0.5485795140266418,
		-0.12113521248102188,
		0.9998379349708557
	],
	"7. right_knee": [
		0.4821012616157532,
		0.7390477657318115,
		-0.19485346972942352,
		0.9907045364379883
	],
	"8. right_ankle": [
		0.47902989387512207,
		0.8877615332603455,
		0.12968821823596954,
		0.9398045539855957
	],
	"14. left_shoulder": [
		0.5455366969108582,
		0.3309416174888611,
		0.20409783720970154,
		0.9987486004829407
	],
	"15. left_elbow": [
		0.5558432340621948,
		0.43094316124916077,
		0.2855200469493866,
		0.22135131061077118
	],
	"16. left_wrist": [
		0.5507116317749023,
		0.5333239436149597,
		0.11737333983182907,
		0.2331310361623764
	],
	"19. right_shoulder": [
		0.4589100182056427,
		0.31491419672966003,
		-0.23906894028186798,
		0.9997711777687073
	],
	"20. right_elbow": [
		0.5530494451522827,
		0.3907080292701721,
		-0.29191792011260986,
		0.9918184876441956
	],
	"21. right_wrist": [
		0.6604151725769043,
		0.4300729036331177,
		-0.31040218472480774,
		0.9768999218940735
	],
	"24. nose": [
		0.5145204067230225,
		0.25938135385513306,
		-0.3391451835632324,
		0.9999412298202515
	],
	"25. left_eye": [
		0.5245177149772644,
		0.24694044888019562,
		-0.2951161861419678,
		0.999853789806366
	],
	"26. right_eye": [
		0.4995473623275757,
		0.2438892424106598,
		-0.32143935561180115,
		0.9999129772186279
	],
	"27. left_ear": [
		0.5291115641593933,
		0.2524646818637848,
		-0.05619310960173607,
		0.9995467662811279
	],
	"28. right_ear": [
		0.480313777923584,
		0.2487078756093979,
		-0.16844069957733154,
		0.9999229907989502
	],
	"time stamp": 30.0
}