{
	"1. left_hip": [
		0.5681860446929932,
		0.5315791368484497,
		0.026089193299412727,
		0.9998359084129333
	],
	"2. left_knee": [
		0.6399580836296082,
		0.7073543071746826,
		-0.048945628106594086,
		0.9854804873466492
	],
	"3. left_ankle": [
		0.6501365900039673,
		0.8512629270553589,
		0.2682638168334961,
		0.9788139462471008
	],
	"6. right_hip": [
		0.4864523112773895,
		0.5369316339492798,
		-0.02596350573003292,
		0.99983811378479
	],
	"7. right_knee": [
		0.47450846433639526,
		0.7389351725578308,
		-0.05270786210894585,
		0.9929754734039307
	],
	"8. right_ankle": [
		0.48164981603622437,
		0.8810167908668518,
		0.2037656158208847,
		0.9595201015472412
	],
	"14. left_shoulder": [
		0.574350893497467,
		0.31785622239112854,
		-0.04963848367333412,
		0.9991472959518433
	],
	"15. left_elbow": [
		0.6024899482727051,
		0.42032915353775024,
		0.043249841779470444,
		0.428725004196167
	],
	"16. left_wrist": [
		0.6103553175926208,
		0.5215082764625549,
		-0.14389784634113312,
		0.4473539888858795
	],
	"19. right_shoulder": [
		0.4456864595413208,
		0.3115173876285553,
		-0.12352564185857773,
		0.99983811378479
	],
	"20. right_elbow": [
		0.473495215177536,
		0.42677488923072815,
		-0.16895003616809845,
		0.9898902773857117
	],
	"21. right_wrist": [
		0.5508986115455627,
		0.49464425444602966,
		-0.30900290608406067,
		0.9780082702636719
	],
	"24. nose": [
		0.5090739727020264,
		0.25593075156211853,
		-0.46631017327308655,
		0.9999450445175171
	],
	"25. left_eye": [
		0.5243639349937439,
		0.24164986610412598,
		-0.4436493217945099,
		0.9998582601547241
	],
	"26. right_eye": [
		0.4960577189922333,
		0.23829059302806854,
		-0.45165061950683594,
		0.999896228313446
	],
	"27. left_ear": [
		0.5351658463478088,
		0.2469867765903473,
		-0.23937149345874786,
		0.9996288418769836
	],
	"28. right_ear": [
		0.47995176911354065,
		0.24311812222003937,
		-0.2733810245990753,
		0.9999036192893982
	],
	"time stamp": 30.0
}