{
	"1. left_hip": [
		0.5762492418289185,
		0.5314418077468872,
		-0.019131382927298546,
		0.9998210072517395
	],
	"2. left_knee": [
		0.6397929787635803,
		0.7259533405303955,
		-0.06883011013269424,
		0.9866945147514343
	],
	"3. left_ankle": [
		0.660262942314148,
		0.8540557026863098,
		0.23462367057800293,
		0.9805178642272949
	],
	"6. right_hip": [
		0.4925529956817627,
		0.5365427136421204,
		0.01910446397960186,
		0.9998295307159424
	],
	"7. right_knee": [
		0.46696093678474426,
		0.734535813331604,
		-0.03572041168808937,
		0.9933040142059326
	],
	"8. right_ankle": [
		0.49031585454940796,
		0.8803116679191589,
		0.244404137134552,
		0.963306188583374
	],
	"14. left_shoulder": [
		0.5805957913398743,
		0.31672415137290955,
		-0.12769950926303864,
		0.9992309212684631
	],
	"15. left_elbow": [
		0.6138466000556946,
		0.4209025204181671,
		-0.013601102866232395,
		0.48387372493743896
	],
	"16. left_wrist": [
		0.6218335628509521,
		0.5305325984954834,
		-0.19944337010383606,
		0.49895116686820984
	],
	"19. right_shoulder": [
		0.44369006156921387,
		0.3161614239215851,
		-0.14158250391483307,
		0.99985271692276
	],
	"20. right_elbow": [
		0.4549824595451355,
		0.43196550011634827,
		-0.14023055136203766,
		0.9890183806419373
	],
	"21. right_wrist": [
		0.5203282237052917,
		0.5019724369049072,
		-0.3076755106449127,
		0.9784063100814819
	],
	"24. nose": [
		0.5146077275276184,
		0.2594430446624756,
		-0.531639039516449,
		0.9999493956565857
	],
	"25. left_eye": [
		0.5289748907089233,
		0.24369043111801147,
		-0.5122028589248657,
		0.9998660683631897
	],
	"26. right_eye": [
		0.5006734728813171,
		0.23979581892490387,
		-0.5195000171661377,
		0.9999023079872131
	],
	"27. left_ear": [
		0.5391629934310913,
		0.24709591269493103,
		-0.3127190172672272,
		0.9996561408042908
	],
	"28. right_ear": [
		0.48255276679992676,
		0.24320225417613983,
		-0.3429907560348511,
		0.9999087452888489
	],
	"time stamp": 30.0
}