{
	"1. left_hip": [
		0.5957263708114624,
		0.5455211400985718,
		-0.047564465552568436,
		0.999776303768158
	],
	"2. left_knee": [
		0.6391743421554565,
		0.7340443134307861,
		-0.16989104449748993,
		0.9896671772003174
	],
	"3. left_ankle": [
		0.6547205448150635,
		0.8717731833457947,
		0.1343385875225067,
		0.9848455786705017
	],
	"6. right_hip": [
		0.5133553147315979,
		0.5557704567909241,
		0.047470007091760635,
		0.9998176097869873
	],
	"7. right_knee": [
		0.4510965049266815,
		0.7324594259262085,
		-0.08333181589841843,
		0.9941702485084534
	],
	"8. right_ankle": [
		0.5243285298347473,
		0.8811845779418945,
		0.21332067251205444,
		0.9725172519683838
	],
	"14. left_shoulder": [
		0.5903600454330444,
		0.32400599122047424,
		-0.17358562350273132,
		0.9994379281997681
	],
	"15. left_elbow": [
		0.6913408637046814,
		0.3835303783416748,
		-0.0795544907450676,
		0.6232054233551025
	],
	"16. left_wrist": [
		0.6862653493881226,
		0.4684406816959381,
		-0.26644572615623474,
		0.6324780583381653
	],
	"19. right_shoulder": [
		0.4517573118209839,
		0.3410719037055969,
		-0.0955655500292778,
		0.9998884201049805
	],
	"20. right_elbow": [
		0.37621545791625977,
		0.4226616621017456,
		0.0227385051548481,
		0.9898632764816284
	],
	"21. right_wrist": [
		0.43080151081085205,
		0.49547550082206726,
		-0.12029549479484558,
		0.9808670282363892
	],
	"24. nose": [
		0.5247031450271606,
		0.2815611660480499,
		-0.534670889377594,
		0.9999621510505676
	],
	"25. left_eye": [
		0.5389902591705322,
		0.26604634523391724,
		-0.5136075615882874,
		0.9998967051506042
	],
	"26. right_eye": [
		0.5095489621162415,
		0.2648867964744568,
		-0.5135481357574463,
		0.9999251961708069
	],
	"27. left_ear": [
		0.5512090921401978,
		0.26882410049438477,
		-0.31922680139541626,
		0.9997431039810181
	],
	"28. right_ear": [
		0.49359071254730225,
		0.2665501534938812,
		-0.3173808157444,
		0.9999301433563232
	],
	"time stamp": 30.0
}