{
	"1. left_hip": [
		0.5973566770553589,
		0.5514338612556458,
		-0.02774634398519993,
		0.9997542500495911
	],
	"2. left_knee": [
		0.6429017186164856,
		0.7425562739372253,
		-0.15312331914901733,
		0.9925035238265991
	],
	"3. left_ankle": [
		0.6575442552566528,
		0.8743807673454285,
		0.17096146941184998,
		0.9881685376167297
	],
	"6. right_hip": [
		0.5166711807250977,
		0.5613295435905457,
		0.02789904549717903,
		0.9997994899749756
	],
	"7. right_knee": [
		0.4218183755874634,
		0.7038341164588928,
		-0.1833333522081375,
		0.9954736828804016
	],
	"8. right_ankle": [
		0.4631560742855072,
		0.8469529151916504,
		0.15412001311779022,
		0.9819916486740112
	],
	"14. left_shoulder": [
		0.593109667301178,
		0.3288213014602661,
		0.02653786912560463,
		0.9996639490127563
	],
	"15. left_elbow": [
		0.6729388236999512,
		0.39765581488609314,
		-0.014495566487312317,
		0.7765153050422668
	],
	"16. left_wrist": [
		0.7230975031852722,
		0.32802242040634155,
		-0.30000701546669006,
		0.7813072204589844
	],
	"19. right_shoulder": [
		0.4587289094924927,
		0.33570733666419983,
		0.047191958874464035,
		0.9999163746833801
	],
	"20. right_elbow": [
		0.38343900442123413,
		0.42778244614601135,
		0.09252849966287613,
		0.9926449656486511
	],
	"21. right_wrist": [
		0.3419470489025116,
		0.35128888487815857,
		-0.10934735089540482,
		0.9874163269996643
	],
	"24. nose": [
		0.5362492203712463,
		0.28338685631752014,
		-0.34187546372413635,
		0.999976396560669
	],
	"25. left_eye": [
		0.5484215021133423,
		0.26853644847869873,
		-0.31674301624298096,
		0.9999326467514038
	],
	"26. right_eye": [
		0.5233054161071777,
		0.26537489891052246,
		-0.3173930048942566,
		0.9999487996101379
	],
	"27. left_ear": [
		0.5573993921279907,
		0.26875394582748413,
		-0.12314309924840927,
		0.999840497970581
	],
	"28. right_ear": [
		0.5033345222473145,
		0.26481491327285767,
		-0.12918463349342346,
		0.9999540448188782
	],
	"time stamp": 30.0
}