{
	"1. left_hip": [
		0.5398207306861877,
		0.59117192029953,
		0.09376250207424164,
		0.9998411536216736
	],
	"2. left_knee": [
		0.6657835841178894,
		0.7156307697296143,
		-0.07748100161552429,
		0.993472695350647
	],
	"3. left_ankle": [
		0.6162363886833191,
		0.8764365911483765,
		0.17514219880104065,
		0.9911636114120483
	],
	"6. right_hip": [
		0.4532771110534668,
		0.5787819623947144,
		-0.0937483161687851,
		0.99984210729599
	],
	"7. right_knee": [
		0.4121280610561371,
		0.7471957802772522,
		-0.1348884105682373,
		0.996046245098114
	],
	"8. right_ankle": [
		0.35698944330215454,
		0.8769999742507935,
		0.12944310903549194,
		0.988599956035614
	],
	"14. left_shoulder": [
		0.5891479253768921,
		0.37220340967178345,
		0.07265772670507431,
		0.9998100399971008
	],
	"15. left_elbow": [
		0.6006261706352234,
		0.4753636121749878,
		0.1457376331090927,
		0.8431495428085327
	],
	"16. left_wrist": [
		0.5855817198753357,
		0.5688074827194214,
		-0.061079706996679306,
		0.854093611240387
	],
	"19. right_shoulder": [
		0.4474707245826721,
		0.37319788336753845,
		-0.11950954049825668,
		0.9999261498451233
	],
	"20. right_elbow": [
		0.41038742661476135,
		0.46295809745788574,
		-0.22355517745018005,
		0.984480082988739
	],
	"21. right_wrist": [
		0.41684073209762573,
		0.5150957107543945,
		-0.5385262966156006,
		0.9799007773399353
	],
	"24. nose": [
		0.518628716468811,
		0.2991568446159363,
		-0.39809107780456543,
		0.9999836683273315
	],
	"25. left_eye": [
		0.5328883528709412,
		0.28389808535575867,
		-0.36108988523483276,
		0.9999570250511169
	],
	"26. right_eye": [
		0.5032005906105042,
		0.2839049994945526,
		-0.3728483021259308,
		0.999961793422699
	],
	"27. left_ear": [
		0.5450994968414307,
		0.28866806626319885,
		-0.13067442178726196,
		0.9999045133590698
	],
	"28. right_ear": [
		0.4908568859100342,
		0.28962263464927673,
		-0.18470950424671173,
		0.9999648928642273
	],
	"time stamp": 30.0
}