{
	"1. left_hip": [
		0.5347395539283752,
		0.5871651768684387,
		0.08284395188093185,
		0.9998704791069031
	],
	"2. left_knee": [
		0.6572020649909973,
		0.7192685604095459,
		-0.09255141019821167,
		0.9935035705566406
	],
	"3. left_ankle": [
		0.6177524328231812,
		0.8795598149299622,
		0.18763667345046997,
		0.9920483827590942
	],
	"6. right_hip": [
		0.4475998282432556,
		0.5791187286376953,
		-0.08287442475557327,
		0.9998510479927063
	],
	"7. right_knee": [
		0.4020015597343445,
		0.7464670538902283,
		-0.1667238026857376,
		0.9961508512496948
	],
	"8. right_ankle": [
		0.35735610127449036,
		0.8784517645835876,
		0.09271839261054993,
		0.9907242059707642
	],
	"14. left_shoulder": [
		0.575567901134491,
		0.36719003319740295,
		0.024278052151203156,
		0.9998594522476196
	],
	"15. left_elbow": [
		0.6205033659934998,
		0.4630245268344879,
		0.14822246134281158,
		0.8800528049468994
	],
	"16. left_wrist": [
		0.6083828210830688,
		0.5280991196632385,
		-0.03891832381486893,
		0.8830497860908508
	],
	"19. right_shoulder": [
		0.4394493103027344,
		0.3704201877117157,
		-0.1249128133058548,
		0.9999411702156067
	],
	"20. right_elbow": [
		0.36877715587615967,
		0.45717671513557434,
		-0.0822918489575386,
		0.9872302412986755
	],
	"21. right_wrist": [
		0.4049990475177765,
		0.5024309754371643,
		-0.215293288230896,
		0.9793128371238708
	],
	"24. nose": [
		0.5149875283241272,
		0.30428001284599304,
		-0.4352935254573822,
		0.9999873042106628
	],
	"25. left_eye": [
		0.5283241868019104,
		0.2892295718193054,
		-0.4024723470211029,
		0.9999673366546631
	],
	"26. right_eye": [
		0.5004850625991821,
		0.28581270575523376,
		-0.41293075680732727,
		0.9999706745147705
	],
	"27. left_ear": [
		0.5379428267478943,
		0.29295483231544495,
		-0.1845306009054184,
		0.9999279379844666
	],
	"28. right_ear": [
		0.48562705516815186,
		0.2885277271270752,
		-0.23305967450141907,
		0.9999731779098511
	],
	"time stamp": 30.0
}