{
	"1. left_hip": [
		0.5198377966880798,
		0.6117303371429443,
		0.08237874507904053,
		0.9998018145561218
	],
	"2. left_knee": [
		0.6514826416969299,
		0.7207938432693481,
		-0.19396401941776276,
		0.996875524520874
	],
	"3. left_ankle": [
		0.6087227463722229,
		0.8811992406845093,
		-0.00149825110565871,
		0.9953521490097046
	],
	"6. right_hip": [
		0.43857884407043457,
		0.5998904705047607,
		-0.0824027881026268,
		0.9998536109924316
	],
	"7. right_knee": [
		0.40047362446784973,
		0.7666170001029968,
		-0.06539285182952881,
		0.9973631501197815
	],
	"8. right_ankle": [
		0.35632452368736267,
		0.8703047633171082,
		0.32350653409957886,
		0.9947136640548706
	],
	"14. left_shoulder": [
		0.5684765577316284,
		0.3979445695877075,
		0.10390902310609818,
		0.9999504685401917
	],
	"15. left_elbow": [
		0.5719437599182129,
		0.509151816368103,
		-0.0546719990670681,
		0.9279582500457764
	],
	"16. left_wrist": [
		0.6225338578224182,
		0.459521621465683,
		-0.49034538865089417,
		0.9100130200386047
	],
	"19. right_shoulder": [
		0.43532735109329224,
		0.4011840522289276,
		-0.0626363605260849,
		0.9999521970748901
	],
	"20. right_elbow": [
		0.42959702014923096,
		0.5229086875915527,
		-0.23281919956207275,
		0.963499903678894
	],
	"21. right_wrist": [
		0.40190595388412476,
		0.4774414002895355,
		-0.597492516040802,
		0.964235246181488
	],
	"24. nose": [
		0.5027869939804077,
		0.3046204149723053,
		-0.31157898902893066,
		0.999990701675415
	],
	"25. left_eye": [
		0.5151285529136658,
		0.2927241027355194,
		-0.2733902633190155,
		0.9999653100967407
	],
	"26. right_eye": [
		0.4900701344013214,
		0.2897851765155792,
		-0.28570544719696045,
		0.9999786615371704
	],
	"27. left_ear": [
		0.5287379622459412,
		0.30462580919265747,
		-0.06257583945989609,
		0.9999533295631409
	],
	"28. right_ear": [
		0.47506600618362427,
		0.30162784457206726,
		-0.11396919935941696,
		0.9999819397926331
	],
	"time stamp": 30.0
}