{
	"1. left_hip": [
		0.5179780721664429,
		0.595985472202301,
		0.06601409614086151,
		0.9998788833618164
	],
	"2. left_knee": [
		0.6365225315093994,
		0.7189869284629822,
		-0.13894307613372803,
		0.9971095323562622
	],
	"3. left_ankle": [
		0.6117826104164124,
		0.8751696348190308,
		0.07525358349084854,
		0.9953233003616333
	],
	"6. right_hip": [
		0.43804508447647095,
		0.5885216593742371,
		-0.06624404340982437,
		0.9999010562896729
	],
	"7. right_knee": [
		0.3984091877937317,
		0.7567648887634277,
		-0.10471569001674652,
		0.9972285032272339
	],
	"8. right_ankle": [
		0.3556097149848938,
		0.8764539957046509,
		0.19227388501167297,
		0.9933316707611084
	],
	"14. left_shoulder": [
		0.5592266321182251,
		0.39036843180656433,
		0.1051439717411995,
		0.9999668002128601
	],
	"15. left_elbow": [
		0.5727436542510986,
		0.49818000197410583,
		-0.0789598599076271,
		0.9435187578201294
	],
	"16. left_wrist": [
		0.6192049384117126,
		0.4245758354663849,
		-0.46078893542289734,
		0.9448952078819275
	],
	"19. right_shoulder": [
		0.4332219362258911,
		0.39383846521377563,
		-0.010975000448524952,
		0.9999629259109497
	],
	"20. right_elbow": [
		0.3988412618637085,
		0.5068895816802979,
		-0.18976286053657532,
		0.9741804599761963
	],
	"21. right_wrist": [
		0.38568025827407837,
		0.42254066467285156,
		-0.5391679406166077,
		0.977753758430481
	],
	"24. nose": [
		0.5020612478256226,
		0.29119032621383667,
		-0.2423190176486969,
		0.9999942779541016
	],
	"25. left_eye": [
		0.5148331522941589,
		0.2850901186466217,
		-0.209359273314476,
		0.9999793767929077
	],
	"26. right_eye": [
		0.48857876658439636,
		0.28112268447875977,
		-0.21876370906829834,
		0.9999870657920837
	],
	"27. left_ear": [
		0.526535153388977,
		0.29911062121391296,
		-0.013572760857641697,
		0.9999721646308899
	],
	"28. right_ear": [
		0.4723539650440216,
		0.29604029655456543,
		-0.060577090829610825,
		0.9999889135360718
	],
	"time stamp": 30.0
}