{
	"1. left_hip": [
		0.5323655605316162,
		0.5843197107315063,
		-0.0022020768374204636,
		0.9998967051506042
	],
	"2. left_knee": [
		0.6343334913253784,
		0.727601945400238,
		-0.1685311496257782,
		0.9974289536476135
	],
	"3. left_ankle": [
		0.629982054233551,
		0.8680392503738403,
		0.16483202576637268,
		0.9956198930740356
	],
	"6. right_hip": [
		0.45094963908195496,
		0.5835655927658081,
		0.002017538994550705,
		0.9999121427536011
	],
	"7. right_knee": [
		0.37310075759887695,
		0.7390196919441223,
		-0.1785942018032074,
		0.9975075125694275
	],
	"8. right_ankle": [
		0.36611247062683105,
		0.8702511191368103,
		0.16732272505760193,
		0.9941419959068298
	],
	"14. left_shoulder": [
		0.5594375133514404,
		0.37779366970062256,
		0.06350932270288467,
		0.9999723434448242
	],
	"15. left_elbow": [
		0.5760756731033325,
		0.47888538241386414,
		-0.1681762933731079,
		0.9533674716949463
	],
	"16. left_wrist": [
		0.6190602779388428,
		0.38817232847213745,
		-0.545674204826355,
		0.955135703086853
	],
	"19. right_shoulder": [
		0.4330345690250397,
		0.38240283727645874,
		0.06945999711751938,
		0.9999662041664124
	],
	"20. right_elbow": [
		0.40085843205451965,
		0.4871278405189514,
		-0.14481428265571594,
		0.9765315651893616
	],
	"21. right_wrist": [
		0.38726553320884705,
		0.39261630177497864,
		-0.5039805769920349,
		0.9813522696495056
	],
	"24. nose": [
		0.5025132894515991,
		0.277945339679718,
		-0.22328683733940125,
		0.9999952912330627
	],
	"25. left_eye": [
		0.5152930617332458,
		0.27518755197525024,
		-0.18827614188194275,
		0.9999832510948181
	],
	"26. right_eye": [
		0.48915764689445496,
		0.2706752419471741,
		-0.18956921994686127,
		0.9999894499778748
	],
	"27. left_ear": [
		0.5270512700080872,
		0.2908375561237335,
		-0.003470758907496929,
		0.9999774098396301
	],
	"28. right_ear": [
		0.47295260429382324,
		0.28416702151298523,
		-0.011425299569964409,
		0.9999909400939941
	],
	"time stamp": 30.0
}