{
	"1. left_hip": [
		0.575768232345581,
		0.5934521555900574,
		-0.05257634446024895,
		0.9998774528503418
	],
	"2. left_knee": [
		0.6156156063079834,
		0.752827525138855,
		-0.17227840423583984,
		0.9973682761192322
	],
	"3. left_ankle": [
		0.6428855657577515,
		0.8720809817314148,
		0.06814917176961899,
		0.9939546585083008
	],
	"6. right_hip": [
		0.49586960673332214,
		0.6052860617637634,
		0.05254530906677246,
		0.9999152421951294
	],
	"7. right_knee": [
		0.36662521958351135,
		0.7165096998214722,
		-0.1427154690027237,
		0.99735426902771
	],
	"8. right_ankle": [
		0.4079340100288391,
		0.8712638020515442,
		0.10135555267333984,
		0.9953324794769287
	],
	"14. left_shoulder": [
		0.5588643550872803,
		0.39806774258613586,
		0.07139062881469727,
		0.9999587535858154
	],
	"15. left_elbow": [
		0.6199632287025452,
		0.44772869348526,
		-0.10588186234235764,
		0.9746379852294922
	],
	"16. left_wrist": [
		0.631302535533905,
		0.354120671749115,
		-0.3098675012588501,
		0.9767637252807617
	],
	"19. right_shoulder": [
		0.44442129135131836,
		0.394623726606369,
		0.13152535259723663,
		0.9999272227287292
	],
	"20. right_elbow": [
		0.40691855549812317,
		0.4591127038002014,
		-0.0787515714764595,
		0.983116626739502
	],
	"21. right_wrist": [
		0.403978168964386,
		0.36159655451774597,
		-0.3541024625301361,
		0.9886459112167358
	],
	"24. nose": [
		0.513103723526001,
		0.30665189027786255,
		-0.1725582480430603,
		0.9999971985816956
	],
	"25. left_eye": [
		0.5248321294784546,
		0.30102235078811646,
		-0.13510693609714508,
		0.9999902844429016
	],
	"26. right_eye": [
		0.5022234320640564,
		0.2955891191959381,
		-0.1378762125968933,
		0.9999935626983643
	],
	"27. left_ear": [
		0.5340471267700195,
		0.31543028354644775,
		0.034852370619773865,
		0.9999874234199524
	],
	"28. right_ear": [
		0.4837222993373871,
		0.306179940700531,
		0.03640212491154671,
		0.9999942779541016
	],
	"time stamp": 30.0
}