{
	"1. left_hip": [
		0.5592373609542847,
		0.5799323320388794,
		-0.011562144383788109,
		0.9998764991760254
	],
	"2. left_knee": [
		0.6217827796936035,
		0.7425203323364258,
		-0.11894036084413528,
		0.9969058632850647
	],
	"3. left_ankle": [
		0.6344947218894958,
		0.873444676399231,
		0.06931117922067642,
		0.9933357238769531
	],
	"6. right_hip": [
		0.4817700982093811,
		0.5817850828170776,
		0.011570155620574951,
		0.9999102354049683
	],
	"7. right_knee": [
		0.37641698122024536,
		0.7137782573699951,
		-0.1519789695739746,
		0.9973254203796387
	],
	"8. right_ankle": [
		0.38933953642845154,
		0.862876296043396,
		0.06018279492855072,
		0.9954651594161987
	],
	"14. left_shoulder": [
		0.5595027208328247,
		0.3773210644721985,
		0.07956959307193756,
		0.9999024271965027
	],
	"15. left_elbow": [
		0.62804114818573,
		0.40514302253723145,
		-0.016757061704993248,
		0.9803947806358337
	],
	"16. left_wrist": [
		0.6321103572845459,
		0.3147936463356018,
		-0.15266422927379608,
		0.9823077917098999
	],
	"19. right_shoulder": [
		0.4479285478591919,
		0.3770773112773895,
		0.04212205857038498,
		0.9998775124549866
	],
	"20. right_elbow": [
		0.4017060101032257,
		0.42304638028144836,
		-0.15859577059745789,
		0.9870539903640747
	],
	"21. right_wrist": [
		0.40332385897636414,
		0.32542797923088074,
		-0.4037601053714752,
		0.9912874102592468
	],
	"24. nose": [
		0.5133988857269287,
		0.29747113585472107,
		-0.22913987934589386,
		0.999997615814209
	],
	"25. left_eye": [
		0.5249307155609131,
		0.28912967443466187,
		-0.18962447345256805,
		0.999992311000824
	],
	"26. right_eye": [
		0.5017646551132202,
		0.285391241312027,
		-0.19335365295410156,
		0.9999948740005493
	],
	"27. left_ear": [
		0.5352602005004883,
		0.30203890800476074,
		0.0006078782025724649,
		0.9999902248382568
	],
	"28. right_ear": [
		0.48461660742759705,
		0.2948485314846039,
		-0.01829318143427372,
		0.9999954700469971
	],
	"time stamp": 30.0
}