{
	"1. left_hip": [
		0.5246959924697876,
		0.5948888659477234,
		0.09955168515443802,
		0.9999055862426758
	],
	"2. left_knee": [
		0.6423746347427368,
		0.7256580591201782,
		-0.08311869204044342,
		0.9957994818687439
	],
	"3. left_ankle": [
		0.5980737805366516,
		0.8746799230575562,
		0.05997532233595848,
		0.992337703704834
	],
	"6. right_hip": [
		0.4511697590351105,
		0.5823867321014404,
		-0.09982074052095413,
		0.9999270439147949
	],
	"7. right_knee": [
		0.40152713656425476,
		0.7475871443748474,
		-0.09052866697311401,
		0.9956157803535461
	],
	"8. right_ankle": [
		0.359645813703537,
		0.8652283549308777,
		0.060181375592947006,
		0.9949454665184021
	],
	"14. left_shoulder": [
		0.5547390580177307,
		0.3797045946121216,
		0.17559269070625305,
		0.9998568296432495
	],
	"15. left_elbow": [
		0.6240341067314148,
		0.3962489366531372,
		0.3301543891429901,
		0.9789397716522217
	],
	"16. left_wrist": [
		0.6282005906105042,
		0.3077942132949829,
		0.447098046541214,
		0.9844666123390198
	],
	"19. right_shoulder": [
		0.44727426767349243,
		0.38804787397384644,
		-0.08139491826295853,
		0.9998839497566223
	],
	"20. right_elbow": [
		0.38772261142730713,
		0.41570723056793213,
		-0.37574779987335205,
		0.9897920489311218
	],
	"21. right_wrist": [
		0.39552900195121765,
		0.3200162351131439,
		-0.6723939180374146,
		0.9932531714439392
	],
	"24. nose": [
		0.5092106461524963,
		0.310429185628891,
		-0.2837461829185486,
		0.999998152256012
	],
	"25. left_eye": [
		0.5203521251678467,
		0.3018873929977417,
		-0.23718516528606415,
		0.9999940991401672
	],
	"26. right_eye": [
		0.4971804618835449,
		0.29615095257759094,
		-0.24831485748291016,
		0.9999961256980896
	],
	"27. left_ear": [
		0.5296699404716492,
		0.31286129355430603,
		-0.019613174721598625,
		0.9999924898147583
	],
	"28. right_ear": [
		0.47972726821899414,
		0.30527710914611816,
		-0.06614439934492111,
		0.999996542930603
	],
	"time stamp": 30.0
}