{
	"1. left_hip": [
		0.5811110138893127,
		0.6042638421058655,
		-0.04971923306584358,
		0.9998030066490173
	],
	"2. left_knee": [
		0.6127371191978455,
		0.7605145573616028,
		-0.15700611472129822,
		0.9961098432540894
	],
	"3. left_ankle": [
		0.6351422071456909,
		0.8695124387741089,
		0.10330083966255188,
		0.9894952178001404
	],
	"6. right_hip": [
		0.503705620765686,
		0.6117954850196838,
		0.04984027519822121,
		0.9999002814292908
	],
	"7. right_knee": [
		0.38323885202407837,
		0.72157222032547,
		-0.11281643062829971,
		0.9959360957145691
	],
	"8. right_ankle": [
		0.4100125730037689,
		0.8724572062492371,
		0.12227196246385574,
		0.9954159259796143
	],
	"14. left_shoulder": [
		0.5697380304336548,
		0.41354942321777344,
		0.0331401489675045,
		0.9996134638786316
	],
	"15. left_elbow": [
		0.6422537565231323,
		0.37318262457847595,
		0.0017636221600696445,
		0.9913738965988159
	],
	"16. left_wrist": [
		0.6497688889503479,
		0.27736249566078186,
		-0.11047521233558655,
		0.9900439381599426
	],
	"19. right_shoulder": [
		0.4591728746891022,
		0.41384297609329224,
		0.061761438846588135,
		0.9998007416725159
	],
	"20. right_elbow": [
		0.40852683782577515,
		0.3689458668231964,
		0.006729559972882271,
		0.9967157244682312
	],
	"21. right_wrist": [
		0.4133252799510956,
		0.2762855589389801,
		-0.13023316860198975,
		0.9953945279121399
	],
	"24. nose": [
		0.5241850018501282,
		0.3492400348186493,
		-0.24710586667060852,
		0.9999974966049194
	],
	"25. left_eye": [
		0.5360866189002991,
		0.33759310841560364,
		-0.20737144351005554,
		0.9999892711639404
	],
	"26. right_eye": [
		0.5125259757041931,
		0.3354610204696655,
		-0.20722317695617676,
		0.9999949336051941
	],
	"27. left_ear": [
		0.5424083471298218,
		0.34589138627052307,
		-0.03164322301745415,
		0.9999868273735046
	],
	"28. right_ear": [
		0.4956139028072357,
		0.34059926867485046,
		-0.024868978187441826,
		0.9999966025352478
	],
	"time stamp": 30.0
}