{
	"1. left_hip": [
		0.5229916572570801,
		0.6045556664466858,
		0.06326264888048172,
		0.9998695850372314
	],
	"2. left_knee": [
		0.6340546011924744,
		0.720152735710144,
		-0.10838393867015839,
		0.9906854629516602
	],
	"3. left_ankle": [
		0.5921386480331421,
		0.8669576048851013,
		0.1587267816066742,
		0.986582338809967
	],
	"6. right_hip": [
		0.44980931282043457,
		0.5939211845397949,
		-0.06318891048431396,
		0.9998922944068909
	],
	"7. right_knee": [
		0.40238940715789795,
		0.7508312463760376,
		-0.2168898731470108,
		0.9957581758499146
	],
	"8. right_ankle": [
		0.36110377311706543,
		0.8705394268035889,
		0.03446020185947418,
		0.9944513440132141
	],
	"14. left_shoulder": [
		0.5592555403709412,
		0.3996050953865051,
		0.11052802205085754,
		0.9994844198226929
	],
	"15. left_elbow": [
		0.6243351697921753,
		0.3428634703159332,
		0.07623834908008575,
		0.9934000372886658
	],
	"16. left_wrist": [
		0.6363388299942017,
		0.25159209966659546,
		-0.07058636844158173,
		0.9909521341323853
	],
	"19. right_shoulder": [
		0.4498548209667206,
		0.39529949426651,
		-0.04895709455013275,
		0.999774694442749
	],
	"20. right_elbow": [
		0.39671674370765686,
		0.32876884937286377,
		-0.16825978457927704,
		0.9979060888290405
	],
	"21. right_wrist": [
		0.3986945152282715,
		0.22993484139442444,
		-0.29739508032798767,
		0.9960185289382935
	],
	"24. nose": [
		0.5142270922660828,
		0.3487561345100403,
		-0.2540379464626312,
		0.9999969601631165
	],
	"25. left_eye": [
		0.5249790549278259,
		0.33617842197418213,
		-0.20696981251239777,
		0.9999892115592957
	],
	"26. right_eye": [
		0.499898225069046,
		0.32977259159088135,
		-0.21824650466442108,
		0.9999938607215881
	],
	"27. left_ear": [
		0.5321388244628906,
		0.33984845876693726,
		-0.0006321092369034886,
		0.9999845027923584
	],
	"28. right_ear": [
		0.48441386222839355,
		0.33061331510543823,
		-0.05120323970913887,
		0.9999963045120239
	],
	"time stamp": 30.0
}