{
	"1. left_hip": [
		0.5682119727134705,
		0.5895911455154419,
		-0.010654736310243607,
		0.9998065829277039
	],
	"2. left_knee": [
		0.6219373941421509,
		0.7385978698730469,
		-0.17490005493164062,
		0.9925106763839722
	],
	"3. left_ankle": [
		0.6333749294281006,
		0.8696284890174866,
		0.02828655019402504,
		0.9881560206413269
	],
	"6. right_hip": [
		0.4937448799610138,
		0.5922626256942749,
		0.010725189931690693,
		0.9998794198036194
	],
	"7. right_knee": [
		0.4035061001777649,
		0.7198580503463745,
		-0.19662341475486755,
		0.9964008927345276
	],
	"8. right_ankle": [
		0.40836116671562195,
		0.8624200820922852,
		0.01137661561369896,
		0.9955177307128906
	],
	"14. left_shoulder": [
		0.5650335550308228,
		0.39674288034439087,
		0.06978268921375275,
		0.9993889331817627
	],
	"15. left_elbow": [
		0.6533797979354858,
		0.3934710919857025,
		0.1858566850423813,
		0.9931536912918091
	],
	"16. left_wrist": [
		0.6592474579811096,
		0.30111464858055115,
		0.2244478166103363,
		0.9871296286582947
	],
	"19. right_shoulder": [
		0.4564984142780304,
		0.38212934136390686,
		-0.02253883145749569,
		0.9997866749763489
	],
	"20. right_elbow": [
		0.40434563159942627,
		0.36649787425994873,
		-0.07616627216339111,
		0.9982488751411438
	],
	"21. right_wrist": [
		0.440165251493454,
		0.27056580781936646,
		-0.10854795575141907,
		0.9957292079925537
	],
	"24. nose": [
		0.5365064740180969,
		0.32805484533309937,
		-0.29935553669929504,
		0.9999966025352478
	],
	"25. left_eye": [
		0.55156409740448,
		0.3250020742416382,
		-0.25462648272514343,
		0.9999861121177673
	],
	"26. right_eye": [
		0.5292043685913086,
		0.31393805146217346,
		-0.26806333661079407,
		0.9999927878379822
	],
	"27. left_ear": [
		0.5560771822929382,
		0.3382600247859955,
		-0.05009965971112251,
		0.9999799132347107
	],
	"28. right_ear": [
		0.511669933795929,
		0.3161980211734772,
		-0.10689055174589157,
		0.9999960064888
	],
	"time stamp": 30.0
}