{
	"1. left_hip": [
		0.5758925676345825,
		0.58989018201828,
		-0.013119966723024845,
		0.9997952580451965
	],
	"2. left_knee": [
		0.6256976127624512,
		0.7449333071708679,
		-0.16927289962768555,
		0.993014395236969
	],
	"3. left_ankle": [
		0.6342875361442566,
		0.8707990050315857,
		0.058640263974666595,
		0.988562285900116
	],
	"6. right_hip": [
		0.5014997720718384,
		0.5955342054367065,
		0.013366855680942535,
		0.9998795986175537
	],
	"7. right_knee": [
		0.4068090617656708,
		0.7222631573677063,
		-0.19781428575515747,
		0.9965234398841858
	],
	"8. right_ankle": [
		0.41491585969924927,
		0.8666910529136658,
		0.023707451298832893,
		0.9957289695739746
	],
	"14. left_shoulder": [
		0.5679295659065247,
		0.40961673855781555,
		0.11516360193490982,
		0.9994195103645325
	],
	"15. left_elbow": [
		0.6559196710586548,
		0.4308531880378723,
		0.24339424073696136,
		0.9933862686157227
	],
	"16. left_wrist": [
		0.6584416627883911,
		0.3437129855155945,
		0.28830409049987793,
		0.9870549440383911
	],
	"19. right_shoulder": [
		0.4607752859592438,
		0.3833845257759094,
		-0.002672160742804408,
		0.9997974038124084
	],
	"20. right_elbow": [
		0.4064202904701233,
		0.4060775637626648,
		0.040205441415309906,
		0.9983419179916382
	],
	"21. right_wrist": [
		0.4521216154098511,
		0.3097386062145233,
		0.11184978485107422,
		0.9957684874534607
	],
	"24. nose": [
		0.5450183153152466,
		0.33498528599739075,
		-0.27390676736831665,
		0.9999969005584717
	],
	"25. left_eye": [
		0.5590892434120178,
		0.3315933048725128,
		-0.23089322447776794,
		0.9999873042106628
	],
	"26. right_eye": [
		0.5382513403892517,
		0.319985955953598,
		-0.2582547962665558,
		0.9999934434890747
	],
	"27. left_ear": [
		0.5626963973045349,
		0.3457622528076172,
		-0.027383534237742424,
		0.999981701374054
	],
	"28. right_ear": [
		0.5233587026596069,
		0.3203136920928955,
		-0.09558088332414627,
		0.9999963641166687
	],
	"time stamp": 30.0
}