{
	"1. left_hip": [
		0.5819511413574219,
		0.591026246547699,
		-0.007564628031104803,
		0.9997667670249939
	],
	"2. left_knee": [
		0.6330138444900513,
		0.7502586245536804,
		-0.16126586496829987,
		0.9937530159950256
	],
	"3. left_ankle": [
		0.6349766254425049,
		0.8740882277488708,
		0.08788448572158813,
		0.9893916845321655
	],
	"6. right_hip": [
		0.5111014246940613,
		0.6001819372177124,
		0.007746635004878044,
		0.999872088432312
	],
	"7. right_knee": [
		0.41434767842292786,
		0.7237842082977295,
		-0.21802251040935516,
		0.996727705001831
	],
	"8. right_ankle": [
		0.413593590259552,
		0.8707459568977356,
		0.020289020612835884,
		0.9961403608322144
	],
	"14. left_shoulder": [
		0.5690684914588928,
		0.41957446932792664,
		0.09917078167200089,
		0.999505341053009
	],
	"15. left_elbow": [
		0.6527568101882935,
		0.47362035512924194,
		0.13166898488998413,
		0.993302047252655
	],
	"16. left_wrist": [
		0.677278995513916,
		0.39119672775268555,
		0.014273439534008503,
		0.9883717894554138
	],
	"19. right_shoulder": [
		0.46402308344841003,
		0.3894404172897339,
		-0.030598733574151993,
		0.9998241066932678
	],
	"20. right_elbow": [
		0.41094809770584106,
		0.46448957920074463,
		-0.15831266343593597,
		0.9982473254203796
	],
	"21. right_wrist": [
		0.4579152464866638,
		0.4043951630592346,
		-0.3543711304664612,
		0.9959230422973633
	],
	"24. nose": [
		0.5558384656906128,
		0.34536927938461304,
		-0.28588321805000305,
		0.9999974370002747
	],
	"25. left_eye": [
		0.5687953233718872,
		0.342691034078598,
		-0.2443026900291443,
		0.9999892711639404
	],
	"26. right_eye": [
		0.5515362024307251,
		0.3295026421546936,
		-0.2696019411087036,
		0.9999945163726807
	],
	"27. left_ear": [
		0.5702877640724182,
		0.3539215922355652,
		-0.034281861037015915,
		0.9999843239784241
	],
	"28. right_ear": [
		0.535647988319397,
		0.3264751136302948,
		-0.13991662859916687,
		0.9999969601631165
	],
	"time stamp": 30.0
}