{
	"1. left_hip": [
		0.5294387340545654,
		0.5765883326530457,
		0.09693890810012817,
		0.9998506903648376
	],
	"2. left_knee": [
		0.6059725880622864,
		0.7366724610328674,
		0.06448482722043991,
		0.9888103008270264
	],
	"3. left_ankle": [
		0.6347447037696838,
		0.8765198588371277,
		0.22743088006973267,
		0.9929049015045166
	],
	"6. right_hip": [
		0.4665554463863373,
		0.5669612288475037,
		-0.09730283170938492,
		0.9998571872711182
	],
	"7. right_knee": [
		0.401610791683197,
		0.7215182185173035,
		-0.1010647565126419,
		0.9971258640289307
	],
	"8. right_ankle": [
		0.3326131999492645,
		0.849782407283783,
		0.09212350100278854,
		0.9969289898872375
	],
	"14. left_shoulder": [
		0.5790847539901733,
		0.3626389503479004,
		0.10658638179302216,
		0.9997817873954773
	],
	"15. left_elbow": [
		0.6775462031364441,
		0.3691205680370331,
		-0.06442669034004211,
		0.9916369318962097
	],
	"16. left_wrist": [
		0.5844935178756714,
		0.35014793276786804,
		-0.3034917712211609,
		0.9825611114501953
	],
	"19. right_shoulder": [
		0.48384806513786316,
		0.37743446230888367,
		-0.16501832008361816,
		0.9998968839645386
	],
	"20. right_elbow": [
		0.44463592767715454,
		0.4752207398414612,
		-0.1594211757183075,
		0.9869932532310486
	],
	"21. right_wrist": [
		0.41679415106773376,
		0.5688169002532959,
		-0.16740301251411438,
		0.9740797281265259
	],
	"24. nose": [
		0.5394954085350037,
		0.29464924335479736,
		-0.2624000906944275,
		0.9999948740005493
	],
	"25. left_eye": [
		0.5280230045318604,
		0.28535327315330505,
		-0.23466981947422028,
		0.999981701374054
	],
	"26. right_eye": [
		0.521294116973877,
		0.2887023389339447,
		-0.27381351590156555,
		0.9999877214431763
	],
	"27. left_ear": [
		0.5222324728965759,
		0.2970781624317169,
		-0.06521470099687576,
		0.9999567270278931
	],
	"28. right_ear": [
		0.5066760182380676,
		0.30414676666259766,
		-0.18236887454986572,
		0.9999927282333374
	],
	"time stamp": 30.0
}