{
	"1. left_hip": [
		0.5231090784072876,
		0.5736753940582275,
		-0.019495876505970955,
		0.9999220371246338
	],
	"2. left_knee": [
		0.6153985857963562,
		0.7228025794029236,
		-0.11007530242204666,
		0.9946327209472656
	],
	"3. left_ankle": [
		0.6397196054458618,
		0.8606240749359131,
		0.12938950955867767,
		0.9964587688446045
	],
	"6. right_hip": [
		0.4429018199443817,
		0.5716620683670044,
		0.019347963854670525,
		0.99991375207901
	],
	"7. right_knee": [
		0.3798264265060425,
		0.7306809425354004,
		-0.048592738807201385,
		0.9977185726165771
	],
	"8. right_ankle": [
		0.35073259472846985,
		0.8737636804580688,
		0.1862068623304367,
		0.9980562925338745
	],
	"14. left_shoulder": [
		0.5349088311195374,
		0.36968210339546204,
		-0.08332052826881409,
		0.9998844861984253
	],
	"15. left_elbow": [
		0.5617044568061829,
		0.47792357206344604,
		-0.10089124739170074,
		0.9155912399291992
	],
	"16. left_wrist": [
		0.5672250390052795,
		0.5694774389266968,
		-0.21834588050842285,
		0.8873017430305481
	],
	"19. right_shoulder": [
		0.4152998626232147,
		0.3933367431163788,
		0.031734924763441086,
		0.9998778104782104
	],
	"20. right_elbow": [
		0.3638385236263275,
		0.45260176062583923,
		-0.11028039455413818,
		0.9725649356842041
	],
	"21. right_wrist": [
		0.29284822940826416,
		0.38995423913002014,
		-0.47999709844589233,
		0.9640563726425171
	],
	"24. nose": [
		0.44271668791770935,
		0.3122115731239319,
		-0.3100545108318329,
		0.9999957084655762
	],
	"25. left_eye": [
		0.4528059959411621,
		0.2959936857223511,
		-0.2939935326576233,
		0.9999903440475464
	],
	"26. right_eye": [
		0.42970433831214905,
		0.3066408932209015,
		-0.27869123220443726,
		0.9999892711639404
	],
	"27. left_ear": [
		0.4694344401359558,
		0.2992665469646454,
		-0.16460782289505005,
		0.9999829530715942
	],
	"28. right_ear": [
		0.42375487089157104,
		0.32000118494033813,
		-0.09111084043979645,
		0.9999780058860779
	],
	"time stamp": 30.0
}