{
	"1. left_hip": [
		0.5234202742576599,
		0.5659018754959106,
		-0.01847720891237259,
		0.9999321103096008
	],
	"2. left_knee": [
		0.6146277189254761,
		0.7187780737876892,
		-0.09998364001512527,
		0.9954357147216797
	],
	"3. left_ankle": [
		0.6446835994720459,
		0.8564284443855286,
		0.20363277196884155,
		0.996912956237793
	],
	"6. right_hip": [
		0.44401469826698303,
		0.5684331059455872,
		0.01813921146094799,
		0.9999226331710815
	],
	"7. right_knee": [
		0.3839920461177826,
		0.7312287092208862,
		-0.011780422180891037,
		0.9979272484779358
	],
	"8. right_ankle": [
		0.3505474627017975,
		0.873393177986145,
		0.24430592358112335,
		0.9982746839523315
	],
	"14. left_shoulder": [
		0.539636492729187,
		0.36727139353752136,
		-0.09418851137161255,
		0.9999023079872131
	],
	"15. left_elbow": [
		0.5684916377067566,
		0.4670923948287964,
		-0.07933105528354645,
		0.9302710890769958
	],
	"16. left_wrist": [
		0.5711609721183777,
		0.5647690296173096,
		-0.17393642663955688,
		0.9059561491012573
	],
	"19. right_shoulder": [
		0.4163311719894409,
		0.37339380383491516,
		-0.0010137609206140041,
		0.9998774528503418
	],
	"20. right_elbow": [
		0.36155346035957336,
		0.4309024512767792,
		-0.19018705189228058,
		0.9740638136863708
	],
	"21. right_wrist": [
		0.34303802251815796,
		0.3366072177886963,
		-0.5745014548301697,
		0.9693434834480286
	],
	"24. nose": [
		0.44755372405052185,
		0.2979266345500946,
		-0.3388320207595825,
		0.9999958276748657
	],
	"25. left_eye": [
		0.4588337242603302,
		0.28452956676483154,
		-0.32372674345970154,
		0.999990701675415
	],
	"26. right_eye": [
		0.43558022379875183,
		0.28830090165138245,
		-0.3011670410633087,
		0.9999891519546509
	],
	"27. left_ear": [
		0.48263853788375854,
		0.2913367748260498,
		-0.18132446706295013,
		0.9999849200248718
	],
	"28. right_ear": [
		0.4379481077194214,
		0.2957232892513275,
		-0.1192132979631424,
		0.9999744892120361
	],
	"time stamp": 30.0
}