{
	"1. left_hip": [
		0.5272487998008728,
		0.5647137761116028,
		-0.014356371015310287,
		0.9999361038208008
	],
	"2. left_knee": [
		0.609764039516449,
		0.7216210961341858,
		-0.08039025217294693,
		0.9958556890487671
	],
	"3. left_ankle": [
		0.6494861245155334,
		0.8580023646354675,
		0.23407189548015594,
		0.9971691966056824
	],
	"6. right_hip": [
		0.44785231351852417,
		0.5702503323554993,
		0.014031303115189075,
		0.9999269247055054
	],
	"7. right_knee": [
		0.38634881377220154,
		0.7325294613838196,
		-0.01640842668712139,
		0.9980345964431763
	],
	"8. right_ankle": [
		0.35048216581344604,
		0.8732777833938599,
		0.24096237123012543,
		0.9983999133110046
	],
	"14. left_shoulder": [
		0.539238691329956,
		0.3694101870059967,
		-0.0571867898106575,
		0.9999104738235474
	],
	"15. left_elbow": [
		0.5701892971992493,
		0.4675714671611786,
		-0.0349157378077507,
		0.9366006851196289
	],
	"16. left_wrist": [
		0.5771259069442749,
		0.56794673204422,
		-0.08792744576931,
		0.9139273166656494
	],
	"19. right_shoulder": [
		0.4164564311504364,
		0.3637314736843109,
		-0.014598720706999302,
		0.9998834133148193
	],
	"20. right_elbow": [
		0.34569111466407776,
		0.40204617381095886,
		-0.2702922224998474,
		0.9763419032096863
	],
	"21. right_wrist": [
		0.40950796008110046,
		0.33780065178871155,
		-0.5683284401893616,
		0.9713500738143921
	],
	"24. nose": [
		0.45998767018318176,
		0.29489436745643616,
		-0.34434956312179565,
		0.9999958276748657
	],
	"25. left_eye": [
		0.47764480113983154,
		0.28552648425102234,
		-0.32202455401420593,
		0.9999905824661255
	],
	"26. right_eye": [
		0.45784467458724976,
		0.28406643867492676,
		-0.30883845686912537,
		0.9999892711639404
	],
	"27. left_ear": [
		0.49646541476249695,
		0.29424816370010376,
		-0.14580410718917847,
		0.99998539686203
	],
	"28. right_ear": [
		0.4583543539047241,
		0.2906544804573059,
		-0.12172337621450424,
		0.9999753832817078
	],
	"time stamp": 30.0
}