{
	"1. left_hip": [
		0.5421366095542908,
		0.600555956363678,
		0.02430426888167858,
		0.9999309778213501
	],
	"2. left_knee": [
		0.6255843639373779,
		0.745760440826416,
		-0.07670897245407104,
		0.9984076619148254
	],
	"3. left_ankle": [
		0.6391555070877075,
		0.8741354942321777,
		0.18413367867469788,
		0.9984090328216553
	],
	"6. right_hip": [
		0.46235543489456177,
		0.5916798710823059,
		-0.024189721792936325,
		0.9999256134033203
	],
	"7. right_knee": [
		0.38455885648727417,
		0.7437838912010193,
		-0.0976385623216629,
		0.9983823299407959
	],
	"8. right_ankle": [
		0.34119418263435364,
		0.8713654279708862,
		0.12573423981666565,
		0.9989389181137085
	],
	"14. left_shoulder": [
		0.581510603427887,
		0.4043993651866913,
		0.08365870267152786,
		0.9999536275863647
	],
	"15. left_elbow": [
		0.6314758658409119,
		0.4791456460952759,
		0.12325339019298553,
		0.9635505676269531
	],
	"16. left_wrist": [
		0.6763139367103577,
		0.5164263248443604,
		-0.06435294449329376,
		0.9438188076019287
	],
	"19. right_shoulder": [
		0.46474045515060425,
		0.39610809087753296,
		-0.0018456790130585432,
		0.9999184012413025
	],
	"20. right_elbow": [
		0.3992061913013458,
		0.4507375955581665,
		-0.004637838341295719,
		0.9745777249336243
	],
	"21. right_wrist": [
		0.42076534032821655,
		0.5093433856964111,
		-0.13545244932174683,
		0.9617364406585693
	],
	"24. nose": [
		0.5449998378753662,
		0.3153787851333618,
		-0.23387829959392548,
		0.9999954104423523
	],
	"25. left_eye": [
		0.5445656180381775,
		0.3061666786670685,
		-0.20259128510951996,
		0.9999895095825195
	],
	"26. right_eye": [
		0.5274757146835327,
		0.30994001030921936,
		-0.2114361822605133,
		0.999987781047821
	],
	"27. left_ear": [
		0.5435969233512878,
		0.31355202198028564,
		-0.029329929500818253,
		0.9999865293502808
	],
	"28. right_ear": [
		0.5065510869026184,
		0.3217293918132782,
		-0.06989523768424988,
		0.9999792575836182
	],
	"time stamp": 30.0
}