{
	"1. left_hip": [
		0.5439446568489075,
		0.5893085598945618,
		0.08025393635034561,
		0.9999399781227112
	],
	"2. left_knee": [
		0.6182848811149597,
		0.7447146773338318,
		0.05030234158039093,
		0.9980456233024597
	],
	"3. left_ankle": [
		0.6369476914405823,
		0.8756298422813416,
		0.3057953417301178,
		0.9981152415275574
	],
	"6. right_hip": [
		0.46842584013938904,
		0.576154351234436,
		-0.08044060319662094,
		0.9999315738677979
	],
	"7. right_knee": [
		0.38866934180259705,
		0.7322553992271423,
		-0.1124231219291687,
		0.9981063008308411
	],
	"8. right_ankle": [
		0.3230224847793579,
		0.8564525842666626,
		0.11700800061225891,
		0.9988572001457214
	],
	"14. left_shoulder": [
		0.5787410736083984,
		0.38559022545814514,
		0.14646264910697937,
		0.9999615550041199
	],
	"15. left_elbow": [
		0.6346187591552734,
		0.4524175822734833,
		0.15633323788642883,
		0.9664046168327332
	],
	"16. left_wrist": [
		0.6994974613189697,
		0.3988052308559418,
		0.035202719271183014,
		0.9536098837852478
	],
	"19. right_shoulder": [
		0.4711587131023407,
		0.3743628263473511,
		-0.059542302042245865,
		0.9999311566352844
	],
	"20. right_elbow": [
		0.41957443952560425,
		0.4449364244937897,
		-0.2622367739677429,
		0.9733693599700928
	],
	"21. right_wrist": [
		0.38394343852996826,
		0.42941516637802124,
		-0.5688060522079468,
		0.9670531153678894
	],
	"24. nose": [
		0.5430306196212769,
		0.29250895977020264,
		-0.2265910655260086,
		0.9999962449073792
	],
	"25. left_eye": [
		0.5429229140281677,
		0.2850322425365448,
		-0.19306598603725433,
		0.9999914765357971
	],
	"26. right_eye": [
		0.5261107087135315,
		0.28678882122039795,
		-0.20617790520191193,
		0.9999900460243225
	],
	"27. left_ear": [
		0.5429003834724426,
		0.2935671806335449,
		-0.005313984118402004,
		0.9999890327453613
	],
	"28. right_ear": [
		0.5057166814804077,
		0.3038233518600464,
		-0.06965423375368118,
		0.9999831914901733
	],
	"time stamp": 30.0
}