{
	"1. left_hip": [
		0.5458835363388062,
		0.6064343452453613,
		0.021208517253398895,
		0.9997724294662476
	],
	"2. left_knee": [
		0.6187962293624878,
		0.7559617161750793,
		0.04015568271279335,
		0.9956841468811035
	],
	"3. left_ankle": [
		0.6793528199195862,
		0.8625013828277588,
		0.3146667778491974,
		0.9914056062698364
	],
	"6. right_hip": [
		0.46866780519485474,
		0.6058708429336548,
		-0.02140042558312416,
		0.9996945261955261
	],
	"7. right_knee": [
		0.391450971364975,
		0.7574854493141174,
		-0.025384049862623215,
		0.9945746064186096
	],
	"8. right_ankle": [
		0.3168519139289856,
		0.8656011819839478,
		0.22475668787956238,
		0.9943375587463379
	],
	"14. left_shoulder": [
		0.5602761507034302,
		0.3892659842967987,
		-0.10969673842191696,
		0.9998508095741272
	],
	"15. left_elbow": [
		0.6193209290504456,
		0.2984425723552704,
		-0.15743930637836456,
		0.9891763925552368
	],
	"16. left_wrist": [
		0.6358053684234619,
		0.2084403783082962,
		-0.25860193371772766,
		0.9832057952880859
	],
	"19. right_shoulder": [
		0.4524937570095062,
		0.3876959979534149,
		-0.1863146871328354,
		0.9997345805168152
	],
	"20. right_elbow": [
		0.40142032504081726,
		0.296115517616272,
		-0.27937814593315125,
		0.9144218564033508
	],
	"21. right_wrist": [
		0.35377442836761475,
		0.2061917632818222,
		-0.39112383127212524,
		0.9396693110466003
	],
	"24. nose": [
		0.5119979977607727,
		0.3248044550418854,
		-0.3709013760089874,
		0.9999862909317017
	],
	"25. left_eye": [
		0.5222982168197632,
		0.31690430641174316,
		-0.3355658948421478,
		0.9999626874923706
	],
	"26. right_eye": [
		0.4990798234939575,
		0.31596899032592773,
		-0.34442681074142456,
		0.9999426007270813
	],
	"27. left_ear": [
		0.5329234004020691,
		0.3300217092037201,
		-0.1686263084411621,
		0.9999602437019348
	],
	"28. right_ear": [
		0.4838840067386627,
		0.3265122175216675,
		-0.20845623314380646,
		0.9999028444290161
	],
	"time stamp": 30.0
}