{
	"1. left_hip": [
		0.5510514378547668,
		0.5429544448852539,
		0.008498391136527061,
		0.9997358322143555
	],
	"2. left_knee": [
		0.5392129421234131,
		0.7220965027809143,
		-0.04356890171766281,
		0.9932584762573242
	],
	"3. left_ankle": [
		0.5264117121696472,
		0.8545743227005005,
		0.2013409286737442,
		0.989707887172699
	],
	"6. right_hip": [
		0.4770999550819397,
		0.5382164120674133,
		-0.008490042760968208,
		0.9996681213378906
	],
	"7. right_knee": [
		0.4862211346626282,
		0.7136512994766235,
		-0.041104987263679504,
		0.9923285841941833
	],
	"8. right_ankle": [
		0.4862910509109497,
		0.8534548282623291,
		0.19595330953598022,
		0.9900425672531128
	],
	"14. left_shoulder": [
		0.5788205862045288,
		0.36589545011520386,
		-0.23776982724666595,
		0.9998683929443359
	],
	"15. left_elbow": [
		0.5839364528656006,
		0.4743969440460205,
		-0.0901951789855957,
		0.9763612151145935
	],
	"16. left_wrist": [
		0.5818662643432617,
		0.5648388862609863,
		-0.2157680243253708,
		0.9594934582710266
	],
	"19. right_shoulder": [
		0.45835423469543457,
		0.36189764738082886,
		-0.2749079763889313,
		0.9997830986976624
	],
	"20. right_elbow": [
		0.4430326223373413,
		0.46860271692276,
		-0.15421071648597717,
		0.9603925347328186
	],
	"21. right_wrist": [
		0.43846940994262695,
		0.5546624660491943,
		-0.26467782258987427,
		0.9568350315093994
	],
	"24. nose": [
		0.5225579142570496,
		0.2881193459033966,
		-0.6551294922828674,
		0.9999904632568359
	],
	"25. left_eye": [
		0.5331093668937683,
		0.274707168340683,
		-0.6333798170089722,
		0.9999748468399048
	],
	"26. right_eye": [
		0.5080136060714722,
		0.27757251262664795,
		-0.6358835697174072,
		0.9999632835388184
	],
	"27. left_ear": [
		0.5428524017333984,
		0.2809813916683197,
		-0.4384368062019348,
		0.9999643564224243
	],
	"28. right_ear": [
		0.4912090599536896,
		0.28579285740852356,
		-0.449385404586792,
		0.9999454021453857
	],
	"time stamp": 30.0
}