{
	"1. left_hip": [
		0.5419171452522278,
		0.5609391331672668,
		0.08557017892599106,
		0.9996834397315979
	],
	"2. left_knee": [
		0.5627970099449158,
		0.739924430847168,
		-0.039291899651288986,
		0.9768686294555664
	],
	"3. left_ankle": [
		0.5169457197189331,
		0.849272608757019,
		0.2643892168998718,
		0.9428197145462036
	],
	"6. right_hip": [
		0.47398269176483154,
		0.5607851147651672,
		-0.08580309897661209,
		0.9995214343070984
	],
	"7. right_knee": [
		0.4981990456581116,
		0.7301623821258545,
		-0.14307795464992523,
		0.9802789688110352
	],
	"8. right_ankle": [
		0.46784794330596924,
		0.8769768476486206,
		0.054840754717588425,
		0.9723230600357056
	],
	"14. left_shoulder": [
		0.5594059228897095,
		0.3555551767349243,
		0.17967405915260315,
		0.9993897676467896
	],
	"15. left_elbow": [
		0.6067823171615601,
		0.3838646411895752,
		-0.07813552767038345,
		0.9520331025123596
	],
	"16. left_wrist": [
		0.5654114484786987,
		0.30857813358306885,
		-0.4069317579269409,
		0.9711765050888062
	],
	"19. right_shoulder": [
		0.4505631625652313,
		0.35970616340637207,
		0.003702108981087804,
		0.9995737671852112
	],
	"20. right_elbow": [
		0.40210703015327454,
		0.4324644207954407,
		-0.26430627703666687,
		0.9705042839050293
	],
	"21. right_wrist": [
		0.44459155201911926,
		0.3597569465637207,
		-0.5197672247886658,
		0.9753503203392029
	],
	"24. nose": [
		0.518214225769043,
		0.2855336368083954,
		-0.13964761793613434,
		0.9999662637710571
	],
	"25. left_eye": [
		0.5286129713058472,
		0.27745673060417175,
		-0.10280703753232956,
		0.9999580383300781
	],
	"26. right_eye": [
		0.5054530501365662,
		0.2735203802585602,
		-0.115803062915802,
		0.9999593496322632
	],
	"27. left_ear": [
		0.5363326072692871,
		0.28701668977737427,
		0.0894676223397255,
		0.999922513961792
	],
	"28. right_ear": [
		0.48789599537849426,
		0.2822382152080536,
		0.027590367943048477,
		0.9999588131904602
	],
	"time stamp": 30.0
}