{
	"1. left_hip": [
		0.5282534956932068,
		0.5560582280158997,
		0.15764543414115906,
		0.9980663657188416
	],
	"2. left_knee": [
		0.5523302555084229,
		0.7128715515136719,
		0.23272383213043213,
		0.6947951912879944
	],
	"3. left_ankle": [
		0.5160539150238037,
		0.8484852910041809,
		0.5289949774742126,
		0.8754743337631226
	],
	"6. right_hip": [
		0.4890061616897583,
		0.5600441694259644,
		-0.15782156586647034,
		0.9989446401596069
	],
	"7. right_knee": [
		0.5711944103240967,
		0.7089715003967285,
		-0.3046118915081024,
		0.9865038990974426
	],
	"8. right_ankle": [
		0.4983590841293335,
		0.8750250339508057,
		-0.17428840696811676,
		0.9848731756210327
	],
	"14. left_shoulder": [
		0.5721009969711304,
		0.36279016733169556,
		0.01936173625290394,
		0.9981037378311157
	],
	"15. left_elbow": [
		0.5232934951782227,
		0.458818644285202,
		0.12206745147705078,
		0.320961594581604
	],
	"16. left_wrist": [
		0.4872141480445862,
		0.559622585773468,
		0.005725974682718515,
		0.301329106092453
	],
	"19. right_shoulder": [
		0.4726618528366089,
		0.3173103630542755,
		-0.3719005584716797,
		0.9998379349708557
	],
	"20. right_elbow": [
		0.39355459809303284,
		0.2317914515733719,
		-0.5943666100502014,
		0.9936143755912781
	],
	"21. right_wrist": [
		0.48932626843452454,
		0.2033739537000656,
		-0.5979260206222534,
		0.9484525918960571
	],
	"24. nose": [
		0.5711211562156677,
		0.2990386188030243,
		-0.4802969694137573,
		0.9999192357063293
	],
	"25. left_eye": [
		0.5823753476142883,
		0.2911489009857178,
		-0.4375944435596466,
		0.9996513724327087
	],
	"26. right_eye": [
		0.5666533708572388,
		0.2774946987628937,
		-0.475832462310791,
		0.9998552203178406
	],
	"27. left_ear": [
		0.5776597261428833,
		0.29525449872016907,
		-0.19073687493801117,
		0.9992915987968445
	],
	"28. right_ear": [
		0.5472906827926636,
		0.26714083552360535,
		-0.3670608103275299,
		0.9999286532402039
	],
	"time stamp": 30.0
}