{
	"1. left_hip": [
		0.5140605568885803,
		0.5592473745346069,
		0.17427299916744232,
		0.9986317753791809
	],
	"2. left_knee": [
		0.5371438264846802,
		0.7269939184188843,
		0.16060785949230194,
		0.4950229823589325
	],
	"3. left_ankle": [
		0.4875490367412567,
		0.8846672773361206,
		0.21553798019886017,
		0.7278144359588623
	],
	"6. right_hip": [
		0.494978666305542,
		0.555263876914978,
		-0.17440566420555115,
		0.999125063419342
	],
	"7. right_knee": [
		0.567787230014801,
		0.7178009748458862,
		-0.17185044288635254,
		0.9692143201828003
	],
	"8. right_ankle": [
		0.48921433091163635,
		0.8819706439971924,
		-0.08079894632101059,
		0.9678332805633545
	],
	"14. left_shoulder": [
		0.5152238011360168,
		0.32661789655685425,
		0.2634432017803192,
		0.9965348243713379
	],
	"15. left_elbow": [
		0.6075246930122375,
		0.3016999363899231,
		0.3937435448169708,
		0.2633667588233948
	],
	"16. left_wrist": [
		0.584054172039032,
		0.2151467204093933,
		0.4072871804237366,
		0.21187828481197357
	],
	"19. right_shoulder": [
		0.48460277915000916,
		0.31878185272216797,
		-0.2442440688610077,
		0.9996564984321594
	],
	"20. right_elbow": [
		0.6076535582542419,
		0.29226914048194885,
		-0.256756991147995,
		0.9841960072517395
	],
	"21. right_wrist": [
		0.5731006860733032,
		0.2086324244737625,
		-0.01151613425463438,
		0.9460856318473816
	],
	"24. nose": [
		0.5215664505958557,
		0.2489210069179535,
		-0.07895974814891815,
		0.9998424649238586
	],
	"25. left_eye": [
		0.514959990978241,
		0.2373664230108261,
		-0.05279138311743736,
		0.9994421005249023
	],
	"26. right_eye": [
		0.5037371516227722,
		0.2380746454000473,
		-0.09962383657693863,
		0.9997279644012451
	],
	"27. left_ear": [
		0.5050291419029236,
		0.24702709913253784,
		0.07836409658193588,
		0.9991132020950317
	],
	"28. right_ear": [
		0.48314687609672546,
		0.2503281831741333,
		-0.12902124226093292,
		0.999803364276886
	],
	"time stamp": 30.0
}