{
	"1. left_hip": [
		0.5150871872901917,
		0.5625506043434143,
		0.17316804826259613,
		0.9992309212684631
	],
	"2. left_knee": [
		0.5297529697418213,
		0.7330197691917419,
		0.16092154383659363,
		0.47600069642066956
	],
	"3. left_ankle": [
		0.4855409264564514,
		0.8890611529350281,
		0.20585651695728302,
		0.7612870931625366
	],
	"6. right_hip": [
		0.5040318965911865,
		0.5595976114273071,
		-0.17336037755012512,
		0.9993435740470886
	],
	"7. right_knee": [
		0.5877776145935059,
		0.71537184715271,
		-0.14943595230579376,
		0.9709168076515198
	],
	"8. right_ankle": [
		0.5020849704742432,
		0.8563341498374939,
		0.057361967861652374,
		0.9559765458106995
	],
	"14. left_shoulder": [
		0.4893481433391571,
		0.32598283886909485,
		0.2603280246257782,
		0.9976155161857605
	],
	"15. left_elbow": [
		0.5400002002716064,
		0.42076966166496277,
		0.4006522297859192,
		0.179510235786438
	],
	"16. left_wrist": [
		0.5474535822868347,
		0.49971723556518555,
		0.3484571874141693,
		0.16265787184238434
	],
	"19. right_shoulder": [
		0.4684537351131439,
		0.3224584460258484,
		-0.2672169506549835,
		0.9995939135551453
	],
	"20. right_elbow": [
		0.5893926620483398,
		0.2985318601131439,
		-0.3552825152873993,
		0.9846915006637573
	],
	"21. right_wrist": [
		0.5706669688224792,
		0.21516060829162598,
		-0.27431318163871765,
		0.9559954404830933
	],
	"24. nose": [
		0.5150372385978699,
		0.2650710642337799,
		-0.1616939753293991,
		0.9999239444732666
	],
	"25. left_eye": [
		0.5133281350135803,
		0.25095534324645996,
		-0.12801234424114227,
		0.9997178316116333
	],
	"26. right_eye": [
		0.49926838278770447,
		0.24896962940692902,
		-0.17404934763908386,
		0.9998704791069031
	],
	"27. left_ear": [
		0.5011222958564758,
		0.254582941532135,
		0.03730573132634163,
		0.9995118379592896
	],
	"28. right_ear": [
		0.47399991750717163,
		0.2538408637046814,
		-0.1663847714662552,
		0.9998992681503296
	],
	"time stamp": 30.0
}