{
	"1. left_hip": [
		0.5214245319366455,
		0.5605038404464722,
		0.1799178272485733,
		0.9993159174919128
	],
	"2. left_knee": [
		0.5470309853553772,
		0.7228497862815857,
		0.22793352603912354,
		0.41661229729652405
	],
	"3. left_ankle": [
		0.5001860857009888,
		0.8632262945175171,
		0.37613826990127563,
		0.707760214805603
	],
	"6. right_hip": [
		0.5052197575569153,
		0.5589197874069214,
		-0.18020543456077576,
		0.9993892312049866
	],
	"7. right_knee": [
		0.5703721642494202,
		0.7256609797477722,
		-0.16047461330890656,
		0.9694246053695679
	],
	"8. right_ankle": [
		0.4811193346977234,
		0.8886944055557251,
		-0.022033488377928734,
		0.9538635611534119
	],
	"14. left_shoulder": [
		0.49204036593437195,
		0.3255394697189331,
		0.22659572958946228,
		0.9982014298439026
	],
	"15. left_elbow": [
		0.5280846357345581,
		0.43203204870224,
		0.3431277573108673,
		0.1290736049413681
	],
	"16. left_wrist": [
		0.5319186449050903,
		0.520102322101593,
		0.27721866965293884,
		0.12834098935127258
	],
	"19. right_shoulder": [
		0.4670179486274719,
		0.3181135356426239,
		-0.31183353066444397,
		0.9996665716171265
	],
	"20. right_elbow": [
		0.5855010151863098,
		0.29278963804244995,
		-0.44942033290863037,
		0.989127516746521
	],
	"21. right_wrist": [
		0.5720802545547485,
		0.20681029558181763,
		-0.4168972074985504,
		0.9703925251960754
	],
	"24. nose": [
		0.5126147270202637,
		0.2558057904243469,
		-0.24030804634094238,
		0.9999400973320007
	],
	"25. left_eye": [
		0.5105396509170532,
		0.24227803945541382,
		-0.1995517760515213,
		0.9997589588165283
	],
	"26. right_eye": [
		0.4962840676307678,
		0.2421753704547882,
		-0.24387556314468384,
		0.9998932480812073
	],
	"27. left_ear": [
		0.4985770881175995,
		0.25171783566474915,
		-0.007212618365883827,
		0.9995536804199219
	],
	"28. right_ear": [
		0.47431525588035583,
		0.25078555941581726,
		-0.20070470869541168,
		0.999893069267273
	],
	"time stamp": 30.0
}