{
	"1. left_hip": [
		0.5704955458641052,
		0.5528139472007751,
		0.018541976809501648,
		0.9995465278625488
	],
	"2. left_knee": [
		0.5578948259353638,
		0.7479569315910339,
		-0.06460107117891312,
		0.8146553635597229
	],
	"3. left_ankle": [
		0.555124819278717,
		0.8941729068756104,
		0.22058628499507904,
		0.8284261226654053
	],
	"6. right_hip": [
		0.48436978459358215,
		0.550540566444397,
		-0.018484996631741524,
		0.9994200468063354
	],
	"7. right_knee": [
		0.4768015146255493,
		0.7431792616844177,
		-0.054823700338602066,
		0.9758371114730835
	],
	"8. right_ankle": [
		0.492981493473053,
		0.8983184099197388,
		0.19009576737880707,
		0.9625326991081238
	],
	"14. left_shoulder": [
		0.5857186913490295,
		0.32657700777053833,
		0.0462077334523201,
		0.999074399471283
	],
	"15. left_elbow": [
		0.691388726234436,
		0.25102663040161133,
		-0.3317573666572571,
		0.7198650240898132
	],
	"16. left_wrist": [
		0.5910987257957458,
		0.24728380143642426,
		-0.6229161024093628,
		0.7029216289520264
	],
	"19. right_shoulder": [
		0.45841220021247864,
		0.3424568474292755,
		-0.044100500643253326,
		0.9988309741020203
	],
	"20. right_elbow": [
		0.46943286061286926,
		0.3740754723548889,
		-0.4460356831550598,
		0.9894648790359497
	],
	"21. right_wrist": [
		0.5482317805290222,
		0.3177880048751831,
		-0.7465994954109192,
		0.9694060683250427
	],
	"24. nose": [
		0.5274657607078552,
		0.2545645236968994,
		-0.26293399930000305,
		0.9998286366462708
	],
	"25. left_eye": [
		0.5411027669906616,
		0.24502429366111755,
		-0.2203119546175003,
		0.9997254610061646
	],
	"26. right_eye": [
		0.5136656165122986,
		0.24314895272254944,
		-0.22852486371994019,
		0.9997335076332092
	],
	"27. left_ear": [
		0.5530258417129517,
		0.254526823759079,
		-0.0026582572609186172,
		0.9997723698616028
	],
	"28. right_ear": [
		0.4963555335998535,
		0.2531795799732208,
		-0.03650707006454468,
		0.9998270273208618
	],
	"time stamp": 30.0
}