{
	"1. left_hip": [
		0.578727126121521,
		0.5450394153594971,
		0.0008736684103496373,
		0.9996636509895325
	],
	"2. left_knee": [
		0.5649473667144775,
		0.7463222742080688,
		-0.06837384402751923,
		0.8889763951301575
	],
	"3. left_ankle": [
		0.5612510442733765,
		0.8908593654632568,
		0.20451435446739197,
		0.8953313231468201
	],
	"6. right_hip": [
		0.4946209788322449,
		0.5496684312820435,
		-0.0008572499500587583,
		0.9995417594909668
	],
	"7. right_knee": [
		0.48567864298820496,
		0.7381551861763,
		-0.08102203905582428,
		0.9827509522438049
	],
	"8. right_ankle": [
		0.49514251947402954,
		0.866483747959137,
		0.29762282967567444,
		0.9695046544075012
	],
	"14. left_shoulder": [
		0.5877153873443604,
		0.3398280739784241,
		0.13657578825950623,
		0.9994063377380371
	],
	"15. left_elbow": [
		0.624882698059082,
		0.4083513915538788,
		-0.2224017232656479,
		0.828663170337677
	],
	"16. left_wrist": [
		0.5644071698188782,
		0.3311455249786377,
		-0.6337118148803711,
		0.8071810007095337
	],
	"19. right_shoulder": [
		0.45925572514533997,
		0.33299124240875244,
		0.07427956908941269,
		0.9991573095321655
	],
	"20. right_elbow": [
		0.3687829375267029,
		0.2564297914505005,
		-0.2294122725725174,
		0.99112468957901
	],
	"21. right_wrist": [
		0.4712834358215332,
		0.27341821789741516,
		-0.42130547761917114,
		0.9499284625053406
	],
	"24. nose": [
		0.5338209271430969,
		0.2764242887496948,
		-0.1812230497598648,
		0.9998805522918701
	],
	"25. left_eye": [
		0.544736921787262,
		0.26616474986076355,
		-0.1423500031232834,
		0.9998087286949158
	],
	"26. right_eye": [
		0.5211228728294373,
		0.2667694091796875,
		-0.15688277781009674,
		0.9998118281364441
	],
	"27. left_ear": [
		0.5541645288467407,
		0.2711533010005951,
		0.08698073774576187,
		0.9998486042022705
	],
	"28. right_ear": [
		0.49966156482696533,
		0.27294695377349854,
		0.016319263726472855,
		0.9998842477798462
	],
	"time stamp": 30.0
}