{
	"1. left_hip": [
		0.5767966508865356,
		0.5576154589653015,
		-0.00515494029968977,
		0.9996975064277649
	],
	"2. left_knee": [
		0.5709570646286011,
		0.7515652775764465,
		-0.04004519060254097,
		0.92568439245224
	],
	"3. left_ankle": [
		0.5612775087356567,
		0.8947325944900513,
		0.20948947966098785,
		0.9264724850654602
	],
	"6. right_hip": [
		0.4963994324207306,
		0.5681963562965393,
		0.005124581046402454,
		0.9996013641357422
	],
	"7. right_knee": [
		0.4983995258808136,
		0.7512351274490356,
		-0.045897360891103745,
		0.9857578873634338
	],
	"8. right_ankle": [
		0.4817228615283966,
		0.8874945044517517,
		0.2267763316631317,
		0.9652290344238281
	],
	"14. left_shoulder": [
		0.5848391056060791,
		0.3624005913734436,
		0.029230734333395958,
		0.9995876550674438
	],
	"15. left_elbow": [
		0.5667678117752075,
		0.4378768801689148,
		-0.3080233931541443,
		0.8801697492599487
	],
	"16. left_wrist": [
		0.5121457576751709,
		0.350852906703949,
		-0.6372018456459045,
		0.8688950538635254
	],
	"19. right_shoulder": [
		0.45374682545661926,
		0.34438371658325195,
		0.022754115983843803,
		0.9993752241134644
	],
	"20. right_elbow": [
		0.37327903509140015,
		0.2500770688056946,
		-0.2712225317955017,
		0.9912680387496948
	],
	"21. right_wrist": [
		0.47121861577033997,
		0.26757124066352844,
		-0.5712602138519287,
		0.9245869517326355
	],
	"24. nose": [
		0.5348824262619019,
		0.3076397478580475,
		-0.21660101413726807,
		0.9999076724052429
	],
	"25. left_eye": [
		0.5453644394874573,
		0.2936252951622009,
		-0.19097769260406494,
		0.9998593330383301
	],
	"26. right_eye": [
		0.5215219855308533,
		0.29049861431121826,
		-0.1950710564851761,
		0.9998412728309631
	],
	"27. left_ear": [
		0.5523157119750977,
		0.29908299446105957,
		0.009682259522378445,
		0.9998892545700073
	],
	"28. right_ear": [
		0.4989314079284668,
		0.2928195893764496,
		-0.02115667052567005,
		0.9999069571495056
	],
	"time stamp": 30.0
}