{
	"1. left_hip": [
		0.5470800399780273,
		0.5444105267524719,
		-0.007101411931216717,
		0.9995546936988831
	],
	"2. left_knee": [
		0.5360425114631653,
		0.7304372191429138,
		-0.08811534941196442,
		0.9869155287742615
	],
	"3. left_ankle": [
		0.5362247228622437,
		0.8806357383728027,
		0.09390468895435333,
		0.9824827909469604
	],
	"6. right_hip": [
		0.46749764680862427,
		0.5460087656974792,
		0.00713177677243948,
		0.9993670582771301
	],
	"7. right_knee": [
		0.47588005661964417,
		0.739816427230835,
		-0.06290312111377716,
		0.9854040741920471
	],
	"8. right_ankle": [
		0.48803994059562683,
		0.8866561055183411,
		0.11615100502967834,
		0.9817031025886536
	],
	"14. left_shoulder": [
		0.5662897229194641,
		0.3539736568927765,
		0.11891517788171768,
		0.9995076656341553
	],
	"15. left_elbow": [
		0.5587848424911499,
		0.365648090839386,
		-0.3077797293663025,
		0.8798398375511169
	],
	"16. left_wrist": [
		0.5346810221672058,
		0.33797386288642883,
		-0.6923816800117493,
		0.8406057357788086
	],
	"19. right_shoulder": [
		0.4428784251213074,
		0.3520205020904541,
		0.09334765374660492,
		0.9986084699630737
	],
	"20. right_elbow": [
		0.45598912239074707,
		0.3572044372558594,
		-0.33018118143081665,
		0.878027081489563
	],
	"21. right_wrist": [
		0.4878372550010681,
		0.3401695489883423,
		-0.6935756802558899,
		0.7886561751365662
	],
	"24. nose": [
		0.5005818009376526,
		0.28940460085868835,
		-0.0514550544321537,
		0.9997259378433228
	],
	"25. left_eye": [
		0.5161961913108826,
		0.2783695459365845,
		-0.02044588141143322,
		0.9997538328170776
	],
	"26. right_eye": [
		0.48921772837638855,
		0.27917197346687317,
		-0.02630195952951908,
		0.9995664954185486
	],
	"27. left_ear": [
		0.5289893746376038,
		0.2830184996128082,
		0.14904490113258362,
		0.9998694062232971
	],
	"28. right_ear": [
		0.47897008061408997,
		0.28490546345710754,
		0.12262163311243057,
		0.9996016025543213
	],
	"time stamp": 30.0
}