{
	"1. left_hip": [
		0.5451356172561646,
		0.5648900270462036,
		-0.0008641700842417777,
		0.999679446220398
	],
	"2. left_knee": [
		0.5390132665634155,
		0.7395638227462769,
		-0.07673259824514389,
		0.9875950813293457
	],
	"3. left_ankle": [
		0.5405312776565552,
		0.8823813796043396,
		0.12824712693691254,
		0.981396496295929
	],
	"6. right_hip": [
		0.4687767028808594,
		0.5645137429237366,
		0.0005717785097658634,
		0.9995385408401489
	],
	"7. right_knee": [
		0.47980326414108276,
		0.743597686290741,
		-0.03539258986711502,
		0.9849569201469421
	],
	"8. right_ankle": [
		0.4902103543281555,
		0.8873133063316345,
		0.13860167562961578,
		0.9767338037490845
	],
	"14. left_shoulder": [
		0.5726776719093323,
		0.35387688875198364,
		0.0033101618755608797,
		0.9994942545890808
	],
	"15. left_elbow": [
		0.5835338830947876,
		0.3177371621131897,
		-0.42185163497924805,
		0.9192544221878052
	],
	"16. left_wrist": [
		0.5375476479530334,
		0.27534547448158264,
		-0.7314713597297668,
		0.8951109647750854
	],
	"19. right_shoulder": [
		0.4603165090084076,
		0.3621599078178406,
		-0.0025970726273953915,
		0.9988172054290771
	],
	"20. right_elbow": [
		0.4245285987854004,
		0.3231264650821686,
		-0.41002002358436584,
		0.9220854640007019
	],
	"21. right_wrist": [
		0.4675540626049042,
		0.2703075408935547,
		-0.720881998538971,
		0.860234797000885
	],
	"24. nose": [
		0.5088500380516052,
		0.3101457953453064,
		-0.16174905002117157,
		0.9998055696487427
	],
	"25. left_eye": [
		0.5218436121940613,
		0.28819355368614197,
		-0.13845136761665344,
		0.9997898936271667
	],
	"26. right_eye": [
		0.4954374134540558,
		0.2960703670978546,
		-0.1347595751285553,
		0.9996771812438965
	],
	"27. left_ear": [
		0.5349133610725403,
		0.2877507209777832,
		0.01453150250017643,
		0.9998646974563599
	],
	"28. right_ear": [
		0.48298364877700806,
		0.2957046627998352,
		0.027076860889792442,
		0.999751627445221
	],
	"time stamp": 30.0
}