{
	"1. left_hip": [
		0.5587327480316162,
		0.5383104681968689,
		0.011894075199961662,
		0.9996910095214844
	],
	"2. left_knee": [
		0.568730354309082,
		0.7310608625411987,
		-0.02371734008193016,
		0.9900048971176147
	],
	"3. left_ankle": [
		0.5689822435379028,
		0.8908058404922485,
		0.25638100504875183,
		0.9850652813911438
	],
	"6. right_hip": [
		0.4721764922142029,
		0.5346707105636597,
		-0.011538035236299038,
		0.9996521472930908
	],
	"7. right_knee": [
		0.4564136862754822,
		0.719993531703949,
		-0.03843158483505249,
		0.9920564293861389
	],
	"8. right_ankle": [
		0.45183733105659485,
		0.8672316670417786,
		0.26238441467285156,
		0.9886990785598755
	],
	"14. left_shoulder": [
		0.584571897983551,
		0.30570274591445923,
		0.15270458161830902,
		0.9988085031509399
	],
	"15. left_elbow": [
		0.6563075184822083,
		0.21280379593372345,
		0.06197094917297363,
		0.9832011461257935
	],
	"16. left_wrist": [
		0.6100217700004578,
		0.13816435635089874,
		0.09000656008720398,
		0.9428779482841492
	],
	"19. right_shoulder": [
		0.4659723937511444,
		0.2979997396469116,
		0.08319170027971268,
		0.9988282918930054
	],
	"20. right_elbow": [
		0.4416184425354004,
		0.17657248675823212,
		-0.023198265582323074,
		0.9890987277030945
	],
	"21. right_wrist": [
		0.49228635430336,
		0.13234615325927734,
		0.06361448764801025,
		0.9158123731613159
	],
	"24. nose": [
		0.5237770676612854,
		0.22796262800693512,
		-0.1491866409778595,
		0.9999178647994995
	],
	"25. left_eye": [
		0.5400357842445374,
		0.21974918246269226,
		-0.098439522087574,
		0.9998690485954285
	],
	"26. right_eye": [
		0.50999516248703,
		0.21789105236530304,
		-0.1044754683971405,
		0.999853253364563
	],
	"27. left_ear": [
		0.5511380434036255,
		0.23070110380649567,
		0.10905508697032928,
		0.9998893141746521
	],
	"28. right_ear": [
		0.5001300573348999,
		0.2279854416847229,
		0.0808732733130455,
		0.9999085664749146
	],
	"time stamp": 30.0
}