{
	"1. left_hip": [
		0.5535104274749756,
		0.5333908200263977,
		0.020803177729249,
		0.9997344613075256
	],
	"2. left_knee": [
		0.5779100060462952,
		0.7262642979621887,
		-0.014864958822727203,
		0.9910598993301392
	],
	"3. left_ankle": [
		0.5716649293899536,
		0.8904178142547607,
		0.12902164459228516,
		0.9865708947181702
	],
	"6. right_hip": [
		0.46818187832832336,
		0.5287436246871948,
		-0.02040492370724678,
		0.9996920824050903
	],
	"7. right_knee": [
		0.4444006085395813,
		0.7125942707061768,
		-0.03320800140500069,
		0.9921697974205017
	],
	"8. right_ankle": [
		0.4263571798801422,
		0.8645275831222534,
		0.16830319166183472,
		0.989420473575592
	],
	"14. left_shoulder": [
		0.5759603977203369,
		0.30623286962509155,
		0.1683746576309204,
		0.9990167021751404
	],
	"15. left_elbow": [
		0.6691463589668274,
		0.314116507768631,
		0.14310361444950104,
		0.9857818484306335
	],
	"16. left_wrist": [
		0.6426441669464111,
		0.21421915292739868,
		0.18631523847579956,
		0.9501617550849915
	],
	"19. right_shoulder": [
		0.4613804221153259,
		0.2954130470752716,
		0.058614332228899,
		0.9989851713180542
	],
	"20. right_elbow": [
		0.43997907638549805,
		0.22118757665157318,
		-0.0739206001162529,
		0.9895901679992676
	],
	"21. right_wrist": [
		0.45905566215515137,
		0.15709486603736877,
		-0.07716557383537292,
		0.9098426699638367
	],
	"24. nose": [
		0.518505871295929,
		0.21355783939361572,
		-0.17263104021549225,
		0.9999324083328247
	],
	"25. left_eye": [
		0.5360324382781982,
		0.20643052458763123,
		-0.12482719123363495,
		0.9998920559883118
	],
	"26. right_eye": [
		0.5056546330451965,
		0.2028445601463318,
		-0.13222120702266693,
		0.9998787641525269
	],
	"27. left_ear": [
		0.5498495101928711,
		0.2194555103778839,
		0.08339036256074905,
		0.9999091029167175
	],
	"28. right_ear": [
		0.49396294355392456,
		0.21380721032619476,
		0.04867256432771683,
		0.9999248385429382
	],
	"time stamp": 30.0
}