{
	"1. left_hip": [
		0.5376370549201965,
		0.5810939073562622,
		0.053576886653900146,
		0.9998887777328491
	],
	"2. left_knee": [
		0.6407619714736938,
		0.7209686040878296,
		-0.12453638762235641,
		0.9961864948272705
	],
	"3. left_ankle": [
		0.6036290526390076,
		0.876982569694519,
		0.16274809837341309,
		0.9949291944503784
	],
	"6. right_hip": [
		0.4575880765914917,
		0.5754035711288452,
		-0.05370170623064041,
		0.9998927116394043
	],
	"7. right_knee": [
		0.4223976135253906,
		0.7483190894126892,
		-0.12357545644044876,
		0.9970863461494446
	],
	"8. right_ankle": [
		0.41171786189079285,
		0.8900123834609985,
		0.1153787225484848,
		0.9970102906227112
	],
	"14. left_shoulder": [
		0.5744694471359253,
		0.373853862285614,
		0.053138431161642075,
		0.9991254210472107
	],
	"15. left_elbow": [
		0.5754086375236511,
		0.481703519821167,
		0.0702403262257576,
		0.7371061444282532
	],
	"16. left_wrist": [
		0.560024619102478,
		0.5748639702796936,
		-0.025581637397408485,
		0.6634436249732971
	],
	"19. right_shoulder": [
		0.4537198841571808,
		0.35808253288269043,
		-0.07284381240606308,
		0.9993269443511963
	],
	"20. right_elbow": [
		0.3814013600349426,
		0.37671318650245667,
		-0.36193564534187317,
		0.9748445153236389
	],
	"21. right_wrist": [
		0.44563615322113037,
		0.29525649547576904,
		-0.7085384130477905,
		0.9529780149459839
	],
	"24. nose": [
		0.5032820701599121,
		0.2710649371147156,
		-0.3146001696586609,
		0.9999598860740662
	],
	"25. left_eye": [
		0.5170032978057861,
		0.2633669376373291,
		-0.28045397996902466,
		0.9999409914016724
	],
	"26. right_eye": [
		0.4894217252731323,
		0.26343822479248047,
		-0.2798631191253662,
		0.9999293684959412
	],
	"27. left_ear": [
		0.5311751365661621,
		0.2764906585216522,
		-0.08608666807413101,
		0.9999478459358215
	],
	"28. right_ear": [
		0.478598028421402,
		0.2780207693576813,
		-0.08759062737226486,
		0.9999052882194519
	],
	"time stamp": 30.0
}