{
	"1. left_hip": [
		0.5372678637504578,
		0.573526918888092,
		0.0919531062245369,
		0.9999067187309265
	],
	"2. left_knee": [
		0.620133101940155,
		0.7244580388069153,
		-0.035623617470264435,
		0.9938794374465942
	],
	"3. left_ankle": [
		0.5943067073822021,
		0.8722878098487854,
		0.1899438500404358,
		0.9916532635688782
	],
	"6. right_hip": [
		0.4660613238811493,
		0.5727804899215698,
		-0.09205009788274765,
		0.9999067783355713
	],
	"7. right_knee": [
		0.4643346667289734,
		0.7454528212547302,
		-0.15035095810890198,
		0.9975317120552063
	],
	"8. right_ankle": [
		0.44493332505226135,
		0.8779534101486206,
		0.05957374721765518,
		0.9969459176063538
	],
	"14. left_shoulder": [
		0.5503511428833008,
		0.381771981716156,
		0.20829802751541138,
		0.9991957545280457
	],
	"15. left_elbow": [
		0.6138141751289368,
		0.4440152943134308,
		-0.028684522956609726,
		0.7344818711280823
	],
	"16. left_wrist": [
		0.5859566926956177,
		0.41846808791160583,
		-0.41184213757514954,
		0.7233131527900696
	],
	"19. right_shoulder": [
		0.43707579374313354,
		0.36973491311073303,
		-0.021578695625066757,
		0.9997485280036926
	],
	"20. right_elbow": [
		0.42646828293800354,
		0.4351928234100342,
		-0.2731208801269531,
		0.9906508922576904
	],
	"21. right_wrist": [
		0.516860842704773,
		0.42075085639953613,
		-0.5062075257301331,
		0.9798426032066345
	],
	"24. nose": [
		0.49895957112312317,
		0.30113884806632996,
		-0.16606071591377258,
		0.9999762773513794
	],
	"25. left_eye": [
		0.5129824280738831,
		0.2945169508457184,
		-0.127178356051445,
		0.9999662041664124
	],
	"26. right_eye": [
		0.4871436655521393,
		0.2901291251182556,
		-0.1423138678073883,
		0.9999698996543884
	],
	"27. left_ear": [
		0.5234699845314026,
		0.30416467785835266,
		0.08363110572099686,
		0.9999607801437378
	],
	"28. right_ear": [
		0.47397223114967346,
		0.29865550994873047,
		0.01564575359225273,
		0.9999678730964661
	],
	"time stamp": 30.0
}