{
	"1. left_hip": [
		0.5303245186805725,
		0.5402899980545044,
		0.09123300760984421,
		0.9999291896820068
	],
	"2. left_knee": [
		0.552916944026947,
		0.7032804489135742,
		0.011840136721730232,
		0.98865807056427
	],
	"3. left_ankle": [
		0.5151545405387878,
		0.8415884971618652,
		0.2005542814731598,
		0.9862520694732666
	],
	"6. right_hip": [
		0.46512505412101746,
		0.5359629988670349,
		-0.09120173007249832,
		0.9999244809150696
	],
	"7. right_knee": [
		0.4609237313270569,
		0.7143535017967224,
		-0.15055404603481293,
		0.9971268177032471
	],
	"8. right_ankle": [
		0.4454239010810852,
		0.8668739199638367,
		0.009558964520692825,
		0.9966570138931274
	],
	"14. left_shoulder": [
		0.534848153591156,
		0.3389401435852051,
		0.26340436935424805,
		0.9995661377906799
	],
	"15. left_elbow": [
		0.5727632641792297,
		0.372761070728302,
		0.20302721858024597,
		0.8515216708183289
	],
	"16. left_wrist": [
		0.570738673210144,
		0.27654510736465454,
		0.023228343576192856,
		0.8506407141685486
	],
	"19. right_shoulder": [
		0.432815819978714,
		0.3356017768383026,
		0.04029453545808792,
		0.9998650550842285
	],
	"20. right_elbow": [
		0.4273163676261902,
		0.4304913282394409,
		0.056480858474969864,
		0.9938152432441711
	],
	"21. right_wrist": [
		0.42884355783462524,
		0.5224332809448242,
		0.051224254071712494,
		0.9872497916221619
	],
	"24. nose": [
		0.49091580510139465,
		0.268587589263916,
		-0.0853123664855957,
		0.9999872446060181
	],
	"25. left_eye": [
		0.5011520385742188,
		0.25988051295280457,
		-0.05392694100737572,
		0.9999816417694092
	],
	"26. right_eye": [
		0.47882500290870667,
		0.2587850093841553,
		-0.07502923160791397,
		0.9999837279319763
	],
	"27. left_ear": [
		0.5110064744949341,
		0.26739266514778137,
		0.12924346327781677,
		0.9999781250953674
	],
	"28. right_ear": [
		0.4650299847126007,
		0.26675504446029663,
		0.028838742524385452,
		0.9999827742576599
	],
	"time stamp": 30.0
}