{
	"1. left_hip": [
		0.5183385014533997,
		0.5761579871177673,
		0.11379095911979675,
		0.9998895525932312
	],
	"2. left_knee": [
		0.5322855114936829,
		0.7338628172874451,
		0.03734172135591507,
		0.9607418179512024
	],
	"3. left_ankle": [
		0.49158260226249695,
		0.8578623533248901,
		0.20288263261318207,
		0.9545260071754456
	],
	"6. right_hip": [
		0.4594331979751587,
		0.5683205723762512,
		-0.11379718035459518,
		0.9998987913131714
	],
	"7. right_knee": [
		0.45937681198120117,
		0.7261348962783813,
		-0.15874530375003815,
		0.9941329956054688
	],
	"8. right_ankle": [
		0.4441840648651123,
		0.8747526407241821,
		-0.011685436591506004,
		0.9920281767845154
	],
	"14. left_shoulder": [
		0.536830723285675,
		0.3945005238056183,
		0.2638190686702728,
		0.99992436170578
	],
	"15. left_elbow": [
		0.5872658491134644,
		0.44679829478263855,
		0.15863242745399475,
		0.9239153265953064
	],
	"16. left_wrist": [
		0.5848247408866882,
		0.35781753063201904,
		-0.12040393799543381,
		0.9557991623878479
	],
	"19. right_shoulder": [
		0.4411754310131073,
		0.37919506430625916,
		-0.03786793351173401,
		0.9999870657920837
	],
	"20. right_elbow": [
		0.41061362624168396,
		0.46809905767440796,
		-0.02453668974339962,
		0.9966819286346436
	],
	"21. right_wrist": [
		0.40410202741622925,
		0.5601456761360168,
		-0.03889809548854828,
		0.9915388822555542
	],
	"24. nose": [
		0.5209676027297974,
		0.33278197050094604,
		-0.11249542236328125,
		0.9999982714653015
	],
	"25. left_eye": [
		0.5263592600822449,
		0.32202672958374023,
		-0.0802968367934227,
		0.9999964237213135
	],
	"26. right_eye": [
		0.5079205632209778,
		0.3185921013355255,
		-0.11304205656051636,
		0.999997615814209
	],
	"27. left_ear": [
		0.5233738422393799,
		0.3275987207889557,
		0.09845823794603348,
		0.9999909400939941
	],
	"28. right_ear": [
		0.48686620593070984,
		0.3203050196170807,
		-0.04903923720121384,
		0.9999980926513672
	],
	"time stamp": 30.0
}