{
	"1. left_hip": [
		0.5217382311820984,
		0.5892057418823242,
		0.11122115701436996,
		0.999883234500885
	],
	"2. left_knee": [
		0.5453349351882935,
		0.7396031618118286,
		0.026765720918774605,
		0.9603015184402466
	],
	"3. left_ankle": [
		0.4916650950908661,
		0.8581658005714417,
		0.2362903356552124,
		0.9536787867546082
	],
	"6. right_hip": [
		0.46005070209503174,
		0.5827808976173401,
		-0.1112292930483818,
		0.999889612197876
	],
	"7. right_knee": [
		0.46077054738998413,
		0.7321624159812927,
		-0.15380637347698212,
		0.9941114783287048
	],
	"8. right_ankle": [
		0.4441215395927429,
		0.8750015497207642,
		0.022116245701909065,
		0.9918632507324219
	],
	"14. left_shoulder": [
		0.5414491295814514,
		0.40737617015838623,
		0.19056960940361023,
		0.9999309182167053
	],
	"15. left_elbow": [
		0.576025664806366,
		0.48164695501327515,
		0.07602688670158386,
		0.9292412400245667
	],
	"16. left_wrist": [
		0.5794276595115662,
		0.3927569091320038,
		-0.2363574355840683,
		0.9595127701759338
	],
	"19. right_shoulder": [
		0.44102761149406433,
		0.39042413234710693,
		-0.03815841302275658,
		0.9999880790710449
	],
	"20. right_elbow": [
		0.41034337878227234,
		0.47838473320007324,
		-0.009976978413760662,
		0.9966394901275635
	],
	"21. right_wrist": [
		0.40826302766799927,
		0.5708217024803162,
		-0.031017901375889778,
		0.991174042224884
	],
	"24. nose": [
		0.5217826962471008,
		0.34065836668014526,
		-0.16670767962932587,
		0.9999983310699463
	],
	"25. left_eye": [
		0.5277219414710999,
		0.33041223883628845,
		-0.13675834238529205,
		0.999996542930603
	],
	"26. right_eye": [
		0.5086674690246582,
		0.3275873064994812,
		-0.16164372861385345,
		0.9999976754188538
	],
	"27. left_ear": [
		0.5256122350692749,
		0.3373626172542572,
		0.04548755660653114,
		0.999991238117218
	],
	"28. right_ear": [
		0.4887048602104187,
		0.3301251530647278,
		-0.07062783092260361,
		0.9999982118606567
	],
	"time stamp": 30.0
}