{
	"1. left_hip": [
		0.549440324306488,
		0.5573922991752625,
		-0.0407855287194252,
		0.9998461604118347
	],
	"2. left_knee": [
		0.5439608097076416,
		0.72402024269104,
		-0.10948841273784637,
		0.9746303558349609
	],
	"3. left_ankle": [
		0.5438026785850525,
		0.8581565022468567,
		0.18639585375785828,
		0.9648217558860779
	],
	"6. right_hip": [
		0.4736021161079407,
		0.5455116033554077,
		0.040690019726753235,
		0.9998363256454468
	],
	"7. right_knee": [
		0.4057682752609253,
		0.6799911260604858,
		-0.05145135521888733,
		0.9936423301696777
	],
	"8. right_ankle": [
		0.40293240547180176,
		0.809081494808197,
		0.25340795516967773,
		0.9903445839881897
	],
	"14. left_shoulder": [
		0.5762373805046082,
		0.3508262634277344,
		-0.051885563880205154,
		0.999742865562439
	],
	"15. left_elbow": [
		0.5882877111434937,
		0.2624070346355438,
		-0.18379910290241241,
		0.9806377291679382
	],
	"16. left_wrist": [
		0.560807466506958,
		0.183188796043396,
		-0.3525019586086273,
		0.9787904620170593
	],
	"19. right_shoulder": [
		0.47063499689102173,
		0.373820960521698,
		0.0588071346282959,
		0.9996942281723022
	],
	"20. right_elbow": [
		0.4415905773639679,
		0.46418100595474243,
		0.13519516587257385,
		0.9754660725593567
	],
	"21. right_wrist": [
		0.4139239490032196,
		0.5498672723770142,
		0.03144368901848793,
		0.9424000978469849
	],
	"24. nose": [
		0.5273527503013611,
		0.28747501969337463,
		-0.2806519865989685,
		0.9998695850372314
	],
	"25. left_eye": [
		0.5354519486427307,
		0.27952730655670166,
		-0.24374887347221375,
		0.9994351267814636
	],
	"26. right_eye": [
		0.5168180465698242,
		0.2806328237056732,
		-0.24729111790657043,
		0.9996296763420105
	],
	"27. left_ear": [
		0.544165313243866,
		0.2903953790664673,
		-0.06276270747184753,
		0.9987933039665222
	],
	"28. right_ear": [
		0.5022503733634949,
		0.29267123341560364,
		-0.08407813310623169,
		0.9995124936103821
	],
	"time stamp": 30.0
}