{
	"1. left_hip": [
		0.5456793308258057,
		0.5842808485031128,
		-0.05741077661514282,
		0.9998536705970764
	],
	"2. left_knee": [
		0.5529398322105408,
		0.7391812801361084,
		-0.1654866635799408,
		0.9862152934074402
	],
	"3. left_ankle": [
		0.5566288232803345,
		0.8616757988929749,
		6.907290662638843e-05,
		0.9812682867050171
	],
	"6. right_hip": [
		0.4797493517398834,
		0.5862774848937988,
		0.057325124740600586,
		0.9998708367347717
	],
	"7. right_knee": [
		0.38368895649909973,
		0.712794840335846,
		-0.11575575172901154,
		0.9940744042396545
	],
	"8. right_ankle": [
		0.39531248807907104,
		0.8528792262077332,
		0.08108418434858322,
		0.9919642210006714
	],
	"14. left_shoulder": [
		0.5619803667068481,
		0.4060980975627899,
		-0.032528672367334366,
		0.999664843082428
	],
	"15. left_elbow": [
		0.5690797567367554,
		0.3942122161388397,
		-0.313705712556839,
		0.9725520610809326
	],
	"16. left_wrist": [
		0.5476042032241821,
		0.3316586911678314,
		-0.6576833128929138,
		0.9407551884651184
	],
	"19. right_shoulder": [
		0.459439218044281,
		0.41496750712394714,
		0.09084611386060715,
		0.9998029470443726
	],
	"20. right_elbow": [
		0.44786399602890015,
		0.5094104409217834,
		0.10402403771877289,
		0.9401772618293762
	],
	"21. right_wrist": [
		0.4295235872268677,
		0.5913531184196472,
		0.005933047737926245,
		0.9070290327072144
	],
	"24. nose": [
		0.5201306939125061,
		0.336357057094574,
		-0.24245959520339966,
		0.9999392032623291
	],
	"25. left_eye": [
		0.5303155183792114,
		0.32658353447914124,
		-0.21397273242473602,
		0.9997340440750122
	],
	"26. right_eye": [
		0.5081093907356262,
		0.32594484090805054,
		-0.21205906569957733,
		0.9998309016227722
	],
	"27. left_ear": [
		0.5374227166175842,
		0.3334909975528717,
		-0.05295567587018013,
		0.9994444847106934
	],
	"28. right_ear": [
		0.4928017854690552,
		0.3338983654975891,
		-0.03628800809383392,
		0.9997865557670593
	],
	"time stamp": 30.0
}