{
	"1. left_hip": [
		0.5417349934577942,
		0.5801861882209778,
		-0.06924963742494583,
		0.999880313873291
	],
	"2. left_knee": [
		0.5421549677848816,
		0.7371304035186768,
		-0.15657660365104675,
		0.9929848313331604
	],
	"3. left_ankle": [
		0.5567917227745056,
		0.8637122511863708,
		0.03689569607377052,
		0.9894495010375977
	],
	"6. right_hip": [
		0.47323766350746155,
		0.5864467024803162,
		0.0691566914319992,
		0.9998900890350342
	],
	"7. right_knee": [
		0.37523654103279114,
		0.7092905640602112,
		-0.04845448210835457,
		0.9915048480033875
	],
	"8. right_ankle": [
		0.39185768365859985,
		0.8594478368759155,
		0.14486286044120789,
		0.9920608997344971
	],
	"14. left_shoulder": [
		0.5570563673973083,
		0.39633843302726746,
		-0.041888341307640076,
		0.9998170733451843
	],
	"15. left_elbow": [
		0.6320078372955322,
		0.43491557240486145,
		-0.25512605905532837,
		0.9807790517807007
	],
	"16. left_wrist": [
		0.5948300957679749,
		0.355853408575058,
		-0.566993772983551,
		0.9425374865531921
	],
	"19. right_shoulder": [
		0.448577344417572,
		0.38624539971351624,
		0.07611969858407974,
		0.9999002814292908
	],
	"20. right_elbow": [
		0.4281976819038391,
		0.4840148985385895,
		0.11793069541454315,
		0.9401485323905945
	],
	"21. right_wrist": [
		0.4115538001060486,
		0.5647640824317932,
		-0.030368942767381668,
		0.9164835214614868
	],
	"24. nose": [
		0.5144838690757751,
		0.30877089500427246,
		-0.2758101224899292,
		0.9999826550483704
	],
	"25. left_eye": [
		0.5244380235671997,
		0.30148324370384216,
		-0.24825634062290192,
		0.9999236464500427
	],
	"26. right_eye": [
		0.5021276473999023,
		0.29900380969047546,
		-0.24652156233787537,
		0.999952495098114
	],
	"27. left_ear": [
		0.5319638252258301,
		0.3105047345161438,
		-0.08704567700624466,
		0.9998462200164795
	],
	"28. right_ear": [
		0.48633262515068054,
		0.30966073274612427,
		-0.0797511488199234,
		0.9999425411224365
	],
	"time stamp": 30.0
}