{
	"1. left_hip": [
		0.5392862558364868,
		0.5694863200187683,
		-0.08285406976938248,
		0.999794065952301
	],
	"2. left_knee": [
		0.5261831879615784,
		0.7185928225517273,
		-0.23827196657657623,
		0.9938806891441345
	],
	"3. left_ankle": [
		0.5517739057540894,
		0.8651835322380066,
		-0.07507310807704926,
		0.9917465448379517
	],
	"6. right_hip": [
		0.4731103777885437,
		0.5683379769325256,
		0.0827508419752121,
		0.9997740387916565
	],
	"7. right_knee": [
		0.44637590646743774,
		0.7293664813041687,
		0.035665012896060944,
		0.9446656703948975
	],
	"8. right_ankle": [
		0.5096767544746399,
		0.8636453151702881,
		0.2217470407485962,
		0.9729176759719849
	],
	"14. left_shoulder": [
		0.5785906910896301,
		0.38337424397468567,
		-0.06056598201394081,
		0.9999290704727173
	],
	"15. left_elbow": [
		0.5923018455505371,
		0.48648399114608765,
		-0.038720835000276566,
		0.9839186668395996
	],
	"16. left_wrist": [
		0.5707181096076965,
		0.5801674127578735,
		-0.07783457636833191,
		0.9434987306594849
	],
	"19. right_shoulder": [
		0.46785181760787964,
		0.3820648491382599,
		0.08109994977712631,
		0.9995644092559814
	],
	"20. right_elbow": [
		0.4474083483219147,
		0.44646966457366943,
		-0.14597664773464203,
		0.8845393061637878
	],
	"21. right_wrist": [
		0.45195525884628296,
		0.333951473236084,
		-0.5089231133460999,
		0.8930045962333679
	],
	"24. nose": [
		0.5172128677368164,
		0.31197425723075867,
		-0.25894051790237427,
		0.99996018409729
	],
	"25. left_eye": [
		0.529303252696991,
		0.29985952377319336,
		-0.2384466975927353,
		0.9999068379402161
	],
	"26. right_eye": [
		0.5041294693946838,
		0.3019510805606842,
		-0.22718274593353271,
		0.9999071359634399
	],
	"27. left_ear": [
		0.5430271029472351,
		0.3068785071372986,
		-0.09976795315742493,
		0.9998690485954285
	],
	"28. right_ear": [
		0.4948596954345703,
		0.3095381557941437,
		-0.04241422936320305,
		0.9998635053634644
	],
	"time stamp": 30.0
}