{
	"1. left_hip": [
		0.5463048219680786,
		0.5491564273834229,
		-0.07599005103111267,
		0.9998786449432373
	],
	"2. left_knee": [
		0.5368682146072388,
		0.7143771052360535,
		-0.1778358519077301,
		0.9945679306983948
	],
	"3. left_ankle": [
		0.5537929534912109,
		0.8741501569747925,
		-0.11607584357261658,
		0.9923939108848572
	],
	"6. right_hip": [
		0.479322224855423,
		0.5538693070411682,
		0.07582122087478638,
		0.9998295903205872
	],
	"7. right_knee": [
		0.46722784638404846,
		0.7207388281822205,
		0.04602385684847832,
		0.9349396228790283
	],
	"8. right_ankle": [
		0.5138139724731445,
		0.8642100095748901,
		0.14648014307022095,
		0.9651183485984802
	],
	"14. left_shoulder": [
		0.579075813293457,
		0.36109060049057007,
		0.03964097797870636,
		0.9999667406082153
	],
	"15. left_elbow": [
		0.5981241464614868,
		0.4612542390823364,
		0.09279413521289825,
		0.9902898669242859
	],
	"16. left_wrist": [
		0.593275785446167,
		0.5544028878211975,
		0.09376658499240875,
		0.966309130191803
	],
	"19. right_shoulder": [
		0.4694767892360687,
		0.34727123379707336,
		0.10474351048469543,
		0.999627947807312
	],
	"20. right_elbow": [
		0.4476909935474396,
		0.35016971826553345,
		-0.18939781188964844,
		0.89238440990448
	],
	"21. right_wrist": [
		0.43812158703804016,
		0.3058294653892517,
		-0.6417595148086548,
		0.9401399493217468
	],
	"24. nose": [
		0.5155799388885498,
		0.29745522141456604,
		-0.18447314202785492,
		0.9999777674674988
	],
	"25. left_eye": [
		0.5296908617019653,
		0.28421708941459656,
		-0.17295940220355988,
		0.9999530911445618
	],
	"26. right_eye": [
		0.5030605792999268,
		0.2830139994621277,
		-0.15280206501483917,
		0.9999465942382812
	],
	"27. left_ear": [
		0.5425912141799927,
		0.28830254077911377,
		-0.016229795292019844,
		0.9999411106109619
	],
	"28. right_ear": [
		0.4925941824913025,
		0.2871232032775879,
		0.02773592248558998,
		0.9999040365219116
	],
	"time stamp": 30.0
}