{
	"1. left_hip": [
		0.5838451385498047,
		0.5572997331619263,
		-0.10278227925300598,
		0.9997849464416504
	],
	"2. left_knee": [
		0.5416774153709412,
		0.7361782789230347,
		-0.32429757714271545,
		0.9632551670074463
	],
	"3. left_ankle": [
		0.615936279296875,
		0.8954622149467468,
		-0.15130485594272614,
		0.8939633965492249
	],
	"6. right_hip": [
		0.5104142427444458,
		0.5678526163101196,
		0.10269030183553696,
		0.9996123909950256
	],
	"7. right_knee": [
		0.4368235766887665,
		0.7394177913665771,
		-0.045832984149456024,
		0.8564552664756775
	],
	"8. right_ankle": [
		0.5119089484214783,
		0.8936526775360107,
		0.10866732895374298,
		0.8118637204170227
	],
	"14. left_shoulder": [
		0.5862845778465271,
		0.3372116684913635,
		-0.17751970887184143,
		0.9988888502120972
	],
	"15. left_elbow": [
		0.6530213952064514,
		0.4445405602455139,
		-0.1176641583442688,
		0.9521030783653259
	],
	"16. left_wrist": [
		0.7503330707550049,
		0.489055335521698,
		-0.20993027091026306,
		0.9161968231201172
	],
	"19. right_shoulder": [
		0.45088279247283936,
		0.3471837639808655,
		-0.038220930844545364,
		0.9989815354347229
	],
	"20. right_elbow": [
		0.39741051197052,
		0.45275214314460754,
		0.030805783346295357,
		0.9080045223236084
	],
	"21. right_wrist": [
		0.2910110354423523,
		0.4899097979068756,
		-0.13048632442951202,
		0.8754204511642456
	],
	"24. nose": [
		0.536649763584137,
		0.2412687987089157,
		-0.4425646960735321,
		0.9997772574424744
	],
	"25. left_eye": [
		0.5480014085769653,
		0.23315057158470154,
		-0.41209644079208374,
		0.9996671676635742
	],
	"26. right_eye": [
		0.5220822095870972,
		0.2290078103542328,
		-0.4136788249015808,
		0.9996435642242432
	],
	"27. left_ear": [
		0.5532550811767578,
		0.24351651966571808,
		-0.22879676520824432,
		0.999589741230011
	],
	"28. right_ear": [
		0.4992813467979431,
		0.2391025722026825,
		-0.23690515756607056,
		0.9991275668144226
	],
	"time stamp": 30.0
}