{
	"1. left_hip": [
		0.5906298160552979,
		0.5545376539230347,
		-0.11774874478578568,
		0.999799907207489
	],
	"2. left_knee": [
		0.5691530704498291,
		0.7420969605445862,
		-0.2359197586774826,
		0.9720062017440796
	],
	"3. left_ankle": [
		0.6177762150764465,
		0.9020594954490662,
		-0.02459961548447609,
		0.9214773774147034
	],
	"6. right_hip": [
		0.514107346534729,
		0.567159116268158,
		0.11787424981594086,
		0.9996657967567444
	],
	"7. right_knee": [
		0.43071624636650085,
		0.7391203045845032,
		-0.020867371931672096,
		0.8853532671928406
	],
	"8. right_ankle": [
		0.5103302597999573,
		0.8935065269470215,
		0.20939600467681885,
		0.8552969694137573
	],
	"14. left_shoulder": [
		0.593470573425293,
		0.3381310701370239,
		-0.06257519870996475,
		0.9991872310638428
	],
	"15. left_elbow": [
		0.6928612589836121,
		0.40827929973602295,
		-0.08921269327402115,
		0.9646944999694824
	],
	"16. left_wrist": [
		0.7664222121238708,
		0.33384454250335693,
		-0.2992374300956726,
		0.9374504685401917
	],
	"19. right_shoulder": [
		0.4576950967311859,
		0.34416788816452026,
		0.12613585591316223,
		0.999245285987854
	],
	"20. right_elbow": [
		0.3773261308670044,
		0.4214025139808655,
		0.14499928057193756,
		0.9311116337776184
	],
	"21. right_wrist": [
		0.3037482500076294,
		0.34444013237953186,
		-0.09634487330913544,
		0.9085179567337036
	],
	"24. nose": [
		0.5364975333213806,
		0.244779571890831,
		-0.3324670195579529,
		0.9998366236686707
	],
	"25. left_eye": [
		0.5478090643882751,
		0.23612242937088013,
		-0.29710131883621216,
		0.9997537732124329
	],
	"26. right_eye": [
		0.5218437910079956,
		0.23110923171043396,
		-0.3028615713119507,
		0.9997365474700928
	],
	"27. left_ear": [
		0.5564303994178772,
		0.24642452597618103,
		-0.1128258928656578,
		0.9996979832649231
	],
	"28. right_ear": [
		0.5012365579605103,
		0.24162334203720093,
		-0.12092114239931107,
		0.999360203742981
	],
	"time stamp": 30.0
}