{
	"1. left_hip": [
		0.5901063084602356,
		0.5527083277702332,
		-0.10897551476955414,
		0.9998002052307129
	],
	"2. left_knee": [
		0.5734823942184448,
		0.7401111125946045,
		-0.22940152883529663,
		0.9742926359176636
	],
	"3. left_ankle": [
		0.6169614791870117,
		0.9007585048675537,
		-0.02446638233959675,
		0.9288504719734192
	],
	"6. right_hip": [
		0.5125932693481445,
		0.5648539066314697,
		0.10910945385694504,
		0.999668538570404
	],
	"7. right_knee": [
		0.4313229024410248,
		0.734114408493042,
		-0.02869253419339657,
		0.8941601514816284
	],
	"8. right_ankle": [
		0.5100561380386353,
		0.8873627781867981,
		0.19067975878715515,
		0.8669468760490417
	],
	"14. left_shoulder": [
		0.5931819677352905,
		0.3260456323623657,
		-0.04274844750761986,
		0.9992662668228149
	],
	"15. left_elbow": [
		0.6943473219871521,
		0.3738112151622772,
		-0.11063610762357712,
		0.9681339859962463
	],
	"16. left_wrist": [
		0.737203061580658,
		0.28106826543807983,
		-0.3523705303668976,
		0.9433606266975403
	],
	"19. right_shoulder": [
		0.4597644805908203,
		0.33051082491874695,
		0.11808565258979797,
		0.9993025064468384
	],
	"20. right_elbow": [
		0.3763384222984314,
		0.3897543251514435,
		0.029518110677599907,
		0.9375203251838684
	],
	"21. right_wrist": [
		0.3194342851638794,
		0.30053624510765076,
		-0.3061932325363159,
		0.9174192547798157
	],
	"24. nose": [
		0.536620557308197,
		0.24204902350902557,
		-0.32737693190574646,
		0.9998524785041809
	],
	"25. left_eye": [
		0.5476893186569214,
		0.2326728254556656,
		-0.2920617461204529,
		0.9997770190238953
	],
	"26. right_eye": [
		0.521681547164917,
		0.22951850295066833,
		-0.2914901077747345,
		0.999761700630188
	],
	"27. left_ear": [
		0.5563182234764099,
		0.2438310831785202,
		-0.10163696110248566,
		0.9997270703315735
	],
	"28. right_ear": [
		0.5010091066360474,
		0.24140562117099762,
		-0.10095212608575821,
		0.9994232058525085
	],
	"time stamp": 30.0
}