{
	"1. left_hip": [
		0.5620481371879578,
		0.5416995286941528,
		0.008616994135081768,
		0.9995735883712769
	],
	"2. left_knee": [
		0.5694704055786133,
		0.7421579957008362,
		-0.05804901570081711,
		0.9837600588798523
	],
	"3. left_ankle": [
		0.5561574101448059,
		0.8967682719230652,
		0.195786714553833,
		0.9691191911697388
	],
	"6. right_hip": [
		0.4766709506511688,
		0.5375068187713623,
		-0.008592735044658184,
		0.9993997812271118
	],
	"7. right_knee": [
		0.49108314514160156,
		0.7383341193199158,
		-0.039637766778469086,
		0.9560441970825195
	],
	"8. right_ankle": [
		0.48926764726638794,
		0.8975733518600464,
		0.21819455921649933,
		0.9426019191741943
	],
	"14. left_shoulder": [
		0.5949599146842957,
		0.32090580463409424,
		-0.36585405468940735,
		0.9997333288192749
	],
	"15. left_elbow": [
		0.6916412115097046,
		0.38710424304008484,
		-0.3327537178993225,
		0.987411618232727
	],
	"16. left_wrist": [
		0.7656096816062927,
		0.45010215044021606,
		-0.6301667094230652,
		0.9724526405334473
	],
	"19. right_shoulder": [
		0.44992247223854065,
		0.3221732974052429,
		-0.36610114574432373,
		0.9996972680091858
	],
	"20. right_elbow": [
		0.3550074100494385,
		0.3923606872558594,
		-0.28443190455436707,
		0.9730629920959473
	],
	"21. right_wrist": [
		0.29801955819129944,
		0.477914035320282,
		-0.460748553276062,
		0.9603667259216309
	],
	"24. nose": [
		0.5181860327720642,
		0.273555725812912,
		-0.8350335955619812,
		0.9999424815177917
	],
	"25. left_eye": [
		0.5332204699516296,
		0.2560670077800751,
		-0.8209167718887329,
		0.999900221824646
	],
	"26. right_eye": [
		0.5027143955230713,
		0.2574490010738373,
		-0.8197611570358276,
		0.9998893141746521
	],
	"27. left_ear": [
		0.5465561151504517,
		0.2541685700416565,
		-0.6035932898521423,
		0.999876081943512
	],
	"28. right_ear": [
		0.4913933575153351,
		0.25566789507865906,
		-0.5981674790382385,
		0.9997541308403015
	],
	"time stamp": 30.0
}