{
	"1. left_hip": [
		0.5607895255088806,
		0.5393733978271484,
		0.01837133802473545,
		0.9995524287223816
	],
	"2. left_knee": [
		0.5740363001823425,
		0.739040195941925,
		-0.06053750962018967,
		0.9842175245285034
	],
	"3. left_ankle": [
		0.5551467537879944,
		0.8860562443733215,
		0.17735405266284943,
		0.9708561897277832
	],
	"6. right_hip": [
		0.47525709867477417,
		0.5356177687644958,
		-0.018300872296094894,
		0.9993702173233032
	],
	"7. right_knee": [
		0.49078041315078735,
		0.737186849117279,
		-0.051769766956567764,
		0.9594209790229797
	],
	"8. right_ankle": [
		0.4895305633544922,
		0.8966093063354492,
		0.16188229620456696,
		0.9468320608139038
	],
	"14. left_shoulder": [
		0.5948852300643921,
		0.31705740094184875,
		-0.27918630838394165,
		0.9997596144676208
	],
	"15. left_elbow": [
		0.6927922368049622,
		0.3706064522266388,
		-0.23254993557929993,
		0.9885793328285217
	],
	"16. left_wrist": [
		0.7573549151420593,
		0.43670326471328735,
		-0.533466100692749,
		0.9750577807426453
	],
	"19. right_shoulder": [
		0.45002323389053345,
		0.3142891526222229,
		-0.28102484345436096,
		0.9997241497039795
	],
	"20. right_elbow": [
		0.35123366117477417,
		0.3735819160938263,
		-0.24451583623886108,
		0.9755343198776245
	],
	"21. right_wrist": [
		0.3055064082145691,
		0.46101412177085876,
		-0.47439244389533997,
		0.9634276628494263
	],
	"24. nose": [
		0.5200192928314209,
		0.26905784010887146,
		-0.7315295934677124,
		0.9999478459358215
	],
	"25. left_eye": [
		0.5346274375915527,
		0.25262874364852905,
		-0.7131151556968689,
		0.9999088644981384
	],
	"26. right_eye": [
		0.5029799342155457,
		0.25374835729599,
		-0.71250981092453,
		0.9998984336853027
	],
	"27. left_ear": [
		0.5473483800888062,
		0.25223278999328613,
		-0.5058919191360474,
		0.9998869299888611
	],
	"28. right_ear": [
		0.49106907844543457,
		0.25329354405403137,
		-0.49685394763946533,
		0.9997760057449341
	],
	"time stamp": 30.0
}