{
	"1. left_hip": [
		0.5642042756080627,
		0.5525522232055664,
		0.007899067364633083,
		0.9997247457504272
	],
	"2. left_knee": [
		0.5518321394920349,
		0.7278506755828857,
		-0.05142168328166008,
		0.9830999970436096
	],
	"3. left_ankle": [
		0.5315824151039124,
		0.8895040154457092,
		0.12997108697891235,
		0.9731607437133789
	],
	"6. right_hip": [
		0.4817613959312439,
		0.547154426574707,
		-0.007563367020338774,
		0.9997188448905945
	],
	"7. right_knee": [
		0.5094813704490662,
		0.6391642093658447,
		-0.5612096190452576,
		0.9817482233047485
	],
	"8. right_ankle": [
		0.5162490010261536,
		0.7936851382255554,
		-0.3279036581516266,
		0.9549962878227234
	],
	"14. left_shoulder": [
		0.5992545485496521,
		0.3514349162578583,
		0.05043688789010048,
		0.9999159574508667
	],
	"15. left_elbow": [
		0.6267331838607788,
		0.4185389280319214,
		-0.08631545305252075,
		0.9731603860855103
	],
	"16. left_wrist": [
		0.623603880405426,
		0.4596423804759979,
		-0.4270467460155487,
		0.913659393787384
	],
	"19. right_shoulder": [
		0.4506538510322571,
		0.34364616870880127,
		-0.01534727681428194,
		0.9999039769172668
	],
	"20. right_elbow": [
		0.44357651472091675,
		0.43170827627182007,
		-0.1723284125328064,
		0.9644487500190735
	],
	"21. right_wrist": [
		0.45354461669921875,
		0.4586268961429596,
		-0.5526089668273926,
		0.8802001476287842
	],
	"24. nose": [
		0.5337240695953369,
		0.24700400233268738,
		-0.2759690582752228,
		0.9999810457229614
	],
	"25. left_eye": [
		0.5475034117698669,
		0.24141578376293182,
		-0.2395971566438675,
		0.9999590516090393
	],
	"26. right_eye": [
		0.5204293727874756,
		0.23565678298473358,
		-0.24673928320407867,
		0.9999598860740662
	],
	"27. left_ear": [
		0.559479832649231,
		0.2579101622104645,
		-0.03951535373926163,
		0.9999281764030457
	],
	"28. right_ear": [
		0.5024746656417847,
		0.24902509152889252,
		-0.07458843290805817,
		0.9999294877052307
	],
	"time stamp": 30.0
}