{
	"1. left_hip": [
		0.5597898960113525,
		0.5592520236968994,
		0.044446125626564026,
		0.9997211694717407
	],
	"2. left_knee": [
		0.5490877628326416,
		0.7547801733016968,
		-0.04426751285791397,
		0.979799211025238
	],
	"3. left_ankle": [
		0.5304185152053833,
		0.8901838660240173,
		0.21732695400714874,
		0.9690432548522949
	],
	"6. right_hip": [
		0.4821701943874359,
		0.5591961145401001,
		-0.04469694942235947,
		0.9996389150619507
	],
	"7. right_knee": [
		0.4949910044670105,
		0.7457636594772339,
		-0.10250301659107208,
		0.9824787378311157
	],
	"8. right_ankle": [
		0.4797220826148987,
		0.8902242183685303,
		0.13736969232559204,
		0.9604492783546448
	],
	"14. left_shoulder": [
		0.5747593641281128,
		0.3342267572879791,
		0.10599362105131149,
		0.9992465376853943
	],
	"15. left_elbow": [
		0.6131558418273926,
		0.2846619188785553,
		-0.23673810064792633,
		0.8766868710517883
	],
	"16. left_wrist": [
		0.5956306457519531,
		0.26802170276641846,
		-0.5468665361404419,
		0.8234774470329285
	],
	"19. right_shoulder": [
		0.46488600969314575,
		0.33413609862327576,
		-0.07684123516082764,
		0.9987612366676331
	],
	"20. right_elbow": [
		0.45765265822410583,
		0.295929491519928,
		-0.5605720281600952,
		0.9517540335655212
	],
	"21. right_wrist": [
		0.4831540286540985,
		0.2814019024372101,
		-0.900866687297821,
		0.8513330817222595
	],
	"24. nose": [
		0.5223011374473572,
		0.24683459103107452,
		-0.16522811353206635,
		0.9998822212219238
	],
	"25. left_eye": [
		0.536601185798645,
		0.23784597218036652,
		-0.1280878186225891,
		0.9998111128807068
	],
	"26. right_eye": [
		0.5086141228675842,
		0.23779401183128357,
		-0.14273813366889954,
		0.9998093247413635
	],
	"27. left_ear": [
		0.5498524308204651,
		0.24999599158763885,
		0.07023001462221146,
		0.9997708797454834
	],
	"28. right_ear": [
		0.4925432801246643,
		0.25025150179862976,
		0.0027741799131035805,
		0.9997968673706055
	],
	"time stamp": 30.0
}