{
	"1. left_hip": [
		0.57735675573349,
		0.5196906328201294,
		0.008389978669583797,
		0.9997086524963379
	],
	"2. left_knee": [
		0.5767123103141785,
		0.7295548319816589,
		-0.05846215412020683,
		0.9839364886283875
	],
	"3. left_ankle": [
		0.5514550805091858,
		0.8619669675827026,
		0.23674547672271729,
		0.9773940443992615
	],
	"6. right_hip": [
		0.48846888542175293,
		0.522858738899231,
		-0.007876936346292496,
		0.999509334564209
	],
	"7. right_knee": [
		0.4956793189048767,
		0.729609489440918,
		-0.04954185336828232,
		0.9798685312271118
	],
	"8. right_ankle": [
		0.49972406029701233,
		0.8870843648910522,
		0.1802300065755844,
		0.9646298289299011
	],
	"14. left_shoulder": [
		0.5895346999168396,
		0.2841136157512665,
		0.3552134931087494,
		0.9995419979095459
	],
	"15. left_elbow": [
		0.6695543527603149,
		0.20761077105998993,
		0.23537670075893402,
		0.959018349647522
	],
	"16. left_wrist": [
		0.5735591650009155,
		0.1758795827627182,
		0.3717001676559448,
		0.8129553198814392
	],
	"19. right_shoulder": [
		0.4562913179397583,
		0.2823576033115387,
		0.2557488679885864,
		0.9988688230514526
	],
	"20. right_elbow": [
		0.3938272297382355,
		0.18275387585163116,
		0.20682524144649506,
		0.9817222952842712
	],
	"21. right_wrist": [
		0.48689258098602295,
		0.17020951211452484,
		0.4503452181816101,
		0.7588627934455872
	],
	"24. nose": [
		0.528487503528595,
		0.20880332589149475,
		0.04625050351023674,
		0.9999123215675354
	],
	"25. left_eye": [
		0.5431050658226013,
		0.1992517113685608,
		0.09841836243867874,
		0.9998399615287781
	],
	"26. right_eye": [
		0.5145825147628784,
		0.1949177235364914,
		0.08328328281641006,
		0.9998117089271545
	],
	"27. left_ear": [
		0.5544547438621521,
		0.20963622629642487,
		0.31689611077308655,
		0.9998850226402283
	],
	"28. right_ear": [
		0.4963313937187195,
		0.20734000205993652,
		0.24720537662506104,
		0.9998965859413147
	],
	"time stamp": 30.0
}