{
	"1. left_hip": [
		0.5932852625846863,
		0.5389007329940796,
		0.013551702722907066,
		0.9997857809066772
	],
	"2. left_knee": [
		0.6348364949226379,
		0.7384029030799866,
		-0.14897996187210083,
		0.9904649257659912
	],
	"3. left_ankle": [
		0.6512928009033203,
		0.8972927331924438,
		0.09628764539957047,
		0.9843703508377075
	],
	"6. right_hip": [
		0.5144569873809814,
		0.5475921630859375,
		-0.013497763313353062,
		0.999658465385437
	],
	"7. right_knee": [
		0.4450005888938904,
		0.7268140912055969,
		-0.21932396292686462,
		0.9866227507591248
	],
	"8. right_ankle": [
		0.47224900126457214,
		0.875809907913208,
		0.08183103799819946,
		0.9765055179595947
	],
	"14. left_shoulder": [
		0.5924549102783203,
		0.34820127487182617,
		0.2183297872543335,
		0.9997501969337463
	],
	"15. left_elbow": [
		0.6038200259208679,
		0.4402255713939667,
		0.009651139378547668,
		0.9484431743621826
	],
	"16. left_wrist": [
		0.6721345782279968,
		0.3681386411190033,
		-0.366168349981308,
		0.901212215423584
	],
	"19. right_shoulder": [
		0.47895050048828125,
		0.3098737597465515,
		0.0377344973385334,
		0.9993796348571777
	],
	"20. right_elbow": [
		0.44335609674453735,
		0.3240043818950653,
		-0.33096590638160706,
		0.9861770272254944
	],
	"21. right_wrist": [
		0.5257852077484131,
		0.3114354908466339,
		-0.7164726853370667,
		0.8540051579475403
	],
	"24. nose": [
		0.5687962174415588,
		0.24823042750358582,
		-0.15869265794754028,
		0.9999585151672363
	],
	"25. left_eye": [
		0.5834800004959106,
		0.2417362630367279,
		-0.11599673330783844,
		0.9999257326126099
	],
	"26. right_eye": [
		0.5579087138175964,
		0.23360078036785126,
		-0.1377333253622055,
		0.9999123215675354
	],
	"27. left_ear": [
		0.5911134481430054,
		0.2546752393245697,
		0.11564144492149353,
		0.9999459385871887
	],
	"28. right_ear": [
		0.5412391424179077,
		0.23821836709976196,
		0.00902699213474989,
		0.9999518394470215
	],
	"time stamp": 30.0
}