{
	"1. left_hip": [
		0.5933560132980347,
		0.545697033405304,
		-0.0008964724256657064,
		0.9998034834861755
	],
	"2. left_knee": [
		0.6314607858657837,
		0.7388750910758972,
		-0.13552245497703552,
		0.9914827942848206
	],
	"3. left_ankle": [
		0.648739755153656,
		0.8955478072166443,
		0.08357072621583939,
		0.9859011173248291
	],
	"6. right_hip": [
		0.5126587152481079,
		0.5491202473640442,
		0.0010653254576027393,
		0.9997032284736633
	],
	"7. right_knee": [
		0.4130111336708069,
		0.7105317711830139,
		-0.22007450461387634,
		0.9886316657066345
	],
	"8. right_ankle": [
		0.42943790555000305,
		0.8717857599258423,
		0.04806196317076683,
		0.9800938963890076
	],
	"14. left_shoulder": [
		0.5965757966041565,
		0.34171709418296814,
		0.17468976974487305,
		0.9997929930686951
	],
	"15. left_elbow": [
		0.6268637776374817,
		0.4375400245189667,
		0.007359810173511505,
		0.9473370909690857
	],
	"16. left_wrist": [
		0.6844080686569214,
		0.3523072600364685,
		-0.3693689703941345,
		0.9182313084602356
	],
	"19. right_shoulder": [
		0.47800424695014954,
		0.30884674191474915,
		0.03250719979405403,
		0.9994851350784302
	],
	"20. right_elbow": [
		0.4687102138996124,
		0.38995394110679626,
		-0.14964567124843597,
		0.9803990721702576
	],
	"21. right_wrist": [
		0.486817330121994,
		0.4372352063655853,
		-0.5315269231796265,
		0.8767973184585571
	],
	"24. nose": [
		0.5642979741096497,
		0.24549926817417145,
		-0.19615232944488525,
		0.9999660849571228
	],
	"25. left_eye": [
		0.5795464515686035,
		0.23824340105056763,
		-0.15565995872020721,
		0.9999391436576843
	],
	"26. right_eye": [
		0.5530226230621338,
		0.2322288453578949,
		-0.16982291638851166,
		0.9999280571937561
	],
	"27. left_ear": [
		0.5826529264450073,
		0.2499827742576599,
		0.06479207426309586,
		0.9999552369117737
	],
	"28. right_ear": [
		0.535736083984375,
		0.23666074872016907,
		-0.006576933898031712,
		0.9999602437019348
	],
	"time stamp": 30.0
}