{
	"1. left_hip": [
		0.5001355409622192,
		0.5613017678260803,
		-0.03619886934757233,
		0.9998905658721924
	],
	"2. left_knee": [
		0.5441185235977173,
		0.7489627599716187,
		-0.11852138489484787,
		0.9938721656799316
	],
	"3. left_ankle": [
		0.6036446690559387,
		0.882169783115387,
		0.1371811181306839,
		0.9911348819732666
	],
	"6. right_hip": [
		0.41709527373313904,
		0.5499703288078308,
		0.035860441625118256,
		0.9998368620872498
	],
	"7. right_knee": [
		0.3830326497554779,
		0.7375666499137878,
		0.021331707015633583,
		0.9936173558235168
	],
	"8. right_ankle": [
		0.3949516713619232,
		0.8918657898902893,
		0.23516502976417542,
		0.9895585775375366
	],
	"14. left_shoulder": [
		0.5654206871986389,
		0.3137471675872803,
		-0.10911931842565536,
		0.9999053478240967
	],
	"15. left_elbow": [
		0.6838350892066956,
		0.27871236205101013,
		-0.3499147593975067,
		0.9764785170555115
	],
	"16. left_wrist": [
		0.5971788167953491,
		0.3070122301578522,
		-0.5394713282585144,
		0.9512689113616943
	],
	"19. right_shoulder": [
		0.43422335386276245,
		0.3443208932876587,
		0.03457964211702347,
		0.9997524619102478
	],
	"20. right_elbow": [
		0.4020279347896576,
		0.45419955253601074,
		0.13814879953861237,
		0.9606207609176636
	],
	"21. right_wrist": [
		0.3645881116390228,
		0.5394976735115051,
		0.049987778067588806,
		0.9049842953681946
	],
	"24. nose": [
		0.4685405194759369,
		0.24272581934928894,
		-0.319607675075531,
		0.9999827146530151
	],
	"25. left_eye": [
		0.48085513710975647,
		0.22973957657814026,
		-0.29180169105529785,
		0.9999644756317139
	],
	"26. right_eye": [
		0.4538215100765228,
		0.239724799990654,
		-0.2755220830440521,
		0.9999502897262573
	],
	"27. left_ear": [
		0.5009049773216248,
		0.23623310029506683,
		-0.17249959707260132,
		0.9999722242355347
	],
	"28. right_ear": [
		0.45138299465179443,
		0.2591545879840851,
		-0.06557901948690414,
		0.9999634623527527
	],
	"time stamp": 30.0
}