{
	"1. left_hip": [
		0.48388391733169556,
		0.5472927093505859,
		-0.10876299440860748,
		0.9998802542686462
	],
	"2. left_knee": [
		0.4498402178287506,
		0.7414900064468384,
		-0.2584952712059021,
		0.9949080348014832
	],
	"3. left_ankle": [
		0.5210021734237671,
		0.8767973780632019,
		0.051109302788972855,
		0.9919857978820801
	],
	"6. right_hip": [
		0.40756306052207947,
		0.5449162721633911,
		0.10872462391853333,
		0.9998077750205994
	],
	"7. right_knee": [
		0.3767351806163788,
		0.7324204444885254,
		0.0220002643764019,
		0.9894764423370361
	],
	"8. right_ankle": [
		0.40006011724472046,
		0.8933960795402527,
		0.24852246046066284,
		0.9893068075180054
	],
	"14. left_shoulder": [
		0.5248302221298218,
		0.3085467517375946,
		-0.1078566312789917,
		0.9999433755874634
	],
	"15. left_elbow": [
		0.5977876782417297,
		0.38947275280952454,
		-0.11556351184844971,
		0.9858630895614624
	],
	"16. left_wrist": [
		0.5796215534210205,
		0.49170976877212524,
		-0.2775065302848816,
		0.9694355130195618
	],
	"19. right_shoulder": [
		0.40819457173347473,
		0.33914557099342346,
		0.18068896234035492,
		0.9998071193695068
	],
	"20. right_elbow": [
		0.39809802174568176,
		0.44606319069862366,
		0.30984145402908325,
		0.8786082863807678
	],
	"21. right_wrist": [
		0.36688315868377686,
		0.5228859186172485,
		0.1457253247499466,
		0.9101172089576721
	],
	"24. nose": [
		0.447331964969635,
		0.24256113171577454,
		-0.26051539182662964,
		0.9999825358390808
	],
	"25. left_eye": [
		0.46125340461730957,
		0.2299744337797165,
		-0.2425893098115921,
		0.9999568462371826
	],
	"26. right_eye": [
		0.435701459646225,
		0.23777644336223602,
		-0.22373902797698975,
		0.9999270439147949
	],
	"27. left_ear": [
		0.4819034934043884,
		0.23558230698108673,
		-0.14118129014968872,
		0.9999722838401794
	],
	"28. right_ear": [
		0.43054020404815674,
		0.24787692725658417,
		-0.018978683277964592,
		0.9998908638954163
	],
	"time stamp": 30.0
}