{
	"1. left_hip": [
		0.5184972286224365,
		0.5321422815322876,
		-0.12283867597579956,
		0.9999346137046814
	],
	"2. left_knee": [
		0.5591303110122681,
		0.7177022099494934,
		-0.24525974690914154,
		0.9969577193260193
	],
	"3. left_ankle": [
		0.6495632529258728,
		0.8531118035316467,
		0.011391675099730492,
		0.9935473203659058
	],
	"6. right_hip": [
		0.4474283456802368,
		0.5471163392066956,
		0.12289618700742722,
		0.9999045729637146
	],
	"7. right_knee": [
		0.41478607058525085,
		0.7257959842681885,
		0.09289459884166718,
		0.9715050458908081
	],
	"8. right_ankle": [
		0.4160340130329132,
		0.8896235227584839,
		0.26464566588401794,
		0.9890532493591309
	],
	"14. left_shoulder": [
		0.49837109446525574,
		0.31575122475624084,
		-0.10470710694789886,
		0.9999791383743286
	],
	"15. left_elbow": [
		0.5265734791755676,
		0.41323089599609375,
		-0.3196859657764435,
		0.9947689771652222
	],
	"16. left_wrist": [
		0.5801125168800354,
		0.4525958299636841,
		-0.6817388534545898,
		0.9889212250709534
	],
	"19. right_shoulder": [
		0.399392306804657,
		0.3407318890094757,
		0.27106809616088867,
		0.9999130368232727
	],
	"20. right_elbow": [
		0.3445165753364563,
		0.4313109815120697,
		0.3238826394081116,
		0.9335510730743408
	],
	"21. right_wrist": [
		0.2542940676212311,
		0.47716400027275085,
		0.17811770737171173,
		0.9632053971290588
	],
	"24. nose": [
		0.4321892261505127,
		0.2291811853647232,
		-0.16891895234584808,
		0.999990701675415
	],
	"25. left_eye": [
		0.45210257172584534,
		0.2222280353307724,
		-0.14967751502990723,
		0.9999772906303406
	],
	"26. right_eye": [
		0.4276166558265686,
		0.21794551610946655,
		-0.1296786069869995,
		0.9999639987945557
	],
	"27. left_ear": [
		0.47262489795684814,
		0.23854242265224457,
		-0.02677461877465248,
		0.9999851584434509
	],
	"28. right_ear": [
		0.42441466450691223,
		0.22886265814304352,
		0.06374076008796692,
		0.9999436140060425
	],
	"time stamp": 30.0
}