{
	"1. left_hip": [
		0.6034525632858276,
		0.5820543766021729,
		-0.07527223974466324,
		0.9998063445091248
	],
	"2. left_knee": [
		0.6371692419052124,
		0.7575231194496155,
		-0.18861861526966095,
		0.9974777102470398
	],
	"3. left_ankle": [
		0.6603524684906006,
		0.893632173538208,
		0.08467401564121246,
		0.9953128099441528
	],
	"6. right_hip": [
		0.5217300057411194,
		0.5862551927566528,
		0.0751274824142456,
		0.9998984336853027
	],
	"7. right_knee": [
		0.3812216520309448,
		0.7029826045036316,
		-0.17088980972766876,
		0.9946103692054749
	],
	"8. right_ankle": [
		0.41723278164863586,
		0.8794310092926025,
		0.0618627592921257,
		0.9960942268371582
	],
	"14. left_shoulder": [
		0.606018602848053,
		0.36387625336647034,
		-0.08831781893968582,
		0.9999763369560242
	],
	"15. left_elbow": [
		0.673846423625946,
		0.45868492126464844,
		-0.04487057402729988,
		0.9916077852249146
	],
	"16. left_wrist": [
		0.7558432817459106,
		0.5291860699653625,
		-0.173595130443573,
		0.9790083765983582
	],
	"19. right_shoulder": [
		0.4766191840171814,
		0.3646465241909027,
		0.08009127527475357,
		0.9999271631240845
	],
	"20. right_elbow": [
		0.3959593176841736,
		0.43171101808547974,
		0.14594325423240662,
		0.9059444069862366
	],
	"21. right_wrist": [
		0.3041782081127167,
		0.47789862751960754,
		-0.014142738655209541,
		0.9431692957878113
	],
	"24. nose": [
		0.529924750328064,
		0.2661895751953125,
		-0.30838915705680847,
		0.9999912977218628
	],
	"25. left_eye": [
		0.547232985496521,
		0.25544533133506775,
		-0.27903106808662415,
		0.9999816417694092
	],
	"26. right_eye": [
		0.5200304985046387,
		0.2558934986591339,
		-0.26920589804649353,
		0.9999755620956421
	],
	"27. left_ear": [
		0.5652263164520264,
		0.26700732111930847,
		-0.11576022952795029,
		0.9999843239784241
	],
	"28. right_ear": [
		0.5145641565322876,
		0.2679192125797272,
		-0.07357881963253021,
		0.9999507069587708
	],
	"time stamp": 30.0
}