{
	"1. left_hip": [
		0.5319172143936157,
		0.5380545854568481,
		-0.15080325305461884,
		0.9998967051506042
	],
	"2. left_knee": [
		0.5087233781814575,
		0.7335110902786255,
		-0.2717725336551666,
		0.9968917965888977
	],
	"3. left_ankle": [
		0.5812655091285706,
		0.9157068133354187,
		-0.16649098694324493,
		0.9957590103149414
	],
	"6. right_hip": [
		0.45966970920562744,
		0.5425766110420227,
		0.15085633099079132,
		0.9999281764030457
	],
	"7. right_knee": [
		0.40286076068878174,
		0.7221675515174866,
		0.04272536188364029,
		0.9897481203079224
	],
	"8. right_ankle": [
		0.4183419942855835,
		0.8957321047782898,
		0.14755313098430634,
		0.9936508536338806
	],
	"14. left_shoulder": [
		0.548486053943634,
		0.2977677881717682,
		-0.08933266252279282,
		0.9999798536300659
	],
	"15. left_elbow": [
		0.5047399997711182,
		0.33803924918174744,
		-0.43964794278144836,
		0.9938112497329712
	],
	"16. left_wrist": [
		0.49306344985961914,
		0.2749119997024536,
		-0.6913520693778992,
		0.9845582842826843
	],
	"19. right_shoulder": [
		0.4688122570514679,
		0.32005375623703003,
		0.34728142619132996,
		0.9998958110809326
	],
	"20. right_elbow": [
		0.47995004057884216,
		0.41801193356513977,
		0.5427687168121338,
		0.6417967081069946
	],
	"21. right_wrist": [
		0.4890502095222473,
		0.5173724293708801,
		0.6069959402084351,
		0.705894410610199
	],
	"24. nose": [
		0.4868727922439575,
		0.2235209196805954,
		-0.12034609168767929,
		0.9999930262565613
	],
	"25. left_eye": [
		0.5051032900810242,
		0.20929129421710968,
		-0.10442039370536804,
		0.9999850988388062
	],
	"26. right_eye": [
		0.4832019805908203,
		0.21128298342227936,
		-0.07714203000068665,
		0.9999778866767883
	],
	"27. left_ear": [
		0.5273375511169434,
		0.22066210210323334,
		0.011876322329044342,
		0.9999855756759644
	],
	"28. right_ear": [
		0.4822338819503784,
		0.21878790855407715,
		0.1402675062417984,
		0.999965488910675
	],
	"time stamp": 30.0
}