{
	"1. left_hip": [
		0.5475307703018188,
		0.5474845170974731,
		-0.16748932003974915,
		0.9998893141746521
	],
	"2. left_knee": [
		0.5156462788581848,
		0.7433740496635437,
		-0.28470298647880554,
		0.9955453276634216
	],
	"3. left_ankle": [
		0.5791216492652893,
		0.9228455424308777,
		-0.22378650307655334,
		0.9952774047851562
	],
	"6. right_hip": [
		0.49011167883872986,
		0.5546624660491943,
		0.16749611496925354,
		0.9998837113380432
	],
	"7. right_knee": [
		0.4097224473953247,
		0.7216029763221741,
		-0.006904395297169685,
		0.9740299582481384
	],
	"8. right_ankle": [
		0.41940489411354065,
		0.8977447748184204,
		0.0918051153421402,
		0.986519455909729
	],
	"14. left_shoulder": [
		0.5551143884658813,
		0.3115333020687103,
		-0.06619799882173538,
		0.9999328255653381
	],
	"15. left_elbow": [
		0.5410890579223633,
		0.3541390001773834,
		-0.4310016632080078,
		0.9881996512413025
	],
	"16. left_wrist": [
		0.5247241258621216,
		0.28594276309013367,
		-0.7050265669822693,
		0.9519294500350952
	],
	"19. right_shoulder": [
		0.4863582253456116,
		0.32743772864341736,
		0.33146995306015015,
		0.9995810985565186
	],
	"20. right_elbow": [
		0.5039944648742676,
		0.4274139106273651,
		0.4836154580116272,
		0.36799007654190063
	],
	"21. right_wrist": [
		0.5051141977310181,
		0.5006488561630249,
		0.48890265822410583,
		0.41442108154296875
	],
	"24. nose": [
		0.5215922594070435,
		0.23695001006126404,
		-0.1601276397705078,
		0.9999790787696838
	],
	"25. left_eye": [
		0.5359022617340088,
		0.22576217353343964,
		-0.13679239153862,
		0.999968409538269
	],
	"26. right_eye": [
		0.5098303556442261,
		0.2229270040988922,
		-0.1136636957526207,
		0.9999536871910095
	],
	"27. left_ear": [
		0.5458120703697205,
		0.23735900223255157,
		0.015950936824083328,
		0.9999687671661377
	],
	"28. right_ear": [
		0.4976157248020172,
		0.23123781383037567,
		0.12242443114519119,
		0.9999231100082397
	],
	"time stamp": 30.0
}