{
	"1. left_hip": [
		0.5545470118522644,
		0.5162087082862854,
		-0.15782593190670013,
		0.9999051094055176
	],
	"2. left_knee": [
		0.5445758700370789,
		0.7235912084579468,
		-0.287967324256897,
		0.9956120848655701
	],
	"3. left_ankle": [
		0.5792816877365112,
		0.9203892350196838,
		-0.23930437862873077,
		0.9955974817276001
	],
	"6. right_hip": [
		0.4915393888950348,
		0.5250356197357178,
		0.15781918168067932,
		0.9998832941055298
	],
	"7. right_knee": [
		0.412495493888855,
		0.7068413496017456,
		0.07666192948818207,
		0.9749820828437805
	],
	"8. right_ankle": [
		0.45087459683418274,
		0.8787099123001099,
		0.25834372639656067,
		0.9856546521186829
	],
	"14. left_shoulder": [
		0.5706426501274109,
		0.28861820697784424,
		-0.00933742057532072,
		0.9999409317970276
	],
	"15. left_elbow": [
		0.5581435561180115,
		0.3158012926578522,
		-0.4455288052558899,
		0.9861235618591309
	],
	"16. left_wrist": [
		0.5724129676818848,
		0.23484976589679718,
		-0.8850498795509338,
		0.9505642056465149
	],
	"19. right_shoulder": [
		0.48581936955451965,
		0.3082444667816162,
		0.3700968325138092,
		0.9995699524879456
	],
	"20. right_elbow": [
		0.4949841797351837,
		0.4142172932624817,
		0.43368780612945557,
		0.30965811014175415
	],
	"21. right_wrist": [
		0.4983676075935364,
		0.49094870686531067,
		0.3479194939136505,
		0.3535017669200897
	],
	"24. nose": [
		0.5223235487937927,
		0.2003808617591858,
		-0.0763404443860054,
		0.9999796748161316
	],
	"25. left_eye": [
		0.5367853045463562,
		0.19132669270038605,
		-0.05079841613769531,
		0.9999706745147705
	],
	"26. right_eye": [
		0.512938380241394,
		0.18944498896598816,
		-0.02952796034514904,
		0.9999552369117737
	],
	"27. left_ear": [
		0.5476686954498291,
		0.2048371136188507,
		0.09391294419765472,
		0.9999716877937317
	],
	"28. right_ear": [
		0.5004385113716125,
		0.2022586613893509,
		0.19457094371318817,
		0.9999294877052307
	],
	"time stamp": 30.0
}