{
	"1. left_hip": [
		0.5622385144233704,
		0.5130165815353394,
		-0.10834670811891556,
		0.9999276995658875
	],
	"2. left_knee": [
		0.5641788244247437,
		0.725913405418396,
		-0.31263986229896545,
		0.9960748553276062
	],
	"3. left_ankle": [
		0.5795879364013672,
		0.9228646755218506,
		-0.27496808767318726,
		0.9961958527565002
	],
	"6. right_hip": [
		0.4928523898124695,
		0.5220780968666077,
		0.10842179507017136,
		0.999894917011261
	],
	"7. right_knee": [
		0.4098469913005829,
		0.6925300359725952,
		0.06762123852968216,
		0.9775029420852661
	],
	"8. right_ankle": [
		0.5092588663101196,
		0.8078095316886902,
		0.4209030866622925,
		0.9774866700172424
	],
	"14. left_shoulder": [
		0.5836901068687439,
		0.2860777676105499,
		0.04915197193622589,
		0.9999440312385559
	],
	"15. left_elbow": [
		0.5817010402679443,
		0.2205723226070404,
		0.007422162219882011,
		0.9761343002319336
	],
	"16. left_wrist": [
		0.5637660622596741,
		0.16475459933280945,
		0.09974779188632965,
		0.9254783391952515
	],
	"19. right_shoulder": [
		0.4839928150177002,
		0.3051328659057617,
		0.293231338262558,
		0.9995124936103821
	],
	"20. right_elbow": [
		0.4818495512008667,
		0.4050777554512024,
		0.3317827582359314,
		0.27402880787849426
	],
	"21. right_wrist": [
		0.4792085289955139,
		0.5035662651062012,
		0.21663197875022888,
		0.3079962432384491
	],
	"24. nose": [
		0.5292276740074158,
		0.20824962854385376,
		-0.15644308924674988,
		0.9999810457229614
	],
	"25. left_eye": [
		0.5418217182159424,
		0.19591699540615082,
		-0.11704175919294357,
		0.999972939491272
	],
	"26. right_eye": [
		0.5157064199447632,
		0.19558189809322357,
		-0.10618824511766434,
		0.9999598860740662
	],
	"27. left_ear": [
		0.5548843741416931,
		0.2045115828514099,
		0.05485028028488159,
		0.9999732971191406
	],
	"28. right_ear": [
		0.5019148588180542,
		0.2058570384979248,
		0.1340140402317047,
		0.9999426603317261
	],
	"time stamp": 30.0
}