{
	"1. left_hip": [
		0.5616689324378967,
		0.5582942366600037,
		-0.016782838851213455,
		0.9996928572654724
	],
	"2. left_knee": [
		0.5561757683753967,
		0.7395272254943848,
		-0.05982416868209839,
		0.9841712713241577
	],
	"3. left_ankle": [
		0.5509052872657776,
		0.8793617486953735,
		0.24870111048221588,
		0.9389654994010925
	],
	"6. right_hip": [
		0.4829460680484772,
		0.5542774200439453,
		0.01668756827712059,
		0.9996492862701416
	],
	"7. right_knee": [
		0.4913659393787384,
		0.7386048436164856,
		-0.036909718066453934,
		0.9869166612625122
	],
	"8. right_ankle": [
		0.4750022888183594,
		0.8914106488227844,
		0.26315245032310486,
		0.9751034379005432
	],
	"14. left_shoulder": [
		0.6022414565086365,
		0.34854409098625183,
		-0.08918676525354385,
		0.9998342990875244
	],
	"15. left_elbow": [
		0.627748966217041,
		0.449022114276886,
		-0.3083583414554596,
		0.9647195935249329
	],
	"16. left_wrist": [
		0.5900349020957947,
		0.3936660885810852,
		-0.7382959723472595,
		0.9677469730377197
	],
	"19. right_shoulder": [
		0.4680839478969574,
		0.35521429777145386,
		-0.014596291817724705,
		0.9997889995574951
	],
	"20. right_elbow": [
		0.4339537024497986,
		0.45903295278549194,
		0.0803990364074707,
		0.9599199295043945
	],
	"21. right_wrist": [
		0.3787943422794342,
		0.5520145893096924,
		-0.07342305034399033,
		0.9497445225715637
	],
	"24. nose": [
		0.5303900241851807,
		0.26383402943611145,
		-0.44491684436798096,
		0.9999622106552124
	],
	"25. left_eye": [
		0.542888879776001,
		0.25262531638145447,
		-0.4143192768096924,
		0.999901533126831
	],
	"26. right_eye": [
		0.5159502029418945,
		0.25265124440193176,
		-0.4100385904312134,
		0.9998553395271301
	],
	"27. left_ear": [
		0.5577638745307922,
		0.26270273327827454,
		-0.21352656185626984,
		0.9997941255569458
	],
	"28. right_ear": [
		0.503771960735321,
		0.2642457187175751,
		-0.1923094242811203,
		0.9997349977493286
	],
	"time stamp": 30.0
}