{
	"1. left_hip": [
		0.5839635133743286,
		0.5313631892204285,
		-0.0328240767121315,
		0.9998859763145447
	],
	"2. left_knee": [
		0.582647442817688,
		0.7157147526741028,
		-0.08443448692560196,
		0.9924026727676392
	],
	"3. left_ankle": [
		0.5865987539291382,
		0.8666911721229553,
		0.1405879557132721,
		0.9857972264289856
	],
	"6. right_hip": [
		0.5078157782554626,
		0.5303812623023987,
		0.03291843831539154,
		0.9998317360877991
	],
	"7. right_knee": [
		0.5123018622398376,
		0.7186634540557861,
		0.00204660976305604,
		0.990637481212616
	],
	"8. right_ankle": [
		0.5253837704658508,
		0.8658505082130432,
		0.201640322804451,
		0.9795311689376831
	],
	"14. left_shoulder": [
		0.6054015755653381,
		0.31482890248298645,
		0.01710016094148159,
		0.9999604225158691
	],
	"15. left_elbow": [
		0.687556266784668,
		0.27087002992630005,
		-0.15601381659507751,
		0.9937589168548584
	],
	"16. left_wrist": [
		0.65733802318573,
		0.18286222219467163,
		-0.3766690492630005,
		0.988218367099762
	],
	"19. right_shoulder": [
		0.48169153928756714,
		0.32875096797943115,
		0.09556654095649719,
		0.9999484419822693
	],
	"20. right_elbow": [
		0.418979674577713,
		0.4161510467529297,
		0.16904997825622559,
		0.989978551864624
	],
	"21. right_wrist": [
		0.3426608741283417,
		0.4798995852470398,
		0.04579053819179535,
		0.9860161542892456
	],
	"24. nose": [
		0.5456811785697937,
		0.23851682245731354,
		-0.26969707012176514,
		0.9999951720237732
	],
	"25. left_eye": [
		0.557636559009552,
		0.22832725942134857,
		-0.23184716701507568,
		0.9999828338623047
	],
	"26. right_eye": [
		0.5324564576148987,
		0.22774259746074677,
		-0.23433730006217957,
		0.9999813437461853
	],
	"27. left_ear": [
		0.5686594843864441,
		0.2400212436914444,
		-0.040872059762477875,
		0.9999620318412781
	],
	"28. right_ear": [
		0.5175657272338867,
		0.23867161571979523,
		-0.05274529382586479,
		0.9999721050262451
	],
	"time stamp": 30.0
}