{
	"1. left_hip": [
		0.5801230669021606,
		0.5621099472045898,
		-0.026616383343935013,
		0.9998726844787598
	],
	"2. left_knee": [
		0.5837669372558594,
		0.7382904291152954,
		-0.1079876497387886,
		0.9916315078735352
	],
	"3. left_ankle": [
		0.5858508348464966,
		0.8772432804107666,
		0.1834772676229477,
		0.987278401851654
	],
	"6. right_hip": [
		0.5020816922187805,
		0.5586965680122375,
		0.026490934193134308,
		0.9998155236244202
	],
	"7. right_knee": [
		0.4392264187335968,
		0.7068818211555481,
		-0.18808168172836304,
		0.9915213584899902
	],
	"8. right_ankle": [
		0.48813578486442566,
		0.8459795713424683,
		0.13480250537395477,
		0.9829424619674683
	],
	"14. left_shoulder": [
		0.6005302667617798,
		0.3535197377204895,
		-0.09172111004590988,
		0.9999436736106873
	],
	"15. left_elbow": [
		0.6856744289398193,
		0.308526873588562,
		-0.3098713159561157,
		0.9949432015419006
	],
	"16. left_wrist": [
		0.6393642425537109,
		0.2562312185764313,
		-0.5731814503669739,
		0.9845998287200928
	],
	"19. right_shoulder": [
		0.47695934772491455,
		0.36526116728782654,
		-0.00034500949550420046,
		0.9999324679374695
	],
	"20. right_elbow": [
		0.4076911509037018,
		0.44213154911994934,
		0.04758913815021515,
		0.9894286394119263
	],
	"21. right_wrist": [
		0.333039253950119,
		0.5033738017082214,
		-0.06382344663143158,
		0.9817022681236267
	],
	"24. nose": [
		0.5384702682495117,
		0.26062655448913574,
		-0.34912899136543274,
		0.9999953508377075
	],
	"25. left_eye": [
		0.5508480668067932,
		0.25547903776168823,
		-0.31353601813316345,
		0.9999803304672241
	],
	"26. right_eye": [
		0.5286375880241394,
		0.2547154426574707,
		-0.3119235932826996,
		0.9999814033508301
	],
	"27. left_ear": [
		0.5645851492881775,
		0.2700735032558441,
		-0.13843876123428345,
		0.9999606013298035
	],
	"28. right_ear": [
		0.5152127742767334,
		0.27004826068878174,
		-0.13060545921325684,
		0.9999759793281555
	],
	"time stamp": 30.0
}