{
	"1. left_hip": [
		0.5345149040222168,
		0.5705389976501465,
		-0.04264358803629875,
		0.9998967051506042
	],
	"2. left_knee": [
		0.5704233646392822,
		0.7420184016227722,
		-0.09600904583930969,
		0.9933104515075684
	],
	"3. left_ankle": [
		0.5955371856689453,
		0.8755607604980469,
		0.10289859026670456,
		0.991479218006134
	],
	"6. right_hip": [
		0.4559580385684967,
		0.5601521134376526,
		0.042479436844587326,
		0.9998396039009094
	],
	"7. right_knee": [
		0.39014437794685364,
		0.7282172441482544,
		0.019814446568489075,
		0.9939836263656616
	],
	"8. right_ankle": [
		0.3561254143714905,
		0.8757744431495667,
		0.20905855298042297,
		0.9901639223098755
	],
	"14. left_shoulder": [
		0.5709162950515747,
		0.3488835096359253,
		-0.20367571711540222,
		0.9999540448188782
	],
	"15. left_elbow": [
		0.6564406752586365,
		0.2779652178287506,
		-0.46024271845817566,
		0.9976528882980347
	],
	"16. left_wrist": [
		0.5819786190986633,
		0.24538983404636383,
		-0.7338306903839111,
		0.9902514219284058
	],
	"19. right_shoulder": [
		0.4527010917663574,
		0.3633517026901245,
		-0.06323397159576416,
		0.9999393820762634
	],
	"20. right_elbow": [
		0.40001410245895386,
		0.4527396857738495,
		0.027814019471406937,
		0.9819734692573547
	],
	"21. right_wrist": [
		0.3310580849647522,
		0.5262888073921204,
		-0.08821047842502594,
		0.9770325422286987
	],
	"24. nose": [
		0.49475356936454773,
		0.32601481676101685,
		-0.475047767162323,
		0.9999902248382568
	],
	"25. left_eye": [
		0.5056042671203613,
		0.3105592131614685,
		-0.4628208875656128,
		0.99996417760849
	],
	"26. right_eye": [
		0.48420029878616333,
		0.3141660690307617,
		-0.4506182074546814,
		0.9999582767486572
	],
	"27. left_ear": [
		0.5263124108314514,
		0.3053707480430603,
		-0.306172251701355,
		0.9999566674232483
	],
	"28. right_ear": [
		0.4822157621383667,
		0.31057578325271606,
		-0.24517004191875458,
		0.9999645948410034
	],
	"time stamp": 30.0
}