{
	"1. left_hip": [
		0.5321798324584961,
		0.5771416425704956,
		-0.042406678199768066,
		0.9999019503593445
	],
	"2. left_knee": [
		0.57072913646698,
		0.7444580793380737,
		-0.11609546840190887,
		0.9938016533851624
	],
	"3. left_ankle": [
		0.5971729159355164,
		0.8753892779350281,
		0.14060983061790466,
		0.9920046925544739
	],
	"6. right_hip": [
		0.45354029536247253,
		0.5677241683006287,
		0.042242225259542465,
		0.9998463988304138
	],
	"7. right_knee": [
		0.38440513610839844,
		0.7277000546455383,
		0.010848473757505417,
		0.9943920373916626
	],
	"8. right_ankle": [
		0.356001079082489,
		0.8746994137763977,
		0.2335130274295807,
		0.990950882434845
	],
	"14. left_shoulder": [
		0.5637953877449036,
		0.3503749668598175,
		-0.16173037886619568,
		0.999954879283905
	],
	"15. left_elbow": [
		0.6518041491508484,
		0.28227749466896057,
		-0.4251084327697754,
		0.9978387355804443
	],
	"16. left_wrist": [
		0.5794034004211426,
		0.24390970170497894,
		-0.7229254841804504,
		0.9908855557441711
	],
	"19. right_shoulder": [
		0.44315391778945923,
		0.3696291744709015,
		-0.014030546881258488,
		0.9999368786811829
	],
	"20. right_elbow": [
		0.3956896960735321,
		0.4642793536186218,
		0.07678674161434174,
		0.9815949201583862
	],
	"21. right_wrist": [
		0.3313904106616974,
		0.5347269773483276,
		-0.03972546383738518,
		0.9774299263954163
	],
	"24. nose": [
		0.49393436312675476,
		0.3181614875793457,
		-0.4171566367149353,
		0.9999901056289673
	],
	"25. left_eye": [
		0.5038164258003235,
		0.3032185733318329,
		-0.3954870104789734,
		0.9999630451202393
	],
	"26. right_eye": [
		0.48165765404701233,
		0.3067063093185425,
		-0.3879227936267853,
		0.9999577403068542
	],
	"27. left_ear": [
		0.5209576487541199,
		0.30039313435554504,
		-0.22885377705097198,
		0.9999560713768005
	],
	"28. right_ear": [
		0.4765257239341736,
		0.3062974810600281,
		-0.18916088342666626,
		0.9999635219573975
	],
	"time stamp": 30.0
}