{
	"1. left_hip": [
		0.5261000990867615,
		0.6098954081535339,
		-0.025798464193940163,
		0.9999098777770996
	],
	"2. left_knee": [
		0.5721654891967773,
		0.7623679041862488,
		-0.07091028243303299,
		0.9960005283355713
	],
	"3. left_ankle": [
		0.603592038154602,
		0.8750885128974915,
		0.23146474361419678,
		0.9939945936203003
	],
	"6. right_hip": [
		0.44525837898254395,
		0.6036266684532166,
		0.02560349367558956,
		0.9998778700828552
	],
	"7. right_knee": [
		0.37056487798690796,
		0.7487479448318481,
		-0.046323299407958984,
		0.996631920337677
	],
	"8. right_ankle": [
		0.3608623445034027,
		0.8809285759925842,
		0.23740802705287933,
		0.994821310043335
	],
	"14. left_shoulder": [
		0.5412682294845581,
		0.38680920004844666,
		-0.06385521590709686,
		0.9999116659164429
	],
	"15. left_elbow": [
		0.638559877872467,
		0.3437867760658264,
		-0.29326531291007996,
		0.9985730051994324
	],
	"16. left_wrist": [
		0.566962718963623,
		0.2797909080982208,
		-0.5692875981330872,
		0.9927532076835632
	],
	"19. right_shoulder": [
		0.4191141724586487,
		0.41634973883628845,
		-0.011994057334959507,
		0.9998952746391296
	],
	"20. right_elbow": [
		0.381805956363678,
		0.5149092078208923,
		-0.008101246319711208,
		0.9825448989868164
	],
	"21. right_wrist": [
		0.29942142963409424,
		0.5084712505340576,
		-0.20731040835380554,
		0.9813753962516785
	],
	"24. nose": [
		0.4783739447593689,
		0.3165966272354126,
		-0.33679184317588806,
		0.9999933838844299
	],
	"25. left_eye": [
		0.4916819632053375,
		0.3068889081478119,
		-0.30258709192276,
		0.999972939491272
	],
	"26. right_eye": [
		0.46634623408317566,
		0.3058971166610718,
		-0.30366623401641846,
		0.9999735951423645
	],
	"27. left_ear": [
		0.5031531453132629,
		0.3204801678657532,
		-0.12494267523288727,
		0.9999643564224243
	],
	"28. right_ear": [
		0.45297786593437195,
		0.32012295722961426,
		-0.1282259225845337,
		0.9999757409095764
	],
	"time stamp": 30.0
}