{
	"1. left_hip": [
		0.5250639319419861,
		0.5929347276687622,
		-0.02636023983359337,
		0.9999045133590698
	],
	"2. left_knee": [
		0.5760096907615662,
		0.7488455176353455,
		-0.07213540375232697,
		0.9961338043212891
	],
	"3. left_ankle": [
		0.6061535477638245,
		0.8750593662261963,
		0.1814078688621521,
		0.9941771030426025
	],
	"6. right_hip": [
		0.4446609616279602,
		0.5890207290649414,
		0.026166625320911407,
		0.9998704791069031
	],
	"7. right_knee": [
		0.37424561381340027,
		0.7454673647880554,
		-0.03371341899037361,
		0.9966810941696167
	],
	"8. right_ankle": [
		0.361899197101593,
		0.880452573299408,
		0.22590957581996918,
		0.9950791001319885
	],
	"14. left_shoulder": [
		0.5418051481246948,
		0.37631815671920776,
		-0.06102157011628151,
		0.9998791813850403
	],
	"15. left_elbow": [
		0.6387186646461487,
		0.3405377268791199,
		-0.2825254797935486,
		0.9985834956169128
	],
	"16. left_wrist": [
		0.5683882236480713,
		0.27583006024360657,
		-0.5459751486778259,
		0.9922407865524292
	],
	"19. right_shoulder": [
		0.41842278838157654,
		0.3946232199668884,
		-0.008533027023077011,
		0.9998835325241089
	],
	"20. right_elbow": [
		0.3814429044723511,
		0.4928935468196869,
		-0.06667421013116837,
		0.9817937612533569
	],
	"21. right_wrist": [
		0.30128130316734314,
		0.4660654366016388,
		-0.3454371690750122,
		0.9822897911071777
	],
	"24. nose": [
		0.47804975509643555,
		0.2995942533016205,
		-0.34176379442214966,
		0.999993622303009
	],
	"25. left_eye": [
		0.49199727177619934,
		0.2901846170425415,
		-0.308431476354599,
		0.999974250793457
	],
	"26. right_eye": [
		0.4662553668022156,
		0.2888778746128082,
		-0.30860772728919983,
		0.9999756217002869
	],
	"27. left_ear": [
		0.5046902298927307,
		0.3020462989807129,
		-0.12974126636981964,
		0.9999658465385437
	],
	"28. right_ear": [
		0.4523165822029114,
		0.3005959689617157,
		-0.13062621653079987,
		0.9999775290489197
	],
	"time stamp": 30.0
}