{
	"1. left_hip": [
		0.5532535314559937,
		0.5515058636665344,
		0.03922724351286888,
		0.9997976422309875
	],
	"2. left_knee": [
		0.568611204624176,
		0.7245985865592957,
		-0.06307263672351837,
		0.9932444095611572
	],
	"3. left_ankle": [
		0.5560380816459656,
		0.8433510661125183,
		0.18518386781215668,
		0.9870222210884094
	],
	"6. right_hip": [
		0.4787156879901886,
		0.5551047325134277,
		-0.039285220205783844,
		0.9997733235359192
	],
	"7. right_knee": [
		0.484769344329834,
		0.7364282608032227,
		-0.09722798317670822,
		0.9906005263328552
	],
	"8. right_ankle": [
		0.49641358852386475,
		0.8767326474189758,
		0.06803610920906067,
		0.9847342371940613
	],
	"14. left_shoulder": [
		0.5725426077842712,
		0.34938734769821167,
		0.14241644740104675,
		0.9993668794631958
	],
	"15. left_elbow": [
		0.601875364780426,
		0.37476399540901184,
		-0.19690801203250885,
		0.9307554364204407
	],
	"16. left_wrist": [
		0.5798078775405884,
		0.29594963788986206,
		-0.5510126352310181,
		0.9345945715904236
	],
	"19. right_shoulder": [
		0.45840775966644287,
		0.3484061658382416,
		0.02492736466228962,
		0.9988036155700684
	],
	"20. right_elbow": [
		0.42601722478866577,
		0.37969842553138733,
		-0.3246060013771057,
		0.9153642058372498
	],
	"21. right_wrist": [
		0.470066100358963,
		0.29519569873809814,
		-0.618314802646637,
		0.9094619750976562
	],
	"24. nose": [
		0.5171715617179871,
		0.2838921546936035,
		-0.09223403036594391,
		0.9999128580093384
	],
	"25. left_eye": [
		0.5277929902076721,
		0.2722838222980499,
		-0.059037044644355774,
		0.999906063079834
	],
	"26. right_eye": [
		0.5019412040710449,
		0.27130696177482605,
		-0.07580427080392838,
		0.9998362064361572
	],
	"27. left_ear": [
		0.5408374667167664,
		0.27901580929756165,
		0.12038624286651611,
		0.9999330639839172
	],
	"28. right_ear": [
		0.4900622069835663,
		0.2783256769180298,
		0.06232267990708351,
		0.9998249411582947
	],
	"time stamp": 30.0
}