{
	"1. left_hip": [
		0.5561187267303467,
		0.575343132019043,
		-0.023284433409571648,
		0.999632716178894
	],
	"2. left_knee": [
		0.541893720626831,
		0.7451006770133972,
		-0.04541996866464615,
		0.9918102622032166
	],
	"3. left_ankle": [
		0.5525301694869995,
		0.8724188208580017,
		0.2248833179473877,
		0.9747105836868286
	],
	"6. right_hip": [
		0.48087936639785767,
		0.5759583115577698,
		0.023148179054260254,
		0.9996674656867981
	],
	"7. right_knee": [
		0.4866865873336792,
		0.7504603862762451,
		0.037159666419029236,
		0.9870914220809937
	],
	"8. right_ankle": [
		0.49494242668151855,
		0.8775219321250916,
		0.2652403712272644,
		0.9859611392021179
	],
	"14. left_shoulder": [
		0.5835840702056885,
		0.3801476061344147,
		-0.2579093277454376,
		0.9996837377548218
	],
	"15. left_elbow": [
		0.6332386136054993,
		0.47213637828826904,
		-0.18061526119709015,
		0.9667230844497681
	],
	"16. left_wrist": [
		0.7001921534538269,
		0.5491300821304321,
		-0.3404305577278137,
		0.9673057198524475
	],
	"19. right_shoulder": [
		0.4583445191383362,
		0.3839237093925476,
		-0.21671058237552643,
		0.9994204640388489
	],
	"20. right_elbow": [
		0.4024181663990021,
		0.4696727693080902,
		-0.1186109110713005,
		0.9553666114807129
	],
	"21. right_wrist": [
		0.32606056332588196,
		0.5330378413200378,
		-0.2923697829246521,
		0.9538884162902832
	],
	"24. nose": [
		0.5252128839492798,
		0.2924416959285736,
		-0.5798059105873108,
		0.9999591708183289
	],
	"25. left_eye": [
		0.5372312068939209,
		0.2844434976577759,
		-0.5554201602935791,
		0.9999504089355469
	],
	"26. right_eye": [
		0.5122798681259155,
		0.28152498602867126,
		-0.5548064708709717,
		0.9999184608459473
	],
	"27. left_ear": [
		0.5491877198219299,
		0.293894499540329,
		-0.3830898404121399,
		0.9999629855155945
	],
	"28. right_ear": [
		0.4966575503349304,
		0.2918456494808197,
		-0.3817378580570221,
		0.9999083280563354
	],
	"time stamp": 30.0
}