{
	"1. left_hip": [
		0.5760329365730286,
		0.5223708152770996,
		-0.01328255981206894,
		0.9996365308761597
	],
	"2. left_knee": [
		0.5856273770332336,
		0.7138523459434509,
		-0.047837305814027786,
		0.9911374449729919
	],
	"3. left_ankle": [
		0.5920997858047485,
		0.8650304079055786,
		0.17873963713645935,
		0.9839475154876709
	],
	"6. right_hip": [
		0.4989616274833679,
		0.5244519710540771,
		0.013228864409029484,
		0.9995600581169128
	],
	"7. right_knee": [
		0.5131672024726868,
		0.7102798223495483,
		0.0014080294640734792,
		0.9868999123573303
	],
	"8. right_ankle": [
		0.5307949185371399,
		0.8506636023521423,
		0.239033505320549,
		0.984969437122345
	],
	"14. left_shoulder": [
		0.5920727849006653,
		0.31664398312568665,
		-0.23092305660247803,
		0.9998847246170044
	],
	"15. left_elbow": [
		0.6609963178634644,
		0.39915931224823,
		-0.12370240688323975,
		0.9851190447807312
	],
	"16. left_wrist": [
		0.7344047427177429,
		0.47250157594680786,
		-0.29975423216819763,
		0.9836289882659912
	],
	"19. right_shoulder": [
		0.46361732482910156,
		0.3277558386325836,
		-0.19953849911689758,
		0.9997700452804565
	],
	"20. right_elbow": [
		0.4070339500904083,
		0.4109269976615906,
		-0.1187492087483406,
		0.9760425686836243
	],
	"21. right_wrist": [
		0.34006232023239136,
		0.48121532797813416,
		-0.2663792669773102,
		0.9738011956214905
	],
	"24. nose": [
		0.5255717039108276,
		0.24434831738471985,
		-0.5950577855110168,
		0.9999844431877136
	],
	"25. left_eye": [
		0.5382109880447388,
		0.23358044028282166,
		-0.5722388625144958,
		0.9999778270721436
	],
	"26. right_eye": [
		0.5121676921844482,
		0.23248662054538727,
		-0.5702414512634277,
		0.9999645352363586
	],
	"27. left_ear": [
		0.552589476108551,
		0.24331454932689667,
		-0.3888814151287079,
		0.9999808669090271
	],
	"28. right_ear": [
		0.4975404441356659,
		0.24179062247276306,
		-0.3798754811286926,
		0.9999547600746155
	],
	"time stamp": 30.0
}