{
	"1. left_hip": [
		0.5666576623916626,
		0.5577350854873657,
		-0.042687200009822845,
		0.9997668862342834
	],
	"2. left_knee": [
		0.5937007665634155,
		0.7369229793548584,
		-0.10358504205942154,
		0.9923186302185059
	],
	"3. left_ankle": [
		0.6023955941200256,
		0.8741923570632935,
		0.08454188704490662,
		0.9893414974212646
	],
	"6. right_hip": [
		0.4880303144454956,
		0.5542875528335571,
		0.04259248822927475,
		0.9997134804725647
	],
	"7. right_knee": [
		0.4129224121570587,
		0.7055819630622864,
		-0.0037078431341797113,
		0.9918566346168518
	],
	"8. right_ankle": [
		0.3939034640789032,
		0.8556883335113525,
		0.16537152230739594,
		0.9886510968208313
	],
	"14. left_shoulder": [
		0.589964747428894,
		0.3445415496826172,
		-0.08842016011476517,
		0.9999412298202515
	],
	"15. left_elbow": [
		0.6853079795837402,
		0.31284281611442566,
		-0.309426486492157,
		0.9932551980018616
	],
	"16. left_wrist": [
		0.6399143934249878,
		0.2255394458770752,
		-0.593693733215332,
		0.9908307194709778
	],
	"19. right_shoulder": [
		0.4725620150566101,
		0.3562690317630768,
		0.0099100386723876,
		0.9998883008956909
	],
	"20. right_elbow": [
		0.41657164692878723,
		0.4449154734611511,
		0.07380516827106476,
		0.9839844703674316
	],
	"21. right_wrist": [
		0.351135790348053,
		0.5192269086837769,
		-0.07270168513059616,
		0.9828270673751831
	],
	"24. nose": [
		0.5214409828186035,
		0.2944234311580658,
		-0.4173928499221802,
		0.9999927282333374
	],
	"25. left_eye": [
		0.5351803302764893,
		0.2782343029975891,
		-0.3965572416782379,
		0.99998539686203
	],
	"26. right_eye": [
		0.509168803691864,
		0.2802996039390564,
		-0.3873370587825775,
		0.9999803304672241
	],
	"27. left_ear": [
		0.5491665601730347,
		0.27985435724258423,
		-0.2160286158323288,
		0.9999834299087524
	],
	"28. right_ear": [
		0.5007021427154541,
		0.28216102719306946,
		-0.16329289972782135,
		0.9999746680259705
	],
	"time stamp": 30.0
}