{
	"1. left_hip": [
		0.5637454390525818,
		0.6047155857086182,
		0.019032727926969528,
		0.9999153017997742
	],
	"2. left_knee": [
		0.6183881163597107,
		0.7662636637687683,
		0.023899411782622337,
		0.9968224167823792
	],
	"3. left_ankle": [
		0.6519584059715271,
		0.8836621642112732,
		0.36253225803375244,
		0.9959679841995239
	],
	"6. right_hip": [
		0.48392677307128906,
		0.6021984815597534,
		-0.019361626356840134,
		0.9998461008071899
	],
	"7. right_knee": [
		0.4377170205116272,
		0.7602173089981079,
		-0.028938978910446167,
		0.997818648815155
	],
	"8. right_ankle": [
		0.3720008134841919,
		0.8759393692016602,
		0.2524321377277374,
		0.9973970055580139
	],
	"14. left_shoulder": [
		0.580967903137207,
		0.39311689138412476,
		-0.025934666395187378,
		0.9998810887336731
	],
	"15. left_elbow": [
		0.6803118586540222,
		0.36685889959335327,
		-0.1904466152191162,
		0.998386800289154
	],
	"16. left_wrist": [
		0.6197055578231812,
		0.3057459890842438,
		-0.3373359441757202,
		0.9898285269737244
	],
	"19. right_shoulder": [
		0.4652723968029022,
		0.3931659758090973,
		-0.04675739258527756,
		0.999753475189209
	],
	"20. right_elbow": [
		0.38213035464286804,
		0.3429894745349884,
		-0.04382535442709923,
		0.9931586980819702
	],
	"21. right_wrist": [
		0.44847285747528076,
		0.2896261513233185,
		0.03692521154880524,
		0.9722074270248413
	],
	"24. nose": [
		0.5254947543144226,
		0.3142021596431732,
		-0.35667338967323303,
		0.9999954104423523
	],
	"25. left_eye": [
		0.5361294746398926,
		0.3053383231163025,
		-0.31788909435272217,
		0.9999868273735046
	],
	"26. right_eye": [
		0.5124813914299011,
		0.30491143465042114,
		-0.3195705711841583,
		0.9999871850013733
	],
	"27. left_ear": [
		0.548503041267395,
		0.31718793511390686,
		-0.124632827937603,
		0.999982476234436
	],
	"28. right_ear": [
		0.4949091076850891,
		0.31658586859703064,
		-0.13406498730182648,
		0.9999900460243225
	],
	"time stamp": 30.0
}