{
	"1. left_hip": [
		0.5492686629295349,
		0.5305203795433044,
		0.04653424769639969,
		0.9998857975006104
	],
	"2. left_knee": [
		0.5601913332939148,
		0.712859570980072,
		0.008414880372583866,
		0.9943615794181824
	],
	"3. left_ankle": [
		0.5673168897628784,
		0.8573042154312134,
		0.18211309611797333,
		0.9931231141090393
	],
	"6. right_hip": [
		0.4750613868236542,
		0.5276021957397461,
		-0.04673611372709274,
		0.9998143315315247
	],
	"7. right_knee": [
		0.4687236249446869,
		0.7076336145401001,
		-0.09333642572164536,
		0.996016800403595
	],
	"8. right_ankle": [
		0.4387666881084442,
		0.8596189022064209,
		0.045676905661821365,
		0.9953200817108154
	],
	"14. left_shoulder": [
		0.58332759141922,
		0.32035017013549805,
		0.11290347576141357,
		0.9998863935470581
	],
	"15. left_elbow": [
		0.660439133644104,
		0.24647603929042816,
		-0.052298471331596375,
		0.9982568025588989
	],
	"16. left_wrist": [
		0.6001583337783813,
		0.18037427961826324,
		-0.21470101177692413,
		0.9866822361946106
	],
	"19. right_shoulder": [
		0.4654708802700043,
		0.32349538803100586,
		0.01740836538374424,
		0.9997180104255676
	],
	"20. right_elbow": [
		0.3860021233558655,
		0.27318671345710754,
		-0.27747106552124023,
		0.9954797625541687
	],
	"21. right_wrist": [
		0.4297826886177063,
		0.19613143801689148,
		-0.5348385572433472,
		0.9664470553398132
	],
	"24. nose": [
		0.519229531288147,
		0.25458621978759766,
		-0.2214088886976242,
		0.9999960660934448
	],
	"25. left_eye": [
		0.5313507914543152,
		0.24331972002983093,
		-0.18150988221168518,
		0.9999901056289673
	],
	"26. right_eye": [
		0.5045269727706909,
		0.2460901290178299,
		-0.18853704631328583,
		0.9999898672103882
	],
	"27. left_ear": [
		0.5451489090919495,
		0.2515776455402374,
		0.018664240837097168,
		0.9999887347221375
	],
	"28. right_ear": [
		0.49335238337516785,
		0.2561539113521576,
		-0.013237749226391315,
		0.9999926090240479
	],
	"time stamp": 30.0
}