{
	"1. left_hip": [
		0.5463329553604126,
		0.5398906469345093,
		0.03247040510177612,
		0.999812662601471
	],
	"2. left_knee": [
		0.5295344591140747,
		0.7092862725257874,
		-0.15890838205814362,
		0.9867157936096191
	],
	"3. left_ankle": [
		0.5285302996635437,
		0.8154833316802979,
		-0.008766984567046165,
		0.967235803604126
	],
	"6. right_hip": [
		0.4742254912853241,
		0.5386373400688171,
		-0.03257724270224571,
		0.9997774958610535
	],
	"7. right_knee": [
		0.4780305325984955,
		0.7135049700737,
		-0.1450970470905304,
		0.9906343817710876
	],
	"8. right_ankle": [
		0.4425755739212036,
		0.8828343152999878,
		-0.10333645343780518,
		0.9893829226493835
	],
	"14. left_shoulder": [
		0.5767545700073242,
		0.3256940245628357,
		0.05629650875926018,
		0.9998846650123596
	],
	"15. left_elbow": [
		0.6510268449783325,
		0.25469791889190674,
		-0.02334549091756344,
		0.998343825340271
	],
	"16. left_wrist": [
		0.5778118968009949,
		0.1955178827047348,
		-0.055934201925992966,
		0.9882943034172058
	],
	"19. right_shoulder": [
		0.4621885120868683,
		0.3330208361148834,
		0.006130020599812269,
		0.9997364282608032
	],
	"20. right_elbow": [
		0.38140177726745605,
		0.2873993217945099,
		-0.20494221150875092,
		0.9959632158279419
	],
	"21. right_wrist": [
		0.4267938733100891,
		0.21395984292030334,
		-0.41905677318573,
		0.9703865647315979
	],
	"24. nose": [
		0.5119937658309937,
		0.2609468102455139,
		-0.27785903215408325,
		0.9999951124191284
	],
	"25. left_eye": [
		0.52248615026474,
		0.2527831494808197,
		-0.23863251507282257,
		0.9999874830245972
	],
	"26. right_eye": [
		0.4964261054992676,
		0.25355201959609985,
		-0.24214185774326324,
		0.9999880790710449
	],
	"27. left_ear": [
		0.5357507467269897,
		0.25957828760147095,
		-0.041417445987463,
		0.9999880790710449
	],
	"28. right_ear": [
		0.4871474802494049,
		0.2640044391155243,
		-0.05599498376250267,
		0.9999909400939941
	],
	"time stamp": 30.0
}