{
	"1. left_hip": [
		0.5477262139320374,
		0.6080500483512878,
		0.008205537684261799,
		0.9999032020568848
	],
	"2. left_knee": [
		0.6665799021720886,
		0.7454825639724731,
		-0.17843927443027496,
		0.9924695491790771
	],
	"3. left_ankle": [
		0.6008678078651428,
		0.8929758667945862,
		0.06264646351337433,
		0.9844053387641907
	],
	"6. right_hip": [
		0.46630117297172546,
		0.6000770330429077,
		-0.008401129394769669,
		0.9999170899391174
	],
	"7. right_knee": [
		0.35647162795066833,
		0.7377153038978577,
		-0.230551615357399,
		0.9949373006820679
	],
	"8. right_ankle": [
		0.39330199360847473,
		0.8874457478523254,
		0.028727449476718903,
		0.9940257668495178
	],
	"14. left_shoulder": [
		0.5662651062011719,
		0.36133307218551636,
		0.07499027997255325,
		0.9997246861457825
	],
	"15. left_elbow": [
		0.6369034647941589,
		0.3356131911277771,
		-0.11725728958845139,
		0.9968731999397278
	],
	"16. left_wrist": [
		0.5837361812591553,
		0.24141910672187805,
		-0.22239333391189575,
		0.9670989513397217
	],
	"19. right_shoulder": [
		0.4536115527153015,
		0.3742225766181946,
		0.023217566311359406,
		0.9997130632400513
	],
	"20. right_elbow": [
		0.4532097280025482,
		0.32746994495391846,
		-0.3010476529598236,
		0.9920361638069153
	],
	"21. right_wrist": [
		0.42580074071884155,
		0.24642102420330048,
		-0.6110699772834778,
		0.9370962381362915
	],
	"24. nose": [
		0.49480515718460083,
		0.2927875220775604,
		-0.20121969282627106,
		0.9999977350234985
	],
	"25. left_eye": [
		0.5079243779182434,
		0.28247925639152527,
		-0.15714843571186066,
		0.9999943971633911
	],
	"26. right_eye": [
		0.484035462141037,
		0.2833208739757538,
		-0.15504196286201477,
		0.9999951124191284
	],
	"27. left_ear": [
		0.5274021625518799,
		0.29184314608573914,
		0.03680601343512535,
		0.999996542930603
	],
	"28. right_ear": [
		0.4770277142524719,
		0.2937546968460083,
		0.04737710580229759,
		0.9999960064888
	],
	"time stamp": 30.0
}