{
	"1. left_hip": [
		0.5572078824043274,
		0.5636447668075562,
		0.05099453404545784,
		0.9998923540115356
	],
	"2. left_knee": [
		0.6089885830879211,
		0.742615818977356,
		0.0016406165668740869,
		0.994221031665802
	],
	"3. left_ankle": [
		0.6383246779441833,
		0.8963983058929443,
		0.2350788563489914,
		0.9887844324111938
	],
	"6. right_hip": [
		0.47259604930877686,
		0.5511360168457031,
		-0.05094755440950394,
		0.9998995065689087
	],
	"7. right_knee": [
		0.3751525580883026,
		0.7015359401702881,
		-0.07144267112016678,
		0.9968580603599548
	],
	"8. right_ankle": [
		0.29973626136779785,
		0.843457818031311,
		0.15127387642860413,
		0.9963827729225159
	],
	"14. left_shoulder": [
		0.5942841172218323,
		0.3417840600013733,
		-0.03354444354772568,
		0.9995659589767456
	],
	"15. left_elbow": [
		0.6899712085723877,
		0.3165104389190674,
		0.06692705303430557,
		0.9899063110351562
	],
	"16. left_wrist": [
		0.6960656642913818,
		0.23558998107910156,
		0.08147813379764557,
		0.9740347862243652
	],
	"19. right_shoulder": [
		0.4855864644050598,
		0.315273255109787,
		-0.3151404857635498,
		0.9996127486228943
	],
	"20. right_elbow": [
		0.44210726022720337,
		0.22032782435417175,
		-0.5958293676376343,
		0.9891002774238586
	],
	"21. right_wrist": [
		0.5376449227333069,
		0.18163365125656128,
		-0.7575365900993347,
		0.9686211347579956
	],
	"24. nose": [
		0.6096267104148865,
		0.2854163646697998,
		-0.45617803931236267,
		0.9999906420707703
	],
	"25. left_eye": [
		0.6047331690788269,
		0.2710144817829132,
		-0.41309624910354614,
		0.9999768733978271
	],
	"26. right_eye": [
		0.5976247191429138,
		0.2699345648288727,
		-0.4487378001213074,
		0.9999863505363464
	],
	"27. left_ear": [
		0.5835936069488525,
		0.2733028829097748,
		-0.1832851767539978,
		0.9999716877937317
	],
	"28. right_ear": [
		0.5707781314849854,
		0.2716389000415802,
		-0.34574782848358154,
		0.9999945759773254
	],
	"time stamp": 30.0
}