{
	"1. left_hip": [
		0.5649380683898926,
		0.5599305629730225,
		0.03624674305319786,
		0.9998946785926819
	],
	"2. left_knee": [
		0.6061199903488159,
		0.7432138919830322,
		-0.008406465873122215,
		0.9947131276130676
	],
	"3. left_ankle": [
		0.64555823802948,
		0.8946093916893005,
		0.2975273132324219,
		0.989711344242096
	],
	"6. right_hip": [
		0.48085904121398926,
		0.5498776435852051,
		-0.03655702620744705,
		0.999899685382843
	],
	"7. right_knee": [
		0.37481892108917236,
		0.6977596282958984,
		-0.044544294476509094,
		0.9970362782478333
	],
	"8. right_ankle": [
		0.28364527225494385,
		0.8288851380348206,
		0.21920429170131683,
		0.9966323375701904
	],
	"14. left_shoulder": [
		0.5927349328994751,
		0.3376861810684204,
		-0.1038476824760437,
		0.9995505213737488
	],
	"15. left_elbow": [
		0.6851349472999573,
		0.30997830629348755,
		-0.17677132785320282,
		0.98825603723526
	],
	"16. left_wrist": [
		0.6808582544326782,
		0.2248777449131012,
		-0.32667437195777893,
		0.9674198627471924
	],
	"19. right_shoulder": [
		0.4888257384300232,
		0.3076535165309906,
		-0.34600070118904114,
		0.9996305704116821
	],
	"20. right_elbow": [
		0.4528946280479431,
		0.20242805778980255,
		-0.642484724521637,
		0.990112841129303
	],
	"21. right_wrist": [
		0.5563334822654724,
		0.17536558210849762,
		-0.7513745427131653,
		0.9708578586578369
	],
	"24. nose": [
		0.6083069443702698,
		0.284245103597641,
		-0.47916433215141296,
		0.999987781047821
	],
	"25. left_eye": [
		0.6049671769142151,
		0.2699664533138275,
		-0.4385354816913605,
		0.9999687671661377
	],
	"26. right_eye": [
		0.5981783270835876,
		0.2688086926937103,
		-0.47310197353363037,
		0.9999842047691345
	],
	"27. left_ear": [
		0.582946240901947,
		0.2709171175956726,
		-0.21740595996379852,
		0.9999643564224243
	],
	"28. right_ear": [
		0.571195125579834,
		0.26781049370765686,
		-0.372461199760437,
		0.9999932646751404
	],
	"time stamp": 30.0
}