{
	"1. left_hip": [
		0.5748277306556702,
		0.5603748559951782,
		0.06674133986234665,
		0.9999203681945801
	],
	"2. left_knee": [
		0.6033669114112854,
		0.7437107563018799,
		0.00687843281775713,
		0.9966195225715637
	],
	"3. left_ankle": [
		0.6425018906593323,
		0.8897656798362732,
		0.23136410117149353,
		0.993499755859375
	],
	"6. right_hip": [
		0.4929924011230469,
		0.5540916919708252,
		-0.0669538602232933,
		0.9998958706855774
	],
	"7. right_knee": [
		0.3914894461631775,
		0.702914297580719,
		-0.06470275670289993,
		0.99771648645401
	],
	"8. right_ankle": [
		0.26660099625587463,
		0.8032809495925903,
		0.2242531031370163,
		0.997218906879425
	],
	"14. left_shoulder": [
		0.5886465311050415,
		0.3428378701210022,
		0.09297189861536026,
		0.9994306564331055
	],
	"15. left_elbow": [
		0.6676626801490784,
		0.31481608748435974,
		0.2648223340511322,
		0.9367745518684387
	],
	"16. left_wrist": [
		0.6606130599975586,
		0.23261000216007233,
		0.3284185230731964,
		0.8683803081512451
	],
	"19. right_shoulder": [
		0.49810871481895447,
		0.31656134128570557,
		-0.2832326292991638,
		0.9995489716529846
	],
	"20. right_elbow": [
		0.5198702216148376,
		0.2277047038078308,
		-0.47716936469078064,
		0.9940958619117737
	],
	"21. right_wrist": [
		0.585028350353241,
		0.19207452237606049,
		-0.4918694794178009,
		0.974747359752655
	],
	"24. nose": [
		0.5939501523971558,
		0.30448946356773376,
		-0.37680333852767944,
		0.9999808669090271
	],
	"25. left_eye": [
		0.5965951681137085,
		0.29012736678123474,
		-0.3235834836959839,
		0.9999497532844543
	],
	"26. right_eye": [
		0.5834490656852722,
		0.28676673769950867,
		-0.3659975826740265,
		0.9999768137931824
	],
	"27. left_ear": [
		0.5834562182426453,
		0.28351879119873047,
		-0.08805258572101593,
		0.99994957447052
	],
	"28. right_ear": [
		0.5596468448638916,
		0.27542388439178467,
		-0.264606237411499,
		0.9999872446060181
	],
	"time stamp": 30.0
}