{
	"1. left_hip": [
		0.5330678820610046,
		0.6061700582504272,
		0.049673810601234436,
		0.9998887181282043
	],
	"2. left_knee": [
		0.5701539516448975,
		0.7795712947845459,
		-0.050702787935733795,
		0.993439257144928
	],
	"3. left_ankle": [
		0.6411212682723999,
		0.8827879428863525,
		0.2622341513633728,
		0.9878075122833252
	],
	"6. right_hip": [
		0.4609591066837311,
		0.5950469374656677,
		-0.05044034495949745,
		0.9998483061790466
	],
	"7. right_knee": [
		0.4361446797847748,
		0.7749421000480652,
		-0.10500724613666534,
		0.9963040351867676
	],
	"8. right_ankle": [
		0.3291948437690735,
		0.8984481692314148,
		0.13914448022842407,
		0.9953427910804749
	],
	"14. left_shoulder": [
		0.5758029222488403,
		0.3698359727859497,
		-0.08254202455282211,
		0.9996148347854614
	],
	"15. left_elbow": [
		0.632789671421051,
		0.2639099955558777,
		-0.15589092671871185,
		0.9627235531806946
	],
	"16. left_wrist": [
		0.5342702865600586,
		0.2282976359128952,
		-0.061553675681352615,
		0.9053504467010498
	],
	"19. right_shoulder": [
		0.4658410847187042,
		0.3848688006401062,
		-0.2011595219373703,
		0.9995014667510986
	],
	"20. right_elbow": [
		0.43478915095329285,
		0.3579695522785187,
		-0.5634603500366211,
		0.987621545791626
	],
	"21. right_wrist": [
		0.4347571134567261,
		0.28279218077659607,
		-0.9087072014808655,
		0.9573335647583008
	],
	"24. nose": [
		0.5067887902259827,
		0.3140762746334076,
		-0.3957267701625824,
		0.9999784827232361
	],
	"25. left_eye": [
		0.5126804113388062,
		0.30118364095687866,
		-0.37079742550849915,
		0.9999370574951172
	],
	"26. right_eye": [
		0.4905702471733093,
		0.3065476417541504,
		-0.37331679463386536,
		0.9999662041664124
	],
	"27. left_ear": [
		0.5241337418556213,
		0.30559924244880676,
		-0.19585780799388885,
		0.9999294877052307
	],
	"28. right_ear": [
		0.47974693775177,
		0.3152809739112854,
		-0.20106565952301025,
		0.999968945980072
	],
	"time stamp": 30.0
}