{
	"1. left_hip": [
		0.5847263932228088,
		0.6212058663368225,
		-0.007092905230820179,
		0.9999223947525024
	],
	"2. left_knee": [
		0.7108573317527771,
		0.7357499003410339,
		-0.2148827463388443,
		0.9962468147277832
	],
	"3. left_ankle": [
		0.661492109298706,
		0.8952675461769104,
		0.09765176475048065,
		0.9906046390533447
	],
	"6. right_hip": [
		0.4937652051448822,
		0.6222015619277954,
		0.007288663182407618,
		0.9999179244041443
	],
	"7. right_knee": [
		0.36644643545150757,
		0.7392953038215637,
		-0.2472192943096161,
		0.9979438781738281
	],
	"8. right_ankle": [
		0.4044146239757538,
		0.9002289772033691,
		0.08470204472541809,
		0.9973768591880798
	],
	"14. left_shoulder": [
		0.5574970841407776,
		0.3750505745410919,
		0.14721699059009552,
		0.9997362494468689
	],
	"15. left_elbow": [
		0.6428986191749573,
		0.31379613280296326,
		0.26188406348228455,
		0.987261176109314
	],
	"16. left_wrist": [
		0.5693956613540649,
		0.2558794915676117,
		0.49504712224006653,
		0.9453896284103394
	],
	"19. right_shoulder": [
		0.43606647849082947,
		0.3959670066833496,
		0.09684903919696808,
		0.9997019171714783
	],
	"20. right_elbow": [
		0.36982262134552,
		0.3088896870613098,
		0.25942638516426086,
		0.9909483194351196
	],
	"21. right_wrist": [
		0.4219244718551636,
		0.2612634301185608,
		0.5640250444412231,
		0.8959698677062988
	],
	"24. nose": [
		0.4931868612766266,
		0.3090883791446686,
		-0.24561843276023865,
		0.9999935626983643
	],
	"25. left_eye": [
		0.5054208040237427,
		0.2978231906890869,
		-0.1947362720966339,
		0.9999814629554749
	],
	"26. right_eye": [
		0.4791264533996582,
		0.298492968082428,
		-0.20156040787696838,
		0.9999898672103882
	],
	"27. left_ear": [
		0.5166198015213013,
		0.3086017966270447,
		0.028629422187805176,
		0.9999796748161316
	],
	"28. right_ear": [
		0.4649096131324768,
		0.3086089789867401,
		-0.0022406824864447117,
		0.9999906420707703
	],
	"time stamp": 30.0
}