{
	"1. left_hip": [
		0.5476948618888855,
		0.5330716967582703,
		-0.01844763569533825,
		0.9995481967926025
	],
	"2. left_knee": [
		0.5416606664657593,
		0.7259133458137512,
		-0.10013362765312195,
		0.9944370985031128
	],
	"3. left_ankle": [
		0.5623268485069275,
		0.8688151836395264,
		0.17667783796787262,
		0.9915294051170349
	],
	"6. right_hip": [
		0.46727630496025085,
		0.53389972448349,
		0.018766015768051147,
		0.9995177388191223
	],
	"7. right_knee": [
		0.46135231852531433,
		0.7362143397331238,
		-0.0651235356926918,
		0.9938414692878723
	],
	"8. right_ankle": [
		0.4537211060523987,
		0.8978769183158875,
		0.17196489870548248,
		0.991988480091095
	],
	"14. left_shoulder": [
		0.5691807866096497,
		0.3110570013523102,
		0.12646833062171936,
		0.9993568658828735
	],
	"15. left_elbow": [
		0.5408763289451599,
		0.39745113253593445,
		-0.1164817363023758,
		0.9480772614479065
	],
	"16. left_wrist": [
		0.47975456714630127,
		0.4265304207801819,
		-0.48394352197647095,
		0.9149768352508545
	],
	"19. right_shoulder": [
		0.4343586266040802,
		0.3293417990207672,
		0.17055514454841614,
		0.99929279088974
	],
	"20. right_elbow": [
		0.4474343955516815,
		0.42494234442710876,
		0.00019252784841228276,
		0.9718745946884155
	],
	"21. right_wrist": [
		0.5042272806167603,
		0.48016655445098877,
		-0.2964630722999573,
		0.9451879262924194
	],
	"24. nose": [
		0.49845466017723083,
		0.2610161602497101,
		-0.12987075746059418,
		0.9998890161514282
	],
	"25. left_eye": [
		0.5129152536392212,
		0.24461549520492554,
		-0.1034880205988884,
		0.9997739195823669
	],
	"26. right_eye": [
		0.483707457780838,
		0.24384012818336487,
		-0.10290642827749252,
		0.9997460842132568
	],
	"27. left_ear": [
		0.5276469588279724,
		0.2500764727592468,
		0.0870535746216774,
		0.9997438192367554
	],
	"28. right_ear": [
		0.47074782848358154,
		0.24902139604091644,
		0.0937572494149208,
		0.9997456669807434
	],
	"time stamp": 30.0
}