{
	"1. left_hip": [
		0.545339822769165,
		0.5402835607528687,
		0.021380411460995674,
		0.9996080994606018
	],
	"2. left_knee": [
		0.6172059178352356,
		0.7307961583137512,
		-0.06535622477531433,
		0.9944044351577759
	],
	"3. left_ankle": [
		0.6557784080505371,
		0.8715924024581909,
		0.2581966817378998,
		0.98813796043396
	],
	"6. right_hip": [
		0.4617554247379303,
		0.5433455109596252,
		-0.02142256684601307,
		0.9995326995849609
	],
	"7. right_knee": [
		0.4545533061027527,
		0.7433361411094666,
		-0.09793969988822937,
		0.9937195777893066
	],
	"8. right_ankle": [
		0.4486752450466156,
		0.8985448479652405,
		0.188142791390419,
		0.9902516603469849
	],
	"14. left_shoulder": [
		0.5639715194702148,
		0.31705647706985474,
		0.12005317211151123,
		0.9996099472045898
	],
	"15. left_elbow": [
		0.6211087107658386,
		0.41729333996772766,
		0.03978487476706505,
		0.9516815543174744
	],
	"16. left_wrist": [
		0.6784681081771851,
		0.33540380001068115,
		-0.28161996603012085,
		0.9329849481582642
	],
	"19. right_shoulder": [
		0.4314824342727661,
		0.3236410617828369,
		0.04083041101694107,
		0.9995517730712891
	],
	"20. right_elbow": [
		0.3720698058605194,
		0.4324231445789337,
		-0.14267593622207642,
		0.9787529706954956
	],
	"21. right_wrist": [
		0.3330923318862915,
		0.364749938249588,
		-0.41881614923477173,
		0.966366171836853
	],
	"24. nose": [
		0.532856822013855,
		0.23792803287506104,
		-0.23816117644309998,
		0.999870777130127
	],
	"25. left_eye": [
		0.5390471816062927,
		0.23117929697036743,
		-0.21298480033874512,
		0.9997597336769104
	],
	"26. right_eye": [
		0.5205368995666504,
		0.2239132821559906,
		-0.2120489776134491,
		0.9997177124023438
	],
	"27. left_ear": [
		0.5337655544281006,
		0.2375233769416809,
		0.0016622513066977262,
		0.9997061491012573
	],
	"28. right_ear": [
		0.4908313453197479,
		0.22821521759033203,
		-0.06968061625957489,
		0.9996892213821411
	],
	"time stamp": 30.0
}