{
	"1. left_hip": [
		0.5490331649780273,
		0.5407070517539978,
		0.019047308713197708,
		0.9996408224105835
	],
	"2. left_knee": [
		0.6297134757041931,
		0.7305572628974915,
		-0.06554353982210159,
		0.9947074055671692
	],
	"3. left_ankle": [
		0.697358250617981,
		0.8716864585876465,
		0.16995322704315186,
		0.988595724105835
	],
	"6. right_hip": [
		0.4660138785839081,
		0.5479660034179688,
		-0.018981920555233955,
		0.9995718598365784
	],
	"7. right_knee": [
		0.4541897773742676,
		0.7446116805076599,
		-0.09863731265068054,
		0.993821382522583
	],
	"8. right_ankle": [
		0.448841392993927,
		0.8984165787696838,
		0.1757013350725174,
		0.9903450012207031
	],
	"14. left_shoulder": [
		0.562658965587616,
		0.32863524556159973,
		0.15687918663024902,
		0.9996488094329834
	],
	"15. left_elbow": [
		0.6251667141914368,
		0.4229956865310669,
		0.1695048063993454,
		0.9559875726699829
	],
	"16. left_wrist": [
		0.7094951868057251,
		0.3845435678958893,
		-0.06311234086751938,
		0.9395173192024231
	],
	"19. right_shoulder": [
		0.42689311504364014,
		0.3242419958114624,
		0.05274702236056328,
		0.9995961785316467
	],
	"20. right_elbow": [
		0.366348534822464,
		0.4240688681602478,
		0.02426227554678917,
		0.9804614186286926
	],
	"21. right_wrist": [
		0.29081156849861145,
		0.39544448256492615,
		-0.23638106882572174,
		0.9696075320243835
	],
	"24. nose": [
		0.5441806316375732,
		0.24269697070121765,
		-0.1654108613729477,
		0.9998836517333984
	],
	"25. left_eye": [
		0.5444850325584412,
		0.23444679379463196,
		-0.12737798690795898,
		0.9997836947441101
	],
	"26. right_eye": [
		0.5307685136795044,
		0.2256607711315155,
		-0.1464819312095642,
		0.9997458457946777
	],
	"27. left_ear": [
		0.5335381627082825,
		0.23808886110782623,
		0.07078228890895844,
		0.999735414981842
	],
	"28. right_ear": [
		0.4994332194328308,
		0.23115608096122742,
		-0.05921807885169983,
		0.9997202157974243
	],
	"time stamp": 30.0
}