{
	"1. left_hip": [
		0.5285638570785522,
		0.5496620535850525,
		-0.024652579799294472,
		0.9997398257255554
	],
	"2. left_knee": [
		0.5341603755950928,
		0.7321028113365173,
		-0.14415867626667023,
		0.9965337514877319
	],
	"3. left_ankle": [
		0.5732114315032959,
		0.8503980040550232,
		0.2800081670284271,
		0.9905601739883423
	],
	"6. right_hip": [
		0.44783711433410645,
		0.5471357703208923,
		0.024506423622369766,
		0.9996532797813416
	],
	"7. right_knee": [
		0.4448004364967346,
		0.7465210556983948,
		-0.0393788143992424,
		0.9947500824928284
	],
	"8. right_ankle": [
		0.44967418909072876,
		0.905058741569519,
		0.23689867556095123,
		0.9932949542999268
	],
	"14. left_shoulder": [
		0.5613185167312622,
		0.31890034675598145,
		-0.08398585021495819,
		0.9998925924301147
	],
	"15. left_elbow": [
		0.6650092005729675,
		0.24741791188716888,
		-0.2243812084197998,
		0.9865717887878418
	],
	"16. left_wrist": [
		0.6527853012084961,
		0.13926197588443756,
		-0.4417843818664551,
		0.9801581501960754
	],
	"19. right_shoulder": [
		0.4304300546646118,
		0.33478739857673645,
		0.006482862867414951,
		0.9998394846916199
	],
	"20. right_elbow": [
		0.39286795258522034,
		0.44209372997283936,
		0.10719553381204605,
		0.9842867851257324
	],
	"21. right_wrist": [
		0.33716461062431335,
		0.5394265055656433,
		-0.028782851994037628,
		0.975509524345398
	],
	"24. nose": [
		0.49369147419929504,
		0.2380339354276657,
		-0.3937227427959442,
		0.9999653100967407
	],
	"25. left_eye": [
		0.5060411095619202,
		0.2319919764995575,
		-0.35859689116477966,
		0.9999234676361084
	],
	"26. right_eye": [
		0.4816514849662781,
		0.23122289776802063,
		-0.3568758964538574,
		0.9999147057533264
	],
	"27. left_ear": [
		0.5204915404319763,
		0.24339035153388977,
		-0.16556701064109802,
		0.9999068379402161
	],
	"28. right_ear": [
		0.4697393774986267,
		0.2441026270389557,
		-0.15860886871814728,
		0.9998998641967773
	],
	"time stamp": 30.0
}