{
	"1. left_hip": [
		0.5227699875831604,
		0.5524502992630005,
		0.0051034847274422646,
		0.9997881054878235
	],
	"2. left_knee": [
		0.5224555730819702,
		0.738446831703186,
		-0.06573084741830826,
		0.992078959941864
	],
	"3. left_ankle": [
		0.5274091958999634,
		0.8587844967842102,
		0.3460608720779419,
		0.9843473434448242
	],
	"6. right_hip": [
		0.44226503372192383,
		0.5472990870475769,
		-0.005190481431782246,
		0.999725878238678
	],
	"7. right_knee": [
		0.4400362968444824,
		0.7509301900863647,
		-0.04871925711631775,
		0.9904121160507202
	],
	"8. right_ankle": [
		0.44596368074417114,
		0.8977042436599731,
		0.202743262052536,
		0.9860103726387024
	],
	"14. left_shoulder": [
		0.5611733198165894,
		0.3087881803512573,
		-0.02297564595937729,
		0.9998965263366699
	],
	"15. left_elbow": [
		0.6119998693466187,
		0.20749236643314362,
		0.06303245574235916,
		0.9817458391189575
	],
	"16. left_wrist": [
		0.511362612247467,
		0.19439665973186493,
		0.2517090141773224,
		0.8430805802345276
	],
	"19. right_shoulder": [
		0.4405355751514435,
		0.3404518663883209,
		0.013756105676293373,
		0.9998432397842407
	],
	"20. right_elbow": [
		0.399502694606781,
		0.4342506527900696,
		0.10966263711452484,
		0.9482971429824829
	],
	"21. right_wrist": [
		0.3578850328922272,
		0.5143159627914429,
		0.052390310913324356,
		0.9148240089416504
	],
	"24. nose": [
		0.4717731773853302,
		0.23777855932712555,
		-0.3083153963088989,
		0.9999617338180542
	],
	"25. left_eye": [
		0.4894856810569763,
		0.22771193087100983,
		-0.29836297035217285,
		0.9998615980148315
	],
	"26. right_eye": [
		0.46663326025009155,
		0.2297118902206421,
		-0.28492438793182373,
		0.9998680353164673
	],
	"27. left_ear": [
		0.5107179284095764,
		0.23787610232830048,
		-0.12412896752357483,
		0.9998558759689331
	],
	"28. right_ear": [
		0.4670145809650421,
		0.2442053258419037,
		-0.0934286117553711,
		0.9998762011528015
	],
	"time stamp": 30.0
}