{
	"1. left_hip": [
		0.5291585922241211,
		0.5462483167648315,
		0.01714000478386879,
		0.999785304069519
	],
	"2. left_knee": [
		0.5362326502799988,
		0.7352005839347839,
		-0.05877473205327988,
		0.9922027587890625
	],
	"3. left_ankle": [
		0.5277347564697266,
		0.856248140335083,
		0.32106074690818787,
		0.9838001728057861
	],
	"6. right_hip": [
		0.44896262884140015,
		0.5427237153053284,
		-0.01714237965643406,
		0.9997419714927673
	],
	"7. right_knee": [
		0.44215795397758484,
		0.745736837387085,
		-0.08447578549385071,
		0.9910358786582947
	],
	"8. right_ankle": [
		0.4461963176727295,
		0.8973454833030701,
		0.10624220222234726,
		0.9868735671043396
	],
	"14. left_shoulder": [
		0.5609285831451416,
		0.30268460512161255,
		0.024416133761405945,
		0.9998710751533508
	],
	"15. left_elbow": [
		0.6131391525268555,
		0.20456191897392273,
		-0.01774715818464756,
		0.9815560579299927
	],
	"16. left_wrist": [
		0.5229435563087463,
		0.19234344363212585,
		-0.022694824263453484,
		0.8466253876686096
	],
	"19. right_shoulder": [
		0.4403403699398041,
		0.3304204046726227,
		0.030264489352703094,
		0.9998506307601929
	],
	"20. right_elbow": [
		0.3873811364173889,
		0.3998860716819763,
		0.09590832144021988,
		0.9520920515060425
	],
	"21. right_wrist": [
		0.3404611349105835,
		0.4567420184612274,
		0.020325984805822372,
		0.9180805683135986
	],
	"24. nose": [
		0.48369014263153076,
		0.22741489112377167,
		-0.26880943775177,
		0.9999650716781616
	],
	"25. left_eye": [
		0.5001633763313293,
		0.2188301533460617,
		-0.23449446260929108,
		0.9998730421066284
	],
	"26. right_eye": [
		0.4736313223838806,
		0.21903365850448608,
		-0.23393215239048004,
		0.9998798370361328
	],
	"27. left_ear": [
		0.516582727432251,
		0.2291402816772461,
		-0.046419333666563034,
		0.9998671412467957
	],
	"28. right_ear": [
		0.468705415725708,
		0.2325412482023239,
		-0.04786939173936844,
		0.9998875260353088
	],
	"time stamp": 30.0
}