{
	"1. left_hip": [
		0.5521119832992554,
		0.5711974501609802,
		0.16232506930828094,
		0.9998412728309631
	],
	"2. left_knee": [
		0.5767983198165894,
		0.7548661231994629,
		0.16200034320354462,
		0.953241765499115
	],
	"3. left_ankle": [
		0.5073675513267517,
		0.8947184085845947,
		0.3007495105266571,
		0.9710788130760193
	],
	"6. right_hip": [
		0.5048449635505676,
		0.5686584711074829,
		-0.16259431838989258,
		0.9998278021812439
	],
	"7. right_knee": [
		0.5710617303848267,
		0.7533037066459656,
		-0.20597338676452637,
		0.9915278553962708
	],
	"8. right_ankle": [
		0.4343053996562958,
		0.8626608848571777,
		0.007650924846529961,
		0.9843738079071045
	],
	"14. left_shoulder": [
		0.520672619342804,
		0.37114572525024414,
		0.2988151013851166,
		0.9983811378479004
	],
	"15. left_elbow": [
		0.5791893601417542,
		0.43707525730133057,
		0.17310884594917297,
		0.8838152885437012
	],
	"16. left_wrist": [
		0.5558868050575256,
		0.32326754927635193,
		-0.1199052482843399,
		0.9133484363555908
	],
	"19. right_shoulder": [
		0.4533856213092804,
		0.35539498925209045,
		-0.16781045496463776,
		0.999573290348053
	],
	"20. right_elbow": [
		0.5607506036758423,
		0.38110002875328064,
		-0.21407587826251984,
		0.9894527196884155
	],
	"21. right_wrist": [
		0.5678196549415588,
		0.3117806613445282,
		-0.03982779011130333,
		0.9773695468902588
	],
	"24. nose": [
		0.5005569458007812,
		0.28947556018829346,
		-0.13489839434623718,
		0.9999070763587952
	],
	"25. left_eye": [
		0.5062799453735352,
		0.27904370427131653,
		-0.09775957465171814,
		0.9997962713241577
	],
	"26. right_eye": [
		0.4863150417804718,
		0.2744048535823822,
		-0.13652950525283813,
		0.9998576641082764
	],
	"27. left_ear": [
		0.5115283131599426,
		0.28766489028930664,
		0.09834317862987518,
		0.9996137022972107
	],
	"28. right_ear": [
		0.4615798592567444,
		0.2804768979549408,
		-0.06993282586336136,
		0.9999043941497803
	],
	"time stamp": 30.0
}