{
	"1. left_hip": [
		0.5049582123756409,
		0.5415492057800293,
		-0.005082626827061176,
		0.9996731877326965
	],
	"2. left_knee": [
		0.4625106453895569,
		0.7219041585922241,
		-0.03430131822824478,
		0.8800225853919983
	],
	"3. left_ankle": [
		0.4194844961166382,
		0.8881555199623108,
		-0.04182931035757065,
		0.9446786046028137
	],
	"6. right_hip": [
		0.5946549773216248,
		0.5427150726318359,
		0.004723177757114172,
		0.9995419383049011
	],
	"7. right_knee": [
		0.6257724165916443,
		0.7409505844116211,
		0.026021281257271767,
		0.986086905002594
	],
	"8. right_ankle": [
		0.6438805460929871,
		0.914196789264679,
		0.01823308691382408,
		0.9831908345222473
	],
	"14. left_shoulder": [
		0.47690820693969727,
		0.31774070858955383,
		0.09967926889657974,
		0.9994008541107178
	],
	"15. left_elbow": [
		0.46526283025741577,
		0.4385022521018982,
		0.022909509018063545,
		0.6854038834571838
	],
	"16. left_wrist": [
		0.4386599659919739,
		0.554272472858429,
		0.06472886353731155,
		0.622404158115387
	],
	"19. right_shoulder": [
		0.6245219707489014,
		0.31126144528388977,
		0.21919098496437073,
		0.9997530579566956
	],
	"20. right_elbow": [
		0.6258929967880249,
		0.42833954095840454,
		0.1313161700963974,
		0.90268874168396
	],
	"21. right_wrist": [
		0.5788527727127075,
		0.5017514824867249,
		-0.015173818916082382,
		0.6023415923118591
	],
	"24. nose": [
		0.5425106287002563,
		0.24545252323150635,
		0.5179334282875061,
		0.999527096748352
	],
	"25. left_eye": [
		0.5304855108261108,
		0.2345222532749176,
		0.4665543735027313,
		0.9994404911994934
	],
	"26. right_eye": [
		0.5531933307647705,
		0.23206710815429688,
		0.4764516055583954,
		0.9994522333145142
	],
	"27. left_ear": [
		0.5219988226890564,
		0.24336542189121246,
		0.26256895065307617,
		0.9991852045059204
	],
	"28. right_ear": [
		0.5666527152061462,
		0.2395332306623459,
		0.3025871217250824,
		0.9995495676994324
	],
	"time stamp": 30.0
}