{
	"1. left_hip": [
		0.47597697377204895,
		0.5578975081443787,
		0.12678755819797516,
		0.9997918605804443
	],
	"2. left_knee": [
		0.4271480143070221,
		0.7413036823272705,
		0.0635790005326271,
		0.9638528823852539
	],
	"3. left_ankle": [
		0.36260998249053955,
		0.9091668128967285,
		0.033393651247024536,
		0.9770002961158752
	],
	"6. right_hip": [
		0.5487571954727173,
		0.5587865114212036,
		-0.1270132064819336,
		0.9996805787086487
	],
	"7. right_knee": [
		0.614639937877655,
		0.7500803470611572,
		-0.03775472193956375,
		0.9895459413528442
	],
	"8. right_ankle": [
		0.6428546905517578,
		0.916417121887207,
		-0.03306279331445694,
		0.9882262349128723
	],
	"14. left_shoulder": [
		0.46380096673965454,
		0.3292926549911499,
		0.3270167112350464,
		0.9997596740722656
	],
	"15. left_elbow": [
		0.48209449648857117,
		0.36795273423194885,
		0.47114866971969604,
		0.7217937707901001
	],
	"16. left_wrist": [
		0.5336787104606628,
		0.31089645624160767,
		0.6199184656143188,
		0.6651579141616821
	],
	"19. right_shoulder": [
		0.5647658705711365,
		0.32771074771881104,
		-0.0803283229470253,
		0.9998735785484314
	],
	"20. right_elbow": [
		0.5562855005264282,
		0.44758397340774536,
		-0.21913442015647888,
		0.9353275299072266
	],
	"21. right_wrist": [
		0.5732242465019226,
		0.5695327520370483,
		-0.28113654255867004,
		0.7822979092597961
	],
	"24. nose": [
		0.5492166876792908,
		0.2697167694568634,
		0.361454039812088,
		0.9997660517692566
	],
	"25. left_eye": [
		0.5413798093795776,
		0.2531477212905884,
		0.3536264896392822,
		0.9997135400772095
	],
	"26. right_eye": [
		0.5520529747009277,
		0.25695210695266724,
		0.30668607354164124,
		0.9997296929359436
	],
	"27. left_ear": [
		0.5169911980628967,
		0.25348690152168274,
		0.29286089539527893,
		0.9996869564056396
	],
	"28. right_ear": [
		0.5529574155807495,
		0.2607497572898865,
		0.10833870619535446,
		0.9997416734695435
	],
	"time stamp": 30.0
}