{
	"1. left_hip": [
		0.5217574834823608,
		0.5668334364891052,
		0.13957251608371735,
		0.9996510744094849
	],
	"2. left_knee": [
		0.45274531841278076,
		0.7331570386886597,
		0.07961425185203552,
		0.9439225196838379
	],
	"3. left_ankle": [
		0.37721550464630127,
		0.884613037109375,
		0.09071792662143707,
		0.962744951248169
	],
	"6. right_hip": [
		0.5238581299781799,
		0.5604181885719299,
		-0.14009352028369904,
		0.9996507167816162
	],
	"7. right_knee": [
		0.5936766862869263,
		0.7479715943336487,
		-0.11020109057426453,
		0.965127170085907
	],
	"8. right_ankle": [
		0.645094096660614,
		0.9069398641586304,
		-0.056395743042230606,
		0.9867915511131287
	],
	"14. left_shoulder": [
		0.5079296827316284,
		0.3290128707885742,
		0.2710781693458557,
		0.9998495578765869
	],
	"15. left_elbow": [
		0.5863329768180847,
		0.25572267174720764,
		0.383375346660614,
		0.695881724357605
	],
	"16. left_wrist": [
		0.5099788308143616,
		0.22828537225723267,
		0.49038150906562805,
		0.7601199150085449
	],
	"19. right_shoulder": [
		0.4645046293735504,
		0.33325931429862976,
		-0.1944420039653778,
		0.9999700784683228
	],
	"20. right_elbow": [
		0.4639250934123993,
		0.45509418845176697,
		-0.26204821467399597,
		0.9769805073738098
	],
	"21. right_wrist": [
		0.492037832736969,
		0.5702105760574341,
		-0.2635699212551117,
		0.9309896230697632
	],
	"24. nose": [
		0.5074681639671326,
		0.26051145792007446,
		-0.21182793378829956,
		0.9999554753303528
	],
	"25. left_eye": [
		0.512739360332489,
		0.25257667899131775,
		-0.1663009226322174,
		0.9999415278434753
	],
	"26. right_eye": [
		0.4904526174068451,
		0.24512483179569244,
		-0.20926183462142944,
		0.9999486804008484
	],
	"27. left_ear": [
		0.5072240233421326,
		0.2595788538455963,
		0.05043969303369522,
		0.9999356269836426
	],
	"28. right_ear": [
		0.4699159264564514,
		0.2520160377025604,
		-0.14804229140281677,
		0.9999510645866394
	],
	"time stamp": 30.0
}