{
	"1. left_hip": [
		0.517365574836731,
		0.566237211227417,
		0.1453149914741516,
		0.999596357345581
	],
	"2. left_knee": [
		0.44882532954216003,
		0.733428955078125,
		0.11532942205667496,
		0.9489672780036926
	],
	"3. left_ankle": [
		0.38024571537971497,
		0.8788888454437256,
		0.12475811690092087,
		0.9638146758079529
	],
	"6. right_hip": [
		0.5332501530647278,
		0.5596885085105896,
		-0.14589574933052063,
		0.9996354579925537
	],
	"7. right_knee": [
		0.5994907021522522,
		0.7422491312026978,
		-0.11812197417020798,
		0.9666295647621155
	],
	"8. right_ankle": [
		0.6460407972335815,
		0.9069448709487915,
		-0.0820922926068306,
		0.9877066016197205
	],
	"14. left_shoulder": [
		0.504158079624176,
		0.3292742073535919,
		0.2897818982601166,
		0.9998425841331482
	],
	"15. left_elbow": [
		0.5868051648139954,
		0.25688716769218445,
		0.4034293293952942,
		0.6903719305992126
	],
	"16. left_wrist": [
		0.5114561915397644,
		0.22772270441055298,
		0.5031954646110535,
		0.7611770033836365
	],
	"19. right_shoulder": [
		0.4654717743396759,
		0.332304447889328,
		-0.18369102478027344,
		0.9999746084213257
	],
	"20. right_elbow": [
		0.4651985168457031,
		0.4537905752658844,
		-0.2566077411174774,
		0.9779106974601746
	],
	"21. right_wrist": [
		0.4927552044391632,
		0.5692657828330994,
		-0.2569240927696228,
		0.9368379712104797
	],
	"24. nose": [
		0.5086126327514648,
		0.26088806986808777,
		-0.20470309257507324,
		0.9999638795852661
	],
	"25. left_eye": [
		0.5155656337738037,
		0.252921462059021,
		-0.16023756563663483,
		0.9999523758888245
	],
	"26. right_eye": [
		0.49210837483406067,
		0.24536746740341187,
		-0.2016524225473404,
		0.9999583959579468
	],
	"27. left_ear": [
		0.5110753774642944,
		0.26008978486061096,
		0.06668560206890106,
		0.9999474287033081
	],
	"28. right_ear": [
		0.4717558026313782,
		0.2522432208061218,
		-0.1353081613779068,
		0.9999603629112244
	],
	"time stamp": 30.0
}