{
	"1. left_hip": [
		0.5135977268218994,
		0.5660205483436584,
		0.14793910086154938,
		0.9995482563972473
	],
	"2. left_knee": [
		0.4451688230037689,
		0.7363799810409546,
		0.11605760455131531,
		0.9596162438392639
	],
	"3. left_ankle": [
		0.3806646168231964,
		0.881618082523346,
		0.1210213154554367,
		0.9674164056777954
	],
	"6. right_hip": [
		0.5372458696365356,
		0.5592471957206726,
		-0.1485154926776886,
		0.9996342658996582
	],
	"7. right_knee": [
		0.6021378636360168,
		0.7410492897033691,
		-0.11654721200466156,
		0.9722607731819153
	],
	"8. right_ankle": [
		0.646588921546936,
		0.9080879092216492,
		-0.07573498040437698,
		0.9899821281433105
	],
	"14. left_shoulder": [
		0.5046384334564209,
		0.3305909335613251,
		0.2867201268672943,
		0.9998373985290527
	],
	"15. left_elbow": [
		0.5915241837501526,
		0.2578829824924469,
		0.4162698984146118,
		0.6903671026229858
	],
	"16. left_wrist": [
		0.5239441990852356,
		0.22759820520877838,
		0.527863085269928,
		0.7657349109649658
	],
	"19. right_shoulder": [
		0.4699209928512573,
		0.3313744068145752,
		-0.1768338531255722,
		0.9999816417694092
	],
	"20. right_elbow": [
		0.46597111225128174,
		0.4512574076652527,
		-0.2431410253047943,
		0.9784188270568848
	],
	"21. right_wrist": [
		0.49303436279296875,
		0.5678979754447937,
		-0.2462363988161087,
		0.9437749981880188
	],
	"24. nose": [
		0.509145200252533,
		0.26251691579818726,
		-0.2160821259021759,
		0.9999762177467346
	],
	"25. left_eye": [
		0.5177716016769409,
		0.2541660964488983,
		-0.1701020449399948,
		0.9999684691429138
	],
	"26. right_eye": [
		0.4933493733406067,
		0.2467079758644104,
		-0.21067236363887787,
		0.9999727010726929
	],
	"27. left_ear": [
		0.5162274837493896,
		0.2617775499820709,
		0.0593283511698246,
		0.9999650120735168
	],
	"28. right_ear": [
		0.4737786054611206,
		0.25374725461006165,
		-0.13193544745445251,
		0.9999740123748779
	],
	"time stamp": 30.0
}