{
	"1. left_hip": [
		0.5184682011604309,
		0.5657528638839722,
		0.1471705287694931,
		0.9995782971382141
	],
	"2. left_knee": [
		0.44676998257637024,
		0.7316758036613464,
		0.10832031816244125,
		0.964012861251831
	],
	"3. left_ankle": [
		0.3816821277141571,
		0.8807247877120972,
		0.103061743080616,
		0.9695802330970764
	],
	"6. right_hip": [
		0.536650538444519,
		0.5578420162200928,
		-0.1477397233247757,
		0.9996652007102966
	],
	"7. right_knee": [
		0.6015989780426025,
		0.7403881549835205,
		-0.10724060237407684,
		0.9739018678665161
	],
	"8. right_ankle": [
		0.6468465328216553,
		0.9081338047981262,
		-0.055747922509908676,
		0.9909475445747375
	],
	"14. left_shoulder": [
		0.5124345421791077,
		0.329373836517334,
		0.28459659218788147,
		0.9998546838760376
	],
	"15. left_elbow": [
		0.5947737097740173,
		0.25838780403137207,
		0.4068836569786072,
		0.7157877087593079
	],
	"16. left_wrist": [
		0.5291219353675842,
		0.2272941619157791,
		0.49852609634399414,
		0.7873474955558777
	],
	"19. right_shoulder": [
		0.4708370268344879,
		0.3304443061351776,
		-0.17507250607013702,
		0.99998539686203
	],
	"20. right_elbow": [
		0.4664577841758728,
		0.4509415626525879,
		-0.2344718873500824,
		0.9795024394989014
	],
	"21. right_wrist": [
		0.49318403005599976,
		0.5672714114189148,
		-0.2343605011701584,
		0.9497072696685791
	],
	"24. nose": [
		0.5070576667785645,
		0.2613530158996582,
		-0.21635568141937256,
		0.9999826550483704
	],
	"25. left_eye": [
		0.5173541903495789,
		0.2538076639175415,
		-0.17113009095191956,
		0.9999768733978271
	],
	"26. right_eye": [
		0.49293920397758484,
		0.2460383027791977,
		-0.2108774185180664,
		0.999980092048645
	],
	"27. left_ear": [
		0.5169257521629333,
		0.26146966218948364,
		0.053543929010629654,
		0.9999741315841675
	],
	"28. right_ear": [
		0.47742030024528503,
		0.25329628586769104,
		-0.13186730444431305,
		0.9999810457229614
	],
	"time stamp": 30.0
}