{
	"1. left_hip": [
		0.5284841060638428,
		0.5568099617958069,
		0.14063583314418793,
		0.9995787143707275
	],
	"2. left_knee": [
		0.45674726366996765,
		0.724998414516449,
		0.11550360918045044,
		0.9721240401268005
	],
	"3. left_ankle": [
		0.3877837657928467,
		0.8594884276390076,
		0.1312611848115921,
		0.9720138311386108
	],
	"6. right_hip": [
		0.538655698299408,
		0.5510542392730713,
		-0.1411098688840866,
		0.9997127652168274
	],
	"7. right_knee": [
		0.6014854907989502,
		0.7364845275878906,
		-0.12566612660884857,
		0.9756969213485718
	],
	"8. right_ankle": [
		0.6468601822853088,
		0.9079200029373169,
		-0.0889880359172821,
		0.9930545687675476
	],
	"14. left_shoulder": [
		0.5203977227210999,
		0.32867908477783203,
		0.29299110174179077,
		0.9998828172683716
	],
	"15. left_elbow": [
		0.6029707789421082,
		0.25655224919319153,
		0.4438123106956482,
		0.7724289298057556
	],
	"16. left_wrist": [
		0.527545154094696,
		0.227762833237648,
		0.5786056518554688,
		0.8308127522468567
	],
	"19. right_shoulder": [
		0.47305718064308167,
		0.33163216710090637,
		-0.17625004053115845,
		0.9999924898147583
	],
	"20. right_elbow": [
		0.4661314785480499,
		0.45236244797706604,
		-0.2479468435049057,
		0.9829592108726501
	],
	"21. right_wrist": [
		0.4929206371307373,
		0.5675803422927856,
		-0.2593546211719513,
		0.9623361229896545
	],
	"24. nose": [
		0.5199452042579651,
		0.26401427388191223,
		-0.1808135211467743,
		0.9999943971633911
	],
	"25. left_eye": [
		0.5270697474479675,
		0.25395241379737854,
		-0.13751478493213654,
		0.9999921917915344
	],
	"26. right_eye": [
		0.5029950737953186,
		0.24697011709213257,
		-0.18361252546310425,
		0.9999936819076538
	],
	"27. left_ear": [
		0.5235613584518433,
		0.26145660877227783,
		0.07627787441015244,
		0.9999910593032837
	],
	"28. right_ear": [
		0.4847462475299835,
		0.253353089094162,
		-0.129872664809227,
		0.9999940991401672
	],
	"time stamp": 30.0
}