{
	"1. left_hip": [
		0.5270757675170898,
		0.5601130127906799,
		0.1453409343957901,
		0.9995366334915161
	],
	"2. left_knee": [
		0.4560409486293793,
		0.7290171980857849,
		0.11464191228151321,
		0.9736918807029724
	],
	"3. left_ankle": [
		0.38641929626464844,
		0.8752647638320923,
		0.12933087348937988,
		0.972500205039978
	],
	"6. right_hip": [
		0.5397544503211975,
		0.5551701784133911,
		-0.14585305750370026,
		0.9996950030326843
	],
	"7. right_knee": [
		0.6014751195907593,
		0.7373759746551514,
		-0.12358570098876953,
		0.9755926132202148
	],
	"8. right_ankle": [
		0.6469624638557434,
		0.9051312208175659,
		-0.08218494802713394,
		0.9931780099868774
	],
	"14. left_shoulder": [
		0.5199957489967346,
		0.32899969816207886,
		0.291705459356308,
		0.9998809695243835
	],
	"15. left_elbow": [
		0.6038243174552917,
		0.2566564679145813,
		0.40894073247909546,
		0.7798959016799927
	],
	"16. left_wrist": [
		0.5276253819465637,
		0.22630462050437927,
		0.504426896572113,
		0.8321787118911743
	],
	"19. right_shoulder": [
		0.4741770327091217,
		0.33143508434295654,
		-0.18091928958892822,
		0.9999933242797852
	],
	"20. right_elbow": [
		0.4653027057647705,
		0.45234280824661255,
		-0.24907851219177246,
		0.9842689037322998
	],
	"21. right_wrist": [
		0.49297988414764404,
		0.5678284168243408,
		-0.2479078769683838,
		0.9640492796897888
	],
	"24. nose": [
		0.5211800336837769,
		0.26451435685157776,
		-0.17799973487854004,
		0.9999958276748657
	],
	"25. left_eye": [
		0.5276305079460144,
		0.25410640239715576,
		-0.13522419333457947,
		0.9999939203262329
	],
	"26. right_eye": [
		0.5036715865135193,
		0.2473391890525818,
		-0.18029524385929108,
		0.9999952912330627
	],
	"27. left_ear": [
		0.523565948009491,
		0.26146429777145386,
		0.07692823559045792,
		0.9999929666519165
	],
	"28. right_ear": [
		0.48589256405830383,
		0.25355663895606995,
		-0.13044381141662598,
		0.9999957084655762
	],
	"time stamp": 30.0
}