{
	"1. left_hip": [
		0.5267553925514221,
		0.5604898929595947,
		0.1460028439760208,
		0.9995293021202087
	],
	"2. left_knee": [
		0.45551562309265137,
		0.7303763628005981,
		0.11646930128335953,
		0.974723219871521
	],
	"3. left_ankle": [
		0.3859122395515442,
		0.8775672912597656,
		0.1331254094839096,
		0.9727964401245117
	],
	"6. right_hip": [
		0.5400355458259583,
		0.5556913018226624,
		-0.1465112417936325,
		0.9996930956840515
	],
	"7. right_knee": [
		0.6017839312553406,
		0.7375339269638062,
		-0.12448441982269287,
		0.9762168526649475
	],
	"8. right_ankle": [
		0.6469857096672058,
		0.9043896794319153,
		-0.08224207907915115,
		0.9933513402938843
	],
	"14. left_shoulder": [
		0.5199229717254639,
		0.32923752069473267,
		0.2916313111782074,
		0.9998819231987
	],
	"15. left_elbow": [
		0.6041797399520874,
		0.2565784156322479,
		0.4082222878932953,
		0.7851881980895996
	],
	"16. left_wrist": [
		0.5275954008102417,
		0.22584222257137299,
		0.5019155740737915,
		0.8367011547088623
	],
	"19. right_shoulder": [
		0.4744747281074524,
		0.3314235806465149,
		-0.17716065049171448,
		0.999993622303009
	],
	"20. right_elbow": [
		0.46508491039276123,
		0.452192485332489,
		-0.2423657327890396,
		0.9845449924468994
	],
	"21. right_wrist": [
		0.4929695427417755,
		0.5678668022155762,
		-0.2387467473745346,
		0.9643840789794922
	],
	"24. nose": [
		0.5211467146873474,
		0.2641136348247528,
		-0.1794677972793579,
		0.9999962449073792
	],
	"25. left_eye": [
		0.5276051759719849,
		0.25404536724090576,
		-0.13611836731433868,
		0.9999944567680359
	],
	"26. right_eye": [
		0.5035218596458435,
		0.24698366224765778,
		-0.18194520473480225,
		0.999995768070221
	],
	"27. left_ear": [
		0.5235477685928345,
		0.2614535093307495,
		0.07659335434436798,
		0.9999935626983643
	],
	"28. right_ear": [
		0.48568347096443176,
		0.25319403409957886,
		-0.12828394770622253,
		0.9999961256980896
	],
	"time stamp": 30.0
}