{
	"1. left_hip": [
		0.5243077874183655,
		0.5618194341659546,
		0.1493312567472458,
		0.999480664730072
	],
	"2. left_knee": [
		0.454969197511673,
		0.731386661529541,
		0.10882972925901413,
		0.9760209918022156
	],
	"3. left_ankle": [
		0.3847137987613678,
		0.8783419132232666,
		0.10866820812225342,
		0.9713320136070251
	],
	"6. right_hip": [
		0.542138397693634,
		0.556747317314148,
		-0.14987339079380035,
		0.9996637105941772
	],
	"7. right_knee": [
		0.6022869348526001,
		0.7379431128501892,
		-0.12296187877655029,
		0.9770501852035522
	],
	"8. right_ankle": [
		0.6470257639884949,
		0.9035153985023499,
		-0.08240076899528503,
		0.9933793544769287
	],
	"14. left_shoulder": [
		0.5178878903388977,
		0.32949137687683105,
		0.2986007332801819,
		0.9998803734779358
	],
	"15. left_elbow": [
		0.6054473519325256,
		0.25554126501083374,
		0.39999470114707947,
		0.7924623489379883
	],
	"16. left_wrist": [
		0.525913417339325,
		0.2241813838481903,
		0.47007882595062256,
		0.8467191457748413
	],
	"19. right_shoulder": [
		0.4786401093006134,
		0.3305470645427704,
		-0.17344006896018982,
		0.9999945163726807
	],
	"20. right_elbow": [
		0.46575024724006653,
		0.44879892468452454,
		-0.24440504610538483,
		0.9855360984802246
	],
	"21. right_wrist": [
		0.4933314323425293,
		0.5670670866966248,
		-0.23089861869812012,
		0.9654372334480286
	],
	"24. nose": [
		0.5220393538475037,
		0.2617242932319641,
		-0.17737123370170593,
		0.9999979138374329
	],
	"25. left_eye": [
		0.5271474719047546,
		0.25191500782966614,
		-0.1334732323884964,
		0.9999966025352478
	],
	"26. right_eye": [
		0.5040537714958191,
		0.2462116926908493,
		-0.17781148850917816,
		0.9999976754188538
	],
	"27. left_ear": [
		0.5220958590507507,
		0.25890809297561646,
		0.08212588727474213,
		0.9999959468841553
	],
	"28. right_ear": [
		0.48535576462745667,
		0.2528853416442871,
		-0.12151657789945602,
		0.9999979734420776
	],
	"time stamp": 30.0
}