{
	"1. left_hip": [
		0.521881639957428,
		0.5618010759353638,
		0.1522848904132843,
		0.9994391798973083
	],
	"2. left_knee": [
		0.45348742604255676,
		0.7323675155639648,
		0.09507396817207336,
		0.9761633276939392
	],
	"3. left_ankle": [
		0.383718878030777,
		0.880786120891571,
		0.09069527685642242,
		0.9681746363639832
	],
	"6. right_hip": [
		0.5421310663223267,
		0.5546146631240845,
		-0.15282592177391052,
		0.9996327757835388
	],
	"7. right_knee": [
		0.6020561456680298,
		0.7369454503059387,
		-0.12341359257698059,
		0.9751392006874084
	],
	"8. right_ankle": [
		0.6470205783843994,
		0.903467059135437,
		-0.08946822583675385,
		0.9924584627151489
	],
	"14. left_shoulder": [
		0.515815794467926,
		0.32982316613197327,
		0.3151983618736267,
		0.9998781085014343
	],
	"15. left_elbow": [
		0.6037478446960449,
		0.25667402148246765,
		0.4145429730415344,
		0.7942320108413696
	],
	"16. left_wrist": [
		0.5253955125808716,
		0.22419308125972748,
		0.48415133357048035,
		0.8495242595672607
	],
	"19. right_shoulder": [
		0.4796636402606964,
		0.3298046886920929,
		-0.17214904725551605,
		0.9999948740005493
	],
	"20. right_elbow": [
		0.4665396511554718,
		0.4480334520339966,
		-0.23497506976127625,
		0.9860840439796448
	],
	"21. right_wrist": [
		0.4933386445045471,
		0.5665644407272339,
		-0.21293674409389496,
		0.9664871096611023
	],
	"24. nose": [
		0.5223636031150818,
		0.26075616478919983,
		-0.15466299653053284,
		0.9999985694885254
	],
	"25. left_eye": [
		0.5268588066101074,
		0.2511431872844696,
		-0.11078985035419464,
		0.9999973773956299
	],
	"26. right_eye": [
		0.5044389963150024,
		0.24555978178977966,
		-0.15668654441833496,
		0.9999984502792358
	],
	"27. left_ear": [
		0.5211936235427856,
		0.25754690170288086,
		0.1001599133014679,
		0.9999967217445374
	],
	"28. right_ear": [
		0.48565685749053955,
		0.2524348795413971,
		-0.11030071973800659,
		0.9999986290931702
	],
	"time stamp": 30.0
}