{
	"1. left_hip": [
		0.5224466323852539,
		0.5624403357505798,
		0.15056222677230835,
		0.999437153339386
	],
	"2. left_knee": [
		0.45291638374328613,
		0.7329184412956238,
		0.09397441148757935,
		0.9751041531562805
	],
	"3. left_ankle": [
		0.3835294544696808,
		0.8804574608802795,
		0.09410823881626129,
		0.9678564071655273
	],
	"6. right_hip": [
		0.5405787229537964,
		0.5546525120735168,
		-0.15109752118587494,
		0.999626100063324
	],
	"7. right_knee": [
		0.601711630821228,
		0.7371459007263184,
		-0.11993182450532913,
		0.9744470715522766
	],
	"8. right_ankle": [
		0.6470142006874084,
		0.9033729434013367,
		-0.08314566314220428,
		0.9920844435691833
	],
	"14. left_shoulder": [
		0.5187012553215027,
		0.3294733464717865,
		0.3090389370918274,
		0.9998763799667358
	],
	"15. left_elbow": [
		0.6038299798965454,
		0.25623080134391785,
		0.4257521629333496,
		0.7938925623893738
	],
	"16. left_wrist": [
		0.5264004468917847,
		0.2246137261390686,
		0.5300840139389038,
		0.8484253287315369
	],
	"19. right_shoulder": [
		0.4786057472229004,
		0.3300718069076538,
		-0.1730177253484726,
		0.9999948740005493
	],
	"20. right_elbow": [
		0.4667484164237976,
		0.4479944109916687,
		-0.24284349381923676,
		0.9864267706871033
	],
	"21. right_wrist": [
		0.49364060163497925,
		0.566292405128479,
		-0.2443164885044098,
		0.9671540856361389
	],
	"24. nose": [
		0.5227100849151611,
		0.25907713174819946,
		-0.15746822953224182,
		0.9999988079071045
	],
	"25. left_eye": [
		0.5269283652305603,
		0.2498907446861267,
		-0.11378820240497589,
		0.999997615814209
	],
	"26. right_eye": [
		0.5046175122261047,
		0.2442757487297058,
		-0.1594100147485733,
		0.9999986886978149
	],
	"27. left_ear": [
		0.5211383700370789,
		0.2566511332988739,
		0.09692062437534332,
		0.9999969601631165
	],
	"28. right_ear": [
		0.4857354164123535,
		0.2518561780452728,
		-0.11185736954212189,
		0.9999988675117493
	],
	"time stamp": 30.0
}