{
	"1. left_hip": [
		0.5246182084083557,
		0.563994288444519,
		0.14959360659122467,
		0.999390184879303
	],
	"2. left_knee": [
		0.4530746340751648,
		0.7320502400398254,
		0.10346873849630356,
		0.9701196551322937
	],
	"3. left_ankle": [
		0.38318294286727905,
		0.8786340355873108,
		0.11465900391340256,
		0.9653066396713257
	],
	"6. right_hip": [
		0.5395321846008301,
		0.5574907660484314,
		-0.1501135230064392,
		0.9995853304862976
	],
	"7. right_knee": [
		0.6011691093444824,
		0.7401595115661621,
		-0.1188349649310112,
		0.9728925824165344
	],
	"8. right_ankle": [
		0.6470430493354797,
		0.9055035710334778,
		-0.07877642661333084,
		0.9910628795623779
	],
	"14. left_shoulder": [
		0.5221349596977234,
		0.3287959396839142,
		0.30042481422424316,
		0.9998588562011719
	],
	"15. left_elbow": [
		0.6057272553443909,
		0.2541417181491852,
		0.42645666003227234,
		0.78086918592453
	],
	"16. left_wrist": [
		0.5281504988670349,
		0.2229127734899521,
		0.5196407437324524,
		0.83473140001297
	],
	"19. right_shoulder": [
		0.47742876410484314,
		0.3304319977760315,
		-0.1796204000711441,
		0.9999946355819702
	],
	"20. right_elbow": [
		0.466691255569458,
		0.4481518268585205,
		-0.2552647292613983,
		0.9870477318763733
	],
	"21. right_wrist": [
		0.494444876909256,
		0.5653539896011353,
		-0.25495052337646484,
		0.9676947593688965
	],
	"24. nose": [
		0.5237611532211304,
		0.25716179609298706,
		-0.1687658429145813,
		0.9999993443489075
	],
	"25. left_eye": [
		0.5274271965026855,
		0.2482883185148239,
		-0.1242026761174202,
		0.9999982118606567
	],
	"26. right_eye": [
		0.5057999491691589,
		0.24245116114616394,
		-0.16909518837928772,
		0.9999993443489075
	],
	"27. left_ear": [
		0.5212361216545105,
		0.2552867829799652,
		0.0858781710267067,
		0.9999975562095642
	],
	"28. right_ear": [
		0.48665207624435425,
		0.2503649890422821,
		-0.11778227239847183,
		0.9999994039535522
	],
	"time stamp": 30.0
}