{
	"1. left_hip": [
		0.5257323384284973,
		0.5663855075836182,
		0.15209126472473145,
		0.9993685483932495
	],
	"2. left_knee": [
		0.4531094431877136,
		0.7320382595062256,
		0.11309081315994263,
		0.9659783244132996
	],
	"3. left_ankle": [
		0.3827667236328125,
		0.879012405872345,
		0.12624385952949524,
		0.9639191031455994
	],
	"6. right_hip": [
		0.5395137071609497,
		0.5611516237258911,
		-0.15262825787067413,
		0.9995654225349426
	],
	"7. right_knee": [
		0.6010165214538574,
		0.7409440875053406,
		-0.12227983772754669,
		0.9736818671226501
	],
	"8. right_ankle": [
		0.6469564437866211,
		0.9076347947120667,
		-0.08248770982027054,
		0.9910046458244324
	],
	"14. left_shoulder": [
		0.5233519673347473,
		0.32916873693466187,
		0.29836076498031616,
		0.9998533725738525
	],
	"15. left_elbow": [
		0.6082727313041687,
		0.2541850209236145,
		0.4228861927986145,
		0.7704979181289673
	],
	"16. left_wrist": [
		0.5321673154830933,
		0.22275693714618683,
		0.5114117860794067,
		0.8285970091819763
	],
	"19. right_shoulder": [
		0.4781045615673065,
		0.33146679401397705,
		-0.18749698996543884,
		0.999994695186615
	],
	"20. right_elbow": [
		0.4665553569793701,
		0.4489700198173523,
		-0.2669477164745331,
		0.9876906871795654
	],
	"21. right_wrist": [
		0.49490076303482056,
		0.5654782056808472,
		-0.27113133668899536,
		0.9683411717414856
	],
	"24. nose": [
		0.5251744985580444,
		0.2573738992214203,
		-0.18219536542892456,
		0.9999995827674866
	],
	"25. left_eye": [
		0.5283077955245972,
		0.24831350147724152,
		-0.13659292459487915,
		0.9999984502792358
	],
	"26. right_eye": [
		0.5069478750228882,
		0.24264352023601532,
		-0.18091893196105957,
		0.9999995827674866
	],
	"27. left_ear": [
		0.5218551754951477,
		0.25508272647857666,
		0.07791674137115479,
		0.9999978542327881
	],
	"28. right_ear": [
		0.4873686134815216,
		0.25040802359580994,
		-0.12487877905368805,
		0.9999996423721313
	],
	"time stamp": 30.0
}