{
	"1. left_hip": [
		0.5323049426078796,
		0.6643180847167969,
		0.004903017543256283,
		0.9997539520263672
	],
	"2. left_knee": [
		0.5479283332824707,
		0.6523579359054565,
		-0.30870521068573,
		0.9378771781921387
	],
	"3. left_ankle": [
		0.517896831035614,
		0.7115780115127563,
		-0.3064456582069397,
		0.42258384823799133
	],
	"6. right_hip": [
		0.4798906743526459,
		0.6671295762062073,
		-0.004758549388498068,
		0.9996071457862854
	],
	"7. right_knee": [
		0.4783257842063904,
		0.6878908276557922,
		-0.2908592224121094,
		0.9319919347763062
	],
	"8. right_ankle": [
		0.4727402925491333,
		0.7342442274093628,
		-0.23022860288619995,
		0.3481316566467285
	],
	"14. left_shoulder": [
		0.5451577305793762,
		0.5548771619796753,
		0.030407002195715904,
		0.999933123588562
	],
	"15. left_elbow": [
		0.5589921474456787,
		0.5922666192054749,
		-0.11367049813270569,
		0.9805407524108887
	],
	"16. left_wrist": [
		0.5047457814216614,
		0.5865209698677063,
		-0.26094552874565125,
		0.9754624962806702
	],
	"19. right_shoulder": [
		0.460646390914917,
		0.5617260932922363,
		0.006575339008122683,
		0.9998316764831543
	],
	"20. right_elbow": [
		0.46377161145210266,
		0.6203538179397583,
		-0.11701544374227524,
		0.9821486473083496
	],
	"21. right_wrist": [
		0.5207653641700745,
		0.6017011404037476,
		-0.20381218194961548,
		0.9441076517105103
	],
	"24. nose": [
		0.49698442220687866,
		0.5206854343414307,
		-0.09562797844409943,
		0.9999760389328003
	],
	"25. left_eye": [
		0.5056217312812805,
		0.5102458000183105,
		-0.07999482750892639,
		0.9999632835388184
	],
	"26. right_eye": [
		0.48626241087913513,
		0.5125107765197754,
		-0.08073583245277405,
		0.9999588131904602
	],
	"27. left_ear": [
		0.5146833062171936,
		0.5112638473510742,
		0.010676364414393902,
		0.9999654293060303
	],
	"28. right_ear": [
		0.48161453008651733,
		0.5158010125160217,
		0.008376096375286579,
		0.9999657869338989
	],
	"time stamp": 30.0
}