{
	"1. left_hip": [
		0.5288031101226807,
		0.6590670943260193,
		-0.004028886556625366,
		0.9984217286109924
	],
	"2. left_knee": [
		0.5198463797569275,
		0.6659044027328491,
		-0.18817712366580963,
		0.9073055982589722
	],
	"3. left_ankle": [
		0.5056247711181641,
		0.7267259359359741,
		-0.37988924980163574,
		0.4766453802585602
	],
	"6. right_hip": [
		0.47686100006103516,
		0.6624383330345154,
		0.0042405338026583195,
		0.9991505146026611
	],
	"7. right_knee": [
		0.47624850273132324,
		0.6971189975738525,
		-0.24445904791355133,
		0.8965552449226379
	],
	"8. right_ankle": [
		0.4680187702178955,
		0.7544877529144287,
		-0.48147690296173096,
		0.4876536428928375
	],
	"14. left_shoulder": [
		0.5397729873657227,
		0.5559933185577393,
		0.0798565149307251,
		0.9997402429580688
	],
	"15. left_elbow": [
		0.54793781042099,
		0.5389189720153809,
		-0.07067307829856873,
		0.954680860042572
	],
	"16. left_wrist": [
		0.5216411352157593,
		0.5052123665809631,
		-0.1806192398071289,
		0.9217248558998108
	],
	"19. right_shoulder": [
		0.46707215905189514,
		0.555279016494751,
		0.07150836288928986,
		0.9999130368232727
	],
	"20. right_elbow": [
		0.4590230882167816,
		0.575730562210083,
		-0.0854046568274498,
		0.8865051865577698
	],
	"21. right_wrist": [
		0.49021023511886597,
		0.5303956270217896,
		-0.18068501353263855,
		0.7944518327713013
	],
	"24. nose": [
		0.4960958957672119,
		0.5065727233886719,
		-0.011086818762123585,
		0.9999240040779114
	],
	"25. left_eye": [
		0.5030476450920105,
		0.5000507831573486,
		0.00790142361074686,
		0.9999487996101379
	],
	"26. right_eye": [
		0.4915253818035126,
		0.5008054971694946,
		0.00978840235620737,
		0.9999300837516785
	],
	"27. left_ear": [
		0.5115957260131836,
		0.5048881769180298,
		0.08510381728410721,
		0.9999346137046814
	],
	"28. right_ear": [
		0.4896242916584015,
		0.5076087117195129,
		0.09499745070934296,
		0.9999452233314514
	],
	"time stamp": 30.0
}