{
	"1. left_hip": [
		0.5318446755409241,
		0.6896032094955444,
		0.002163903322070837,
		0.9947792291641235
	],
	"2. left_knee": [
		0.5245351195335388,
		0.6418619751930237,
		-0.2949855625629425,
		0.8741486668586731
	],
	"3. left_ankle": [
		0.5072806477546692,
		0.7311000823974609,
		-0.4961661994457245,
		0.5910487771034241
	],
	"6. right_hip": [
		0.4728618860244751,
		0.6899477243423462,
		-0.001858603791333735,
		0.9924163222312927
	],
	"7. right_knee": [
		0.47630932927131653,
		0.70441073179245,
		-0.2631646990776062,
		0.7942613959312439
	],
	"8. right_ankle": [
		0.4706607162952423,
		0.7615785598754883,
		-0.4781210422515869,
		0.6135047078132629
	],
	"14. left_shoulder": [
		0.5430863499641418,
		0.5624140501022339,
		-0.005702799651771784,
		0.9986361265182495
	],
	"15. left_elbow": [
		0.5878931879997253,
		0.5197434425354004,
		-0.10397414118051529,
		0.9871613383293152
	],
	"16. left_wrist": [
		0.5420297980308533,
		0.49155861139297485,
		-0.10696333646774292,
		0.7975051403045654
	],
	"19. right_shoulder": [
		0.45690301060676575,
		0.5609749555587769,
		-0.022086933255195618,
		0.9995806813240051
	],
	"20. right_elbow": [
		0.42665454745292664,
		0.5064994692802429,
		-0.10427414625883102,
		0.9871610999107361
	],
	"21. right_wrist": [
		0.4777957499027252,
		0.4831832945346832,
		-0.0477956160902977,
		0.6877988576889038
	],
	"24. nose": [
		0.5044354200363159,
		0.5241081118583679,
		-0.1401931196451187,
		0.9997139573097229
	],
	"25. left_eye": [
		0.5137098431587219,
		0.5153396725654602,
		-0.12251055985689163,
		0.9997722506523132
	],
	"26. right_eye": [
		0.49498823285102844,
		0.513099730014801,
		-0.12410398572683334,
		0.999739408493042
	],
	"27. left_ear": [
		0.5207319259643555,
		0.5195251703262329,
		-0.03255203738808632,
		0.9997454285621643
	],
	"28. right_ear": [
		0.48488402366638184,
		0.5163499712944031,
		-0.039651233702898026,
		0.9998561143875122
	],
	"time stamp": 30.0
}