{
	"1. left_hip": [
		0.5323408842086792,
		0.6895236372947693,
		0.002089655725285411,
		0.9940961003303528
	],
	"2. left_knee": [
		0.5249565243721008,
		0.6596169471740723,
		-0.30170631408691406,
		0.8941294550895691
	],
	"3. left_ankle": [
		0.506957471370697,
		0.7357315421104431,
		-0.5269860625267029,
		0.6122264862060547
	],
	"6. right_hip": [
		0.47312694787979126,
		0.6899638772010803,
		-0.0018289099680259824,
		0.9910454750061035
	],
	"7. right_knee": [
		0.47698652744293213,
		0.6984941363334656,
		-0.2372705191373825,
		0.8296336531639099
	],
	"8. right_ankle": [
		0.47093889117240906,
		0.7602611184120178,
		-0.4598613977432251,
		0.6628413200378418
	],
	"14. left_shoulder": [
		0.5435364246368408,
		0.5647939443588257,
		-0.02972286380827427,
		0.9986408352851868
	],
	"15. left_elbow": [
		0.590786337852478,
		0.5223573446273804,
		-0.1396542638540268,
		0.989500880241394
	],
	"16. left_wrist": [
		0.5422118902206421,
		0.5006725192070007,
		-0.15194085240364075,
		0.7978175282478333
	],
	"19. right_shoulder": [
		0.4580398201942444,
		0.5627135038375854,
		-0.052896227687597275,
		0.9995033144950867
	],
	"20. right_elbow": [
		0.42242491245269775,
		0.5125519633293152,
		-0.15233860909938812,
		0.9898634552955627
	],
	"21. right_wrist": [
		0.4707331359386444,
		0.4945383667945862,
		-0.13006509840488434,
		0.6325764060020447
	],
	"24. nose": [
		0.5046278238296509,
		0.5242205262184143,
		-0.17724552750587463,
		0.9996154308319092
	],
	"25. left_eye": [
		0.5138631463050842,
		0.5158796310424805,
		-0.16166990995407104,
		0.9996974468231201
	],
	"26. right_eye": [
		0.49566346406936646,
		0.5137532353401184,
		-0.16308724880218506,
		0.9996348023414612
	],
	"27. left_ear": [
		0.520663857460022,
		0.5200207233428955,
		-0.07260742783546448,
		0.9996951818466187
	],
	"28. right_ear": [
		0.4863954782485962,
		0.5171210169792175,
		-0.07697726041078568,
		0.9998104572296143
	],
	"time stamp": 30.0
}