{
	"1. left_hip": [
		0.5329533815383911,
		0.6890504360198975,
		0.0015225776005536318,
		0.9922372698783875
	],
	"2. left_knee": [
		0.5257053971290588,
		0.6230805516242981,
		-0.287041574716568,
		0.9139243364334106
	],
	"3. left_ankle": [
		0.5084860324859619,
		0.730565071105957,
		-0.4796847403049469,
		0.6266486644744873
	],
	"6. right_hip": [
		0.47462695837020874,
		0.6900840997695923,
		-0.0013185469433665276,
		0.989590048789978
	],
	"7. right_knee": [
		0.4783170819282532,
		0.6973912715911865,
		-0.2620236575603485,
		0.8746142983436584
	],
	"8. right_ankle": [
		0.4720103144645691,
		0.7593917846679688,
		-0.4693020284175873,
		0.7170390486717224
	],
	"14. left_shoulder": [
		0.5434492826461792,
		0.5663294792175293,
		-0.04306459426879883,
		0.9986604452133179
	],
	"15. left_elbow": [
		0.5909913778305054,
		0.5243235230445862,
		-0.156945139169693,
		0.9923124313354492
	],
	"16. left_wrist": [
		0.541061282157898,
		0.510707437992096,
		-0.16282331943511963,
		0.776885449886322
	],
	"19. right_shoulder": [
		0.461364209651947,
		0.5654574036598206,
		-0.047387927770614624,
		0.9994821548461914
	],
	"20. right_elbow": [
		0.42148059606552124,
		0.5179775953292847,
		-0.1552991271018982,
		0.9930127263069153
	],
	"21. right_wrist": [
		0.4648818075656891,
		0.504371702671051,
		-0.15076681971549988,
		0.538233757019043
	],
	"24. nose": [
		0.5074370503425598,
		0.5242075324058533,
		-0.19347894191741943,
		0.9996673464775085
	],
	"25. left_eye": [
		0.5149336457252502,
		0.5156707763671875,
		-0.1765000820159912,
		0.9997316002845764
	],
	"26. right_eye": [
		0.4975554347038269,
		0.514186441898346,
		-0.17759163677692413,
		0.9996795058250427
	],
	"27. left_ear": [
		0.520765483379364,
		0.520201563835144,
		-0.08240118622779846,
		0.9997299313545227
	],
	"28. right_ear": [
		0.4876384139060974,
		0.5186414122581482,
		-0.0878828763961792,
		0.999833881855011
	],
	"time stamp": 30.0
}