{
	"1. left_hip": [
		0.5331540703773499,
		0.6890547275543213,
		-0.0006077983416616917,
		0.9900962114334106
	],
	"2. left_knee": [
		0.5307948589324951,
		0.6109882593154907,
		-0.2619457244873047,
		0.9181450605392456
	],
	"3. left_ankle": [
		0.5125448703765869,
		0.7193783521652222,
		-0.4261972904205322,
		0.6213790774345398
	],
	"6. right_hip": [
		0.4752996265888214,
		0.692016065120697,
		0.0008208001963794231,
		0.9899711012840271
	],
	"7. right_knee": [
		0.4689468741416931,
		0.6749239563941956,
		-0.2708677053451538,
		0.8819034695625305
	],
	"8. right_ankle": [
		0.4754292666912079,
		0.7609065175056458,
		-0.47568246722221375,
		0.6871534585952759
	],
	"14. left_shoulder": [
		0.543437659740448,
		0.5674915313720703,
		-0.08087216317653656,
		0.998210608959198
	],
	"15. left_elbow": [
		0.5906410813331604,
		0.5244625210762024,
		-0.22947652637958527,
		0.9917739033699036
	],
	"16. left_wrist": [
		0.5371026396751404,
		0.5186617970466614,
		-0.2427595853805542,
		0.6690105199813843
	],
	"19. right_shoulder": [
		0.4616968035697937,
		0.5681273937225342,
		-0.08216892182826996,
		0.9994989633560181
	],
	"20. right_elbow": [
		0.4189662039279938,
		0.5211162567138672,
		-0.2140365093946457,
		0.9908356666564941
	],
	"21. right_wrist": [
		0.4670407474040985,
		0.5128588676452637,
		-0.23997771739959717,
		0.44455644488334656
	],
	"24. nose": [
		0.5079129934310913,
		0.5222912430763245,
		-0.21979035437107086,
		0.9996592998504639
	],
	"25. left_eye": [
		0.5147402882575989,
		0.5146254301071167,
		-0.2039107233285904,
		0.9997002482414246
	],
	"26. right_eye": [
		0.4977604150772095,
		0.5135459899902344,
		-0.20345041155815125,
		0.9996449947357178
	],
	"27. left_ear": [
		0.5207023620605469,
		0.5202874541282654,
		-0.11469347029924393,
		0.9996721744537354
	],
	"28. right_ear": [
		0.48786699771881104,
		0.5190988779067993,
		-0.1117781326174736,
		0.999812662601471
	],
	"time stamp": 30.0
}