{
	"1. left_hip": [
		0.5330393314361572,
		0.6893316507339478,
		-0.0017242392059415579,
		0.9902148246765137
	],
	"2. left_knee": [
		0.5308184027671814,
		0.6132146716117859,
		-0.26679691672325134,
		0.9397568702697754
	],
	"3. left_ankle": [
		0.5113980770111084,
		0.7263939380645752,
		-0.4389675259590149,
		0.6760408282279968
	],
	"6. right_hip": [
		0.47517040371894836,
		0.6932666301727295,
		0.0019583525136113167,
		0.99078369140625
	],
	"7. right_knee": [
		0.4684956967830658,
		0.6734901666641235,
		-0.27976590394973755,
		0.9132923483848572
	],
	"8. right_ankle": [
		0.47378355264663696,
		0.7595838904380798,
		-0.4980248212814331,
		0.7372618317604065
	],
	"14. left_shoulder": [
		0.543691873550415,
		0.5689176321029663,
		-0.07855590432882309,
		0.9977954626083374
	],
	"15. left_elbow": [
		0.5915307998657227,
		0.5272573232650757,
		-0.233806312084198,
		0.9929037094116211
	],
	"16. left_wrist": [
		0.535407543182373,
		0.5214273929595947,
		-0.2523154318332672,
		0.6064789295196533
	],
	"19. right_shoulder": [
		0.4617169499397278,
		0.5698127746582031,
		-0.07920639961957932,
		0.9995468854904175
	],
	"20. right_elbow": [
		0.41774776577949524,
		0.5247690677642822,
		-0.20317885279655457,
		0.9929065704345703
	],
	"21. right_wrist": [
		0.47079527378082275,
		0.518255889415741,
		-0.2184929996728897,
		0.42799490690231323
	],
	"24. nose": [
		0.506862223148346,
		0.5217173099517822,
		-0.21968497335910797,
		0.9997241497039795
	],
	"25. left_eye": [
		0.5137600302696228,
		0.5143926739692688,
		-0.203433096408844,
		0.9997566938400269
	],
	"26. right_eye": [
		0.4969281852245331,
		0.5136784911155701,
		-0.20242689549922943,
		0.9997125267982483
	],
	"27. left_ear": [
		0.5205010175704956,
		0.5208967328071594,
		-0.11398552358150482,
		0.9997309446334839
	],
	"28. right_ear": [
		0.4875394403934479,
		0.5207157731056213,
		-0.10846468806266785,
		0.9998481273651123
	],
	"time stamp": 30.0
}