{
	"1. left_hip": [
		0.5325179696083069,
		0.6966191530227661,
		-0.0031083771027624607,
		0.990263044834137
	],
	"2. left_knee": [
		0.5315610766410828,
		0.6186932921409607,
		-0.24768447875976562,
		0.9610008597373962
	],
	"3. left_ankle": [
		0.5067294239997864,
		0.724250078201294,
		-0.40674492716789246,
		0.731208324432373
	],
	"6. right_hip": [
		0.4752570688724518,
		0.6994020342826843,
		0.003364024916663766,
		0.9918209910392761
	],
	"7. right_knee": [
		0.47979825735092163,
		0.7016776204109192,
		-0.26047036051750183,
		0.9563935995101929
	],
	"8. right_ankle": [
		0.4722946584224701,
		0.7636680006980896,
		-0.4558115303516388,
		0.820968747138977
	],
	"14. left_shoulder": [
		0.5454401969909668,
		0.5754553079605103,
		-0.05545487627387047,
		0.998160719871521
	],
	"15. left_elbow": [
		0.5968828201293945,
		0.5347203016281128,
		-0.21086561679840088,
		0.9960160851478577
	],
	"16. left_wrist": [
		0.5346643328666687,
		0.532356858253479,
		-0.22701554000377655,
		0.6721857190132141
	],
	"19. right_shoulder": [
		0.4615229666233063,
		0.5775052309036255,
		-0.04725296050310135,
		0.9997575283050537
	],
	"20. right_elbow": [
		0.4103180170059204,
		0.5343844890594482,
		-0.16386590898036957,
		0.9965412616729736
	],
	"21. right_wrist": [
		0.47241199016571045,
		0.534080445766449,
		-0.1751892864704132,
		0.5001914501190186
	],
	"24. nose": [
		0.5000783205032349,
		0.534302830696106,
		-0.19157035648822784,
		0.9997959136962891
	],
	"25. left_eye": [
		0.5096684098243713,
		0.5249756574630737,
		-0.1764063835144043,
		0.9998054504394531
	],
	"26. right_eye": [
		0.4917103052139282,
		0.5258098244667053,
		-0.17300374805927277,
		0.9997512102127075
	],
	"27. left_ear": [
		0.5183965563774109,
		0.5303667187690735,
		-0.09185248613357544,
		0.9997836351394653
	],
	"28. right_ear": [
		0.48515352606773376,
		0.5315169095993042,
		-0.07551444321870804,
		0.9998878240585327
	],
	"time stamp": 30.0
}