{
	"1. left_hip": [
		0.5325679779052734,
		0.6971564292907715,
		-0.003485377412289381,
		0.9892784953117371
	],
	"2. left_knee": [
		0.5312313437461853,
		0.6166163682937622,
		-0.24755777418613434,
		0.9385777115821838
	],
	"3. left_ankle": [
		0.5072299242019653,
		0.710126519203186,
		-0.39335930347442627,
		0.6690760850906372
	],
	"6. right_hip": [
		0.4757082462310791,
		0.7007556557655334,
		0.0037644628901034594,
		0.9919300675392151
	],
	"7. right_knee": [
		0.48105481266975403,
		0.7056555151939392,
		-0.25110942125320435,
		0.9273533821105957
	],
	"8. right_ankle": [
		0.47204044461250305,
		0.7679293751716614,
		-0.41887345910072327,
		0.7102826237678528
	],
	"14. left_shoulder": [
		0.5452132225036621,
		0.5768197178840637,
		-0.06392844766378403,
		0.9982202649116516
	],
	"15. left_elbow": [
		0.597029447555542,
		0.5362036228179932,
		-0.20006521046161652,
		0.9942247867584229
	],
	"16. left_wrist": [
		0.5347753167152405,
		0.5335360765457153,
		-0.21069249510765076,
		0.6014314889907837
	],
	"19. right_shoulder": [
		0.4612579941749573,
		0.57878178358078,
		-0.060271814465522766,
		0.9997935891151428
	],
	"20. right_elbow": [
		0.4091701805591583,
		0.5392682552337646,
		-0.1483573466539383,
		0.9949904084205627
	],
	"21. right_wrist": [
		0.47148749232292175,
		0.5351443886756897,
		-0.15294134616851807,
		0.47532469034194946
	],
	"24. nose": [
		0.49957942962646484,
		0.5369675159454346,
		-0.20524461567401886,
		0.9997037649154663
	],
	"25. left_eye": [
		0.5094146728515625,
		0.5273760557174683,
		-0.1916283667087555,
		0.9996705651283264
	],
	"26. right_eye": [
		0.4912187457084656,
		0.5281630754470825,
		-0.18825934827327728,
		0.9995868802070618
	],
	"27. left_ear": [
		0.5177223682403564,
		0.5327219367027283,
		-0.11011617630720139,
		0.9996035695075989
	],
	"28. right_ear": [
		0.4845835864543915,
		0.5335330963134766,
		-0.09425592422485352,
		0.9998181462287903
	],
	"time stamp": 30.0
}