{
	"1. left_hip": [
		0.5314427614212036,
		0.7000705003738403,
		-0.0006542077753692865,
		0.9905230402946472
	],
	"2. left_knee": [
		0.5339816212654114,
		0.6158649921417236,
		-0.216278538107872,
		0.8186855316162109
	],
	"3. left_ankle": [
		0.5088757276535034,
		0.7121031284332275,
		-0.34019988775253296,
		0.4661770462989807
	],
	"6. right_hip": [
		0.47519803047180176,
		0.7040150165557861,
		0.0008180791046470404,
		0.9949882626533508
	],
	"7. right_knee": [
		0.47930625081062317,
		0.7136368751525879,
		-0.2508527338504791,
		0.8489574193954468
	],
	"8. right_ankle": [
		0.47224289178848267,
		0.7687453627586365,
		-0.42246901988983154,
		0.5549500584602356
	],
	"14. left_shoulder": [
		0.539818286895752,
		0.5825561285018921,
		-0.05737168714404106,
		0.9980410933494568
	],
	"15. left_elbow": [
		0.5889659523963928,
		0.5420052409172058,
		-0.192134290933609,
		0.984234631061554
	],
	"16. left_wrist": [
		0.5317761898040771,
		0.5437648892402649,
		-0.2145068645477295,
		0.42326927185058594
	],
	"19. right_shoulder": [
		0.458495557308197,
		0.5849880576133728,
		-0.06151155009865761,
		0.9998639225959778
	],
	"20. right_elbow": [
		0.40649136900901794,
		0.5486299991607666,
		-0.16445977985858917,
		0.9921061992645264
	],
	"21. right_wrist": [
		0.467231810092926,
		0.5376864075660706,
		-0.16185981035232544,
		0.4011460244655609
	],
	"24. nose": [
		0.5006338953971863,
		0.5437539219856262,
		-0.1949085295200348,
		0.9996640682220459
	],
	"25. left_eye": [
		0.5097134709358215,
		0.5355024933815002,
		-0.17924214899539948,
		0.9994984865188599
	],
	"26. right_eye": [
		0.4922078549861908,
		0.5341925024986267,
		-0.1785735785961151,
		0.9994982481002808
	],
	"27. left_ear": [
		0.5174016952514648,
		0.5412558317184448,
		-0.09458862245082855,
		0.9992498159408569
	],
	"28. right_ear": [
		0.4832824766635895,
		0.5383414030075073,
		-0.09125376492738724,
		0.9998106360435486
	],
	"time stamp": 30.0
}