{
	"1. left_hip": [
		0.5306137204170227,
		0.7008486986160278,
		-0.0007996745407581329,
		0.9913932085037231
	],
	"2. left_knee": [
		0.5324632525444031,
		0.6202046275138855,
		-0.17822405695915222,
		0.8157212138175964
	],
	"3. left_ankle": [
		0.5055867433547974,
		0.6963880062103271,
		-0.2771669030189514,
		0.4599510431289673
	],
	"6. right_hip": [
		0.4743650555610657,
		0.7047579288482666,
		0.0009507957147434354,
		0.9957659244537354
	],
	"7. right_knee": [
		0.47867679595947266,
		0.7164071798324585,
		-0.25957733392715454,
		0.8525091409683228
	],
	"8. right_ankle": [
		0.4721980690956116,
		0.7712189555168152,
		-0.4068295657634735,
		0.561598539352417
	],
	"14. left_shoulder": [
		0.5396479368209839,
		0.5852477550506592,
		-0.04320013150572777,
		0.9981140494346619
	],
	"15. left_elbow": [
		0.5883874297142029,
		0.5452007055282593,
		-0.1826481968164444,
		0.9826799035072327
	],
	"16. left_wrist": [
		0.5308427810668945,
		0.5460179448127747,
		-0.21678119897842407,
		0.4190661609172821
	],
	"19. right_shoulder": [
		0.4583336114883423,
		0.5878693461418152,
		-0.050655804574489594,
		0.9998769760131836
	],
	"20. right_elbow": [
		0.409579336643219,
		0.5523620843887329,
		-0.15103858709335327,
		0.9914513230323792
	],
	"21. right_wrist": [
		0.46672800183296204,
		0.5413643717765808,
		-0.1429181843996048,
		0.39934253692626953
	],
	"24. nose": [
		0.5014373064041138,
		0.5437723398208618,
		-0.17747893929481506,
		0.9997116327285767
	],
	"25. left_eye": [
		0.5102631449699402,
		0.5359646677970886,
		-0.1600228101015091,
		0.9995761513710022
	],
	"26. right_eye": [
		0.4930696189403534,
		0.5345922112464905,
		-0.16067390143871307,
		0.9995810389518738
	],
	"27. left_ear": [
		0.5176635980606079,
		0.5422204732894897,
		-0.07387826591730118,
		0.9993588924407959
	],
	"28. right_ear": [
		0.48333287239074707,
		0.5395190715789795,
		-0.07696444541215897,
		0.9998424649238586
	],
	"time stamp": 30.0
}