{
	"1. left_hip": [
		0.5306583642959595,
		0.7011029720306396,
		-0.001615238725207746,
		0.9913321733474731
	],
	"2. left_knee": [
		0.5318423509597778,
		0.6335352063179016,
		-0.18131881952285767,
		0.824278712272644
	],
	"3. left_ankle": [
		0.5056418180465698,
		0.7035080194473267,
		-0.2708689868450165,
		0.47969067096710205
	],
	"6. right_hip": [
		0.4745255708694458,
		0.7050198316574097,
		0.0017962352139875293,
		0.9959614872932434
	],
	"7. right_knee": [
		0.47835445404052734,
		0.7181411981582642,
		-0.26563867926597595,
		0.8530800938606262
	],
	"8. right_ankle": [
		0.4723173677921295,
		0.7714245915412903,
		-0.43492966890335083,
		0.5704728960990906
	],
	"14. left_shoulder": [
		0.5396327972412109,
		0.587212085723877,
		-0.0832008570432663,
		0.9980988502502441
	],
	"15. left_elbow": [
		0.5895042419433594,
		0.5481095314025879,
		-0.23446156084537506,
		0.9834575653076172
	],
	"16. left_wrist": [
		0.5301639437675476,
		0.5482383370399475,
		-0.2767951488494873,
		0.43794751167297363
	],
	"19. right_shoulder": [
		0.45786336064338684,
		0.5901577472686768,
		-0.08445851504802704,
		0.999866783618927
	],
	"20. right_elbow": [
		0.4118107557296753,
		0.5565499067306519,
		-0.19600093364715576,
		0.9910681843757629
	],
	"21. right_wrist": [
		0.4650866389274597,
		0.5444093346595764,
		-0.20921829342842102,
		0.39486637711524963
	],
	"24. nose": [
		0.5014821290969849,
		0.5442721843719482,
		-0.21779757738113403,
		0.9997279644012451
	],
	"25. left_eye": [
		0.5102718472480774,
		0.5366649031639099,
		-0.20129425823688507,
		0.9996128082275391
	],
	"26. right_eye": [
		0.49315518140792847,
		0.5352919697761536,
		-0.20134444534778595,
		0.999619722366333
	],
	"27. left_ear": [
		0.5176441073417664,
		0.542924702167511,
		-0.1150319054722786,
		0.9994142055511475
	],
	"28. right_ear": [
		0.4833310842514038,
		0.5403503775596619,
		-0.11537332087755203,
		0.9998540282249451
	],
	"time stamp": 30.0
}