{
	"1. left_hip": [
		0.5306666493415833,
		0.7014169692993164,
		-0.0023422623053193092,
		0.9917435646057129
	],
	"2. left_knee": [
		0.5322214365005493,
		0.6310224533081055,
		-0.1871487945318222,
		0.8289650678634644
	],
	"3. left_ankle": [
		0.5047967433929443,
		0.6944798827171326,
		-0.26560458540916443,
		0.49351170659065247
	],
	"6. right_hip": [
		0.4746837913990021,
		0.7050597667694092,
		0.0024793180637061596,
		0.9963393211364746
	],
	"7. right_knee": [
		0.4779585003852844,
		0.717371940612793,
		-0.2613176107406616,
		0.8559629917144775
	],
	"8. right_ankle": [
		0.47250106930732727,
		0.7717717885971069,
		-0.40075111389160156,
		0.576340913772583
	],
	"14. left_shoulder": [
		0.5396036505699158,
		0.5868773460388184,
		-0.07034419476985931,
		0.9981207251548767
	],
	"15. left_elbow": [
		0.5909296274185181,
		0.5475701689720154,
		-0.21604056656360626,
		0.9835530519485474
	],
	"16. left_wrist": [
		0.5299032330513,
		0.5486042499542236,
		-0.2532198131084442,
		0.4434550702571869
	],
	"19. right_shoulder": [
		0.45794251561164856,
		0.5900395512580872,
		-0.0737580955028534,
		0.9998670220375061
	],
	"20. right_elbow": [
		0.4115951955318451,
		0.556484580039978,
		-0.18894614279270172,
		0.9906072616577148
	],
	"21. right_wrist": [
		0.4633285701274872,
		0.5440711379051208,
		-0.20297390222549438,
		0.3944680690765381
	],
	"24. nose": [
		0.5016347765922546,
		0.544418454170227,
		-0.20570744574069977,
		0.9997506141662598
	],
	"25. left_eye": [
		0.5102973580360413,
		0.5369859337806702,
		-0.18935947120189667,
		0.9996492862701416
	],
	"26. right_eye": [
		0.49327731132507324,
		0.5354617238044739,
		-0.18928448855876923,
		0.9996592402458191
	],
	"27. left_ear": [
		0.5177221894264221,
		0.5436256527900696,
		-0.10308054834604263,
		0.9994668960571289
	],
	"28. right_ear": [
		0.48332953453063965,
		0.5407454371452332,
		-0.10294223576784134,
		0.9998673796653748
	],
	"time stamp": 30.0
}