{
	"1. left_hip": [
		0.5455182790756226,
		0.7097424268722534,
		-0.00921519286930561,
		0.9933524131774902
	],
	"2. left_knee": [
		0.539093017578125,
		0.6406660676002502,
		-0.3393402397632599,
		0.9464408755302429
	],
	"3. left_ankle": [
		0.5252981185913086,
		0.7489174008369446,
		-0.3735411465167999,
		0.7249391078948975
	],
	"6. right_hip": [
		0.49004673957824707,
		0.7051160335540771,
		0.009492763318121433,
		0.9957340359687805
	],
	"7. right_knee": [
		0.47521671652793884,
		0.6407407522201538,
		-0.29107409715652466,
		0.9197601675987244
	],
	"8. right_ankle": [
		0.48155584931373596,
		0.7429510354995728,
		-0.35874462127685547,
		0.7983275651931763
	],
	"14. left_shoulder": [
		0.566628634929657,
		0.5951402187347412,
		0.09685167670249939,
		0.9997750520706177
	],
	"15. left_elbow": [
		0.5792760252952576,
		0.6550906300544739,
		0.10528331249952316,
		0.8760805130004883
	],
	"16. left_wrist": [
		0.5939906239509583,
		0.7163951396942139,
		0.038444072008132935,
		0.7403014302253723
	],
	"19. right_shoulder": [
		0.4762750566005707,
		0.5975340008735657,
		0.09316591918468475,
		0.999920666217804
	],
	"20. right_elbow": [
		0.4654010534286499,
		0.6568414568901062,
		0.10532034933567047,
		0.6493878364562988
	],
	"21. right_wrist": [
		0.4547659456729889,
		0.7181282043457031,
		0.03488505259156227,
		0.5249094367027283
	],
	"24. nose": [
		0.5255807638168335,
		0.5679982900619507,
		-0.07817140966653824,
		0.9999688267707825
	],
	"25. left_eye": [
		0.5348110795021057,
		0.5569930076599121,
		-0.06127769872546196,
		0.9999688267707825
	],
	"26. right_eye": [
		0.5175771713256836,
		0.5557056069374084,
		-0.06428764760494232,
		0.9999674558639526
	],
	"27. left_ear": [
		0.5424131155014038,
		0.5568429827690125,
		0.045280855149030685,
		0.9999457597732544
	],
	"28. right_ear": [
		0.506447434425354,
		0.5549191236495972,
		0.03437964990735054,
		0.9999748468399048
	],
	"time stamp": 30.0
}