{
	"1. left_hip": [
		0.5502213835716248,
		0.7020838856697083,
		-0.0029768883250653744,
		0.9970114231109619
	],
	"2. left_knee": [
		0.5636121034622192,
		0.6386586427688599,
		-0.3686520755290985,
		0.9734613299369812
	],
	"3. left_ankle": [
		0.5321598052978516,
		0.741499662399292,
		-0.2306777387857437,
		0.8867841362953186
	],
	"6. right_hip": [
		0.4990312457084656,
		0.69169682264328,
		0.003171539632603526,
		0.9975521564483643
	],
	"7. right_knee": [
		0.47223353385925293,
		0.6403805613517761,
		-0.34042584896087646,
		0.9595194458961487
	],
	"8. right_ankle": [
		0.4739505350589752,
		0.7391698360443115,
		-0.2513613998889923,
		0.9009400606155396
	],
	"14. left_shoulder": [
		0.5971893668174744,
		0.5930301547050476,
		-0.058130934834480286,
		0.9996647238731384
	],
	"15. left_elbow": [
		0.596095860004425,
		0.6640641093254089,
		-0.043434422463178635,
		0.755416989326477
	],
	"16. left_wrist": [
		0.5897226333618164,
		0.7284120321273804,
		-0.1381436437368393,
		0.5903993844985962
	],
	"19. right_shoulder": [
		0.5057604908943176,
		0.5711228251457214,
		-0.09070736914873123,
		0.9996472597122192
	],
	"20. right_elbow": [
		0.4671395719051361,
		0.6340721845626831,
		-0.09407814592123032,
		0.6720786094665527
	],
	"21. right_wrist": [
		0.4473488926887512,
		0.6943564414978027,
		-0.18245308101177216,
		0.41900092363357544
	],
	"24. nose": [
		0.5637140274047852,
		0.5597926378250122,
		-0.28598159551620483,
		0.9999756813049316
	],
	"25. left_eye": [
		0.5740630030632019,
		0.5507213473320007,
		-0.2693607807159424,
		0.9999666213989258
	],
	"26. right_eye": [
		0.5562015175819397,
		0.5469845533370972,
		-0.27409934997558594,
		0.9999650120735168
	],
	"27. left_ear": [
		0.5816155672073364,
		0.5511127710342407,
		-0.1453579068183899,
		0.9999098777770996
	],
	"28. right_ear": [
		0.5453938841819763,
		0.5433194041252136,
		-0.1674194037914276,
		0.9999386072158813
	],
	"time stamp": 30.0
}