{
	"1. left_hip": [
		0.5452976226806641,
		0.7044028043746948,
		-0.0018060525180771947,
		0.9971404075622559
	],
	"2. left_knee": [
		0.5565667748451233,
		0.664489209651947,
		-0.35369136929512024,
		0.9742156863212585
	],
	"3. left_ankle": [
		0.5320094227790833,
		0.7416892647743225,
		-0.23575223982334137,
		0.8884367346763611
	],
	"6. right_hip": [
		0.4932991862297058,
		0.6925453543663025,
		0.001998647814616561,
		0.9976481795310974
	],
	"7. right_knee": [
		0.4735681414604187,
		0.6407347917556763,
		-0.33942127227783203,
		0.9594111442565918
	],
	"8. right_ankle": [
		0.47411227226257324,
		0.7407357096672058,
		-0.2710518538951874,
		0.9023718237876892
	],
	"14. left_shoulder": [
		0.5963107943534851,
		0.5949313044548035,
		-0.0564793199300766,
		0.9996824860572815
	],
	"15. left_elbow": [
		0.5953270792961121,
		0.6649783849716187,
		-0.05350550264120102,
		0.7712769508361816
	],
	"16. left_wrist": [
		0.5898198485374451,
		0.7287719249725342,
		-0.14987359941005707,
		0.6133880019187927
	],
	"19. right_shoulder": [
		0.5055419206619263,
		0.5742310881614685,
		-0.08576822280883789,
		0.9996736645698547
	],
	"20. right_elbow": [
		0.45960426330566406,
		0.6336243152618408,
		-0.09301955997943878,
		0.7018353343009949
	],
	"21. right_wrist": [
		0.4357317388057709,
		0.6963663697242737,
		-0.1862632781267166,
		0.4638548195362091
	],
	"24. nose": [
		0.5657126903533936,
		0.559973418712616,
		-0.28024381399154663,
		0.9999760985374451
	],
	"25. left_eye": [
		0.5754908919334412,
		0.550508439540863,
		-0.26220420002937317,
		0.9999657869338989
	],
	"26. right_eye": [
		0.5573487877845764,
		0.5471603274345398,
		-0.26665589213371277,
		0.9999653697013855
	],
	"27. left_ear": [
		0.5822542309761047,
		0.5508695244789124,
		-0.1378570795059204,
		0.9999048709869385
	],
	"28. right_ear": [
		0.5457676649093628,
		0.5438593626022339,
		-0.15862640738487244,
		0.999940037727356
	],
	"time stamp": 30.0
}