{
	"1. left_hip": [
		0.5379999876022339,
		0.7129389047622681,
		0.0013307189801707864,
		0.9976414442062378
	],
	"2. left_knee": [
		0.5511828660964966,
		0.6695770621299744,
		-0.30484798550605774,
		0.975013256072998
	],
	"3. left_ankle": [
		0.5321915149688721,
		0.7430511713027954,
		-0.19432508945465088,
		0.8913568258285522
	],
	"6. right_hip": [
		0.4848405718803406,
		0.6986002922058105,
		-0.0011531939962878823,
		0.9980349540710449
	],
	"7. right_knee": [
		0.4747594892978668,
		0.6464354991912842,
		-0.28741154074668884,
		0.9551697373390198
	],
	"8. right_ankle": [
		0.4736228883266449,
		0.7450875043869019,
		-0.22151346504688263,
		0.9076146483421326
	],
	"14. left_shoulder": [
		0.594190239906311,
		0.6067084074020386,
		-0.0452420637011528,
		0.9997314810752869
	],
	"15. left_elbow": [
		0.5905303955078125,
		0.6744020581245422,
		-0.039456624537706375,
		0.8065093755722046
	],
	"16. left_wrist": [
		0.592523992061615,
		0.7329393625259399,
		-0.10923171043395996,
		0.6585718989372253
	],
	"19. right_shoulder": [
		0.5010096430778503,
		0.5822075605392456,
		-0.072672538459301,
		0.9997258186340332
	],
	"20. right_elbow": [
		0.44414836168289185,
		0.6355426907539368,
		-0.07895959168672562,
		0.7684123516082764
	],
	"21. right_wrist": [
		0.4103688597679138,
		0.6990957856178284,
		-0.14875642955303192,
		0.5424557328224182
	],
	"24. nose": [
		0.5627192854881287,
		0.5601291060447693,
		-0.23358280956745148,
		0.9999743103981018
	],
	"25. left_eye": [
		0.5723204612731934,
		0.5502164363861084,
		-0.2162254899740219,
		0.9999591708183289
	],
	"26. right_eye": [
		0.5546824932098389,
		0.5475901961326599,
		-0.22077631950378418,
		0.9999613165855408
	],
	"27. left_ear": [
		0.5795968174934387,
		0.551331102848053,
		-0.10513658821582794,
		0.9998889565467834
	],
	"28. right_ear": [
		0.5428144335746765,
		0.5458511710166931,
		-0.1263546347618103,
		0.9999353885650635
	],
	"time stamp": 30.0
}