{
	"1. left_hip": [
		0.5327239036560059,
		0.6688918471336365,
		-0.007571809459477663,
		0.998451828956604
	],
	"2. left_knee": [
		0.5230046510696411,
		0.6934848427772522,
		-0.3688417077064514,
		0.9658405780792236
	],
	"3. left_ankle": [
		0.5230297446250916,
		0.7442165613174438,
		-0.015041518956422806,
		0.8493078351020813
	],
	"6. right_hip": [
		0.477772057056427,
		0.6623973250389099,
		0.007600394077599049,
		0.9986273050308228
	],
	"7. right_knee": [
		0.4819815754890442,
		0.6653664112091064,
		-0.351453572511673,
		0.916334331035614
	],
	"8. right_ankle": [
		0.47758257389068604,
		0.7450252771377563,
		-0.055196695029735565,
		0.9139076471328735
	],
	"14. left_shoulder": [
		0.5732380747795105,
		0.5677292943000793,
		-0.23250342905521393,
		0.9997952580451965
	],
	"15. left_elbow": [
		0.5777202248573303,
		0.6445106863975525,
		-0.21846362948417664,
		0.8724745512008667
	],
	"16. left_wrist": [
		0.5880797505378723,
		0.7149845957756042,
		-0.26850682497024536,
		0.7487717270851135
	],
	"19. right_shoulder": [
		0.47408756613731384,
		0.5541564226150513,
		-0.20278501510620117,
		0.9996641278266907
	],
	"20. right_elbow": [
		0.44231635332107544,
		0.6259846687316895,
		-0.15459775924682617,
		0.8488188982009888
	],
	"21. right_wrist": [
		0.4033760130405426,
		0.6920093297958374,
		-0.19857096672058105,
		0.6658008098602295
	],
	"24. nose": [
		0.5277875065803528,
		0.5147191882133484,
		-0.4159448742866516,
		0.9998900890350342
	],
	"25. left_eye": [
		0.538739800453186,
		0.503585696220398,
		-0.4005541205406189,
		0.9996976256370544
	],
	"26. right_eye": [
		0.5189802050590515,
		0.5028828978538513,
		-0.40011128783226013,
		0.9996833205223083
	],
	"27. left_ear": [
		0.5494131445884705,
		0.5090618133544922,
		-0.2975454330444336,
		0.9994344711303711
	],
	"28. right_ear": [
		0.5103182196617126,
		0.5068957209587097,
		-0.294297993183136,
		0.9993340969085693
	],
	"time stamp": 30.0
}