{
	"1. left_hip": [
		0.5389495491981506,
		0.542529821395874,
		-0.023096667602658272,
		0.9993911981582642
	],
	"2. left_knee": [
		0.5188462138175964,
		0.6436606645584106,
		-0.06881903111934662,
		0.9848929643630981
	],
	"3. left_ankle": [
		0.522365152835846,
		0.7387052178382874,
		0.11358172446489334,
		0.9559376239776611
	],
	"6. right_hip": [
		0.4892083704471588,
		0.539383590221405,
		0.023045910522341728,
		0.9993306994438171
	],
	"7. right_knee": [
		0.46119293570518494,
		0.633070707321167,
		-0.0387628898024559,
		0.9690821766853333
	],
	"8. right_ankle": [
		0.4760530889034271,
		0.6980742812156677,
		0.27544984221458435,
		0.955554723739624
	],
	"14. left_shoulder": [
		0.5572996139526367,
		0.393504798412323,
		-0.07318120449781418,
		0.99993497133255
	],
	"15. left_elbow": [
		0.5743816494941711,
		0.4662591814994812,
		-0.15525691211223602,
		0.9662599563598633
	],
	"16. left_wrist": [
		0.5860697627067566,
		0.45837947726249695,
		-0.40225014090538025,
		0.9323197603225708
	],
	"19. right_shoulder": [
		0.46313342452049255,
		0.3938526213169098,
		-0.027610376477241516,
		0.9997919201850891
	],
	"20. right_elbow": [
		0.46243560314178467,
		0.47420912981033325,
		0.007910766638815403,
		0.9079088568687439
	],
	"21. right_wrist": [
		0.4649916887283325,
		0.5389090180397034,
		-0.09903496503829956,
		0.8598539233207703
	],
	"24. nose": [
		0.5109078884124756,
		0.3446948826313019,
		-0.22900894284248352,
		0.9999377727508545
	],
	"25. left_eye": [
		0.5203225016593933,
		0.3346109092235565,
		-0.20492100715637207,
		0.9997901320457458
	],
	"26. right_eye": [
		0.5002288818359375,
		0.3331039249897003,
		-0.21603207290172577,
		0.9997450709342957
	],
	"27. left_ear": [
		0.5296751260757446,
		0.3387259542942047,
		-0.1262514591217041,
		0.9996326565742493
	],
	"28. right_ear": [
		0.4933938980102539,
		0.33648958802223206,
		-0.10758479684591293,
		0.999441921710968
	],
	"time stamp": 30.0
}