{
	"1. left_hip": [
		0.5343550443649292,
		0.5507837533950806,
		-0.009911824017763138,
		0.9995251893997192
	],
	"2. left_knee": [
		0.5199905633926392,
		0.6499904990196228,
		-0.05496607720851898,
		0.9843299984931946
	],
	"3. left_ankle": [
		0.5205017328262329,
		0.743285596370697,
		0.08245093375444412,
		0.9611427783966064
	],
	"6. right_hip": [
		0.4878156781196594,
		0.5478255748748779,
		0.009939761832356453,
		0.9993560314178467
	],
	"7. right_knee": [
		0.4674811065196991,
		0.642335057258606,
		0.008085277862846851,
		0.9714770317077637
	],
	"8. right_ankle": [
		0.4892645478248596,
		0.7080195546150208,
		0.2643955647945404,
		0.9267707467079163
	],
	"14. left_shoulder": [
		0.5572360754013062,
		0.407865971326828,
		-0.06543629616498947,
		0.9999551773071289
	],
	"15. left_elbow": [
		0.5818259119987488,
		0.4741194546222687,
		-0.0360097736120224,
		0.97329181432724
	],
	"16. left_wrist": [
		0.6355147957801819,
		0.471029669046402,
		-0.1523442268371582,
		0.9538721442222595
	],
	"19. right_shoulder": [
		0.4671194851398468,
		0.4051666259765625,
		-0.09552296996116638,
		0.9998448491096497
	],
	"20. right_elbow": [
		0.4651647210121155,
		0.4816117584705353,
		-0.08389058709144592,
		0.929799497127533
	],
	"21. right_wrist": [
		0.4659459590911865,
		0.5455898642539978,
		-0.1840260922908783,
		0.9013095498085022
	],
	"24. nose": [
		0.5139247179031372,
		0.3586788773536682,
		-0.2703479528427124,
		0.9999558329582214
	],
	"25. left_eye": [
		0.5217786431312561,
		0.3486294448375702,
		-0.2535170614719391,
		0.999846339225769
	],
	"26. right_eye": [
		0.5049957633018494,
		0.34874966740608215,
		-0.2578229308128357,
		0.999809741973877
	],
	"27. left_ear": [
		0.5303424596786499,
		0.3496735394001007,
		-0.14286214113235474,
		0.9997180700302124
	],
	"28. right_ear": [
		0.49557241797447205,
		0.35081884264945984,
		-0.16492168605327606,
		0.999605119228363
	],
	"time stamp": 30.0
}