{
	"1. left_hip": [
		0.5185271501541138,
		0.5621774792671204,
		-0.03683802857995033,
		0.9998396635055542
	],
	"2. left_knee": [
		0.5082270503044128,
		0.6539909243583679,
		-0.08005736023187637,
		0.9872459769248962
	],
	"3. left_ankle": [
		0.5174147486686707,
		0.7432975172996521,
		0.049437515437603,
		0.9790934920310974
	],
	"6. right_hip": [
		0.47591260075569153,
		0.5607190728187561,
		0.036809392273426056,
		0.9995971322059631
	],
	"7. right_knee": [
		0.456845760345459,
		0.6543846726417542,
		-0.0050920844078063965,
		0.9722416996955872
	],
	"8. right_ankle": [
		0.4880255162715912,
		0.7192460298538208,
		0.19677278399467468,
		0.9091167449951172
	],
	"14. left_shoulder": [
		0.5321797132492065,
		0.4323652982711792,
		-0.06006600335240364,
		0.9999937415122986
	],
	"15. left_elbow": [
		0.5649563670158386,
		0.4737689197063446,
		-0.18429028987884521,
		0.9963136911392212
	],
	"16. left_wrist": [
		0.5473363995552063,
		0.4515869617462158,
		-0.38894423842430115,
		0.9948749542236328
	],
	"19. right_shoulder": [
		0.4517993628978729,
		0.4300009310245514,
		0.015197663567960262,
		0.9999167919158936
	],
	"20. right_elbow": [
		0.44593051075935364,
		0.47899892926216125,
		-0.025318695232272148,
		0.927952766418457
	],
	"21. right_wrist": [
		0.4440934360027313,
		0.5044053792953491,
		-0.20374064147472382,
		0.9685501456260681
	],
	"24. nose": [
		0.4795202612876892,
		0.37934359908103943,
		-0.19091467559337616,
		0.9999904036521912
	],
	"25. left_eye": [
		0.4921262264251709,
		0.37133434414863586,
		-0.17839661240577698,
		0.9999745488166809
	],
	"26. right_eye": [
		0.47553297877311707,
		0.36983639001846313,
		-0.17267568409442902,
		0.9999513030052185
	],
	"27. left_ear": [
		0.5037426948547363,
		0.377329021692276,
		-0.0868636965751648,
		0.999962568283081
	],
	"28. right_ear": [
		0.4732362627983093,
		0.37489986419677734,
		-0.05766556039452553,
		0.9999262094497681
	],
	"time stamp": 30.0
}