{
	"1. left_hip": [
		0.5176159739494324,
		0.5508460998535156,
		-0.03649679571390152,
		0.999851405620575
	],
	"2. left_knee": [
		0.5091246366500854,
		0.6434908509254456,
		-0.05417705699801445,
		0.9861703515052795
	],
	"3. left_ankle": [
		0.5170413255691528,
		0.7400618195533752,
		0.04654345288872719,
		0.978904664516449
	],
	"6. right_hip": [
		0.4730934500694275,
		0.55031418800354,
		0.036451470106840134,
		0.9995965957641602
	],
	"7. right_knee": [
		0.46417734026908875,
		0.6456143260002136,
		0.0351240336894989,
		0.9687517285346985
	],
	"8. right_ankle": [
		0.4881526827812195,
		0.7194369435310364,
		0.19397996366024017,
		0.9142890572547913
	],
	"14. left_shoulder": [
		0.5318664312362671,
		0.41532236337661743,
		-0.07865449041128159,
		0.9999938607215881
	],
	"15. left_elbow": [
		0.5785317420959473,
		0.43276792764663696,
		-0.23101215064525604,
		0.9967776536941528
	],
	"16. left_wrist": [
		0.5486461520195007,
		0.416409969329834,
		-0.4136262834072113,
		0.9950816035270691
	],
	"19. right_shoulder": [
		0.4511123299598694,
		0.41806337237358093,
		0.012980950064957142,
		0.9999083280563354
	],
	"20. right_elbow": [
		0.4455186128616333,
		0.47429171204566956,
		0.017788130789995193,
		0.9101903438568115
	],
	"21. right_wrist": [
		0.44384416937828064,
		0.5107263922691345,
		-0.09082594513893127,
		0.9507385492324829
	],
	"24. nose": [
		0.4802984595298767,
		0.3671470582485199,
		-0.18780303001403809,
		0.9999892711639404
	],
	"25. left_eye": [
		0.49344295263290405,
		0.35949721932411194,
		-0.1740049123764038,
		0.9999728202819824
	],
	"26. right_eye": [
		0.475649356842041,
		0.3583342730998993,
		-0.16874082386493683,
		0.999950110912323
	],
	"27. left_ear": [
		0.5040801167488098,
		0.3657495975494385,
		-0.08396470546722412,
		0.9999628663063049
	],
	"28. right_ear": [
		0.47305482625961304,
		0.36290597915649414,
		-0.06307762861251831,
		0.9999284148216248
	],
	"time stamp": 30.0
}