{
	"1. left_hip": [
		0.528031587600708,
		0.5141199231147766,
		-0.02884674444794655,
		0.999602198600769
	],
	"2. left_knee": [
		0.5144116282463074,
		0.6206021308898926,
		-0.046725593507289886,
		0.9834784269332886
	],
	"3. left_ankle": [
		0.5121283531188965,
		0.7169914245605469,
		0.051934342831373215,
		0.9768496751785278
	],
	"6. right_hip": [
		0.4844655394554138,
		0.510623037815094,
		0.028869207948446274,
		0.9994209408760071
	],
	"7. right_knee": [
		0.48687461018562317,
		0.605379581451416,
		-0.0012088320218026638,
		0.953268826007843
	],
	"8. right_ankle": [
		0.4910217225551605,
		0.7088011503219604,
		0.11070036888122559,
		0.9390151500701904
	],
	"14. left_shoulder": [
		0.5356132984161377,
		0.3646499514579773,
		-0.03120357356965542,
		0.9993926882743835
	],
	"15. left_elbow": [
		0.5350987315177917,
		0.2926834523677826,
		-0.10020983964204788,
		0.9945889115333557
	],
	"16. left_wrist": [
		0.5258603096008301,
		0.2308681756258011,
		-0.1478874683380127,
		0.9863911271095276
	],
	"19. right_shoulder": [
		0.4651302397251129,
		0.39001938700675964,
		0.03587208315730095,
		0.9993786215782166
	],
	"20. right_elbow": [
		0.4569028317928314,
		0.4554958939552307,
		0.030625078827142715,
		0.8914726972579956
	],
	"21. right_wrist": [
		0.4483497440814972,
		0.5075013041496277,
		-0.037369661033153534,
		0.8719627261161804
	],
	"24. nose": [
		0.4934859573841095,
		0.32450971007347107,
		-0.13936561346054077,
		0.9996910095214844
	],
	"25. left_eye": [
		0.5003405213356018,
		0.3171526789665222,
		-0.12171674519777298,
		0.9987635016441345
	],
	"26. right_eye": [
		0.48573189973831177,
		0.3192780315876007,
		-0.11840662360191345,
		0.9994025826454163
	],
	"27. left_ear": [
		0.5071160793304443,
		0.32470834255218506,
		-0.019839376211166382,
		0.9971990585327148
	],
	"28. right_ear": [
		0.47937294840812683,
		0.3269602358341217,
		-0.01786305196583271,
		0.9991341233253479
	],
	"time stamp": 30.0
}