{
	"1. left_hip": [
		0.537617027759552,
		0.5216599106788635,
		-0.02789629064500332,
		0.9996829032897949
	],
	"2. left_knee": [
		0.5296186208724976,
		0.6296364068984985,
		-0.06552590429782867,
		0.9802367687225342
	],
	"3. left_ankle": [
		0.519360363483429,
		0.7246907353401184,
		0.035549014806747437,
		0.9708874225616455
	],
	"6. right_hip": [
		0.4913458824157715,
		0.5186319947242737,
		0.02778066135942936,
		0.9994892477989197
	],
	"7. right_knee": [
		0.48009440302848816,
		0.6207999587059021,
		-0.0007592978072352707,
		0.9733347296714783
	],
	"8. right_ankle": [
		0.4811006784439087,
		0.7188258171081543,
		0.08263438194990158,
		0.9471457004547119
	],
	"14. left_shoulder": [
		0.5512321591377258,
		0.37117740511894226,
		-0.007695991080254316,
		0.999466061592102
	],
	"15. left_elbow": [
		0.5436517000198364,
		0.3582366704940796,
		-0.14467377960681915,
		0.9337071776390076
	],
	"16. left_wrist": [
		0.5284214019775391,
		0.32735416293144226,
		-0.2676655948162079,
		0.9166730642318726
	],
	"19. right_shoulder": [
		0.4839581549167633,
		0.3906243145465851,
		0.09625019133090973,
		0.9996843934059143
	],
	"20. right_elbow": [
		0.46818122267723083,
		0.45103543996810913,
		0.11818325519561768,
		0.8365061283111572
	],
	"21. right_wrist": [
		0.45953914523124695,
		0.5045119524002075,
		0.06163661926984787,
		0.8565438389778137
	],
	"24. nose": [
		0.49788856506347656,
		0.33110836148262024,
		-0.07386519014835358,
		0.9996927976608276
	],
	"25. left_eye": [
		0.5061413049697876,
		0.3209656774997711,
		-0.06540751457214355,
		0.9990074038505554
	],
	"26. right_eye": [
		0.4929966628551483,
		0.32517391443252563,
		-0.05493839830160141,
		0.9991357922554016
	],
	"27. left_ear": [
		0.5187986493110657,
		0.32598474621772766,
		-0.006126881577074528,
		0.9977248311042786
	],
	"28. right_ear": [
		0.49293234944343567,
		0.33151817321777344,
		0.043491046875715256,
		0.999089777469635
	],
	"time stamp": 30.0
}