{
	"1. left_hip": [
		0.5367183089256287,
		0.5227515697479248,
		-0.033916208893060684,
		0.9995613098144531
	],
	"2. left_knee": [
		0.5294992923736572,
		0.630596399307251,
		-0.045099906623363495,
		0.9744786024093628
	],
	"3. left_ankle": [
		0.5188099145889282,
		0.7282101511955261,
		0.032054316252470016,
		0.964752197265625
	],
	"6. right_hip": [
		0.4914206564426422,
		0.520668089389801,
		0.03380074352025986,
		0.9993648529052734
	],
	"7. right_knee": [
		0.4894341230392456,
		0.6283136010169983,
		0.010392810218036175,
		0.9715687036514282
	],
	"8. right_ankle": [
		0.48354244232177734,
		0.7348443269729614,
		0.08602113276720047,
		0.945986270904541
	],
	"14. left_shoulder": [
		0.5518530011177063,
		0.37254461646080017,
		-0.05248468369245529,
		0.9994482398033142
	],
	"15. left_elbow": [
		0.5374026894569397,
		0.3810604214668274,
		-0.2661173939704895,
		0.9365679025650024
	],
	"16. left_wrist": [
		0.5284914374351501,
		0.3343030512332916,
		-0.46907591819763184,
		0.9254687428474426
	],
	"19. right_shoulder": [
		0.4836476743221283,
		0.3916417062282562,
		0.09685365855693817,
		0.9997038245201111
	],
	"20. right_elbow": [
		0.4675098955631256,
		0.45160406827926636,
		0.1396925300359726,
		0.8234375715255737
	],
	"21. right_wrist": [
		0.4601306915283203,
		0.5047603249549866,
		0.09333740919828415,
		0.850079357624054
	],
	"24. nose": [
		0.49553182721138,
		0.3314564824104309,
		-0.07053006440401077,
		0.9997173547744751
	],
	"25. left_eye": [
		0.5035940408706665,
		0.3210921585559845,
		-0.0723232701420784,
		0.9991167187690735
	],
	"26. right_eye": [
		0.4911719560623169,
		0.3254412114620209,
		-0.048268478363752365,
		0.9991989135742188
	],
	"27. left_ear": [
		0.5187115669250488,
		0.32594001293182373,
		-0.04301729053258896,
		0.9979833960533142
	],
	"28. right_ear": [
		0.4927336573600769,
		0.3314659595489502,
		0.03789035975933075,
		0.9991672039031982
	],
	"time stamp": 30.0
}