{
	"1. left_hip": [
		0.5343883633613586,
		0.524690568447113,
		-0.04524410516023636,
		0.9993187785148621
	],
	"2. left_knee": [
		0.5272653102874756,
		0.6346606612205505,
		-0.04172900691628456,
		0.9612550139427185
	],
	"3. left_ankle": [
		0.5219305157661438,
		0.7282269597053528,
		0.024358458817005157,
		0.9533969759941101
	],
	"6. right_hip": [
		0.49015486240386963,
		0.5243688225746155,
		0.04509386047720909,
		0.9991798996925354
	],
	"7. right_knee": [
		0.4935641884803772,
		0.6345474720001221,
		0.03527537360787392,
		0.9611901640892029
	],
	"8. right_ankle": [
		0.4967062473297119,
		0.736841082572937,
		0.09427424520254135,
		0.9387498497962952
	],
	"14. left_shoulder": [
		0.5527249574661255,
		0.378671258687973,
		-0.06510612368583679,
		0.9995023012161255
	],
	"15. left_elbow": [
		0.540802538394928,
		0.39782923460006714,
		-0.28177008032798767,
		0.9488160610198975
	],
	"16. left_wrist": [
		0.5347254872322083,
		0.3489742577075958,
		-0.4960029423236847,
		0.9432968497276306
	],
	"19. right_shoulder": [
		0.48327162861824036,
		0.39459168910980225,
		0.08587696403265,
		0.9997520446777344
	],
	"20. right_elbow": [
		0.4671192467212677,
		0.4601542055606842,
		0.12165690958499908,
		0.7922655344009399
	],
	"21. right_wrist": [
		0.46080565452575684,
		0.5095624923706055,
		0.06947457045316696,
		0.8421056866645813
	],
	"24. nose": [
		0.4916914701461792,
		0.33253082633018494,
		-0.07599589228630066,
		0.9997797608375549
	],
	"25. left_eye": [
		0.49973705410957336,
		0.3214922845363617,
		-0.07779751718044281,
		0.9993374347686768
	],
	"26. right_eye": [
		0.4877154231071472,
		0.3261699080467224,
		-0.05928165465593338,
		0.9993577599525452
	],
	"27. left_ear": [
		0.5180860161781311,
		0.32605454325675964,
		-0.051935240626335144,
		0.9985015392303467
	],
	"28. right_ear": [
		0.4917128384113312,
		0.33162447810173035,
		0.030846521258354187,
		0.9993417263031006
	],
	"time stamp": 30.0
}