{
	"1. left_hip": [
		0.5270551443099976,
		0.529480516910553,
		-0.04180314391851425,
		0.9991385340690613
	],
	"2. left_knee": [
		0.5018118619918823,
		0.6224433183670044,
		0.022948069497942924,
		0.9497816562652588
	],
	"3. left_ankle": [
		0.528684675693512,
		0.6719303131103516,
		0.2697201669216156,
		0.8456546068191528
	],
	"6. right_hip": [
		0.4806106686592102,
		0.5294671058654785,
		0.04174746572971344,
		0.9994467496871948
	],
	"7. right_knee": [
		0.4744056463241577,
		0.633952796459198,
		-0.004619660321623087,
		0.9457037448883057
	],
	"8. right_ankle": [
		0.4909592866897583,
		0.7428876757621765,
		0.0355042964220047,
		0.9304447770118713
	],
	"14. left_shoulder": [
		0.5510274767875671,
		0.3852865993976593,
		-0.09159544855356216,
		0.999708890914917
	],
	"15. left_elbow": [
		0.5898562669754028,
		0.3833291232585907,
		-0.23279975354671478,
		0.9828645586967468
	],
	"16. left_wrist": [
		0.5648940801620483,
		0.3404821455478668,
		-0.32132023572921753,
		0.9800324440002441
	],
	"19. right_shoulder": [
		0.46940913796424866,
		0.38284796476364136,
		0.02254837565124035,
		0.999832808971405
	],
	"20. right_elbow": [
		0.42975860834121704,
		0.3824751377105713,
		-0.0013565854169428349,
		0.8434008359909058
	],
	"21. right_wrist": [
		0.43596962094306946,
		0.34358876943588257,
		-0.08251681923866272,
		0.9030945301055908
	],
	"24. nose": [
		0.4979952871799469,
		0.34494736790657043,
		-0.22356295585632324,
		0.9998883605003357
	],
	"25. left_eye": [
		0.5074697136878967,
		0.33493733406066895,
		-0.21287888288497925,
		0.9996949434280396
	],
	"26. right_eye": [
		0.4912410080432892,
		0.3349819779396057,
		-0.20248672366142273,
		0.999638557434082
	],
	"27. left_ear": [
		0.5211418271064758,
		0.33688509464263916,
		-0.12516358494758606,
		0.999453067779541
	],
	"28. right_ear": [
		0.48630455136299133,
		0.33823493123054504,
		-0.07750153541564941,
		0.9994951486587524
	],
	"time stamp": 30.0
}