{
	"1. left_hip": [
		0.5336440801620483,
		0.5117539167404175,
		-0.04779911786317825,
		0.9993353486061096
	],
	"2. left_knee": [
		0.5197959542274475,
		0.6227904558181763,
		-0.04406074434518814,
		0.9611592888832092
	],
	"3. left_ankle": [
		0.5289669632911682,
		0.7313376069068909,
		0.11531829088926315,
		0.8769062161445618
	],
	"6. right_hip": [
		0.4850490391254425,
		0.5101020932197571,
		0.04791845753788948,
		0.9994826316833496
	],
	"7. right_knee": [
		0.4821197986602783,
		0.6267539858818054,
		0.04721059277653694,
		0.9530061483383179
	],
	"8. right_ankle": [
		0.4874142110347748,
		0.7311093807220459,
		0.19621849060058594,
		0.9437479972839355
	],
	"14. left_shoulder": [
		0.5452591776847839,
		0.35357245802879333,
		-0.059818536043167114,
		0.9996128082275391
	],
	"15. left_elbow": [
		0.5596924424171448,
		0.275797963142395,
		-0.21187593042850494,
		0.9876235723495483
	],
	"16. left_wrist": [
		0.5597962141036987,
		0.2027372121810913,
		-0.3079645335674286,
		0.9836022257804871
	],
	"19. right_shoulder": [
		0.47041553258895874,
		0.3542080521583557,
		0.08864118158817291,
		0.9987961053848267
	],
	"20. right_elbow": [
		0.45379289984703064,
		0.2895910441875458,
		0.06510645896196365,
		0.8781957626342773
	],
	"21. right_wrist": [
		0.4628308117389679,
		0.22449834644794464,
		-0.007929896004498005,
		0.9220905303955078
	],
	"24. nose": [
		0.4985791742801666,
		0.32296502590179443,
		-0.1243273988366127,
		0.9997873902320862
	],
	"25. left_eye": [
		0.5080135464668274,
		0.31191056966781616,
		-0.10672083497047424,
		0.9995899200439453
	],
	"26. right_eye": [
		0.49153730273246765,
		0.3118574917316437,
		-0.09418631345033646,
		0.9992339015007019
	],
	"27. left_ear": [
		0.5213643312454224,
		0.3133586645126343,
		-0.023869292810559273,
		0.9995113015174866
	],
	"28. right_ear": [
		0.4866383969783783,
		0.3116447627544403,
		0.035800158977508545,
		0.9992031455039978
	],
	"time stamp": 30.0
}