{
	"1. left_hip": [
		0.533018171787262,
		0.5935713648796082,
		-0.022445913404226303,
		0.99978107213974
	],
	"2. left_knee": [
		0.5218720436096191,
		0.67999267578125,
		-0.04267814755439758,
		0.9852345585823059
	],
	"3. left_ankle": [
		0.5350591540336609,
		0.757017195224762,
		0.12660787999629974,
		0.9573202729225159
	],
	"6. right_hip": [
		0.4866158962249756,
		0.5941605567932129,
		0.02253521792590618,
		0.9996064305305481
	],
	"7. right_knee": [
		0.4613339602947235,
		0.6883419752120972,
		-0.000692980713211,
		0.9701130390167236
	],
	"8. right_ankle": [
		0.48469242453575134,
		0.7222378849983215,
		0.2939206659793854,
		0.8550052046775818
	],
	"14. left_shoulder": [
		0.552038848400116,
		0.46099600195884705,
		-0.07874488830566406,
		0.9998831152915955
	],
	"15. left_elbow": [
		0.5646987557411194,
		0.5231806635856628,
		-0.16233794391155243,
		0.9925203323364258
	],
	"16. left_wrist": [
		0.5574458241462708,
		0.5141075849533081,
		-0.3838587701320648,
		0.9929132461547852
	],
	"19. right_shoulder": [
		0.4603448212146759,
		0.46809086203575134,
		-0.011367738246917725,
		0.9995229840278625
	],
	"20. right_elbow": [
		0.459316611289978,
		0.5207382440567017,
		-0.05393065884709358,
		0.9038013219833374
	],
	"21. right_wrist": [
		0.44406571984291077,
		0.5281808972358704,
		-0.2902218997478485,
		0.9612602591514587
	],
	"24. nose": [
		0.4892224967479706,
		0.42639246582984924,
		-0.2124394029378891,
		0.9999375939369202
	],
	"25. left_eye": [
		0.5004428625106812,
		0.41487210988998413,
		-0.20494477450847626,
		0.9998865723609924
	],
	"26. right_eye": [
		0.4817838966846466,
		0.4161001741886139,
		-0.1980135142803192,
		0.9997819066047668
	],
	"27. left_ear": [
		0.5143837928771973,
		0.4161962568759918,
		-0.12034846842288971,
		0.9998689293861389
	],
	"28. right_ear": [
		0.47740083932876587,
		0.4189717471599579,
		-0.0883735716342926,
		0.999758780002594
	],
	"time stamp": 30.0
}