{
	"1. left_hip": [
		0.5341396927833557,
		0.5952317118644714,
		-0.02270662784576416,
		0.9998595118522644
	],
	"2. left_knee": [
		0.520790159702301,
		0.6777833700180054,
		-0.14347334206104279,
		0.9889127016067505
	],
	"3. left_ankle": [
		0.533980131149292,
		0.7544994950294495,
		0.018000317737460136,
		0.9668318033218384
	],
	"6. right_hip": [
		0.4865782558917999,
		0.5972752571105957,
		0.022782765328884125,
		0.9997121095657349
	],
	"7. right_knee": [
		0.46148958802223206,
		0.6952014565467834,
		-0.006937746424227953,
		0.9750351309776306
	],
	"8. right_ankle": [
		0.4781971573829651,
		0.7174096703529358,
		0.3117785155773163,
		0.7982332110404968
	],
	"14. left_shoulder": [
		0.5446802973747253,
		0.4684571623802185,
		-0.1021365150809288,
		0.9999302625656128
	],
	"15. left_elbow": [
		0.5616782903671265,
		0.512504518032074,
		-0.20590612292289734,
		0.9932477474212646
	],
	"16. left_wrist": [
		0.5572133660316467,
		0.5198609828948975,
		-0.4396919012069702,
		0.9942634701728821
	],
	"19. right_shoulder": [
		0.45498862862586975,
		0.47198206186294556,
		-0.03421098366379738,
		0.9996930956840515
	],
	"20. right_elbow": [
		0.45424145460128784,
		0.5127105116844177,
		-0.08499503135681152,
		0.9107850193977356
	],
	"21. right_wrist": [
		0.44338974356651306,
		0.5271961688995361,
		-0.30999934673309326,
		0.9675952792167664
	],
	"24. nose": [
		0.4835444688796997,
		0.43456217646598816,
		-0.24194884300231934,
		0.9999597668647766
	],
	"25. left_eye": [
		0.4956801235675812,
		0.4234037697315216,
		-0.2333299219608307,
		0.9999284744262695
	],
	"26. right_eye": [
		0.47720766067504883,
		0.42241808772087097,
		-0.2273811399936676,
		0.9998569488525391
	],
	"27. left_ear": [
		0.5086570382118225,
		0.42521989345550537,
		-0.14243829250335693,
		0.99991774559021
	],
	"28. right_ear": [
		0.47318533062934875,
		0.42455676198005676,
		-0.11536091566085815,
		0.9998343586921692
	],
	"time stamp": 30.0
}