{
	"1. left_hip": [
		0.5357813239097595,
		0.5935176014900208,
		-0.013258250430226326,
		0.9999141097068787
	],
	"2. left_knee": [
		0.5243515372276306,
		0.6732214093208313,
		-0.273010790348053,
		0.9928238391876221
	],
	"3. left_ankle": [
		0.5324870944023132,
		0.7547677755355835,
		-0.17061986029148102,
		0.9774285554885864
	],
	"6. right_hip": [
		0.486410528421402,
		0.5966912508010864,
		0.013461376540362835,
		0.9998089075088501
	],
	"7. right_knee": [
		0.46115562319755554,
		0.7012593746185303,
		-0.013037589378654957,
		0.9779863953590393
	],
	"8. right_ankle": [
		0.47891145944595337,
		0.71731036901474,
		0.330401748418808,
		0.7629870772361755
	],
	"14. left_shoulder": [
		0.5434674024581909,
		0.4749736189842224,
		-0.05183279141783714,
		0.9999582767486572
	],
	"15. left_elbow": [
		0.5644097328186035,
		0.525916337966919,
		-0.20589305460453033,
		0.9907349348068237
	],
	"16. left_wrist": [
		0.5640643239021301,
		0.5275708436965942,
		-0.48561814427375793,
		0.9947219491004944
	],
	"19. right_shoulder": [
		0.4566607177257538,
		0.47148817777633667,
		-0.08583396673202515,
		0.9998014569282532
	],
	"20. right_elbow": [
		0.451681524515152,
		0.5148084759712219,
		-0.21966443955898285,
		0.9406092762947083
	],
	"21. right_wrist": [
		0.4526437819004059,
		0.5245372653007507,
		-0.4701904356479645,
		0.9778041243553162
	],
	"24. nose": [
		0.5217942595481873,
		0.43264496326446533,
		-0.25226402282714844,
		0.9999753832817078
	],
	"25. left_eye": [
		0.5280563831329346,
		0.42465245723724365,
		-0.2307686060667038,
		0.9999569058418274
	],
	"26. right_eye": [
		0.5132251381874084,
		0.42069634795188904,
		-0.24145035445690155,
		0.9999135136604309
	],
	"27. left_ear": [
		0.5277782082557678,
		0.4281217157840729,
		-0.0822969377040863,
		0.9999502897262573
	],
	"28. right_ear": [
		0.4979308545589447,
		0.42137497663497925,
		-0.15201982855796814,
		0.9999001026153564
	],
	"time stamp": 30.0
}