{
	"1. left_hip": [
		0.5356586575508118,
		0.5927097201347351,
		-0.011974855326116085,
		0.9999419450759888
	],
	"2. left_knee": [
		0.5176267623901367,
		0.656084418296814,
		-0.2933479845523834,
		0.9947508573532104
	],
	"3. left_ankle": [
		0.5338196158409119,
		0.7517678141593933,
		-0.18776199221611023,
		0.9827643632888794
	],
	"6. right_hip": [
		0.48560112714767456,
		0.5946595668792725,
		0.012137621641159058,
		0.999862015247345
	],
	"7. right_knee": [
		0.4555913805961609,
		0.6997939348220825,
		-0.045245211571455,
		0.9790616035461426
	],
	"8. right_ankle": [
		0.48155680298805237,
		0.7164819836616516,
		0.3114017844200134,
		0.7320291996002197
	],
	"14. left_shoulder": [
		0.5574154257774353,
		0.47701287269592285,
		-0.03681831434369087,
		0.9999723434448242
	],
	"15. left_elbow": [
		0.5705001950263977,
		0.5383044481277466,
		-0.1549469381570816,
		0.9890702366828918
	],
	"16. left_wrist": [
		0.5709437131881714,
		0.5301546454429626,
		-0.4184097647666931,
		0.9954580068588257
	],
	"19. right_shoulder": [
		0.46836742758750916,
		0.4634091854095459,
		-0.05464666336774826,
		0.9998610615730286
	],
	"20. right_elbow": [
		0.4597846567630768,
		0.5071397423744202,
		-0.14648252725601196,
		0.9574812054634094
	],
	"21. right_wrist": [
		0.45641517639160156,
		0.5240750908851624,
		-0.3630226254463196,
		0.9838129878044128
	],
	"24. nose": [
		0.5428780317306519,
		0.43028125166893005,
		-0.21396970748901367,
		0.9999831318855286
	],
	"25. left_eye": [
		0.5463698506355286,
		0.42265230417251587,
		-0.18243394792079926,
		0.9999710917472839
	],
	"26. right_eye": [
		0.5324538350105286,
		0.41862285137176514,
		-0.20342624187469482,
		0.9999415874481201
	],
	"27. left_ear": [
		0.5437300205230713,
		0.4261917173862457,
		-0.0704735815525055,
		0.9999665021896362
	],
	"28. right_ear": [
		0.516323447227478,
		0.4208017885684967,
		-0.12397506088018417,
		0.9999328851699829
	],
	"time stamp": 30.0
}