{
	"1. left_hip": [
		0.5334162712097168,
		0.5895639061927795,
		-0.01880168914794922,
		0.9999719858169556
	],
	"2. left_knee": [
		0.5145617127418518,
		0.6683685183525085,
		-0.19601716101169586,
		0.9967540502548218
	],
	"3. left_ankle": [
		0.5346770286560059,
		0.7546321749687195,
		-0.10189265757799149,
		0.9890639185905457
	],
	"6. right_hip": [
		0.4828600287437439,
		0.5878067016601562,
		0.018829623237252235,
		0.9999188780784607
	],
	"7. right_knee": [
		0.4492708444595337,
		0.6884201765060425,
		-0.025672277435660362,
		0.9844873547554016
	],
	"8. right_ankle": [
		0.48274698853492737,
		0.7210552096366882,
		0.283736914396286,
		0.7649032473564148
	],
	"14. left_shoulder": [
		0.5718832612037659,
		0.4632115364074707,
		0.004568030592054129,
		0.9999877214431763
	],
	"15. left_elbow": [
		0.5802524089813232,
		0.5224339365959167,
		-0.1275079995393753,
		0.9902435541152954
	],
	"16. left_wrist": [
		0.5803871154785156,
		0.5113074779510498,
		-0.3532751202583313,
		0.9961298704147339
	],
	"19. right_shoulder": [
		0.4795278012752533,
		0.4553375542163849,
		0.03858373686671257,
		0.9999262094497681
	],
	"20. right_elbow": [
		0.4685162901878357,
		0.504284143447876,
		-0.05845871567726135,
		0.9619580507278442
	],
	"21. right_wrist": [
		0.46073198318481445,
		0.5192481279373169,
		-0.2680746018886566,
		0.9847463965415955
	],
	"24. nose": [
		0.5310584902763367,
		0.40486007928848267,
		-0.1354644000530243,
		0.9999921321868896
	],
	"25. left_eye": [
		0.5401468276977539,
		0.39647412300109863,
		-0.12002673745155334,
		0.9999868273735046
	],
	"26. right_eye": [
		0.5196571946144104,
		0.39803221821784973,
		-0.1146075502038002,
		0.999972939491272
	],
	"27. left_ear": [
		0.5475520491600037,
		0.4027259647846222,
		-0.023967444896697998,
		0.9999847412109375
	],
	"28. right_ear": [
		0.5118520259857178,
		0.40615975856781006,
		-0.013484970666468143,
		0.9999691843986511
	],
	"time stamp": 30.0
}