{
	"1. left_hip": [
		0.5350160598754883,
		0.5747298002243042,
		-0.02128114178776741,
		0.9999692440032959
	],
	"2. left_knee": [
		0.5161051154136658,
		0.6643685698509216,
		-0.1115969568490982,
		0.9972625374794006
	],
	"3. left_ankle": [
		0.5338271856307983,
		0.7555423974990845,
		-0.0049701570533216,
		0.9916213750839233
	],
	"6. right_hip": [
		0.4861745238304138,
		0.5736880302429199,
		0.021275723353028297,
		0.9998944401741028
	],
	"7. right_knee": [
		0.45527344942092896,
		0.6764987111091614,
		0.009683644399046898,
		0.9886886477470398
	],
	"8. right_ankle": [
		0.4817909598350525,
		0.7207664847373962,
		0.2856125235557556,
		0.8326410055160522
	],
	"14. left_shoulder": [
		0.5628111958503723,
		0.43869099020957947,
		-0.04726269841194153,
		0.999992311000824
	],
	"15. left_elbow": [
		0.579194962978363,
		0.49376779794692993,
		-0.16277992725372314,
		0.9903852343559265
	],
	"16. left_wrist": [
		0.5730205774307251,
		0.48798346519470215,
		-0.39850693941116333,
		0.9945294857025146
	],
	"19. right_shoulder": [
		0.4759122431278229,
		0.44448280334472656,
		-0.004096245393157005,
		0.9999412298202515
	],
	"20. right_elbow": [
		0.46789368987083435,
		0.49995189905166626,
		-0.07687918841838837,
		0.9482001662254333
	],
	"21. right_wrist": [
		0.45041367411613464,
		0.5082300901412964,
		-0.29534438252449036,
		0.9798464775085449
	],
	"24. nose": [
		0.4997527599334717,
		0.38914069533348083,
		-0.18810738623142242,
		0.9999949932098389
	],
	"25. left_eye": [
		0.5094372034072876,
		0.37909477949142456,
		-0.17758098244667053,
		0.999991774559021
	],
	"26. right_eye": [
		0.4927177131175995,
		0.3811165392398834,
		-0.17210955917835236,
		0.999982476234436
	],
	"27. left_ear": [
		0.5249199867248535,
		0.38415905833244324,
		-0.09172119200229645,
		0.9999902844429016
	],
	"28. right_ear": [
		0.4893060624599457,
		0.3888930678367615,
		-0.05937604606151581,
		0.9999794363975525
	],
	"time stamp": 30.0
}