{
	"1. left_hip": [
		0.539728581905365,
		0.5526021122932434,
		-0.03530649095773697,
		0.999880850315094
	],
	"2. left_knee": [
		0.5234411954879761,
		0.6544726490974426,
		-0.10000371187925339,
		0.9949547052383423
	],
	"3. left_ankle": [
		0.5341516137123108,
		0.7552751898765564,
		0.006589386612176895,
		0.9885432124137878
	],
	"6. right_hip": [
		0.4919291138648987,
		0.5539147257804871,
		0.03522789478302002,
		0.9997293949127197
	],
	"7. right_knee": [
		0.4722302258014679,
		0.6589998006820679,
		-0.0009375352528877556,
		0.9847675561904907
	],
	"8. right_ankle": [
		0.4871453046798706,
		0.7278311848640442,
		0.17250552773475647,
		0.9126594662666321
	],
	"14. left_shoulder": [
		0.5466804504394531,
		0.4090876281261444,
		-0.003028381848707795,
		0.9999768137931824
	],
	"15. left_elbow": [
		0.5623179078102112,
		0.4470895230770111,
		-0.16815362870693207,
		0.9800078272819519
	],
	"16. left_wrist": [
		0.5527245998382568,
		0.4558217525482178,
		-0.3892384469509125,
		0.9866193532943726
	],
	"19. right_shoulder": [
		0.46576887369155884,
		0.4150197207927704,
		0.05787382647395134,
		0.9997856616973877
	],
	"20. right_elbow": [
		0.4504019618034363,
		0.4598637521266937,
		-0.08432003110647202,
		0.9217479228973389
	],
	"21. right_wrist": [
		0.4473600387573242,
		0.45746275782585144,
		-0.3123322129249573,
		0.9725407361984253
	],
	"24. nose": [
		0.4984903931617737,
		0.35653164982795715,
		-0.10358256846666336,
		0.9999864101409912
	],
	"25. left_eye": [
		0.510496973991394,
		0.35046762228012085,
		-0.08598137646913528,
		0.9999746084213257
	],
	"26. right_eye": [
		0.49116000533103943,
		0.3478057384490967,
		-0.08398858457803726,
		0.9999626278877258
	],
	"27. left_ear": [
		0.5189713835716248,
		0.358938604593277,
		0.009385221637785435,
		0.9999674558639526
	],
	"28. right_ear": [
		0.4838874638080597,
		0.3542008697986603,
		0.017830777913331985,
		0.9999396800994873
	],
	"time stamp": 30.0
}