{
	"1. left_hip": [
		0.5325270891189575,
		0.5450494289398193,
		-0.0300576351583004,
		0.9998684525489807
	],
	"2. left_knee": [
		0.5227528214454651,
		0.6501979827880859,
		-0.09025099128484726,
		0.9926791191101074
	],
	"3. left_ankle": [
		0.5334058403968811,
		0.7515080571174622,
		0.008482411503791809,
		0.9844925403594971
	],
	"6. right_hip": [
		0.48314011096954346,
		0.5455220341682434,
		0.030056212097406387,
		0.9996549487113953
	],
	"7. right_knee": [
		0.477592796087265,
		0.6516055464744568,
		0.06127430126070976,
		0.9679040908813477
	],
	"8. right_ankle": [
		0.49150052666664124,
		0.7230157852172852,
		0.25644487142562866,
		0.9214966893196106
	],
	"14. left_shoulder": [
		0.5476303100585938,
		0.4010283648967743,
		-0.0051616788841784,
		0.9999716281890869
	],
	"15. left_elbow": [
		0.5598600506782532,
		0.4496549367904663,
		-0.1846408098936081,
		0.9777101874351501
	],
	"16. left_wrist": [
		0.5529136061668396,
		0.4398685097694397,
		-0.43153080344200134,
		0.9858583807945251
	],
	"19. right_shoulder": [
		0.46426910161972046,
		0.4009879529476166,
		0.032767172902822495,
		0.9997158646583557
	],
	"20. right_elbow": [
		0.44484055042266846,
		0.44952481985092163,
		-0.1180153489112854,
		0.9315966367721558
	],
	"21. right_wrist": [
		0.44687262177467346,
		0.4408605694770813,
		-0.35579192638397217,
		0.9711897373199463
	],
	"24. nose": [
		0.5109501481056213,
		0.34818965196609497,
		-0.1379082202911377,
		0.9999768137931824
	],
	"25. left_eye": [
		0.5193665027618408,
		0.3406379818916321,
		-0.12059851735830307,
		0.9999603033065796
	],
	"26. right_eye": [
		0.5018689632415771,
		0.3393198251724243,
		-0.1205783411860466,
		0.9999393224716187
	],
	"27. left_ear": [
		0.5256859064102173,
		0.3474391996860504,
		-0.017828846350312233,
		0.9999511241912842
	],
	"28. right_ear": [
		0.49075910449028015,
		0.3461794853210449,
		-0.01777702383697033,
		0.9999115467071533
	],
	"time stamp": 30.0
}