{
	"1. left_hip": [
		0.5237076282501221,
		0.5418152213096619,
		0.013876941986382008,
		0.9993425011634827
	],
	"2. left_knee": [
		0.5253329277038574,
		0.6401302218437195,
		-0.039245590567588806,
		0.9842477440834045
	],
	"3. left_ankle": [
		0.5108956098556519,
		0.7311419248580933,
		0.095403291285038,
		0.9685925841331482
	],
	"6. right_hip": [
		0.4765547513961792,
		0.5421051383018494,
		-0.013765455223619938,
		0.9988731741905212
	],
	"7. right_knee": [
		0.4796876609325409,
		0.6432040929794312,
		0.04487460106611252,
		0.9742354154586792
	],
	"8. right_ankle": [
		0.48793113231658936,
		0.7097902894020081,
		0.29372021555900574,
		0.9250226020812988
	],
	"14. left_shoulder": [
		0.5414572358131409,
		0.4180818200111389,
		0.001558192539960146,
		0.9997044801712036
	],
	"15. left_elbow": [
		0.5424336791038513,
		0.4844985902309418,
		-0.07208700478076935,
		0.9322531223297119
	],
	"16. left_wrist": [
		0.5282687544822693,
		0.4364018142223358,
		-0.24427750706672668,
		0.9502700567245483
	],
	"19. right_shoulder": [
		0.4635986089706421,
		0.3921658992767334,
		-0.047376759350299835,
		0.9996803402900696
	],
	"20. right_elbow": [
		0.447817862033844,
		0.454574316740036,
		-0.1220650002360344,
		0.9671587347984314
	],
	"21. right_wrist": [
		0.5023174285888672,
		0.4320387542247772,
		-0.22434820234775543,
		0.962895393371582
	],
	"24. nose": [
		0.5203580260276794,
		0.35766932368278503,
		-0.1887296736240387,
		0.9997683763504028
	],
	"25. left_eye": [
		0.5269097685813904,
		0.3506963551044464,
		-0.17011599242687225,
		0.9995869994163513
	],
	"26. right_eye": [
		0.5114838480949402,
		0.3488115668296814,
		-0.17807649075984955,
		0.9994950294494629
	],
	"27. left_ear": [
		0.5308528542518616,
		0.3572068512439728,
		-0.05785943195223808,
		0.9992775321006775
	],
	"28. right_ear": [
		0.49753230810165405,
		0.35502979159355164,
		-0.09591864049434662,
		0.9995359182357788
	],
	"time stamp": 30.0
}