{
	"1. left_hip": [
		0.5286112427711487,
		0.5449293255805969,
		0.0028167502023279667,
		0.9994747638702393
	],
	"2. left_knee": [
		0.5303258299827576,
		0.6434093713760376,
		-0.04822033271193504,
		0.9836813807487488
	],
	"3. left_ankle": [
		0.5150527358055115,
		0.7306880950927734,
		0.15493065118789673,
		0.957999587059021
	],
	"6. right_hip": [
		0.4800216555595398,
		0.5431142449378967,
		-0.0027068876661360264,
		0.9990494251251221
	],
	"7. right_knee": [
		0.4796605408191681,
		0.6486283540725708,
		0.014230811968445778,
		0.9712637662887573
	],
	"8. right_ankle": [
		0.4909747540950775,
		0.7128671407699585,
		0.2545800805091858,
		0.9040707349777222
	],
	"14. left_shoulder": [
		0.5514498949050903,
		0.41835469007492065,
		0.008327220566570759,
		0.9996788501739502
	],
	"15. left_elbow": [
		0.5502322912216187,
		0.48458635807037354,
		-0.0836586132645607,
		0.9211555123329163
	],
	"16. left_wrist": [
		0.5431463718414307,
		0.44631659984588623,
		-0.2493268847465515,
		0.9436367154121399
	],
	"19. right_shoulder": [
		0.4684663414955139,
		0.3924008309841156,
		-0.003948988392949104,
		0.9996703267097473
	],
	"20. right_elbow": [
		0.4478842616081238,
		0.44953402876853943,
		-0.11533669382333755,
		0.9704146981239319
	],
	"21. right_wrist": [
		0.4953697919845581,
		0.4380539655685425,
		-0.2684066593647003,
		0.958556056022644
	],
	"24. nose": [
		0.519525945186615,
		0.3562626540660858,
		-0.1604323387145996,
		0.9997033476829529
	],
	"25. left_eye": [
		0.5282059907913208,
		0.3484939932823181,
		-0.14294637739658356,
		0.9994882941246033
	],
	"26. right_eye": [
		0.5109446048736572,
		0.34774091839790344,
		-0.14414913952350616,
		0.9993408918380737
	],
	"27. left_ear": [
		0.5358396768569946,
		0.35531648993492126,
		-0.0376875177025795,
		0.999176561832428
	],
	"28. right_ear": [
		0.49891963601112366,
		0.35324427485466003,
		-0.04212132841348648,
		0.999435305595398
	],
	"time stamp": 30.0
}