{
	"1. left_hip": [
		0.534115731716156,
		0.5344578623771667,
		-0.011672582477331161,
		0.9996707439422607
	],
	"2. left_knee": [
		0.5283939838409424,
		0.6425750255584717,
		-0.052319593727588654,
		0.9894903898239136
	],
	"3. left_ankle": [
		0.5184215903282166,
		0.7301714420318604,
		0.14553797245025635,
		0.9715089201927185
	],
	"6. right_hip": [
		0.48038849234580994,
		0.5340995788574219,
		0.011722048744559288,
		0.9993579387664795
	],
	"7. right_knee": [
		0.47704559564590454,
		0.6399399638175964,
		0.026419997215270996,
		0.9823156595230103
	],
	"8. right_ankle": [
		0.4870791435241699,
		0.7024049162864685,
		0.27625903487205505,
		0.9392780065536499
	],
	"14. left_shoulder": [
		0.5632582306861877,
		0.3918762505054474,
		-0.02276272512972355,
		0.9998593330383301
	],
	"15. left_elbow": [
		0.5701014399528503,
		0.4601353704929352,
		-0.09253960847854614,
		0.9602117538452148
	],
	"16. left_wrist": [
		0.5462930798530579,
		0.4548950493335724,
		-0.27036333084106445,
		0.9699040651321411
	],
	"19. right_shoulder": [
		0.4694637656211853,
		0.38612011075019836,
		0.008026194758713245,
		0.9998019933700562
	],
	"20. right_elbow": [
		0.44997256994247437,
		0.45007163286209106,
		-0.06736541539430618,
		0.9736039042472839
	],
	"21. right_wrist": [
		0.48480382561683655,
		0.451073557138443,
		-0.2637864053249359,
		0.9678630828857422
	],
	"24. nose": [
		0.5136657953262329,
		0.34293678402900696,
		-0.1908857822418213,
		0.9998503923416138
	],
	"25. left_eye": [
		0.5236808657646179,
		0.3325461745262146,
		-0.17712506651878357,
		0.9997392892837524
	],
	"26. right_eye": [
		0.5044969320297241,
		0.33318284153938293,
		-0.17341171205043793,
		0.9996435642242432
	],
	"27. left_ear": [
		0.5338181257247925,
		0.33675429224967957,
		-0.07329944521188736,
		0.9996108412742615
	],
	"28. right_ear": [
		0.4981258809566498,
		0.337859183549881,
		-0.060127802193164825,
		0.9996756315231323
	],
	"time stamp": 30.0
}