{
	"1. left_hip": [
		0.5379496812820435,
		0.5177122354507446,
		-0.004507457837462425,
		0.9997208118438721
	],
	"2. left_knee": [
		0.526658833026886,
		0.6303271055221558,
		-0.05040810629725456,
		0.9872840046882629
	],
	"3. left_ankle": [
		0.5179906487464905,
		0.7288353443145752,
		0.07494048029184341,
		0.9698537588119507
	],
	"6. right_hip": [
		0.48779478669166565,
		0.5168107151985168,
		0.004611864220350981,
		0.9993878602981567
	],
	"7. right_knee": [
		0.4818643033504486,
		0.6214702725410461,
		-0.009189519099891186,
		0.9770329594612122
	],
	"8. right_ankle": [
		0.48548808693885803,
		0.703711211681366,
		0.13080894947052002,
		0.939435601234436
	],
	"14. left_shoulder": [
		0.5597690939903259,
		0.37589192390441895,
		0.027341000735759735,
		0.999909520149231
	],
	"15. left_elbow": [
		0.5717694163322449,
		0.43426719307899475,
		-0.028543049469590187,
		0.9659854769706726
	],
	"16. left_wrist": [
		0.5594660639762878,
		0.4817802608013153,
		-0.19926005601882935,
		0.9716082215309143
	],
	"19. right_shoulder": [
		0.46857643127441406,
		0.3823542296886444,
		0.017711592838168144,
		0.9998060464859009
	],
	"20. right_elbow": [
		0.45370182394981384,
		0.4441629648208618,
		-0.05546233430504799,
		0.9704821705818176
	],
	"21. right_wrist": [
		0.47511613368988037,
		0.4752872586250305,
		-0.21750231087207794,
		0.9632799625396729
	],
	"24. nose": [
		0.510290265083313,
		0.3334638476371765,
		-0.12615521252155304,
		0.999869167804718
	],
	"25. left_eye": [
		0.5209019780158997,
		0.32472431659698486,
		-0.10920353978872299,
		0.9997575283050537
	],
	"26. right_eye": [
		0.501336932182312,
		0.32418859004974365,
		-0.11162069439888,
		0.99965900182724
	],
	"27. left_ear": [
		0.5291325449943542,
		0.3295619487762451,
		-0.007005281746387482,
		0.9996502995491028
	],
	"28. right_ear": [
		0.4948101043701172,
		0.3289358913898468,
		-0.019257433712482452,
		0.9996392130851746
	],
	"time stamp": 30.0
}