{
	"1. left_hip": [
		0.5383316874504089,
		0.5190408229827881,
		0.015063402242958546,
		0.9996928572654724
	],
	"2. left_knee": [
		0.5260611772537231,
		0.6315217018127441,
		-0.047369375824928284,
		0.9814020991325378
	],
	"3. left_ankle": [
		0.5170530676841736,
		0.729878306388855,
		0.08669257909059525,
		0.9596769213676453
	],
	"6. right_hip": [
		0.48970112204551697,
		0.5183548331260681,
		-0.014975766651332378,
		0.9992586374282837
	],
	"7. right_knee": [
		0.4824325442314148,
		0.6243648529052734,
		-0.03369629755616188,
		0.9616360068321228
	],
	"8. right_ankle": [
		0.4841149151325226,
		0.7099562883377075,
		0.11999136209487915,
		0.9203532338142395
	],
	"14. left_shoulder": [
		0.5518081188201904,
		0.3724297285079956,
		0.0636134222149849,
		0.9999248385429382
	],
	"15. left_elbow": [
		0.5664263963699341,
		0.4309388995170593,
		0.05845396965742111,
		0.9604427218437195
	],
	"16. left_wrist": [
		0.5670755505561829,
		0.47963204979896545,
		-0.06340764462947845,
		0.9749812483787537
	],
	"19. right_shoulder": [
		0.46584072709083557,
		0.3820835053920746,
		0.004900964442640543,
		0.9997166991233826
	],
	"20. right_elbow": [
		0.45761099457740784,
		0.4446989893913269,
		-0.12670259177684784,
		0.9720727801322937
	],
	"21. right_wrist": [
		0.4757472276687622,
		0.44076016545295715,
		-0.3306291997432709,
		0.9685846567153931
	],
	"24. nose": [
		0.5111412405967712,
		0.33211785554885864,
		-0.1251736879348755,
		0.9998632669448853
	],
	"25. left_eye": [
		0.5210712552070618,
		0.3239956200122833,
		-0.10647154599428177,
		0.9997445344924927
	],
	"26. right_eye": [
		0.5023785829544067,
		0.32154837250709534,
		-0.1129993423819542,
		0.9996434450149536
	],
	"27. left_ear": [
		0.528078019618988,
		0.3292641341686249,
		0.005588932428508997,
		0.9996285438537598
	],
	"28. right_ear": [
		0.4938620626926422,
		0.3255980312824249,
		-0.02576598897576332,
		0.9995984435081482
	],
	"time stamp": 30.0
}