{
	"1. left_hip": [
		0.5207183361053467,
		0.5340316295623779,
		0.06941977888345718,
		0.9975324869155884
	],
	"2. left_knee": [
		0.5192246437072754,
		0.6421083807945251,
		0.04201605170965195,
		0.841042160987854
	],
	"3. left_ankle": [
		0.5052885413169861,
		0.7423551678657532,
		0.16996216773986816,
		0.87869793176651
	],
	"6. right_hip": [
		0.4796532988548279,
		0.5332416296005249,
		-0.0694752186536789,
		0.9978508949279785
	],
	"7. right_knee": [
		0.48973196744918823,
		0.6425198316574097,
		-0.08742036670446396,
		0.9112239480018616
	],
	"8. right_ankle": [
		0.47354644536972046,
		0.7497740387916565,
		0.0381886325776577,
		0.9004387259483337
	],
	"14. left_shoulder": [
		0.5259860754013062,
		0.3996182084083557,
		0.10344743728637695,
		0.996052622795105
	],
	"15. left_elbow": [
		0.5255995392799377,
		0.4622795283794403,
		0.12831541895866394,
		0.34935733675956726
	],
	"16. left_wrist": [
		0.5402984619140625,
		0.5201391577720642,
		0.06621415168046951,
		0.4273427426815033
	],
	"19. right_shoulder": [
		0.45820435881614685,
		0.3733454644680023,
		-0.11939021944999695,
		0.998535692691803
	],
	"20. right_elbow": [
		0.46939709782600403,
		0.4201951324939728,
		-0.26066815853118896,
		0.9802713990211487
	],
	"21. right_wrist": [
		0.4997228682041168,
		0.3679487109184265,
		-0.36611208319664,
		0.9821687936782837
	],
	"24. nose": [
		0.5260240435600281,
		0.33735254406929016,
		-0.12729696929454803,
		0.9981494545936584
	],
	"25. left_eye": [
		0.5307331681251526,
		0.33032241463661194,
		-0.10531097650527954,
		0.9962835311889648
	],
	"26. right_eye": [
		0.5163874626159668,
		0.32595884799957275,
		-0.1282721757888794,
		0.9966750741004944
	],
	"27. left_ear": [
		0.5294584631919861,
		0.33543407917022705,
		0.01367355976253748,
		0.9932872653007507
	],
	"28. right_ear": [
		0.5023045539855957,
		0.3289351165294647,
		-0.0928129181265831,
		0.9955534934997559
	],
	"time stamp": 30.0
}