{
	"1. left_hip": [
		0.5178935527801514,
		0.5259334444999695,
		0.06653652340173721,
		0.9978101849555969
	],
	"2. left_knee": [
		0.5203365087509155,
		0.6393154859542847,
		0.04806318134069443,
		0.8667505383491516
	],
	"3. left_ankle": [
		0.5084148645401001,
		0.742679238319397,
		0.12769268453121185,
		0.8879930377006531
	],
	"6. right_hip": [
		0.4756057858467102,
		0.5246114730834961,
		-0.06649113446474075,
		0.998016893863678
	],
	"7. right_knee": [
		0.48381924629211426,
		0.6400788426399231,
		-0.09115177392959595,
		0.928406834602356
	],
	"8. right_ankle": [
		0.4773119390010834,
		0.748364269733429,
		-0.004396659322082996,
		0.9187642335891724
	],
	"14. left_shoulder": [
		0.531434953212738,
		0.38760504126548767,
		0.11777383089065552,
		0.9974119663238525
	],
	"15. left_elbow": [
		0.5274054408073425,
		0.45221683382987976,
		0.1488395482301712,
		0.2997055649757385
	],
	"16. left_wrist": [
		0.5331611037254333,
		0.5039751529693604,
		0.061092257499694824,
		0.41876864433288574
	],
	"19. right_shoulder": [
		0.4685795307159424,
		0.360740065574646,
		-0.08622797578573227,
		0.9990556240081787
	],
	"20. right_elbow": [
		0.45826369524002075,
		0.42592623829841614,
		-0.1848258376121521,
		0.9726890921592712
	],
	"21. right_wrist": [
		0.4461696743965149,
		0.48737770318984985,
		-0.322914719581604,
		0.9577863216400146
	],
	"24. nose": [
		0.5249773263931274,
		0.32761213183403015,
		-0.14650200307369232,
		0.9984187483787537
	],
	"25. left_eye": [
		0.5308111310005188,
		0.31903403997421265,
		-0.12589474022388458,
		0.9969615936279297
	],
	"26. right_eye": [
		0.5148659348487854,
		0.31599318981170654,
		-0.14024099707603455,
		0.9970819354057312
	],
	"27. left_ear": [
		0.5318312048912048,
		0.3250059485435486,
		-0.002624328015372157,
		0.9943655729293823
	],
	"28. right_ear": [
		0.5006740689277649,
		0.3191952109336853,
		-0.06798317283391953,
		0.9966058731079102
	],
	"time stamp": 30.0
}