{
	"1. left_hip": [
		0.48302945494651794,
		0.5546978712081909,
		-0.06871949136257172,
		0.997890830039978
	],
	"2. left_knee": [
		0.4389479160308838,
		0.6512768268585205,
		-0.08809928596019745,
		0.9246053695678711
	],
	"3. left_ankle": [
		0.4457664489746094,
		0.7488043308258057,
		0.06599588692188263,
		0.9245656132698059
	],
	"6. right_hip": [
		0.4445750415325165,
		0.5468404293060303,
		0.068688303232193,
		0.9982729554176331
	],
	"7. right_knee": [
		0.3983113169670105,
		0.6283978223800659,
		0.0627235621213913,
		0.9251073002815247
	],
	"8. right_ankle": [
		0.38785725831985474,
		0.7030130624771118,
		0.23886941373348236,
		0.9222288131713867
	],
	"14. left_shoulder": [
		0.5238615274429321,
		0.4043518006801605,
		-0.12915818393230438,
		0.9983299374580383
	],
	"15. left_elbow": [
		0.5492315292358398,
		0.4652898609638214,
		-0.1843409538269043,
		0.6927177906036377
	],
	"16. left_wrist": [
		0.5131499767303467,
		0.5068022012710571,
		-0.3207766115665436,
		0.7250158190727234
	],
	"19. right_shoulder": [
		0.44628921151161194,
		0.40611568093299866,
		0.059977151453495026,
		0.9994970560073853
	],
	"20. right_elbow": [
		0.42219799757003784,
		0.46495383977890015,
		0.10787908732891083,
		0.7933099865913391
	],
	"21. right_wrist": [
		0.4070933163166046,
		0.5150777697563171,
		-0.015667924657464027,
		0.8456006050109863
	],
	"24. nose": [
		0.46465054154396057,
		0.34161442518234253,
		-0.19194132089614868,
		0.99952232837677
	],
	"25. left_eye": [
		0.4747789800167084,
		0.33235737681388855,
		-0.21347904205322266,
		0.9989717602729797
	],
	"26. right_eye": [
		0.46178513765335083,
		0.33283963799476624,
		-0.16664300858974457,
		0.9989070892333984
	],
	"27. left_ear": [
		0.4923780560493469,
		0.33972349762916565,
		-0.12657396495342255,
		0.9980407953262329
	],
	"28. right_ear": [
		0.46442750096321106,
		0.33920541405677795,
		-0.05115842819213867,
		0.998343825340271
	],
	"time stamp": 30.0
}