{
	"1. left_hip": [
		0.4642816483974457,
		0.5238672494888306,
		0.05582266300916672,
		0.9989186525344849
	],
	"2. left_knee": [
		0.44018200039863586,
		0.6244192123413086,
		0.07150810211896896,
		0.9637231230735779
	],
	"3. left_ankle": [
		0.4466746151447296,
		0.7297355532646179,
		0.05139204487204552,
		0.9676639437675476
	],
	"6. right_hip": [
		0.5173646807670593,
		0.5246984362602234,
		-0.05639425665140152,
		0.9987701177597046
	],
	"7. right_knee": [
		0.5274150371551514,
		0.6312797665596008,
		-0.06815238296985626,
		0.9058906435966492
	],
	"8. right_ankle": [
		0.49423906207084656,
		0.736778199672699,
		-0.08936339616775513,
		0.9255529046058655
	],
	"14. left_shoulder": [
		0.43033868074417114,
		0.3813096582889557,
		0.07361520826816559,
		0.9994062185287476
	],
	"15. left_elbow": [
		0.38626164197921753,
		0.43652552366256714,
		0.08238480240106583,
		0.8897104263305664
	],
	"16. left_wrist": [
		0.4094434380531311,
		0.4790380299091339,
		0.13055862486362457,
		0.7074432969093323
	],
	"19. right_shoulder": [
		0.5230556130409241,
		0.3724944591522217,
		-0.043513454496860504,
		0.9996193051338196
	],
	"20. right_elbow": [
		0.5628089308738708,
		0.4236142039299011,
		-0.09815468639135361,
		0.768734335899353
	],
	"21. right_wrist": [
		0.6133491396903992,
		0.4589846432209015,
		-0.08022014051675797,
		0.7314288020133972
	],
	"24. nose": [
		0.4868531823158264,
		0.3336593508720398,
		0.2056177407503128,
		0.9997947216033936
	],
	"25. left_eye": [
		0.4771110713481903,
		0.32450178265571594,
		0.1826612949371338,
		0.9996278285980225
	],
	"26. right_eye": [
		0.49439114332199097,
		0.32467737793922424,
		0.17047569155693054,
		0.9995946288108826
	],
	"27. left_ear": [
		0.4615638554096222,
		0.32885661721229553,
		0.1035480722784996,
		0.9993358254432678
	],
	"28. right_ear": [
		0.5006271004676819,
		0.32875362038612366,
		0.046084485948085785,
		0.9993915557861328
	],
	"time stamp": 30.0
}