{
	"1. left_hip": [
		0.46434974670410156,
		0.5251180529594421,
		0.08253172785043716,
		0.9989006519317627
	],
	"2. left_knee": [
		0.45589208602905273,
		0.623862087726593,
		0.10597187280654907,
		0.9639636874198914
	],
	"3. left_ankle": [
		0.4500800371170044,
		0.7219187021255493,
		0.11372256278991699,
		0.9663093686103821
	],
	"6. right_hip": [
		0.5174670219421387,
		0.523072361946106,
		-0.08286458998918533,
		0.9988224506378174
	],
	"7. right_knee": [
		0.526892364025116,
		0.6312922239303589,
		-0.11719246208667755,
		0.91459721326828
	],
	"8. right_ankle": [
		0.4879222810268402,
		0.7353662252426147,
		-0.14691272377967834,
		0.9320681095123291
	],
	"14. left_shoulder": [
		0.4321160316467285,
		0.385040819644928,
		0.10016699135303497,
		0.9994291663169861
	],
	"15. left_elbow": [
		0.39511483907699585,
		0.43924883008003235,
		0.18884284794330597,
		0.8941088914871216
	],
	"16. left_wrist": [
		0.4171901047229767,
		0.4700013995170593,
		0.3026822507381439,
		0.656800389289856
	],
	"19. right_shoulder": [
		0.5208754539489746,
		0.36888962984085083,
		-0.11159549653530121,
		0.9996522068977356
	],
	"20. right_elbow": [
		0.5582234859466553,
		0.4256193935871124,
		-0.18749214708805084,
		0.7917390465736389
	],
	"21. right_wrist": [
		0.6103687882423401,
		0.4613504111766815,
		-0.20865574479103088,
		0.7532223463058472
	],
	"24. nose": [
		0.4979534447193146,
		0.33457157015800476,
		0.13243673741817474,
		0.9997926950454712
	],
	"25. left_eye": [
		0.4882051944732666,
		0.325158953666687,
		0.11873779445886612,
		0.9996405243873596
	],
	"26. right_eye": [
		0.5029639601707458,
		0.32535773515701294,
		0.10677729547023773,
		0.9996201395988464
	],
	"27. left_ear": [
		0.4717240333557129,
		0.32903724908828735,
		0.08027579635381699,
		0.9993785619735718
	],
	"28. right_ear": [
		0.5041255354881287,
		0.3288322389125824,
		-0.005128096789121628,
		0.9994333386421204
	],
	"time stamp": 30.0
}