{
	"1. left_hip": [
		0.5986836552619934,
		0.5321696996688843,
		-0.07418332248926163,
		0.9985737800598145
	],
	"2. left_knee": [
		0.5913678407669067,
		0.6406804919242859,
		-0.09634418040513992,
		0.965542197227478
	],
	"3. left_ankle": [
		0.6001867055892944,
		0.7328070998191833,
		0.0391816571354866,
		0.9700780510902405
	],
	"6. right_hip": [
		0.5550299882888794,
		0.5357709527015686,
		0.07413098961114883,
		0.9988014698028564
	],
	"7. right_knee": [
		0.5260956883430481,
		0.6346417665481567,
		0.03294547274708748,
		0.9810337424278259
	],
	"8. right_ankle": [
		0.54849773645401,
		0.7306858897209167,
		0.15716394782066345,
		0.984576940536499
	],
	"14. left_shoulder": [
		0.6039078235626221,
		0.3848695158958435,
		-0.15337403118610382,
		0.9990066885948181
	],
	"15. left_elbow": [
		0.6327849626541138,
		0.44500845670700073,
		-0.2535814642906189,
		0.8645796179771423
	],
	"16. left_wrist": [
		0.6019001007080078,
		0.4894534647464752,
		-0.3896220922470093,
		0.8314951658248901
	],
	"19. right_shoulder": [
		0.5445829629898071,
		0.3950527310371399,
		0.11517723649740219,
		0.9993028044700623
	],
	"20. right_elbow": [
		0.5170523524284363,
		0.4451987147331238,
		0.25075170397758484,
		0.8989208340644836
	],
	"21. right_wrist": [
		0.4565103054046631,
		0.4542676508426666,
		0.24848635494709015,
		0.9609515070915222
	],
	"24. nose": [
		0.5473560094833374,
		0.3270277976989746,
		-0.1390054076910019,
		0.9993206858634949
	],
	"25. left_eye": [
		0.561123788356781,
		0.3208303153514862,
		-0.14067082107067108,
		0.9989016652107239
	],
	"26. right_eye": [
		0.5504210591316223,
		0.3192480206489563,
		-0.12052711099386215,
		0.9992331266403198
	],
	"27. left_ear": [
		0.5757314562797546,
		0.33063215017318726,
		-0.11390521377325058,
		0.9986897706985474
	],
	"28. right_ear": [
		0.5581545829772949,
		0.32644376158714294,
		-0.020102670416235924,
		0.998980700969696
	],
	"time stamp": 30.0
}