{
	"1. left_hip": [
		0.5762211084365845,
		0.5324405431747437,
		-0.08152489364147186,
		0.9994536638259888
	],
	"2. left_knee": [
		0.5836045145988464,
		0.6383059024810791,
		-0.11034972965717316,
		0.9899170994758606
	],
	"3. left_ankle": [
		0.598731279373169,
		0.7331788539886475,
		-0.04989788681268692,
		0.9911888241767883
	],
	"6. right_hip": [
		0.5392543077468872,
		0.5306695699691772,
		0.08167655020952225,
		0.9991216063499451
	],
	"7. right_knee": [
		0.4885806143283844,
		0.6139323115348816,
		0.07844032347202301,
		0.9865050911903381
	],
	"8. right_ankle": [
		0.45529410243034363,
		0.718666136264801,
		0.12077872455120087,
		0.9665654301643372
	],
	"14. left_shoulder": [
		0.5707563757896423,
		0.38372504711151123,
		-0.16053354740142822,
		0.9997802972793579
	],
	"15. left_elbow": [
		0.5910473465919495,
		0.4412981867790222,
		-0.191647469997406,
		0.9648451805114746
	],
	"16. left_wrist": [
		0.5696525573730469,
		0.490231990814209,
		-0.1585458368062973,
		0.9316803812980652
	],
	"19. right_shoulder": [
		0.5434975028038025,
		0.38542070984840393,
		0.14198380708694458,
		0.9975039958953857
	],
	"20. right_elbow": [
		0.5426419973373413,
		0.4452956020832062,
		0.19401924312114716,
		0.21547162532806396
	],
	"21. right_wrist": [
		0.5487267374992371,
		0.49177122116088867,
		0.1099589392542839,
		0.2842806577682495
	],
	"24. nose": [
		0.5409764647483826,
		0.3305414915084839,
		-0.09393727779388428,
		0.9997093081474304
	],
	"25. left_eye": [
		0.5523484349250793,
		0.32648441195487976,
		-0.10559508949518204,
		0.9994972944259644
	],
	"26. right_eye": [
		0.5467654466629028,
		0.3238449990749359,
		-0.07721108198165894,
		0.9994062185287476
	],
	"27. left_ear": [
		0.5650488138198853,
		0.33745506405830383,
		-0.10880891233682632,
		0.99953293800354
	],
	"28. right_ear": [
		0.5531970262527466,
		0.3309323191642761,
		0.01689751446247101,
		0.9987752437591553
	],
	"time stamp": 30.0
}