{
	"1. left_hip": [
		0.510742723941803,
		0.5342457294464111,
		-0.08695514500141144,
		0.999812126159668
	],
	"2. left_knee": [
		0.5235676765441895,
		0.6394091844558716,
		-0.09079406410455704,
		0.9983758330345154
	],
	"3. left_ankle": [
		0.5732592940330505,
		0.7302554249763489,
		-0.020918767899274826,
		0.9984766840934753
	],
	"6. right_hip": [
		0.46499550342559814,
		0.5340362191200256,
		0.08677900582551956,
		0.9997506141662598
	],
	"7. right_knee": [
		0.4310510456562042,
		0.6297146677970886,
		0.12333023548126221,
		0.9924682974815369
	],
	"8. right_ankle": [
		0.40142571926116943,
		0.727705180644989,
		0.2119230180978775,
		0.9953070878982544
	],
	"14. left_shoulder": [
		0.5177610516548157,
		0.38831764459609985,
		-0.12685085833072662,
		0.9999616146087646
	],
	"15. left_elbow": [
		0.48966357111930847,
		0.44958943128585815,
		-0.21690969169139862,
		0.9802231192588806
	],
	"16. left_wrist": [
		0.4232107102870941,
		0.47186344861984253,
		-0.2632812261581421,
		0.972640335559845
	],
	"19. right_shoulder": [
		0.46090808510780334,
		0.3954656720161438,
		0.14809627830982208,
		0.99961256980896
	],
	"20. right_elbow": [
		0.4239884912967682,
		0.4557454288005829,
		0.1244504451751709,
		0.6065576672554016
	],
	"21. right_wrist": [
		0.37873950600624084,
		0.4947429597377777,
		-0.030680472031235695,
		0.7958238124847412
	],
	"24. nose": [
		0.468763142824173,
		0.3399682641029358,
		-0.08356523513793945,
		0.9999199509620667
	],
	"25. left_eye": [
		0.48010095953941345,
		0.3308134078979492,
		-0.08474128693342209,
		0.9998412728309631
	],
	"26. right_eye": [
		0.46849098801612854,
		0.33341747522354126,
		-0.06355449557304382,
		0.9998140335083008
	],
	"27. left_ear": [
		0.49560439586639404,
		0.3355805277824402,
		-0.054868508130311966,
		0.9998040199279785
	],
	"28. right_ear": [
		0.4745919108390808,
		0.33814650774002075,
		0.03945276886224747,
		0.9994679689407349
	],
	"time stamp": 30.0
}