{
	"1. left_hip": [
		0.5086766481399536,
		0.5430697798728943,
		-0.08549211174249649,
		0.9996431469917297
	],
	"2. left_knee": [
		0.5115281343460083,
		0.6458730101585388,
		-0.06875453889369965,
		0.9980006217956543
	],
	"3. left_ankle": [
		0.5722084045410156,
		0.7312957048416138,
		0.005400605499744415,
		0.9984883069992065
	],
	"6. right_hip": [
		0.4669979214668274,
		0.5386619567871094,
		0.08531831949949265,
		0.9996945858001709
	],
	"7. right_knee": [
		0.435896098613739,
		0.631088137626648,
		0.12215494364500046,
		0.9855433702468872
	],
	"8. right_ankle": [
		0.4016151428222656,
		0.72728431224823,
		0.19096264243125916,
		0.9934759140014648
	],
	"14. left_shoulder": [
		0.5212088823318481,
		0.39751189947128296,
		-0.14925947785377502,
		0.9999532103538513
	],
	"15. left_elbow": [
		0.4965555965900421,
		0.45029839873313904,
		-0.2740590274333954,
		0.9765470027923584
	],
	"16. left_wrist": [
		0.477838933467865,
		0.46075573563575745,
		-0.40823230147361755,
		0.9737069010734558
	],
	"19. right_shoulder": [
		0.46343502402305603,
		0.4081636965274811,
		0.11917074769735336,
		0.9997664093971252
	],
	"20. right_elbow": [
		0.41075941920280457,
		0.44443783164024353,
		0.1569795310497284,
		0.7209610939025879
	],
	"21. right_wrist": [
		0.35171258449554443,
		0.4596439599990845,
		0.08413561433553696,
		0.8544995784759521
	],
	"24. nose": [
		0.45978492498397827,
		0.3533579409122467,
		-0.0409245565533638,
		0.9999071359634399
	],
	"25. left_eye": [
		0.468193918466568,
		0.34460967779159546,
		-0.05838300287723541,
		0.9998528957366943
	],
	"26. right_eye": [
		0.4666489362716675,
		0.34430891275405884,
		-0.02917962521314621,
		0.9998025894165039
	],
	"27. left_ear": [
		0.4832000732421875,
		0.3509564995765686,
		-0.09560516476631165,
		0.9998130798339844
	],
	"28. right_ear": [
		0.4794880747795105,
		0.3507368266582489,
		0.043221235275268555,
		0.9995315074920654
	],
	"time stamp": 30.0
}