{
	"1. left_hip": [
		0.5060838460922241,
		0.550539493560791,
		-0.09432297199964523,
		0.9995582699775696
	],
	"2. left_knee": [
		0.5049440860748291,
		0.6523098945617676,
		-0.06999853253364563,
		0.9983990788459778
	],
	"3. left_ankle": [
		0.570765495300293,
		0.732727587223053,
		0.05030779913067818,
		0.998781681060791
	],
	"6. right_hip": [
		0.48071086406707764,
		0.546895444393158,
		0.0941595733165741,
		0.9997207522392273
	],
	"7. right_knee": [
		0.4385615587234497,
		0.6311945915222168,
		0.13878972828388214,
		0.9828501343727112
	],
	"8. right_ankle": [
		0.4017239212989807,
		0.7270570993423462,
		0.2348031997680664,
		0.9942637085914612
	],
	"14. left_shoulder": [
		0.5040326118469238,
		0.40334391593933105,
		-0.1833224892616272,
		0.9999387264251709
	],
	"15. left_elbow": [
		0.46718859672546387,
		0.47119784355163574,
		-0.20632892847061157,
		0.9729641079902649
	],
	"16. left_wrist": [
		0.4159180819988251,
		0.44642946124076843,
		-0.12576539814472198,
		0.9648950099945068
	],
	"19. right_shoulder": [
		0.4843359589576721,
		0.40953657031059265,
		0.13608306646347046,
		0.9998342990875244
	],
	"20. right_elbow": [
		0.44932106137275696,
		0.46498581767082214,
		0.08016271889209747,
		0.5737672448158264
	],
	"21. right_wrist": [
		0.3972007930278778,
		0.442147433757782,
		-0.11919655650854111,
		0.7834858894348145
	],
	"24. nose": [
		0.45758089423179626,
		0.35992589592933655,
		-0.055498022586107254,
		0.9999352097511292
	],
	"25. left_eye": [
		0.46466585993766785,
		0.3514937460422516,
		-0.07357344031333923,
		0.9999023675918579
	],
	"26. right_eye": [
		0.46516722440719604,
		0.35082873702049255,
		-0.0421285517513752,
		0.9998761415481567
	],
	"27. left_ear": [
		0.47573739290237427,
		0.3566020131111145,
		-0.11890029907226562,
		0.9998815655708313
	],
	"28. right_ear": [
		0.47755885124206543,
		0.3560238778591156,
		0.0319269634783268,
		0.999721109867096
	],
	"time stamp": 30.0
}