{
	"1. left_hip": [
		0.5201306343078613,
		0.5568333268165588,
		-0.10235105454921722,
		0.9997279644012451
	],
	"2. left_knee": [
		0.5113596320152283,
		0.6611968874931335,
		-0.08100641518831253,
		0.9985628128051758
	],
	"3. left_ankle": [
		0.5771416425704956,
		0.7356758713722229,
		-0.03502478450536728,
		0.9985325932502747
	],
	"6. right_hip": [
		0.4982937276363373,
		0.5521711707115173,
		0.10213285684585571,
		0.9998365640640259
	],
	"7. right_knee": [
		0.4397245943546295,
		0.6299183964729309,
		0.1595257669687271,
		0.9696990847587585
	],
	"8. right_ankle": [
		0.40452051162719727,
		0.7245654463768005,
		0.22528277337551117,
		0.9921785593032837
	],
	"14. left_shoulder": [
		0.5113416910171509,
		0.4045982360839844,
		-0.16705626249313354,
		0.9998965263366699
	],
	"15. left_elbow": [
		0.48321786522865295,
		0.46729257702827454,
		-0.10827130824327469,
		0.9654101729393005
	],
	"16. left_wrist": [
		0.4765626788139343,
		0.45443883538246155,
		0.12517988681793213,
		0.7883669137954712
	],
	"19. right_shoulder": [
		0.5057365298271179,
		0.40703386068344116,
		0.16957488656044006,
		0.9996497631072998
	],
	"20. right_elbow": [
		0.5157508254051208,
		0.47408434748649597,
		0.10289501398801804,
		0.17227007448673248
	],
	"21. right_wrist": [
		0.5115039348602295,
		0.4907778203487396,
		-0.029636435210704803,
		0.21746665239334106
	],
	"24. nose": [
		0.46818533539772034,
		0.377409964799881,
		0.020560001954436302,
		0.9999661445617676
	],
	"25. left_eye": [
		0.47276294231414795,
		0.36686620116233826,
		-0.003993249498307705,
		0.9999618530273438
	],
	"26. right_eye": [
		0.47269079089164734,
		0.3669328987598419,
		0.029749220237135887,
		0.999954879283905
	],
	"27. left_ear": [
		0.4842154085636139,
		0.36763787269592285,
		-0.06910280138254166,
		0.9999674558639526
	],
	"28. right_ear": [
		0.4838263690471649,
		0.3674790561199188,
		0.08489461988210678,
		0.9998874664306641
	],
	"time stamp": 30.0
}