{
	"1. left_hip": [
		0.5195796489715576,
		0.5541665554046631,
		-0.10243076086044312,
		0.999733030796051
	],
	"2. left_knee": [
		0.5142329335212708,
		0.6594186425209045,
		-0.08097332715988159,
		0.9984846115112305
	],
	"3. left_ankle": [
		0.5771681666374207,
		0.735958456993103,
		-0.0358930267393589,
		0.9984479546546936
	],
	"6. right_hip": [
		0.5015647411346436,
		0.549697756767273,
		0.10222472250461578,
		0.9998348951339722
	],
	"7. right_knee": [
		0.44141027331352234,
		0.6297969222068787,
		0.15607181191444397,
		0.9677652716636658
	],
	"8. right_ankle": [
		0.4049857556819916,
		0.7240482568740845,
		0.2214556485414505,
		0.9916998744010925
	],
	"14. left_shoulder": [
		0.5116662979125977,
		0.40312495827674866,
		-0.16754482686519623,
		0.9998992681503296
	],
	"15. left_elbow": [
		0.4879031777381897,
		0.46510228514671326,
		-0.11115451157093048,
		0.9646984934806824
	],
	"16. left_wrist": [
		0.4807945489883423,
		0.45402756333351135,
		0.1224091425538063,
		0.7595635652542114
	],
	"19. right_shoulder": [
		0.5077601671218872,
		0.40453633666038513,
		0.16935956478118896,
		0.9996363520622253
	],
	"20. right_elbow": [
		0.5094658732414246,
		0.4695996940135956,
		0.06411358714103699,
		0.16113382577896118
	],
	"21. right_wrist": [
		0.5033475160598755,
		0.4804254174232483,
		-0.11976993829011917,
		0.19787856936454773
	],
	"24. nose": [
		0.46807995438575745,
		0.3757694959640503,
		0.016193373128771782,
		0.9999659657478333
	],
	"25. left_eye": [
		0.4727734625339508,
		0.36524301767349243,
		-0.007097128313034773,
		0.9999626278877258
	],
	"26. right_eye": [
		0.47286632657051086,
		0.36566683650016785,
		0.02574312500655651,
		0.9999560117721558
	],
	"27. left_ear": [
		0.4846169948577881,
		0.36566731333732605,
		-0.06992238759994507,
		0.9999693036079407
	],
	"28. right_ear": [
		0.48440009355545044,
		0.3659268915653229,
		0.08199800550937653,
		0.9998894333839417
	],
	"time stamp": 30.0
}