{
	"1. left_hip": [
		0.5621669292449951,
		0.534454882144928,
		-0.0921853631734848,
		0.9998147487640381
	],
	"2. left_knee": [
		0.4990512430667877,
		0.62428879737854,
		-0.1596573144197464,
		0.9981081485748291
	],
	"3. left_ankle": [
		0.5804241299629211,
		0.6567780375480652,
		-0.006887813564389944,
		0.9952536225318909
	],
	"6. right_hip": [
		0.5323699116706848,
		0.5329846143722534,
		0.09209948033094406,
		0.9999005794525146
	],
	"7. right_knee": [
		0.48937711119651794,
		0.6227370500564575,
		0.06211703270673752,
		0.9666248559951782
	],
	"8. right_ankle": [
		0.47997504472732544,
		0.7235432267189026,
		0.09480578452348709,
		0.9913772344589233
	],
	"14. left_shoulder": [
		0.5257694125175476,
		0.4030907452106476,
		-0.17844359576702118,
		0.9998680949211121
	],
	"15. left_elbow": [
		0.5155787467956543,
		0.47219476103782654,
		-0.16496406495571136,
		0.953825056552887
	],
	"16. left_wrist": [
		0.4856339693069458,
		0.44402122497558594,
		-0.005944211035966873,
		0.7755683064460754
	],
	"19. right_shoulder": [
		0.4903630018234253,
		0.407764196395874,
		0.12308319658041,
		0.9997801184654236
	],
	"20. right_elbow": [
		0.45880648493766785,
		0.44830262660980225,
		0.03297901898622513,
		0.33372753858566284
	],
	"21. right_wrist": [
		0.4481305181980133,
		0.4081476926803589,
		-0.16487829387187958,
		0.35814613103866577
	],
	"24. nose": [
		0.4682781994342804,
		0.3703324794769287,
		-0.05963898450136185,
		0.9999698996543884
	],
	"25. left_eye": [
		0.47318971157073975,
		0.3601047992706299,
		-0.07855197787284851,
		0.9999588131904602
	],
	"26. right_eye": [
		0.4722299575805664,
		0.35938912630081177,
		-0.04660627618432045,
		0.999955415725708
	],
	"27. left_ear": [
		0.48719263076782227,
		0.36212024092674255,
		-0.11912880092859268,
		0.9999650716781616
	],
	"28. right_ear": [
		0.4851178228855133,
		0.3611665666103363,
		0.02510414831340313,
		0.9998930096626282
	],
	"time stamp": 30.0
}