{
	"1. left_hip": [
		0.6357287764549255,
		0.5817824006080627,
		-0.009058353491127491,
		0.9999005794525146
	],
	"2. left_knee": [
		0.6773654818534851,
		0.6699524521827698,
		0.12327134609222412,
		0.9971550703048706
	],
	"3. left_ankle": [
		0.6985445618629456,
		0.7318545579910278,
		0.42318978905677795,
		0.9932901859283447
	],
	"6. right_hip": [
		0.5845582485198975,
		0.5676144957542419,
		0.00886551383882761,
		0.9999588131904602
	],
	"7. right_knee": [
		0.5054453015327454,
		0.6411060690879822,
		-0.11894749104976654,
		0.9967379570007324
	],
	"8. right_ankle": [
		0.4771474301815033,
		0.7209669947624207,
		-0.03926699236035347,
		0.9976892471313477
	],
	"14. left_shoulder": [
		0.6984896063804626,
		0.4485570192337036,
		-0.13194741308689117,
		0.9998660683631897
	],
	"15. left_elbow": [
		0.7466098070144653,
		0.44302231073379517,
		-0.2854173481464386,
		0.9799407124519348
	],
	"16. left_wrist": [
		0.703913152217865,
		0.4274894893169403,
		-0.43650680780410767,
		0.9576985836029053
	],
	"19. right_shoulder": [
		0.6112142205238342,
		0.4498533308506012,
		-0.05161244794726372,
		0.9999309182167053
	],
	"20. right_elbow": [
		0.5736315250396729,
		0.506910502910614,
		-0.00863130483776331,
		0.8891335725784302
	],
	"21. right_wrist": [
		0.5277701020240784,
		0.5541905164718628,
		-0.08581303805112839,
		0.8959436416625977
	],
	"24. nose": [
		0.6314992308616638,
		0.40742990374565125,
		-0.25413769483566284,
		0.999862790107727
	],
	"25. left_eye": [
		0.6383721828460693,
		0.395399808883667,
		-0.2556033730506897,
		0.9997910857200623
	],
	"26. right_eye": [
		0.6226866841316223,
		0.40068137645721436,
		-0.23480717837810516,
		0.9997895956039429
	],
	"27. left_ear": [
		0.652633786201477,
		0.39751869440078735,
		-0.1939646452665329,
		0.9997063279151917
	],
	"28. right_ear": [
		0.6237188577651978,
		0.40592169761657715,
		-0.10761946439743042,
		0.9997714757919312
	],
	"time stamp": 30.0
}