{
	"1. left_hip": [
		0.6256522536277771,
		0.5846048593521118,
		-0.034015823155641556,
		0.9999189376831055
	],
	"2. left_knee": [
		0.6655119061470032,
		0.671560525894165,
		0.07397080212831497,
		0.9969671964645386
	],
	"3. left_ankle": [
		0.6976988911628723,
		0.7306610941886902,
		0.36339208483695984,
		0.991838812828064
	],
	"6. right_hip": [
		0.5716592669487,
		0.5773516893386841,
		0.03382743522524834,
		0.9999719262123108
	],
	"7. right_knee": [
		0.4950529932975769,
		0.6424881219863892,
		-0.1714998334646225,
		0.9977395534515381
	],
	"8. right_ankle": [
		0.47306758165359497,
		0.7277086973190308,
		-0.061641763895750046,
		0.9979791641235352
	],
	"14. left_shoulder": [
		0.6517238020896912,
		0.44457927346229553,
		-0.14256811141967773,
		0.9999096989631653
	],
	"15. left_elbow": [
		0.6816767454147339,
		0.4397457540035248,
		-0.3341391682624817,
		0.9858580231666565
	],
	"16. left_wrist": [
		0.6347032189369202,
		0.42781299352645874,
		-0.48071950674057007,
		0.9617294669151306
	],
	"19. right_shoulder": [
		0.5678733587265015,
		0.4581964313983917,
		0.0020587798207998276,
		0.9999538660049438
	],
	"20. right_elbow": [
		0.5467594265937805,
		0.5253003835678101,
		0.0481688492000103,
		0.9021915197372437
	],
	"21. right_wrist": [
		0.5079476237297058,
		0.5633150339126587,
		-0.03953561559319496,
		0.9029459953308105
	],
	"24. nose": [
		0.5720833539962769,
		0.40996912121772766,
		-0.19935551285743713,
		0.9999086856842041
	],
	"25. left_eye": [
		0.580093264579773,
		0.3978928327560425,
		-0.20066867768764496,
		0.9998582005500793
	],
	"26. right_eye": [
		0.5674275159835815,
		0.4030251204967499,
		-0.17781636118888855,
		0.9998562932014465
	],
	"27. left_ear": [
		0.5979833006858826,
		0.3976263999938965,
		-0.17077353596687317,
		0.9997988343238831
	],
	"28. right_ear": [
		0.5759732723236084,
		0.40662410855293274,
		-0.058148108422756195,
		0.9998462796211243
	],
	"time stamp": 30.0
}