{
	"1. left_hip": [
		0.6257086396217346,
		0.5721763968467712,
		-0.0195927731692791,
		0.9997779130935669
	],
	"2. left_knee": [
		0.6732552647590637,
		0.658039927482605,
		-0.06238453462719917,
		0.9968944787979126
	],
	"3. left_ankle": [
		0.6984221935272217,
		0.7278863787651062,
		0.18167230486869812,
		0.9956595301628113
	],
	"6. right_hip": [
		0.570196807384491,
		0.5628719925880432,
		0.019436223432421684,
		0.9999327659606934
	],
	"7. right_knee": [
		0.5032828450202942,
		0.6381593942642212,
		-0.1590796858072281,
		0.9990922212600708
	],
	"8. right_ankle": [
		0.47172442078590393,
		0.7254260778427124,
		0.011256974190473557,
		0.9986600875854492
	],
	"14. left_shoulder": [
		0.6818650364875793,
		0.4504009187221527,
		-0.09055405110120773,
		0.9990811944007874
	],
	"15. left_elbow": [
		0.6822456121444702,
		0.48220932483673096,
		-0.28703486919403076,
		0.9349290728569031
	],
	"16. left_wrist": [
		0.6762708425521851,
		0.4412423074245453,
		-0.5360021591186523,
		0.9345623850822449
	],
	"19. right_shoulder": [
		0.5934693217277527,
		0.4247179627418518,
		-4.888323383056559e-05,
		0.9998931288719177
	],
	"20. right_elbow": [
		0.5492932796478271,
		0.47498586773872375,
		0.04412958398461342,
		0.8775702118873596
	],
	"21. right_wrist": [
		0.5027931928634644,
		0.49733400344848633,
		-0.016260668635368347,
		0.9224183559417725
	],
	"24. nose": [
		0.6460848450660706,
		0.38519957661628723,
		-0.19896258413791656,
		0.9996891617774963
	],
	"25. left_eye": [
		0.6572011113166809,
		0.3808019161224365,
		-0.18786020576953888,
		0.9994631409645081
	],
	"26. right_eye": [
		0.6389012932777405,
		0.3765909969806671,
		-0.17871657013893127,
		0.999325156211853
	],
	"27. left_ear": [
		0.6664528846740723,
		0.38919463753700256,
		-0.10905499011278152,
		0.9989923238754272
	],
	"28. right_ear": [
		0.6301238536834717,
		0.3823058605194092,
		-0.0650828555226326,
		0.9993060231208801
	],
	"time stamp": 30.0
}