{
	"1. left_hip": [
		0.6258726716041565,
		0.5725622773170471,
		-0.021754981949925423,
		0.9998238682746887
	],
	"2. left_knee": [
		0.6733542680740356,
		0.6594497561454773,
		0.06756068766117096,
		0.9969937801361084
	],
	"3. left_ankle": [
		0.6987580060958862,
		0.7283779978752136,
		0.3508719503879547,
		0.9956011772155762
	],
	"6. right_hip": [
		0.5704743266105652,
		0.5606330633163452,
		0.021616898477077484,
		0.9999527335166931
	],
	"7. right_knee": [
		0.5045331716537476,
		0.6386405825614929,
		-0.15668487548828125,
		0.9993007779121399
	],
	"8. right_ankle": [
		0.4717157185077667,
		0.7252073884010315,
		-0.04575596749782562,
		0.99881911277771
	],
	"14. left_shoulder": [
		0.6866389513015747,
		0.4523231089115143,
		-0.10552685707807541,
		0.9993805885314941
	],
	"15. left_elbow": [
		0.685380756855011,
		0.4797394871711731,
		-0.3063690960407257,
		0.954293429851532
	],
	"16. left_wrist": [
		0.6801183223724365,
		0.4394684135913849,
		-0.5732454657554626,
		0.9538441896438599
	],
	"19. right_shoulder": [
		0.6001150608062744,
		0.42239299416542053,
		-0.002388363005593419,
		0.9999261498451233
	],
	"20. right_elbow": [
		0.5569256544113159,
		0.47030070424079895,
		0.05415510758757591,
		0.9066856503486633
	],
	"21. right_wrist": [
		0.5083757042884827,
		0.4964721202850342,
		0.011593775823712349,
		0.937741219997406
	],
	"24. nose": [
		0.6524002552032471,
		0.38522693514823914,
		-0.22003155946731567,
		0.9997944235801697
	],
	"25. left_eye": [
		0.6636354923248291,
		0.38062989711761475,
		-0.2060474455356598,
		0.9996436834335327
	],
	"26. right_eye": [
		0.6448677778244019,
		0.37605491280555725,
		-0.19920597970485687,
		0.9995493292808533
	],
	"27. left_ear": [
		0.6715760827064514,
		0.38923412561416626,
		-0.1234641745686531,
		0.9993312358856201
	],
	"28. right_ear": [
		0.6374273896217346,
		0.38101574778556824,
		-0.08170676976442337,
		0.99953693151474
	],
	"time stamp": 30.0
}