{
	"1. left_hip": [
		0.6259122490882874,
		0.5725995302200317,
		-0.02176799066364765,
		0.9998354315757751
	],
	"2. left_knee": [
		0.673126757144928,
		0.6597555875778198,
		0.05407295376062393,
		0.9970203638076782
	],
	"3. left_ankle": [
		0.6986944079399109,
		0.7287477850914001,
		0.3272109925746918,
		0.9955401420593262
	],
	"6. right_hip": [
		0.5707117915153503,
		0.5600330829620361,
		0.021631143987178802,
		0.9999567866325378
	],
	"7. right_knee": [
		0.5052827000617981,
		0.6385950446128845,
		-0.1542697548866272,
		0.9993432760238647
	],
	"8. right_ankle": [
		0.4713655114173889,
		0.7250561714172363,
		-0.03809322789311409,
		0.9988371133804321
	],
	"14. left_shoulder": [
		0.6873730421066284,
		0.45215022563934326,
		-0.10033174604177475,
		0.9994403123855591
	],
	"15. left_elbow": [
		0.6888179779052734,
		0.4775649607181549,
		-0.29845482110977173,
		0.9580994844436646
	],
	"16. left_wrist": [
		0.6846335530281067,
		0.4391980767250061,
		-0.5629117488861084,
		0.9578463435173035
	],
	"19. right_shoulder": [
		0.6009575128555298,
		0.42184165120124817,
		-0.0009416260290890932,
		0.9999328851699829
	],
	"20. right_elbow": [
		0.5581874847412109,
		0.47016841173171997,
		0.05252058431506157,
		0.9132846593856812
	],
	"21. right_wrist": [
		0.5104165077209473,
		0.49639639258384705,
		0.007921110838651657,
		0.9413305521011353
	],
	"24. nose": [
		0.6538015007972717,
		0.384958952665329,
		-0.20825505256652832,
		0.9998148083686829
	],
	"25. left_eye": [
		0.6641651391983032,
		0.3802681267261505,
		-0.19604377448558807,
		0.9996787905693054
	],
	"26. right_eye": [
		0.6459639072418213,
		0.3758770227432251,
		-0.18848811089992523,
		0.9995933175086975
	],
	"27. left_ear": [
		0.6715383529663086,
		0.3886067569255829,
		-0.11579912155866623,
		0.9993971586227417
	],
	"28. right_ear": [
		0.6384096145629883,
		0.38073691725730896,
		-0.07539824396371841,
		0.9995819926261902
	],
	"time stamp": 30.0
}