{
	"1. left_hip": [
		0.6269069314002991,
		0.5680931806564331,
		-0.014325723983347416,
		0.9998762011528015
	],
	"2. left_knee": [
		0.6710861325263977,
		0.6613709926605225,
		0.0055350326001644135,
		0.9974583387374878
	],
	"3. left_ankle": [
		0.6984759569168091,
		0.7319610118865967,
		0.24251610040664673,
		0.9956568479537964
	],
	"6. right_hip": [
		0.5741453170776367,
		0.5543794631958008,
		0.014082223176956177,
		0.9999680519104004
	],
	"7. right_knee": [
		0.5145394802093506,
		0.6386276483535767,
		-0.07903064042329788,
		0.9994651675224304
	],
	"8. right_ankle": [
		0.4709157645702362,
		0.7236530184745789,
		0.06474141031503677,
		0.9989059567451477
	],
	"14. left_shoulder": [
		0.6920163631439209,
		0.4433155357837677,
		-0.08814743906259537,
		0.9997360706329346
	],
	"15. left_elbow": [
		0.7231192588806152,
		0.44450342655181885,
		-0.28300195932388306,
		0.9800198078155518
	],
	"16. left_wrist": [
		0.7214580178260803,
		0.3970167636871338,
		-0.4976920187473297,
		0.9777116775512695
	],
	"19. right_shoulder": [
		0.6096936464309692,
		0.4230220913887024,
		-0.004220861010253429,
		0.9999608993530273
	],
	"20. right_elbow": [
		0.573334813117981,
		0.4818769693374634,
		0.018512221053242683,
		0.935701310634613
	],
	"21. right_wrist": [
		0.530635416507721,
		0.5042465329170227,
		-0.07441572844982147,
		0.9527601003646851
	],
	"24. nose": [
		0.662945568561554,
		0.38162440061569214,
		-0.1945723593235016,
		0.999919056892395
	],
	"25. left_eye": [
		0.6704297661781311,
		0.37661057710647583,
		-0.182142972946167,
		0.9998569488525391
	],
	"26. right_eye": [
		0.6535539627075195,
		0.3741127550601959,
		-0.17352308332920074,
		0.9998185038566589
	],
	"27. left_ear": [
		0.6761831641197205,
		0.38407647609710693,
		-0.10273844003677368,
		0.9997317790985107
	],
	"28. right_ear": [
		0.6440255641937256,
		0.3801029324531555,
		-0.0610111728310585,
		0.9998112320899963
	],
	"time stamp": 30.0
}