{
	"1. left_hip": [
		0.6334500312805176,
		0.5647875070571899,
		-0.002813125727698207,
		0.9998481273651123
	],
	"2. left_knee": [
		0.6634111404418945,
		0.6593767404556274,
		0.03819824755191803,
		0.9981735348701477
	],
	"3. left_ankle": [
		0.695967972278595,
		0.7279170751571655,
		0.2778189778327942,
		0.9951961636543274
	],
	"6. right_hip": [
		0.5810509324073792,
		0.5514129996299744,
		0.0025120230857282877,
		0.9999591708183289
	],
	"7. right_knee": [
		0.5233842134475708,
		0.6420841813087463,
		-0.04686092585325241,
		0.9993755221366882
	],
	"8. right_ankle": [
		0.4756859540939331,
		0.7217474579811096,
		0.09843691438436508,
		0.9989834427833557
	],
	"14. left_shoulder": [
		0.6946009397506714,
		0.43275272846221924,
		-0.06928165256977081,
		0.9997594952583313
	],
	"15. left_elbow": [
		0.7447323799133301,
		0.3890252709388733,
		-0.13838283717632294,
		0.9954503774642944
	],
	"16. left_wrist": [
		0.7447603344917297,
		0.3269118368625641,
		-0.22022415697574615,
		0.9901537299156189
	],
	"19. right_shoulder": [
		0.6097747683525085,
		0.4256431758403778,
		-0.03672691062092781,
		0.999947190284729
	],
	"20. right_elbow": [
		0.579160213470459,
		0.48637086153030396,
		-0.019054898992180824,
		0.9083389043807983
	],
	"21. right_wrist": [
		0.5440167188644409,
		0.5278570055961609,
		-0.08688674867153168,
		0.8859542608261108
	],
	"24. nose": [
		0.6709378957748413,
		0.3671298921108246,
		-0.1994783729314804,
		0.999971330165863
	],
	"25. left_eye": [
		0.6772370338439941,
		0.3652481436729431,
		-0.1789916306734085,
		0.9998628497123718
	],
	"26. right_eye": [
		0.664358377456665,
		0.36213821172714233,
		-0.18057754635810852,
		0.9999140501022339
	],
	"27. left_ear": [
		0.6800870895385742,
		0.3749523162841797,
		-0.07887161523103714,
		0.9996625781059265
	],
	"28. right_ear": [
		0.6514429450035095,
		0.3697689473628998,
		-0.08149164170026779,
		0.9998279213905334
	],
	"time stamp": 30.0
}