{
	"1. left_hip": [
		0.6334654092788696,
		0.5649245381355286,
		-0.0017699679592624307,
		0.9998469352722168
	],
	"2. left_knee": [
		0.6632907390594482,
		0.6593046188354492,
		0.03565448522567749,
		0.9981902837753296
	],
	"3. left_ankle": [
		0.6959517598152161,
		0.7278492450714111,
		0.28070881962776184,
		0.9951426386833191
	],
	"6. right_hip": [
		0.5810269713401794,
		0.5516365170478821,
		0.0014770864509046078,
		0.9999594688415527
	],
	"7. right_knee": [
		0.5233376622200012,
		0.6427258849143982,
		-0.046927645802497864,
		0.9993703365325928
	],
	"8. right_ankle": [
		0.4756167232990265,
		0.7217475771903992,
		0.10474475473165512,
		0.9989772439002991
	],
	"14. left_shoulder": [
		0.6938952803611755,
		0.4322873055934906,
		-0.06685902178287506,
		0.9997583627700806
	],
	"15. left_elbow": [
		0.7438498139381409,
		0.38770535588264465,
		-0.1300297975540161,
		0.9955046772956848
	],
	"16. left_wrist": [
		0.7437680959701538,
		0.3253031075000763,
		-0.20773276686668396,
		0.9902025461196899
	],
	"19. right_shoulder": [
		0.6093349456787109,
		0.4254665970802307,
		-0.040999848395586014,
		0.9999474287033081
	],
	"20. right_elbow": [
		0.5792657732963562,
		0.4863225221633911,
		-0.02494072914123535,
		0.9115515947341919
	],
	"21. right_wrist": [
		0.5441931486129761,
		0.5289965867996216,
		-0.09160860627889633,
		0.8874416351318359
	],
	"24. nose": [
		0.6709110736846924,
		0.36729615926742554,
		-0.19893549382686615,
		0.9999712109565735
	],
	"25. left_eye": [
		0.6772027015686035,
		0.365318238735199,
		-0.17818580567836761,
		0.9998566508293152
	],
	"26. right_eye": [
		0.6642900109291077,
		0.3622334599494934,
		-0.18071916699409485,
		0.999913215637207
	],
	"27. left_ear": [
		0.6797038316726685,
		0.37492531538009644,
		-0.07711946219205856,
		0.999643087387085
	],
	"28. right_ear": [
		0.6512523889541626,
		0.3697212338447571,
		-0.08201365917921066,
		0.9998244047164917
	],
	"time stamp": 30.0
}