{
	"1. left_hip": [
		0.6334070563316345,
		0.5648769736289978,
		-0.000819906999822706,
		0.9998462796211243
	],
	"2. left_knee": [
		0.6630536913871765,
		0.6591088771820068,
		0.025382915511727333,
		0.998191773891449
	],
	"3. left_ankle": [
		0.6959568858146667,
		0.7278405427932739,
		0.27624842524528503,
		0.9950268864631653
	],
	"6. right_hip": [
		0.5809228420257568,
		0.551649808883667,
		0.0005305895465426147,
		0.9999592304229736
	],
	"7. right_knee": [
		0.5232949256896973,
		0.6437101364135742,
		-0.039196040481328964,
		0.999355673789978
	],
	"8. right_ankle": [
		0.4755256474018097,
		0.7217555642127991,
		0.12216008454561234,
		0.9989557266235352
	],
	"14. left_shoulder": [
		0.6924697756767273,
		0.43176424503326416,
		-0.06073332205414772,
		0.9997591972351074
	],
	"15. left_elbow": [
		0.7423521280288696,
		0.386152446269989,
		-0.11763836443424225,
		0.9955764412879944
	],
	"16. left_wrist": [
		0.7429887652397156,
		0.3232945203781128,
		-0.1905335932970047,
		0.9903292655944824
	],
	"19. right_shoulder": [
		0.6088364124298096,
		0.425150990486145,
		-0.04036077484488487,
		0.9999469518661499
	],
	"20. right_elbow": [
		0.5792638659477234,
		0.48621633648872375,
		-0.024526432156562805,
		0.914374589920044
	],
	"21. right_wrist": [
		0.544233500957489,
		0.5303082466125488,
		-0.09079087525606155,
		0.888431191444397
	],
	"24. nose": [
		0.6706863045692444,
		0.3672349452972412,
		-0.19443655014038086,
		0.9999711513519287
	],
	"25. left_eye": [
		0.6770626306533813,
		0.36529022455215454,
		-0.17312277853488922,
		0.9998514652252197
	],
	"26. right_eye": [
		0.6641867160797119,
		0.36217519640922546,
		-0.17653267085552216,
		0.9999125003814697
	],
	"27. left_ear": [
		0.6791874766349792,
		0.374893456697464,
		-0.0710727721452713,
		0.9996283054351807
	],
	"28. right_ear": [
		0.6510286331176758,
		0.3695690333843231,
		-0.08308304101228714,
		0.9998214840888977
	],
	"time stamp": 30.0
}