{
	"1. left_hip": [
		0.6332716941833496,
		0.5647830367088318,
		0.0011173124657943845,
		0.9998482465744019
	],
	"2. left_knee": [
		0.6629263758659363,
		0.6589239239692688,
		0.02478962577879429,
		0.9981896281242371
	],
	"3. left_ankle": [
		0.6959277987480164,
		0.7274197936058044,
		0.28403666615486145,
		0.9947877526283264
	],
	"6. right_hip": [
		0.5807925462722778,
		0.5516538023948669,
		-0.0013967138947919011,
		0.9999600648880005
	],
	"7. right_knee": [
		0.5232084393501282,
		0.6440355777740479,
		-0.0362476110458374,
		0.9993432760238647
	],
	"8. right_ankle": [
		0.47552135586738586,
		0.7217637896537781,
		0.12514108419418335,
		0.9989407658576965
	],
	"14. left_shoulder": [
		0.6913359761238098,
		0.4313565492630005,
		-0.06283100694417953,
		0.9997624754905701
	],
	"15. left_elbow": [
		0.7413521409034729,
		0.38420477509498596,
		-0.11415327340364456,
		0.9956012964248657
	],
	"16. left_wrist": [
		0.7425906658172607,
		0.3208015561103821,
		-0.1848762482404709,
		0.9904869794845581
	],
	"19. right_shoulder": [
		0.6082748770713806,
		0.42511481046676636,
		-0.055634401738643646,
		0.9999465942382812
	],
	"20. right_elbow": [
		0.5793671607971191,
		0.48619168996810913,
		-0.05077826604247093,
		0.917300820350647
	],
	"21. right_wrist": [
		0.5443437099456787,
		0.5312195420265198,
		-0.12140340358018875,
		0.8898023962974548
	],
	"24. nose": [
		0.6706722378730774,
		0.36729565262794495,
		-0.19713473320007324,
		0.9999706745147705
	],
	"25. left_eye": [
		0.6770164370536804,
		0.3654119372367859,
		-0.17636674642562866,
		0.9998454451560974
	],
	"26. right_eye": [
		0.6641344428062439,
		0.36231115460395813,
		-0.17745977640151978,
		0.9999111890792847
	],
	"27. left_ear": [
		0.6784996390342712,
		0.3749072551727295,
		-0.07496829330921173,
		0.999618411064148
	],
	"28. right_ear": [
		0.6508682370185852,
		0.3695965111255646,
		-0.0970509871840477,
		0.9998191595077515
	],
	"time stamp": 30.0
}