{
	"1. left_hip": [
		0.6332991719245911,
		0.5647891163825989,
		0.0019922603387385607,
		0.9998555183410645
	],
	"2. left_knee": [
		0.6628391146659851,
		0.6591066122055054,
		0.024341663345694542,
		0.9980295300483704
	],
	"3. left_ankle": [
		0.6961761713027954,
		0.7272645831108093,
		0.28734859824180603,
		0.9938805103302002
	],
	"6. right_hip": [
		0.5806211829185486,
		0.5518556237220764,
		-0.0022808199282735586,
		0.9999627470970154
	],
	"7. right_knee": [
		0.5228887796401978,
		0.644878089427948,
		-0.03849133849143982,
		0.9992454648017883
	],
	"8. right_ankle": [
		0.4751506745815277,
		0.7227723598480225,
		0.1254553496837616,
		0.9988221526145935
	],
	"14. left_shoulder": [
		0.690199613571167,
		0.42936962842941284,
		-0.08234313130378723,
		0.9997710585594177
	],
	"15. left_elbow": [
		0.7365220189094543,
		0.3805409073829651,
		-0.12801486253738403,
		0.9955021142959595
	],
	"16. left_wrist": [
		0.7428590059280396,
		0.3147484362125397,
		-0.19399216771125793,
		0.9912813305854797
	],
	"19. right_shoulder": [
		0.6058664321899414,
		0.42521944642066956,
		-0.06556090712547302,
		0.99994295835495
	],
	"20. right_elbow": [
		0.5796821713447571,
		0.4860679805278778,
		-0.0641142874956131,
		0.9231354594230652
	],
	"21. right_wrist": [
		0.5460382103919983,
		0.5316948294639587,
		-0.13910172879695892,
		0.8906322717666626
	],
	"24. nose": [
		0.6697375774383545,
		0.3669605851173401,
		-0.20719653367996216,
		0.9999646544456482
	],
	"25. left_eye": [
		0.6752256751060486,
		0.3657834827899933,
		-0.1892991065979004,
		0.9998089075088501
	],
	"26. right_eye": [
		0.6638604998588562,
		0.36227038502693176,
		-0.19313575327396393,
		0.9998947978019714
	],
	"27. left_ear": [
		0.675242006778717,
		0.3752639889717102,
		-0.09365911036729813,
		0.999548614025116
	],
	"28. right_ear": [
		0.6506865620613098,
		0.36943134665489197,
		-0.11158444732427597,
		0.9997850060462952
	],
	"time stamp": 30.0
}