{
	"1. left_hip": [
		0.6333247423171997,
		0.5647850036621094,
		0.00196124822832644,
		0.9998568892478943
	],
	"2. left_knee": [
		0.6629236340522766,
		0.6591124534606934,
		0.019273832440376282,
		0.9980030655860901
	],
	"3. left_ankle": [
		0.6963797211647034,
		0.7272824048995972,
		0.28513723611831665,
		0.9936918020248413
	],
	"6. right_hip": [
		0.5806077122688293,
		0.5519861578941345,
		-0.002253771759569645,
		0.9999632239341736
	],
	"7. right_knee": [
		0.5228725075721741,
		0.6449424624443054,
		-0.03853727504611015,
		0.9992167353630066
	],
	"8. right_ankle": [
		0.4748387634754181,
		0.7231661081314087,
		0.12368372082710266,
		0.9987936615943909
	],
	"14. left_shoulder": [
		0.6889873147010803,
		0.4285890758037567,
		-0.0817868635058403,
		0.9997773170471191
	],
	"15. left_elbow": [
		0.7353267073631287,
		0.3792489767074585,
		-0.12307357788085938,
		0.9955423474311829
	],
	"16. left_wrist": [
		0.7434751391410828,
		0.31355932354927063,
		-0.19196857511997223,
		0.9916326999664307
	],
	"19. right_shoulder": [
		0.6046725511550903,
		0.4251343309879303,
		-0.06341500580310822,
		0.9999412894248962
	],
	"20. right_elbow": [
		0.5790583491325378,
		0.48569533228874207,
		-0.059160105884075165,
		0.9244858622550964
	],
	"21. right_wrist": [
		0.5460188388824463,
		0.5321634411811829,
		-0.13177521526813507,
		0.8904665112495422
	],
	"24. nose": [
		0.6689603328704834,
		0.36713171005249023,
		-0.20607490837574005,
		0.9999632835388184
	],
	"25. left_eye": [
		0.674846887588501,
		0.36617904901504517,
		-0.1877911239862442,
		0.9998008012771606
	],
	"26. right_eye": [
		0.6632715463638306,
		0.36237528920173645,
		-0.19217361509799957,
		0.9998898506164551
	],
	"27. left_ear": [
		0.6748484373092651,
		0.3756565451622009,
		-0.09252985566854477,
		0.9995333552360535
	],
	"28. right_ear": [
		0.650313675403595,
		0.36949074268341064,
		-0.1095682680606842,
		0.9997733235359192
	],
	"time stamp": 30.0
}