{
	"1. left_hip": [
		0.6393470168113708,
		0.5688121914863586,
		-0.0012266337871551514,
		0.9998360872268677
	],
	"2. left_knee": [
		0.665452241897583,
		0.6639989614486694,
		0.04542703926563263,
		0.9970417618751526
	],
	"3. left_ankle": [
		0.6981191635131836,
		0.727060079574585,
		0.30219417810440063,
		0.9925357103347778
	],
	"6. right_hip": [
		0.5871431827545166,
		0.5555388331413269,
		0.0008997448021546006,
		0.9999551177024841
	],
	"7. right_knee": [
		0.5272008180618286,
		0.644925594329834,
		-0.07868514209985733,
		0.9985598921775818
	],
	"8. right_ankle": [
		0.47248634696006775,
		0.7248371839523315,
		0.05632814019918442,
		0.9979919791221619
	],
	"14. left_shoulder": [
		0.694198489189148,
		0.43421322107315063,
		-0.13167649507522583,
		0.9997302889823914
	],
	"15. left_elbow": [
		0.7277281880378723,
		0.37132811546325684,
		-0.2217317372560501,
		0.9960013031959534
	],
	"16. left_wrist": [
		0.7352482676506042,
		0.30331459641456604,
		-0.30754485726356506,
		0.9958516955375671
	],
	"19. right_shoulder": [
		0.619360625743866,
		0.4312501549720764,
		-0.08982161432504654,
		0.9998860359191895
	],
	"20. right_elbow": [
		0.5881046652793884,
		0.4857097566127777,
		-0.101139597594738,
		0.9507089257240295
	],
	"21. right_wrist": [
		0.5494927763938904,
		0.5321763753890991,
		-0.19677241146564484,
		0.9132962822914124
	],
	"24. nose": [
		0.6742733716964722,
		0.3801563084125519,
		-0.25849649310112,
		0.9998403787612915
	],
	"25. left_eye": [
		0.6787819266319275,
		0.3742734491825104,
		-0.24039363861083984,
		0.999214231967926
	],
	"26. right_eye": [
		0.6653568744659424,
		0.3711193799972534,
		-0.24048273265361786,
		0.9995681643486023
	],
	"27. left_ear": [
		0.6811188459396362,
		0.38218846917152405,
		-0.13918906450271606,
		0.9980188012123108
	],
	"28. right_ear": [
		0.6517907381057739,
		0.37639594078063965,
		-0.14120033383369446,
		0.9990717172622681
	],
	"time stamp": 30.0
}