{
	"1. left_hip": [
		0.5274084806442261,
		0.5162105560302734,
		-0.1065513864159584,
		0.999819278717041
	],
	"2. left_knee": [
		0.473023384809494,
		0.6033127307891846,
		-0.18149623274803162,
		0.9883826971054077
	],
	"3. left_ankle": [
		0.5345887541770935,
		0.6628409028053284,
		-0.07002516835927963,
		0.9818378686904907
	],
	"6. right_hip": [
		0.5132585167884827,
		0.5176315307617188,
		0.10657448321580887,
		0.9999020099639893
	],
	"7. right_knee": [
		0.5078385472297668,
		0.624116063117981,
		0.1008230596780777,
		0.8253772258758545
	],
	"8. right_ankle": [
		0.527249276638031,
		0.7242153286933899,
		0.13243120908737183,
		0.9645065665245056
	],
	"14. left_shoulder": [
		0.5211785435676575,
		0.373765766620636,
		-0.1039685308933258,
		0.9997679591178894
	],
	"15. left_elbow": [
		0.4697486162185669,
		0.39657729864120483,
		-0.16706019639968872,
		0.9786342978477478
	],
	"16. left_wrist": [
		0.4670242667198181,
		0.3352651298046112,
		-0.13683660328388214,
		0.9468259811401367
	],
	"19. right_shoulder": [
		0.5066339373588562,
		0.37975502014160156,
		0.1517779529094696,
		0.9994664788246155
	],
	"20. right_elbow": [
		0.508671760559082,
		0.4551345407962799,
		0.26942721009254456,
		0.14426366984844208
	],
	"21. right_wrist": [
		0.5089765191078186,
		0.4931168258190155,
		0.3223912715911865,
		0.17016664147377014
	],
	"24. nose": [
		0.497059166431427,
		0.3403121829032898,
		-0.15393739938735962,
		0.9998326301574707
	],
	"25. left_eye": [
		0.5059102773666382,
		0.3317109942436218,
		-0.14385543763637543,
		0.9996460676193237
	],
	"26. right_eye": [
		0.4941881000995636,
		0.33041343092918396,
		-0.13002148270606995,
		0.9995842576026917
	],
	"27. left_ear": [
		0.5182969570159912,
		0.3358372449874878,
		-0.06278090178966522,
		0.9995656609535217
	],
	"28. right_ear": [
		0.4948703944683075,
		0.33261892199516296,
		0.0019208561861887574,
		0.9993354082107544
	],
	"time stamp": 30.0
}