{
	"1. left_hip": [
		0.4862300753593445,
		0.5216078162193298,
		-0.03368468955159187,
		0.9999169707298279
	],
	"2. left_knee": [
		0.459577739238739,
		0.6215755343437195,
		-0.20098096132278442,
		0.9890624284744263
	],
	"3. left_ankle": [
		0.4448109269142151,
		0.7180519104003906,
		-0.08135323971509933,
		0.9918235540390015
	],
	"6. right_hip": [
		0.43445491790771484,
		0.5224609971046448,
		0.033745910972356796,
		0.9998459219932556
	],
	"7. right_knee": [
		0.4103970229625702,
		0.6287847757339478,
		-0.003053687047213316,
		0.9019964337348938
	],
	"8. right_ankle": [
		0.46193012595176697,
		0.6850106120109558,
		0.3329073190689087,
		0.9369701147079468
	],
	"14. left_shoulder": [
		0.5100424289703369,
		0.3934357464313507,
		-0.04553588107228279,
		0.9999617338180542
	],
	"15. left_elbow": [
		0.5150228142738342,
		0.4590529501438141,
		-0.20139756798744202,
		0.9950736165046692
	],
	"16. left_wrist": [
		0.4747064709663391,
		0.40667134523391724,
		-0.4522508978843689,
		0.9909201860427856
	],
	"19. right_shoulder": [
		0.4191927909851074,
		0.39568454027175903,
		0.024346141144633293,
		0.9999319911003113
	],
	"20. right_elbow": [
		0.4057251811027527,
		0.46360042691230774,
		0.07098422199487686,
		0.7533993721008301
	],
	"21. right_wrist": [
		0.39539119601249695,
		0.5222254991531372,
		-0.025296399369835854,
		0.8117911219596863
	],
	"24. nose": [
		0.4625898003578186,
		0.3483143150806427,
		-0.22308532893657684,
		0.9999797344207764
	],
	"25. left_eye": [
		0.4742194414138794,
		0.3392978310585022,
		-0.2014188915491104,
		0.9999549388885498
	],
	"26. right_eye": [
		0.45524048805236816,
		0.33829352259635925,
		-0.20150116086006165,
		0.9999423623085022
	],
	"27. left_ear": [
		0.4839131236076355,
		0.34363746643066406,
		-0.08268412947654724,
		0.9999291300773621
	],
	"28. right_ear": [
		0.4480351507663727,
		0.34150540828704834,
		-0.07635580748319626,
		0.9999232888221741
	],
	"time stamp": 30.0
}