{
	"1. left_hip": [
		0.47813573479652405,
		0.5197495222091675,
		-0.0019683092832565308,
		0.9999358654022217
	],
	"2. left_knee": [
		0.4665748178958893,
		0.625995934009552,
		-0.03866634890437126,
		0.9888595342636108
	],
	"3. left_ankle": [
		0.44241514801979065,
		0.7193330526351929,
		0.13280604779720306,
		0.9877781271934509
	],
	"6. right_hip": [
		0.42395564913749695,
		0.5153377056121826,
		0.0020321058109402657,
		0.9998889565467834
	],
	"7. right_knee": [
		0.43581831455230713,
		0.6013020873069763,
		-0.26141557097435,
		0.953395426273346
	],
	"8. right_ankle": [
		0.4279197156429291,
		0.6702125072479248,
		-0.08491676300764084,
		0.8374286890029907
	],
	"14. left_shoulder": [
		0.5064491033554077,
		0.39725273847579956,
		-0.10339882969856262,
		0.9999818801879883
	],
	"15. left_elbow": [
		0.5037964582443237,
		0.4654490649700165,
		-0.23875054717063904,
		0.9954469799995422
	],
	"16. left_wrist": [
		0.47722959518432617,
		0.4204505681991577,
		-0.49477076530456543,
		0.9952915906906128
	],
	"19. right_shoulder": [
		0.41599002480506897,
		0.38474714756011963,
		-0.015173046849668026,
		0.9999660849571228
	],
	"20. right_elbow": [
		0.3974056541919708,
		0.4505392909049988,
		0.09154196083545685,
		0.8723971247673035
	],
	"21. right_wrist": [
		0.3782704770565033,
		0.5103305578231812,
		0.01783892884850502,
		0.8978241086006165
	],
	"24. nose": [
		0.45385584235191345,
		0.34311380982398987,
		-0.28901633620262146,
		0.999988317489624
	],
	"25. left_eye": [
		0.4645412266254425,
		0.3335094153881073,
		-0.27350205183029175,
		0.9999736547470093
	],
	"26. right_eye": [
		0.4479767382144928,
		0.3342766761779785,
		-0.2661491334438324,
		0.9999606013298035
	],
	"27. left_ear": [
		0.4770163595676422,
		0.3385748267173767,
		-0.1616469770669937,
		0.9999504685401917
	],
	"28. right_ear": [
		0.4435077905654907,
		0.3384442925453186,
		-0.13055041432380676,
		0.9999531507492065
	],
	"time stamp": 30.0
}