{
	"1. left_hip": [
		0.4748534560203552,
		0.5191770195960999,
		0.005568820517510176,
		0.9997164607048035
	],
	"2. left_knee": [
		0.4657018482685089,
		0.6221836805343628,
		0.016270799562335014,
		0.9632272720336914
	],
	"3. left_ankle": [
		0.44477373361587524,
		0.7048050165176392,
		0.1756790429353714,
		0.9507321119308472
	],
	"6. right_hip": [
		0.42202815413475037,
		0.5154505372047424,
		-0.005535843316465616,
		0.9997950196266174
	],
	"7. right_knee": [
		0.4395288825035095,
		0.6119576692581177,
		-0.1300569623708725,
		0.9633387923240662
	],
	"8. right_ankle": [
		0.44284313917160034,
		0.7213492393493652,
		-0.02958233840763569,
		0.8769221901893616
	],
	"14. left_shoulder": [
		0.5065544247627258,
		0.39653512835502625,
		-0.11075372248888016,
		0.9999844431877136
	],
	"15. left_elbow": [
		0.5034953355789185,
		0.46615853905677795,
		-0.22626423835754395,
		0.9963089227676392
	],
	"16. left_wrist": [
		0.4772931635379791,
		0.4193032681941986,
		-0.45648714900016785,
		0.99652498960495
	],
	"19. right_shoulder": [
		0.41662508249282837,
		0.3820047080516815,
		-0.029030369594693184,
		0.9999735355377197
	],
	"20. right_elbow": [
		0.3936587870121002,
		0.44881314039230347,
		0.05993514508008957,
		0.8968202471733093
	],
	"21. right_wrist": [
		0.3701959252357483,
		0.5069204568862915,
		-0.03482483699917793,
		0.915158748626709
	],
	"24. nose": [
		0.4486398696899414,
		0.3417147994041443,
		-0.2951444685459137,
		0.9999853372573853
	],
	"25. left_eye": [
		0.45947265625,
		0.33086779713630676,
		-0.28161266446113586,
		0.9999668002128601
	],
	"26. right_eye": [
		0.443813294172287,
		0.3330205976963043,
		-0.27366572618484497,
		0.9999372363090515
	],
	"27. left_ear": [
		0.4743194580078125,
		0.3350909650325775,
		-0.17458686232566833,
		0.9999399781227112
	],
	"28. right_ear": [
		0.4416877329349518,
		0.3367404639720917,
		-0.138998880982399,
		0.9999223351478577
	],
	"time stamp": 30.0
}