{
	"1. left_hip": [
		0.47615787386894226,
		0.5223157405853271,
		-0.005321050062775612,
		0.999518632888794
	],
	"2. left_knee": [
		0.4626955986022949,
		0.6306619048118591,
		-0.021643759682774544,
		0.9058138132095337
	],
	"3. left_ankle": [
		0.4457423985004425,
		0.7275128960609436,
		0.13560108840465546,
		0.91805499792099
	],
	"6. right_hip": [
		0.423251211643219,
		0.5207110643386841,
		0.00532134436070919,
		0.9996774196624756
	],
	"7. right_knee": [
		0.4359278976917267,
		0.6285293698310852,
		-0.05531735345721245,
		0.9648535251617432
	],
	"8. right_ankle": [
		0.4556007981300354,
		0.7347018122673035,
		0.08233625441789627,
		0.9248525500297546
	],
	"14. left_shoulder": [
		0.5096368789672852,
		0.3776360750198364,
		-0.12881025671958923,
		0.9999865293502808
	],
	"15. left_elbow": [
		0.5244587659835815,
		0.444865345954895,
		-0.2730189859867096,
		0.9973466396331787
	],
	"16. left_wrist": [
		0.4780515432357788,
		0.40985000133514404,
		-0.5072205066680908,
		0.9975387454032898
	],
	"19. right_shoulder": [
		0.4190552830696106,
		0.38765934109687805,
		-0.02859519235789776,
		0.9999776482582092
	],
	"20. right_elbow": [
		0.39322996139526367,
		0.45419374108314514,
		0.0596575066447258,
		0.9032318592071533
	],
	"21. right_wrist": [
		0.36441078782081604,
		0.5104790329933167,
		-0.03215419128537178,
		0.9244561195373535
	],
	"24. nose": [
		0.4441072940826416,
		0.33915284276008606,
		-0.29930052161216736,
		0.9999663829803467
	],
	"25. left_eye": [
		0.45249927043914795,
		0.3265632688999176,
		-0.29113128781318665,
		0.9999252557754517
	],
	"26. right_eye": [
		0.4382984936237335,
		0.3312358558177948,
		-0.2793894410133362,
		0.999819815158844
	],
	"27. left_ear": [
		0.4680074155330658,
		0.32712647318840027,
		-0.19727864861488342,
		0.9998984932899475
	],
	"28. right_ear": [
		0.4391675889492035,
		0.3332439959049225,
		-0.13857276737689972,
		0.9997861385345459
	],
	"time stamp": 30.0
}