{
	"1. left_hip": [
		0.5102933049201965,
		0.5092548727989197,
		-0.00491701764985919,
		0.9997173547744751
	],
	"2. left_knee": [
		0.5054340362548828,
		0.6266653537750244,
		-0.08143723756074905,
		0.9651290774345398
	],
	"3. left_ankle": [
		0.5027086138725281,
		0.7516657710075378,
		0.09322036802768707,
		0.888785183429718
	],
	"6. right_hip": [
		0.45347321033477783,
		0.5125876665115356,
		0.004987222608178854,
		0.9997124075889587
	],
	"7. right_knee": [
		0.4530864953994751,
		0.6325216889381409,
		-0.03620624542236328,
		0.9838622212409973
	],
	"8. right_ankle": [
		0.46143215894699097,
		0.7385798692703247,
		0.15506798028945923,
		0.9681366086006165
	],
	"14. left_shoulder": [
		0.5233482718467712,
		0.366361141204834,
		0.02400451898574829,
		0.9999920129776001
	],
	"15. left_elbow": [
		0.5326976776123047,
		0.4369830787181854,
		-0.11519531160593033,
		0.99493807554245
	],
	"16. left_wrist": [
		0.5111216902732849,
		0.3940170407295227,
		-0.4058627784252167,
		0.9958698749542236
	],
	"19. right_shoulder": [
		0.424816370010376,
		0.36930522322654724,
		0.02080594375729561,
		0.999983549118042
	],
	"20. right_elbow": [
		0.42252108454704285,
		0.45040348172187805,
		0.02869306690990925,
		0.9558622241020203
	],
	"21. right_wrist": [
		0.44112667441368103,
		0.5182065367698669,
		-0.08408685028553009,
		0.9354352951049805
	],
	"24. nose": [
		0.4880673587322235,
		0.31022360920906067,
		-0.18563425540924072,
		0.999980628490448
	],
	"25. left_eye": [
		0.49698808789253235,
		0.3032628893852234,
		-0.16120465099811554,
		0.9999536275863647
	],
	"26. right_eye": [
		0.48005393147468567,
		0.29806554317474365,
		-0.16823868453502655,
		0.9999107122421265
	],
	"27. left_ear": [
		0.5030733346939087,
		0.3128020763397217,
		-0.025476958602666855,
		0.9999343752861023
	],
	"28. right_ear": [
		0.46432632207870483,
		0.3037317395210266,
		-0.05979444831609726,
		0.9999002814292908
	],
	"time stamp": 30.0
}