{
	"1. left_hip": [
		0.531139075756073,
		0.5151869654655457,
		0.0012961647007614374,
		0.9998909831047058
	],
	"2. left_knee": [
		0.5253246426582336,
		0.6410284042358398,
		-0.1669846922159195,
		0.9867230653762817
	],
	"3. left_ankle": [
		0.5049799680709839,
		0.7499522566795349,
		0.01531686820089817,
		0.9610891938209534
	],
	"6. right_hip": [
		0.47147732973098755,
		0.5201312303543091,
		-0.001276790164411068,
		0.999850869178772
	],
	"7. right_knee": [
		0.4811865985393524,
		0.6473259925842285,
		-0.04590124264359474,
		0.982940137386322
	],
	"8. right_ankle": [
		0.48195862770080566,
		0.7190446853637695,
		0.3214174807071686,
		0.9235524535179138
	],
	"14. left_shoulder": [
		0.5462849140167236,
		0.37661871314048767,
		0.04468951001763344,
		0.9999914765357971
	],
	"15. left_elbow": [
		0.5520420670509338,
		0.44547268748283386,
		-0.10469954460859299,
		0.9837762117385864
	],
	"16. left_wrist": [
		0.5226308107376099,
		0.36555033922195435,
		-0.34751060605049133,
		0.9932262301445007
	],
	"19. right_shoulder": [
		0.44554364681243896,
		0.36530089378356934,
		0.07801099121570587,
		0.9999856352806091
	],
	"20. right_elbow": [
		0.43006595969200134,
		0.44397687911987305,
		0.10733480751514435,
		0.9646422266960144
	],
	"21. right_wrist": [
		0.4212079644203186,
		0.5181902050971985,
		0.023510847240686417,
		0.9406943321228027
	],
	"24. nose": [
		0.5100352168083191,
		0.3056125044822693,
		-0.1326124668121338,
		0.9999889731407166
	],
	"25. left_eye": [
		0.5185338258743286,
		0.30162277817726135,
		-0.10584717243909836,
		0.9999726414680481
	],
	"26. right_eye": [
		0.5016419291496277,
		0.2958572804927826,
		-0.10860513895750046,
		0.9999606013298035
	],
	"27. left_ear": [
		0.5249373912811279,
		0.311332106590271,
		0.022897984832525253,
		0.9999456405639648
	],
	"28. right_ear": [
		0.4898677170276642,
		0.30202969908714294,
		0.004417245276272297,
		0.999963641166687
	],
	"time stamp": 30.0
}