{
	"1. left_hip": [
		0.5315995216369629,
		0.5158222913742065,
		-0.00036213526618666947,
		0.999910295009613
	],
	"2. left_knee": [
		0.5256191492080688,
		0.6403966546058655,
		-0.1227564886212349,
		0.9877575635910034
	],
	"3. left_ankle": [
		0.5047509074211121,
		0.7496456503868103,
		0.0812978446483612,
		0.964625358581543
	],
	"6. right_hip": [
		0.47129419445991516,
		0.5202130079269409,
		0.00034503190545365214,
		0.9998732805252075
	],
	"7. right_knee": [
		0.4815574288368225,
		0.6472446918487549,
		-0.04823250696063042,
		0.983032763004303
	],
	"8. right_ankle": [
		0.48425981402397156,
		0.7100752592086792,
		0.3667702078819275,
		0.8927649855613708
	],
	"14. left_shoulder": [
		0.5499405264854431,
		0.37645095586776733,
		0.005835987627506256,
		0.9999862909317017
	],
	"15. left_elbow": [
		0.5395401120185852,
		0.4388548731803894,
		-0.18690896034240723,
		0.9700226187705994
	],
	"16. left_wrist": [
		0.5166264176368713,
		0.3623844087123871,
		-0.46792781352996826,
		0.9901798367500305
	],
	"19. right_shoulder": [
		0.4487440586090088,
		0.366487056016922,
		0.07693002372980118,
		0.9999846816062927
	],
	"20. right_elbow": [
		0.4353313148021698,
		0.4458537697792053,
		0.1011890321969986,
		0.9605005979537964
	],
	"21. right_wrist": [
		0.4247596263885498,
		0.5181981921195984,
		0.019489645957946777,
		0.9365060329437256
	],
	"24. nose": [
		0.5088216066360474,
		0.3056681454181671,
		-0.1469804048538208,
		0.9999867677688599
	],
	"25. left_eye": [
		0.5179073810577393,
		0.3011839985847473,
		-0.11964511126279831,
		0.9999665021896362
	],
	"26. right_eye": [
		0.5008812546730042,
		0.2958012521266937,
		-0.12370197474956512,
		0.999953031539917
	],
	"27. left_ear": [
		0.5251675844192505,
		0.31111007928848267,
		-0.0060555897653102875,
		0.9999130368232727
	],
	"28. right_ear": [
		0.48914387822151184,
		0.3028866946697235,
		-0.0057937344536185265,
		0.9999585747718811
	],
	"time stamp": 30.0
}