{
	"1. left_hip": [
		0.5201445817947388,
		0.5158646106719971,
		-0.026433652266860008,
		0.9999620914459229
	],
	"2. left_knee": [
		0.5060590505599976,
		0.6472923755645752,
		-0.07143893092870712,
		0.988132119178772
	],
	"3. left_ankle": [
		0.5023461580276489,
		0.7482241988182068,
		0.14454784989356995,
		0.9772371053695679
	],
	"6. right_hip": [
		0.46355730295181274,
		0.5164320468902588,
		0.026332810521125793,
		0.9999068379402161
	],
	"7. right_knee": [
		0.46019983291625977,
		0.6456000208854675,
		-0.020775029435753822,
		0.985058605670929
	],
	"8. right_ankle": [
		0.47811928391456604,
		0.7298296689987183,
		0.23962906002998352,
		0.874419629573822
	],
	"14. left_shoulder": [
		0.5473942756652832,
		0.3647069036960602,
		-0.0044335611164569855,
		0.9999488592147827
	],
	"15. left_elbow": [
		0.533875048160553,
		0.4110565781593323,
		-0.1838187724351883,
		0.9302970767021179
	],
	"16. left_wrist": [
		0.5031018257141113,
		0.37105613946914673,
		-0.40361326932907104,
		0.9532936811447144
	],
	"19. right_shoulder": [
		0.45647209882736206,
		0.380102276802063,
		0.10488106310367584,
		0.9995924234390259
	],
	"20. right_elbow": [
		0.4563417434692383,
		0.45061105489730835,
		0.10240977257490158,
		0.5652020573616028
	],
	"21. right_wrist": [
		0.4530113637447357,
		0.5215558409690857,
		-0.0016180090606212616,
		0.5190024971961975
	],
	"24. nose": [
		0.4870529770851135,
		0.30614104866981506,
		-0.12350982427597046,
		0.9998942017555237
	],
	"25. left_eye": [
		0.49967527389526367,
		0.29698896408081055,
		-0.10443621873855591,
		0.9998148679733276
	],
	"26. right_eye": [
		0.480934202671051,
		0.30013084411621094,
		-0.0970192551612854,
		0.999668538570404
	],
	"27. left_ear": [
		0.5153104662895203,
		0.3036605715751648,
		-0.002043146640062332,
		0.9994679093360901
	],
	"28. right_ear": [
		0.4807046949863434,
		0.3081638514995575,
		0.03298010677099228,
		0.9996401071548462
	],
	"time stamp": 30.0
}