{
	"1. left_hip": [
		0.5141834616661072,
		0.5228050947189331,
		-0.028440343216061592,
		0.9999406933784485
	],
	"2. left_knee": [
		0.503200352191925,
		0.6507282853126526,
		-0.09460258483886719,
		0.9865855574607849
	],
	"3. left_ankle": [
		0.5020409822463989,
		0.7518514394760132,
		0.0897815078496933,
		0.9795570373535156
	],
	"6. right_hip": [
		0.45923152565956116,
		0.5227816104888916,
		0.028142014518380165,
		0.9998745322227478
	],
	"7. right_knee": [
		0.46027228236198425,
		0.6423857808113098,
		-0.04724691063165665,
		0.9868674874305725
	],
	"8. right_ankle": [
		0.47597962617874146,
		0.7356337904930115,
		0.18266817927360535,
		0.9112167358398438
	],
	"14. left_shoulder": [
		0.5457512140274048,
		0.3681660592556,
		-0.05295111611485481,
		0.999923050403595
	],
	"15. left_elbow": [
		0.5476678013801575,
		0.41078615188598633,
		-0.2657734751701355,
		0.9420665502548218
	],
	"16. left_wrist": [
		0.5243306159973145,
		0.34242624044418335,
		-0.514886200428009,
		0.956612765789032
	],
	"19. right_shoulder": [
		0.4561576843261719,
		0.3878493905067444,
		0.07611370831727982,
		0.9997087121009827
	],
	"20. right_elbow": [
		0.44016045331954956,
		0.4673685133457184,
		0.13749098777770996,
		0.6387528777122498
	],
	"21. right_wrist": [
		0.4246252179145813,
		0.5330194234848022,
		0.04900600016117096,
		0.6090149879455566
	],
	"24. nose": [
		0.4768875539302826,
		0.31524473428726196,
		-0.12772761285305023,
		0.9999145269393921
	],
	"25. left_eye": [
		0.4872293472290039,
		0.30664414167404175,
		-0.12158912420272827,
		0.9998339414596558
	],
	"26. right_eye": [
		0.4737476706504822,
		0.30853796005249023,
		-0.10495661199092865,
		0.9997251629829407
	],
	"27. left_ear": [
		0.5062234997749329,
		0.3127182126045227,
		-0.06352635473012924,
		0.9995149374008179
	],
	"28. right_ear": [
		0.4773477017879486,
		0.3147936761379242,
		0.011383002623915672,
		0.9997096061706543
	],
	"time stamp": 30.0
}