{
	"1. left_hip": [
		0.5096218585968018,
		0.5228350162506104,
		-0.03293360024690628,
		0.9998785853385925
	],
	"2. left_knee": [
		0.4992339611053467,
		0.6371067762374878,
		-0.0987832322716713,
		0.9805774092674255
	],
	"3. left_ankle": [
		0.5025758147239685,
		0.7529785633087158,
		0.0424979142844677,
		0.9796528816223145
	],
	"6. right_hip": [
		0.4550759494304657,
		0.5231071710586548,
		0.032660920172929764,
		0.9997360110282898
	],
	"7. right_knee": [
		0.45806971192359924,
		0.6377659440040588,
		-0.023829219862818718,
		0.9819808006286621
	],
	"8. right_ankle": [
		0.47706344723701477,
		0.7376919984817505,
		0.13058172166347504,
		0.9313399791717529
	],
	"14. left_shoulder": [
		0.5409113168716431,
		0.3726370334625244,
		-0.06611833721399307,
		0.999894380569458
	],
	"15. left_elbow": [
		0.5528550744056702,
		0.38627901673316956,
		-0.2664667069911957,
		0.9578577876091003
	],
	"16. left_wrist": [
		0.5225779414176941,
		0.3287683427333832,
		-0.5008931756019592,
		0.9585237503051758
	],
	"19. right_shoulder": [
		0.45397698879241943,
		0.392645925283432,
		0.055753108114004135,
		0.9998143911361694
	],
	"20. right_elbow": [
		0.43255478143692017,
		0.469240665435791,
		0.11260006576776505,
		0.7654374241828918
	],
	"21. right_wrist": [
		0.41623541712760925,
		0.5321150422096252,
		0.04412340372800827,
		0.7611207962036133
	],
	"24. nose": [
		0.47470489144325256,
		0.32200074195861816,
		-0.1695994734764099,
		0.9999023079872131
	],
	"25. left_eye": [
		0.4855324625968933,
		0.31251606345176697,
		-0.15790702402591705,
		0.9997692704200745
	],
	"26. right_eye": [
		0.47168269753456116,
		0.3143886625766754,
		-0.14685648679733276,
		0.9996776580810547
	],
	"27. left_ear": [
		0.5028015971183777,
		0.31710606813430786,
		-0.07922123372554779,
		0.9993476271629333
	],
	"28. right_ear": [
		0.4738061726093292,
		0.32024407386779785,
		-0.02586110308766365,
		0.9996921420097351
	],
	"time stamp": 30.0
}