{
	"1. left_hip": [
		0.5092514157295227,
		0.519059419631958,
		-0.02963753417134285,
		0.9998123645782471
	],
	"2. left_knee": [
		0.49840256571769714,
		0.6271610260009766,
		-0.0962272360920906,
		0.9787063002586365
	],
	"3. left_ankle": [
		0.5037885308265686,
		0.7415919303894043,
		0.013699855655431747,
		0.9800258874893188
	],
	"6. right_hip": [
		0.4551307260990143,
		0.5209769606590271,
		0.0294541884213686,
		0.9996098279953003
	],
	"7. right_knee": [
		0.4578303098678589,
		0.6319345831871033,
		-0.05724453181028366,
		0.9798715114593506
	],
	"8. right_ankle": [
		0.47794416546821594,
		0.7377878427505493,
		0.05318007990717888,
		0.9428049325942993
	],
	"14. left_shoulder": [
		0.5401861667633057,
		0.37317782640457153,
		-0.06651784479618073,
		0.9998956322669983
	],
	"15. left_elbow": [
		0.5533367991447449,
		0.38161909580230713,
		-0.24386446177959442,
		0.9683765172958374
	],
	"16. left_wrist": [
		0.520672619342804,
		0.3307361602783203,
		-0.46160295605659485,
		0.9642374515533447
	],
	"19. right_shoulder": [
		0.4510107636451721,
		0.39386633038520813,
		0.01876857876777649,
		0.9998470544815063
	],
	"20. right_elbow": [
		0.4317449629306793,
		0.4700604975223541,
		0.06859228760004044,
		0.8261380791664124
	],
	"21. right_wrist": [
		0.4173041880130768,
		0.5321289896965027,
		-0.003586648730561137,
		0.8242372870445251
	],
	"24. nose": [
		0.48378223180770874,
		0.3242740333080292,
		-0.2183491438627243,
		0.9999050498008728
	],
	"25. left_eye": [
		0.4925699830055237,
		0.31566527485847473,
		-0.19939389824867249,
		0.9997585415840149
	],
	"26. right_eye": [
		0.47539710998535156,
		0.3163401186466217,
		-0.19473926723003387,
		0.999676525592804
	],
	"27. left_ear": [
		0.5036284327507019,
		0.3197338283061981,
		-0.0931495875120163,
		0.9993621706962585
	],
	"28. right_ear": [
		0.47276902198791504,
		0.3223932981491089,
		-0.06931339204311371,
		0.9996864795684814
	],
	"time stamp": 30.0
}