{
	"1. left_hip": [
		0.5093774199485779,
		0.5169968605041504,
		-0.025611454620957375,
		0.9997576475143433
	],
	"2. left_knee": [
		0.4984099268913269,
		0.6235719323158264,
		-0.10344842821359634,
		0.9781296253204346
	],
	"3. left_ankle": [
		0.502979576587677,
		0.7307475209236145,
		0.022603614255785942,
		0.9796386361122131
	],
	"6. right_hip": [
		0.4552680552005768,
		0.5188483595848083,
		0.025481728836894035,
		0.9995540976524353
	],
	"7. right_knee": [
		0.45781248807907104,
		0.6307123303413391,
		-0.05577826499938965,
		0.980086088180542
	],
	"8. right_ankle": [
		0.4782227575778961,
		0.7363009452819824,
		0.06267906725406647,
		0.9485601782798767
	],
	"14. left_shoulder": [
		0.5402684807777405,
		0.3731738030910492,
		-0.06350767612457275,
		0.9998835325241089
	],
	"15. left_elbow": [
		0.5523321032524109,
		0.3813905417919159,
		-0.2424236387014389,
		0.971527099609375
	],
	"16. left_wrist": [
		0.5219928026199341,
		0.3341499865055084,
		-0.46922826766967773,
		0.9645514488220215
	],
	"19. right_shoulder": [
		0.45046481490135193,
		0.39373764395713806,
		0.01980501599609852,
		0.9998569488525391
	],
	"20. right_elbow": [
		0.43201708793640137,
		0.46875235438346863,
		0.06523667275905609,
		0.8522446751594543
	],
	"21. right_wrist": [
		0.41769275069236755,
		0.5314663648605347,
		-0.005016766954213381,
		0.8471730351448059
	],
	"24. nose": [
		0.4877500832080841,
		0.3242746591567993,
		-0.21322986483573914,
		0.9999083876609802
	],
	"25. left_eye": [
		0.49602779746055603,
		0.3156294524669647,
		-0.19358153641223907,
		0.9997631311416626
	],
	"26. right_eye": [
		0.4781343340873718,
		0.3162842392921448,
		-0.18931448459625244,
		0.9996885061264038
	],
	"27. left_ear": [
		0.504912793636322,
		0.32000643014907837,
		-0.08660521358251572,
		0.9993914365768433
	],
	"28. right_ear": [
		0.4728598892688751,
		0.32227617502212524,
		-0.06327088177204132,
		0.9996944069862366
	],
	"time stamp": 30.0
}