{
	"1. left_hip": [
		0.5130668878555298,
		0.5114683508872986,
		-0.014773684553802013,
		0.9996083378791809
	],
	"2. left_knee": [
		0.49838608503341675,
		0.6196928024291992,
		0.04887637868523598,
		0.9673154950141907
	],
	"3. left_ankle": [
		0.501893937587738,
		0.6786742210388184,
		0.38989225029945374,
		0.9472471475601196
	],
	"6. right_hip": [
		0.4599047601222992,
		0.5156908631324768,
		0.01473632175475359,
		0.9996802806854248
	],
	"7. right_knee": [
		0.4587542712688446,
		0.6296672821044922,
		-0.10715039819478989,
		0.9851567149162292
	],
	"8. right_ankle": [
		0.4759533405303955,
		0.7329233884811401,
		-0.017167463898658752,
		0.9640563726425171
	],
	"14. left_shoulder": [
		0.5411635637283325,
		0.3704526126384735,
		-0.12678684294223785,
		0.9996272325515747
	],
	"15. left_elbow": [
		0.5448356866836548,
		0.38085129857063293,
		-0.3115859627723694,
		0.9643107652664185
	],
	"16. left_wrist": [
		0.5260461568832397,
		0.33339065313339233,
		-0.5736765265464783,
		0.9436296820640564
	],
	"19. right_shoulder": [
		0.4493447542190552,
		0.38740628957748413,
		-0.051261596381664276,
		0.9998908638954163
	],
	"20. right_elbow": [
		0.43464142084121704,
		0.4589616358280182,
		0.020348012447357178,
		0.8941752910614014
	],
	"21. right_wrist": [
		0.42551541328430176,
		0.5262610912322998,
		-0.03001028299331665,
		0.8560581207275391
	],
	"24. nose": [
		0.4923609495162964,
		0.3267517387866974,
		-0.30382347106933594,
		0.999854564666748
	],
	"25. left_eye": [
		0.5022791028022766,
		0.31728866696357727,
		-0.2870136499404907,
		0.9995285868644714
	],
	"26. right_eye": [
		0.482614129781723,
		0.317545086145401,
		-0.2834372818470001,
		0.9995176792144775
	],
	"27. left_ear": [
		0.5106021761894226,
		0.3207453787326813,
		-0.17014531791210175,
		0.9987809658050537
	],
	"28. right_ear": [
		0.4750136733055115,
		0.3219735324382782,
		-0.15300926566123962,
		0.9994417428970337
	],
	"time stamp": 30.0
}