{
	"1. left_hip": [
		0.5244298577308655,
		0.5137481093406677,
		-0.015549979172647,
		0.9995123744010925
	],
	"2. left_knee": [
		0.5203525424003601,
		0.634573757648468,
		-0.07587472349405289,
		0.9738545417785645
	],
	"3. left_ankle": [
		0.5121519565582275,
		0.7281349301338196,
		0.1299796849489212,
		0.9509885907173157
	],
	"6. right_hip": [
		0.4704306125640869,
		0.5164036154747009,
		0.015575030818581581,
		0.9996261596679688
	],
	"7. right_knee": [
		0.46764203906059265,
		0.6310887932777405,
		-0.04191077500581741,
		0.9890268445014954
	],
	"8. right_ankle": [
		0.4777219295501709,
		0.7317220568656921,
		0.1329258382320404,
		0.9751049876213074
	],
	"14. left_shoulder": [
		0.5441121459007263,
		0.37033671140670776,
		-0.027618134394288063,
		0.9996949434280396
	],
	"15. left_elbow": [
		0.5450388193130493,
		0.4151725769042969,
		-0.1973400115966797,
		0.9619614481925964
	],
	"16. left_wrist": [
		0.5290539264678955,
		0.41220274567604065,
		-0.5087815523147583,
		0.9542237520217896
	],
	"19. right_shoulder": [
		0.4499274790287018,
		0.3753644526004791,
		0.04428422823548317,
		0.9999054670333862
	],
	"20. right_elbow": [
		0.4394294321537018,
		0.44910457730293274,
		0.07992595434188843,
		0.9282885193824768
	],
	"21. right_wrist": [
		0.4347741901874542,
		0.5175740122795105,
		-0.01010669581592083,
		0.8917911648750305
	],
	"24. nose": [
		0.494453102350235,
		0.32959219813346863,
		-0.1960156112909317,
		0.9998672604560852
	],
	"25. left_eye": [
		0.5053740739822388,
		0.31894928216934204,
		-0.1798333376646042,
		0.9995675086975098
	],
	"26. right_eye": [
		0.48601141571998596,
		0.3186562955379486,
		-0.17575232684612274,
		0.999502420425415
	],
	"27. left_ear": [
		0.5156673192977905,
		0.3237336277961731,
		-0.06649380922317505,
		0.9989771842956543
	],
	"28. right_ear": [
		0.47728532552719116,
		0.3218609094619751,
		-0.04496609419584274,
		0.9994205236434937
	],
	"time stamp": 30.0
}