{
	"1. left_hip": [
		0.5258552432060242,
		0.5273128747940063,
		-0.01219214964658022,
		0.9995253086090088
	],
	"2. left_knee": [
		0.5222335457801819,
		0.641913890838623,
		-0.0630749762058258,
		0.9764347076416016
	],
	"3. left_ankle": [
		0.5132758021354675,
		0.7287000417709351,
		0.1641882359981537,
		0.9568831920623779
	],
	"6. right_hip": [
		0.471706360578537,
		0.5273313522338867,
		0.012150319293141365,
		0.9995838403701782
	],
	"7. right_knee": [
		0.4692257046699524,
		0.632081925868988,
		-0.10390685498714447,
		0.9899649620056152
	],
	"8. right_ankle": [
		0.4785768389701843,
		0.7078208327293396,
		0.1788962185382843,
		0.9750657677650452
	],
	"14. left_shoulder": [
		0.5456867814064026,
		0.3852108120918274,
		-0.10533720999956131,
		0.9997361302375793
	],
	"15. left_elbow": [
		0.5519734025001526,
		0.44446858763694763,
		-0.2035766839981079,
		0.9525957107543945
	],
	"16. left_wrist": [
		0.5366097688674927,
		0.48505711555480957,
		-0.44612017273902893,
		0.9480437636375427
	],
	"19. right_shoulder": [
		0.4509841501712799,
		0.39055335521698,
		-0.0493127815425396,
		0.9999002814292908
	],
	"20. right_elbow": [
		0.44021889567375183,
		0.46789368987083435,
		-0.014089099131524563,
		0.9351766109466553
	],
	"21. right_wrist": [
		0.4339318871498108,
		0.5313994288444519,
		-0.11344306915998459,
		0.9004648327827454
	],
	"24. nose": [
		0.49459484219551086,
		0.3319619297981262,
		-0.28101667761802673,
		0.9998786449432373
	],
	"25. left_eye": [
		0.5058887600898743,
		0.3230675160884857,
		-0.26347464323043823,
		0.9996048212051392
	],
	"26. right_eye": [
		0.48659923672676086,
		0.3221936523914337,
		-0.2597268223762512,
		0.9995333552360535
	],
	"27. left_ear": [
		0.5164406299591064,
		0.33061254024505615,
		-0.15267637372016907,
		0.9990555644035339
	],
	"28. right_ear": [
		0.47899129986763,
		0.3283213973045349,
		-0.13298040628433228,
		0.9994255304336548
	],
	"time stamp": 30.0
}