{
	"1. left_hip": [
		0.5247061252593994,
		0.5331164598464966,
		0.003627501893788576,
		0.9996390342712402
	],
	"2. left_knee": [
		0.5213608741760254,
		0.6445774435997009,
		-0.007350082974880934,
		0.9794501662254333
	],
	"3. left_ankle": [
		0.5153132081031799,
		0.7290891408920288,
		0.1858762949705124,
		0.9649621248245239
	],
	"6. right_hip": [
		0.4708438515663147,
		0.5312694907188416,
		-0.0036979811266064644,
		0.9996667504310608
	],
	"7. right_knee": [
		0.4712015390396118,
		0.6198071241378784,
		-0.17341846227645874,
		0.9911542534828186
	],
	"8. right_ankle": [
		0.48129013180732727,
		0.6334450840950012,
		0.15898248553276062,
		0.9274213314056396
	],
	"14. left_shoulder": [
		0.5461635589599609,
		0.3948538303375244,
		-0.1424933224916458,
		0.999804675579071
	],
	"15. left_elbow": [
		0.5555120706558228,
		0.4700097441673279,
		-0.12980514764785767,
		0.9584721326828003
	],
	"16. left_wrist": [
		0.5486226081848145,
		0.5336745381355286,
		-0.2629310190677643,
		0.9519597291946411
	],
	"19. right_shoulder": [
		0.4528365433216095,
		0.4010467231273651,
		-0.12073884159326553,
		0.9999176263809204
	],
	"20. right_elbow": [
		0.44019392132759094,
		0.47667938470840454,
		-0.06996174901723862,
		0.9465507864952087
	],
	"21. right_wrist": [
		0.4324793219566345,
		0.5380431413650513,
		-0.1758478581905365,
		0.90933758020401
	],
	"24. nose": [
		0.4945714771747589,
		0.339603453874588,
		-0.3338397443294525,
		0.9999086260795593
	],
	"25. left_eye": [
		0.5060074329376221,
		0.33004987239837646,
		-0.31922462582588196,
		0.9997026920318604
	],
	"26. right_eye": [
		0.48645922541618347,
		0.33031344413757324,
		-0.3172365427017212,
		0.9996463060379028
	],
	"27. left_ear": [
		0.5169376134872437,
		0.3366076946258545,
		-0.21242187917232513,
		0.9992801547050476
	],
	"28. right_ear": [
		0.47913405299186707,
		0.3369726240634918,
		-0.20612406730651855,
		0.9995594024658203
	],
	"time stamp": 30.0
}