{
	"1. left_hip": [
		0.5196494460105896,
		0.5572881698608398,
		-0.01032395102083683,
		0.9998259544372559
	],
	"2. left_knee": [
		0.5595143437385559,
		0.6573269963264465,
		-0.05974026396870613,
		0.993575394153595
	],
	"3. left_ankle": [
		0.6148025989532471,
		0.7440136671066284,
		0.08438335359096527,
		0.9901059865951538
	],
	"6. right_hip": [
		0.4576948881149292,
		0.5535905361175537,
		0.010123908519744873,
		0.9997784495353699
	],
	"7. right_knee": [
		0.41682446002960205,
		0.6491914391517639,
		-0.053929056972265244,
		0.9965068101882935
	],
	"8. right_ankle": [
		0.38417479395866394,
		0.7387646436691284,
		0.1292332410812378,
		0.9588631391525269
	],
	"14. left_shoulder": [
		0.5420589447021484,
		0.4140063226222992,
		-0.2262246012687683,
		0.9999523758888245
	],
	"15. left_elbow": [
		0.5878872871398926,
		0.4753623604774475,
		-0.18203942477703094,
		0.986875593662262
	],
	"16. left_wrist": [
		0.6070534586906433,
		0.5396120548248291,
		-0.27232521772384644,
		0.9768221974372864
	],
	"19. right_shoulder": [
		0.4411467909812927,
		0.41349029541015625,
		-0.18544802069664001,
		0.9999570250511169
	],
	"20. right_elbow": [
		0.4048212468624115,
		0.47424498200416565,
		-0.12359609454870224,
		0.9603437185287476
	],
	"21. right_wrist": [
		0.39713937044143677,
		0.5383710265159607,
		-0.21382680535316467,
		0.9122936129570007
	],
	"24. nose": [
		0.48638007044792175,
		0.38225382566452026,
		-0.4480827748775482,
		0.9999735355377197
	],
	"25. left_eye": [
		0.4968813359737396,
		0.3705328106880188,
		-0.4399940073490143,
		0.9999141097068787
	],
	"26. right_eye": [
		0.4792234003543854,
		0.36964526772499084,
		-0.43774834275245667,
		0.9998937845230103
	],
	"27. left_ear": [
		0.508019208908081,
		0.36963972449302673,
		-0.32925713062286377,
		0.9998073577880859
	],
	"28. right_ear": [
		0.47437426447868347,
		0.3677006661891937,
		-0.3159900903701782,
		0.9998566508293152
	],
	"time stamp": 30.0
}