{
	"1. left_hip": [
		0.5210927128791809,
		0.5757744312286377,
		-0.0122893787920475,
		0.9996125102043152
	],
	"2. left_knee": [
		0.5476437211036682,
		0.6709005236625671,
		-0.08214713633060455,
		0.9957942366600037
	],
	"3. left_ankle": [
		0.614018976688385,
		0.7353343367576599,
		0.08840218931436539,
		0.9958800673484802
	],
	"6. right_hip": [
		0.46454641222953796,
		0.5751336216926575,
		0.012167932465672493,
		0.99955153465271
	],
	"7. right_knee": [
		0.4091525971889496,
		0.6554253101348877,
		-0.12842407822608948,
		0.9949906468391418
	],
	"8. right_ankle": [
		0.38242486119270325,
		0.7465779781341553,
		0.06325563788414001,
		0.9907882213592529
	],
	"14. left_shoulder": [
		0.5465878248214722,
		0.4534223675727844,
		-0.049087319523096085,
		0.9999836087226868
	],
	"15. left_elbow": [
		0.5690080523490906,
		0.505490243434906,
		-0.1824970841407776,
		0.993427574634552
	],
	"16. left_wrist": [
		0.5826203227043152,
		0.4855468273162842,
		-0.42087048292160034,
		0.9856064319610596
	],
	"19. right_shoulder": [
		0.4575580656528473,
		0.45284929871559143,
		-0.0431775338947773,
		0.9999390244483948
	],
	"20. right_elbow": [
		0.4247659742832184,
		0.505027174949646,
		-0.15530958771705627,
		0.974342942237854
	],
	"21. right_wrist": [
		0.42810314893722534,
		0.4973773658275604,
		-0.3969758152961731,
		0.9617918729782104
	],
	"24. nose": [
		0.5004259347915649,
		0.3908250033855438,
		-0.24873828887939453,
		0.999991774559021
	],
	"25. left_eye": [
		0.5111538767814636,
		0.3840530812740326,
		-0.22706018388271332,
		0.9999747276306152
	],
	"26. right_eye": [
		0.4903603494167328,
		0.3839672803878784,
		-0.22701676189899445,
		0.9999711513519287
	],
	"27. left_ear": [
		0.5218343734741211,
		0.3935791850090027,
		-0.110724076628685,
		0.9999566078186035
	],
	"28. right_ear": [
		0.48231974244117737,
		0.393660306930542,
		-0.10958947986364365,
		0.9999513030052185
	],
	"time stamp": 30.0
}