{
	"1. left_hip": [
		0.5233087539672852,
		0.5606186985969543,
		-0.027551770210266113,
		0.9995425939559937
	],
	"2. left_knee": [
		0.549081027507782,
		0.6601452231407166,
		-0.0058332784101367,
		0.9969288110733032
	],
	"3. left_ankle": [
		0.6173951625823975,
		0.7432050704956055,
		0.19042187929153442,
		0.9961496591567993
	],
	"6. right_hip": [
		0.46349188685417175,
		0.5588124990463257,
		0.027345048263669014,
		0.999545693397522
	],
	"7. right_knee": [
		0.41551122069358826,
		0.6568742394447327,
		0.029501231387257576,
		0.996591329574585
	],
	"8. right_ankle": [
		0.3865833282470703,
		0.7441072463989258,
		0.23223306238651276,
		0.9948657155036926
	],
	"14. left_shoulder": [
		0.5477346777915955,
		0.41062840819358826,
		-0.0771588385105133,
		0.9999112486839294
	],
	"15. left_elbow": [
		0.5920722484588623,
		0.4572342336177826,
		-0.25939247012138367,
		0.9953683614730835
	],
	"16. left_wrist": [
		0.5836838483810425,
		0.400540292263031,
		-0.4675794839859009,
		0.9879417419433594
	],
	"19. right_shoulder": [
		0.4494956433773041,
		0.40982329845428467,
		-0.02580442652106285,
		0.9998063445091248
	],
	"20. right_elbow": [
		0.4099259078502655,
		0.4624680280685425,
		-0.1825433373451233,
		0.9870296120643616
	],
	"21. right_wrist": [
		0.4076661169528961,
		0.4044061601161957,
		-0.43161624670028687,
		0.9844245314598083
	],
	"24. nose": [
		0.48451876640319824,
		0.3439803421497345,
		-0.235202357172966,
		0.9999831318855286
	],
	"25. left_eye": [
		0.49822965264320374,
		0.3371429443359375,
		-0.2152032107114792,
		0.9999416470527649
	],
	"26. right_eye": [
		0.4774596691131592,
		0.33726826310157776,
		-0.21027705073356628,
		0.9999339580535889
	],
	"27. left_ear": [
		0.5115414261817932,
		0.347184956073761,
		-0.1084027886390686,
		0.9999046325683594
	],
	"28. right_ear": [
		0.47449254989624023,
		0.34677401185035706,
		-0.08302057534456253,
		0.9998790621757507
	],
	"time stamp": 30.0
}