{
	"1. left_hip": [
		0.5490705370903015,
		0.5471967458724976,
		-0.01522575132548809,
		0.9996231198310852
	],
	"2. left_knee": [
		0.5904353260993958,
		0.6483649015426636,
		-0.0549175888299942,
		0.9972016215324402
	],
	"3. left_ankle": [
		0.6263366937637329,
		0.7386801242828369,
		0.11211007088422775,
		0.9959395527839661
	],
	"6. right_hip": [
		0.4907182455062866,
		0.5494011044502258,
		0.015228466130793095,
		0.9996352195739746
	],
	"7. right_knee": [
		0.44139817357063293,
		0.6519140005111694,
		-0.011788046918809414,
		0.9975356459617615
	],
	"8. right_ankle": [
		0.38980409502983093,
		0.7434267997741699,
		0.12725497782230377,
		0.9960624575614929
	],
	"14. left_shoulder": [
		0.552301287651062,
		0.38394132256507874,
		-0.072260782122612,
		0.999700665473938
	],
	"15. left_elbow": [
		0.6031857132911682,
		0.3294081687927246,
		-0.12703439593315125,
		0.9960926175117493
	],
	"16. left_wrist": [
		0.6435036063194275,
		0.27444398403167725,
		-0.21937628090381622,
		0.9886694550514221
	],
	"19. right_shoulder": [
		0.46132248640060425,
		0.3921070396900177,
		-0.029072798788547516,
		0.99961256980896
	],
	"20. right_elbow": [
		0.4108826220035553,
		0.34554392099380493,
		-0.04931604489684105,
		0.9904820919036865
	],
	"21. right_wrist": [
		0.3659456670284271,
		0.2918076813220978,
		-0.15407529473304749,
		0.9876940846443176
	],
	"24. nose": [
		0.4875796139240265,
		0.3430459499359131,
		-0.21218469738960266,
		0.9999741315841675
	],
	"25. left_eye": [
		0.499783992767334,
		0.33470427989959717,
		-0.19693401455879211,
		0.9999039769172668
	],
	"26. right_eye": [
		0.48246562480926514,
		0.33489280939102173,
		-0.19036905467510223,
		0.9999094605445862
	],
	"27. left_ear": [
		0.5137531161308289,
		0.3413950204849243,
		-0.10558011382818222,
		0.9998415112495422
	],
	"28. right_ear": [
		0.4841292202472687,
		0.3410693407058716,
		-0.07595723867416382,
		0.9998459815979004
	],
	"time stamp": 30.0
}