{
	"1. left_hip": [
		0.5144083499908447,
		0.5255481004714966,
		0.0006625846144743264,
		0.9995577931404114
	],
	"2. left_knee": [
		0.5058887600898743,
		0.6316136717796326,
		0.006199588067829609,
		0.9872614741325378
	],
	"3. left_ankle": [
		0.48728424310684204,
		0.7242534160614014,
		0.19721591472625732,
		0.9717605113983154
	],
	"6. right_hip": [
		0.46045780181884766,
		0.5262820720672607,
		-0.0007564653060398996,
		0.99965900182724
	],
	"7. right_knee": [
		0.46177157759666443,
		0.6378078460693359,
		0.006036470644176006,
		0.9950534701347351
	],
	"8. right_ankle": [
		0.45683717727661133,
		0.7337310910224915,
		0.17906099557876587,
		0.9921276569366455
	],
	"14. left_shoulder": [
		0.5330308079719543,
		0.38108450174331665,
		-0.021261734887957573,
		0.9975138902664185
	],
	"15. left_elbow": [
		0.5398663878440857,
		0.33897989988327026,
		-0.2622281610965729,
		0.9805673956871033
	],
	"16. left_wrist": [
		0.5373061895370483,
		0.29480236768722534,
		-0.4297986924648285,
		0.9594387412071228
	],
	"19. right_shoulder": [
		0.45301899313926697,
		0.3785494267940521,
		-0.009630328044295311,
		0.9979028105735779
	],
	"20. right_elbow": [
		0.4408681094646454,
		0.3258092999458313,
		-0.24608196318149567,
		0.9808005094528198
	],
	"21. right_wrist": [
		0.445127934217453,
		0.2922792434692383,
		-0.43334105610847473,
		0.9318140745162964
	],
	"24. nose": [
		0.49245643615722656,
		0.3247757852077484,
		-0.14211280643939972,
		0.999842643737793
	],
	"25. left_eye": [
		0.5025100708007812,
		0.31530046463012695,
		-0.11915649473667145,
		0.9995841383934021
	],
	"26. right_eye": [
		0.4834285080432892,
		0.3172496259212494,
		-0.11730645596981049,
		0.9995203614234924
	],
	"27. left_ear": [
		0.5122501254081726,
		0.3228854537010193,
		-0.014608685858547688,
		0.9994084239006042
	],
	"28. right_ear": [
		0.47501707077026367,
		0.32440754771232605,
		-0.005793990101665258,
		0.9991773962974548
	],
	"time stamp": 30.0
}