{
	"1. left_hip": [
		0.5296797156333923,
		0.5358819961547852,
		0.031548503786325455,
		0.9997155666351318
	],
	"2. left_knee": [
		0.5577213168144226,
		0.6185145974159241,
		-0.15976916253566742,
		0.9877238869667053
	],
	"3. left_ankle": [
		0.5177625417709351,
		0.7071443796157837,
		0.04371289163827896,
		0.9661807417869568
	],
	"6. right_hip": [
		0.4761742353439331,
		0.5397502779960632,
		-0.03157992288470268,
		0.9995277523994446
	],
	"7. right_knee": [
		0.4679194688796997,
		0.6497976183891296,
		-0.03162179887294769,
		0.9837189316749573
	],
	"8. right_ankle": [
		0.4512171745300293,
		0.7294454574584961,
		0.17244835197925568,
		0.9076516628265381
	],
	"14. left_shoulder": [
		0.5386139750480652,
		0.3853597044944763,
		-0.01714758761227131,
		0.9988558888435364
	],
	"15. left_elbow": [
		0.6088550686836243,
		0.3763565123081207,
		-0.14955450594425201,
		0.9658769965171814
	],
	"16. left_wrist": [
		0.5794960856437683,
		0.3191099762916565,
		-0.29774928092956543,
		0.9679225087165833
	],
	"19. right_shoulder": [
		0.4471559226512909,
		0.39553195238113403,
		-0.10276829451322556,
		0.9974468946456909
	],
	"20. right_elbow": [
		0.39091426134109497,
		0.43958038091659546,
		-0.25652435421943665,
		0.9599305987358093
	],
	"21. right_wrist": [
		0.3990989625453949,
		0.3823499381542206,
		-0.4048340618610382,
		0.9230697751045227
	],
	"24. nose": [
		0.5096015930175781,
		0.3313566744327545,
		-0.23189538717269897,
		0.9998718500137329
	],
	"25. left_eye": [
		0.5114255547523499,
		0.32316869497299194,
		-0.20752152800559998,
		0.9997711777687073
	],
	"26. right_eye": [
		0.4978495240211487,
		0.32161641120910645,
		-0.21553651988506317,
		0.999678373336792
	],
	"27. left_ear": [
		0.5099573731422424,
		0.3293842077255249,
		-0.09035960584878922,
		0.9996837973594666
	],
	"28. right_ear": [
		0.47956547141075134,
		0.3289026618003845,
		-0.12721067667007446,
		0.9994680881500244
	],
	"time stamp": 30.0
}