{
	"1. left_hip": [
		0.5453081727027893,
		0.515018105506897,
		0.04780782759189606,
		0.9997440576553345
	],
	"2. left_knee": [
		0.5636493563652039,
		0.6107128858566284,
		-0.05813739448785782,
		0.989845871925354
	],
	"3. left_ankle": [
		0.544002115726471,
		0.707883894443512,
		0.1278911828994751,
		0.9712191820144653
	],
	"6. right_hip": [
		0.49323222041130066,
		0.5212989449501038,
		-0.04788650572299957,
		0.9995729923248291
	],
	"7. right_knee": [
		0.49785518646240234,
		0.6292327046394348,
		-0.08835367113351822,
		0.9861019253730774
	],
	"8. right_ankle": [
		0.46242424845695496,
		0.7060848474502563,
		0.1901206225156784,
		0.9258494973182678
	],
	"14. left_shoulder": [
		0.543092668056488,
		0.3613681495189667,
		0.01746383123099804,
		0.9990562200546265
	],
	"15. left_elbow": [
		0.603155791759491,
		0.3173975646495819,
		0.028895217925310135,
		0.9727527499198914
	],
	"16. left_wrist": [
		0.6222235560417175,
		0.24816074967384338,
		-0.026171039789915085,
		0.9725536108016968
	],
	"19. right_shoulder": [
		0.45262786746025085,
		0.3782227337360382,
		-0.11997314542531967,
		0.9980777502059937
	],
	"20. right_elbow": [
		0.38518857955932617,
		0.39057981967926025,
		-0.19265682995319366,
		0.9705180525779724
	],
	"21. right_wrist": [
		0.3326154053211212,
		0.34787777066230774,
		-0.3181019425392151,
		0.9430370330810547
	],
	"24. nose": [
		0.5202073454856873,
		0.32169896364212036,
		-0.1821906864643097,
		0.999895453453064
	],
	"25. left_eye": [
		0.5198877453804016,
		0.31239157915115356,
		-0.1601272076368332,
		0.9997967481613159
	],
	"26. right_eye": [
		0.5081171989440918,
		0.31305113434791565,
		-0.1808108240365982,
		0.9997519850730896
	],
	"27. left_ear": [
		0.512786328792572,
		0.3179091811180115,
		-0.047326575964689255,
		0.9997153878211975
	],
	"28. right_ear": [
		0.4905526041984558,
		0.3198983073234558,
		-0.12724527716636658,
		0.9996036291122437
	],
	"time stamp": 30.0
}