{
	"1. left_hip": [
		0.5821511745452881,
		0.492899626493454,
		0.0183278638869524,
		0.9993904232978821
	],
	"2. left_knee": [
		0.5818575024604797,
		0.6060656905174255,
		0.017167024314403534,
		0.901130199432373
	],
	"3. left_ankle": [
		0.5693284273147583,
		0.7176733016967773,
		0.09939542412757874,
		0.9388961791992188
	],
	"6. right_hip": [
		0.5339572429656982,
		0.5012145638465881,
		-0.01835133507847786,
		0.9995908737182617
	],
	"7. right_knee": [
		0.5778614282608032,
		0.588202953338623,
		-0.12441981583833694,
		0.9621185660362244
	],
	"8. right_ankle": [
		0.604171872138977,
		0.701718807220459,
		-0.08240868151187897,
		0.9530845880508423
	],
	"14. left_shoulder": [
		0.5726154446601868,
		0.33631646633148193,
		-0.005156527739018202,
		0.9996989369392395
	],
	"15. left_elbow": [
		0.6047831177711487,
		0.2708381414413452,
		-0.04302674159407616,
		0.9906057119369507
	],
	"16. left_wrist": [
		0.6341931223869324,
		0.20561280846595764,
		-0.1497408002614975,
		0.9878581762313843
	],
	"19. right_shoulder": [
		0.4863126277923584,
		0.37334632873535156,
		-0.04223287105560303,
		0.9995104670524597
	],
	"20. right_elbow": [
		0.4200131595134735,
		0.39209532737731934,
		-0.0738685354590416,
		0.9788276553153992
	],
	"21. right_wrist": [
		0.36379480361938477,
		0.3997054100036621,
		-0.19533227384090424,
		0.9720818996429443
	],
	"24. nose": [
		0.5375338792800903,
		0.3079151511192322,
		-0.1994190663099289,
		0.9999521374702454
	],
	"25. left_eye": [
		0.5367336273193359,
		0.2990778684616089,
		-0.17792828381061554,
		0.9998550415039062
	],
	"26. right_eye": [
		0.5246830582618713,
		0.30257004499435425,
		-0.18561919033527374,
		0.9998959898948669
	],
	"27. left_ear": [
		0.5340338945388794,
		0.30444836616516113,
		-0.0553756020963192,
		0.9997334480285645
	],
	"28. right_ear": [
		0.5089895725250244,
		0.3121471703052521,
		-0.09538344293832779,
		0.9998841285705566
	],
	"time stamp": 30.0
}