{
	"1. left_hip": [
		0.5000160336494446,
		0.5239005088806152,
		-0.013965332880616188,
		0.9990684390068054
	],
	"2. left_knee": [
		0.48198938369750977,
		0.6362033486366272,
		-0.034135010093450546,
		0.9361713528633118
	],
	"3. left_ankle": [
		0.4707897901535034,
		0.7347743511199951,
		0.12273740768432617,
		0.929588794708252
	],
	"6. right_hip": [
		0.44856157898902893,
		0.5188815593719482,
		0.013982911594212055,
		0.9992316365242004
	],
	"7. right_knee": [
		0.4443274438381195,
		0.6393482685089111,
		-0.012490653432905674,
		0.9632494449615479
	],
	"8. right_ankle": [
		0.43388688564300537,
		0.7377166152000427,
		0.10194218158721924,
		0.9404205083847046
	],
	"14. left_shoulder": [
		0.5414990186691284,
		0.38685011863708496,
		0.009092702530324459,
		0.9997949004173279
	],
	"15. left_elbow": [
		0.5661817789077759,
		0.4441462755203247,
		-0.09101764112710953,
		0.9940717220306396
	],
	"16. left_wrist": [
		0.609627902507782,
		0.42846524715423584,
		-0.3448244333267212,
		0.9924004077911377
	],
	"19. right_shoulder": [
		0.44896894693374634,
		0.3611887991428375,
		0.0550864040851593,
		0.9996260404586792
	],
	"20. right_elbow": [
		0.3856155276298523,
		0.3597736954689026,
		-0.004127059131860733,
		0.9934350252151489
	],
	"21. right_wrist": [
		0.36832287907600403,
		0.30843088030815125,
		-0.20016735792160034,
		0.9919083118438721
	],
	"24. nose": [
		0.49188944697380066,
		0.32517698407173157,
		-0.16284774243831635,
		0.9999400973320007
	],
	"25. left_eye": [
		0.5055398941040039,
		0.3184889256954193,
		-0.14434872567653656,
		0.999800980091095
	],
	"26. right_eye": [
		0.48830273747444153,
		0.3164232671260834,
		-0.14057615399360657,
		0.9997806549072266
	],
	"27. left_ear": [
		0.517787754535675,
		0.32670891284942627,
		-0.03710433468222618,
		0.999650776386261
	],
	"28. right_ear": [
		0.486478328704834,
		0.32059600949287415,
		-0.02116449736058712,
		0.999643087387085
	],
	"time stamp": 30.0
}