{
	"1. left_hip": [
		0.5067254304885864,
		0.5380945801734924,
		0.052045512944459915,
		0.999060869216919
	],
	"2. left_knee": [
		0.5102537870407104,
		0.6393830180168152,
		0.055775560438632965,
		0.9265626072883606
	],
	"3. left_ankle": [
		0.4784993529319763,
		0.7225996255874634,
		0.18783234059810638,
		0.8923014402389526
	],
	"6. right_hip": [
		0.4601582884788513,
		0.5347251892089844,
		-0.05217057093977928,
		0.999234139919281
	],
	"7. right_knee": [
		0.45371174812316895,
		0.6399840712547302,
		-0.05353771150112152,
		0.945918619632721
	],
	"8. right_ankle": [
		0.4303574562072754,
		0.7362691164016724,
		0.06552275270223618,
		0.927245020866394
	],
	"14. left_shoulder": [
		0.5155118107795715,
		0.39299994707107544,
		0.06103897839784622,
		0.999559223651886
	],
	"15. left_elbow": [
		0.5325779318809509,
		0.4291432499885559,
		-0.06821628659963608,
		0.9588187336921692
	],
	"16. left_wrist": [
		0.5073029398918152,
		0.36993739008903503,
		-0.25256240367889404,
		0.9818653464317322
	],
	"19. right_shoulder": [
		0.4320949614048004,
		0.3915488123893738,
		-0.029994908720254898,
		0.9998136758804321
	],
	"20. right_elbow": [
		0.42455199360847473,
		0.461944043636322,
		-0.06360302865505219,
		0.9891137480735779
	],
	"21. right_wrist": [
		0.4560154676437378,
		0.5166354179382324,
		-0.09932594001293182,
		0.9842900037765503
	],
	"24. nose": [
		0.4754225015640259,
		0.34091681241989136,
		-0.11757898330688477,
		0.9999574422836304
	],
	"25. left_eye": [
		0.4841906428337097,
		0.332346111536026,
		-0.09804701060056686,
		0.9998989701271057
	],
	"26. right_eye": [
		0.46798720955848694,
		0.33152586221694946,
		-0.10532546043395996,
		0.9998905062675476
	],
	"27. left_ear": [
		0.4945538640022278,
		0.33839142322540283,
		0.00676810322329402,
		0.9998104572296143
	],
	"28. right_ear": [
		0.4605977237224579,
		0.3359481990337372,
		-0.03000793419778347,
		0.9998200535774231
	],
	"time stamp": 30.0
}