{
	"1. left_hip": [
		0.49702510237693787,
		0.5260403156280518,
		0.006922965869307518,
		0.9986923933029175
	],
	"2. left_knee": [
		0.48725026845932007,
		0.6268404722213745,
		-0.0067472923547029495,
		0.9485339522361755
	],
	"3. left_ankle": [
		0.4795397222042084,
		0.7225481867790222,
		0.07914631813764572,
		0.9459484815597534
	],
	"6. right_hip": [
		0.4436571002006531,
		0.5228465795516968,
		-0.006901889573782682,
		0.9995403289794922
	],
	"7. right_knee": [
		0.4387320578098297,
		0.6253568530082703,
		-0.0789673775434494,
		0.989519476890564
	],
	"8. right_ankle": [
		0.4357806444168091,
		0.732472836971283,
		-0.015686312690377235,
		0.9791832566261292
	],
	"14. left_shoulder": [
		0.5232304334640503,
		0.38902801275253296,
		-0.15232232213020325,
		0.9997466802597046
	],
	"15. left_elbow": [
		0.5251857042312622,
		0.45811712741851807,
		-0.2320874184370041,
		0.9755829572677612
	],
	"16. left_wrist": [
		0.5167144536972046,
		0.4332948923110962,
		-0.45646584033966064,
		0.9848998785018921
	],
	"19. right_shoulder": [
		0.42932531237602234,
		0.38114312291145325,
		-0.12103555351495743,
		0.9999725818634033
	],
	"20. right_elbow": [
		0.4056687355041504,
		0.44038504362106323,
		-0.03292536735534668,
		0.9802120327949524
	],
	"21. right_wrist": [
		0.4188426733016968,
		0.498359352350235,
		-0.0745578184723854,
		0.954733669757843
	],
	"24. nose": [
		0.46843862533569336,
		0.3817945122718811,
		-0.3552114963531494,
		0.9998126029968262
	],
	"25. left_eye": [
		0.4782527685165405,
		0.3703126013278961,
		-0.3583224415779114,
		0.9993263483047485
	],
	"26. right_eye": [
		0.4632822573184967,
		0.36934971809387207,
		-0.35189348459243774,
		0.999341607093811
	],
	"27. left_ear": [
		0.4890744686126709,
		0.36485758423805237,
		-0.26911285519599915,
		0.9984044432640076
	],
	"28. right_ear": [
		0.45943671464920044,
		0.36243051290512085,
		-0.24045328795909882,
		0.99959796667099
	],
	"time stamp": 30.0
}