{
	"1. left_hip": [
		0.49061357975006104,
		0.5360265374183655,
		0.008602391928434372,
		0.9983642101287842
	],
	"2. left_knee": [
		0.4914953112602234,
		0.6335244178771973,
		0.04843788594007492,
		0.9443470239639282
	],
	"3. left_ankle": [
		0.48590660095214844,
		0.7096477746963501,
		0.256719172000885,
		0.9432456493377686
	],
	"6. right_hip": [
		0.43644338846206665,
		0.5321907997131348,
		-0.008577163331210613,
		0.9995183944702148
	],
	"7. right_knee": [
		0.4407079517841339,
		0.6359258890151978,
		-0.10860656201839447,
		0.9900112748146057
	],
	"8. right_ankle": [
		0.4349919259548187,
		0.7325947284698486,
		-0.012297285720705986,
		0.9789072871208191
	],
	"14. left_shoulder": [
		0.5231285095214844,
		0.41616445779800415,
		-0.20844805240631104,
		0.9997237324714661
	],
	"15. left_elbow": [
		0.5207033157348633,
		0.4838500916957855,
		-0.3257271647453308,
		0.9740450978279114
	],
	"16. left_wrist": [
		0.5128470063209534,
		0.4278005361557007,
		-0.5609458684921265,
		0.9789941906929016
	],
	"19. right_shoulder": [
		0.4269333481788635,
		0.4058969020843506,
		-0.17254018783569336,
		0.9999759793281555
	],
	"20. right_elbow": [
		0.39782601594924927,
		0.45879513025283813,
		-0.0967538133263588,
		0.9813656806945801
	],
	"21. right_wrist": [
		0.41658344864845276,
		0.514456033706665,
		-0.12146223336458206,
		0.9497655034065247
	],
	"24. nose": [
		0.46565309166908264,
		0.40471071004867554,
		-0.42265963554382324,
		0.9997294545173645
	],
	"25. left_eye": [
		0.4762206971645355,
		0.39311137795448303,
		-0.42451176047325134,
		0.9990741610527039
	],
	"26. right_eye": [
		0.45991918444633484,
		0.3916190564632416,
		-0.41736656427383423,
		0.9991123080253601
	],
	"27. left_ear": [
		0.48896485567092896,
		0.3865947127342224,
		-0.32842907309532166,
		0.9977828860282898
	],
	"28. right_ear": [
		0.4571714401245117,
		0.38391783833503723,
		-0.298297256231308,
		0.9994696974754333
	],
	"time stamp": 30.0
}