{
	"1. left_hip": [
		0.5315449833869934,
		0.5310680270195007,
		0.02194732241332531,
		0.9991645812988281
	],
	"2. left_knee": [
		0.5735206604003906,
		0.6287089586257935,
		-0.05494767799973488,
		0.8866429924964905
	],
	"3. left_ankle": [
		0.582217276096344,
		0.7183548808097839,
		0.1673155426979065,
		0.7610036730766296
	],
	"6. right_hip": [
		0.47336965799331665,
		0.5334708094596863,
		-0.021882010623812675,
		0.9996338486671448
	],
	"7. right_knee": [
		0.44097182154655457,
		0.6393330097198486,
		-0.10565236210823059,
		0.964877188205719
	],
	"8. right_ankle": [
		0.42288973927497864,
		0.7375482320785522,
		0.057235684245824814,
		0.9437902569770813
	],
	"14. left_shoulder": [
		0.541154682636261,
		0.3934604525566101,
		0.030625484883785248,
		0.9999423027038574
	],
	"15. left_elbow": [
		0.5677558183670044,
		0.46374252438545227,
		-0.0492064543068409,
		0.9823235869407654
	],
	"16. left_wrist": [
		0.5823129415512085,
		0.43789419531822205,
		-0.3119174838066101,
		0.9901087880134583
	],
	"19. right_shoulder": [
		0.4471445083618164,
		0.39468562602996826,
		-0.033026620745658875,
		0.99997878074646
	],
	"20. right_elbow": [
		0.4589926302433014,
		0.4728139340877533,
		-0.11974998563528061,
		0.968682587146759
	],
	"21. right_wrist": [
		0.4645899534225464,
		0.4622204899787903,
		-0.3451799154281616,
		0.9226574897766113
	],
	"24. nose": [
		0.5192580223083496,
		0.3566846251487732,
		-0.1745440512895584,
		0.9999595880508423
	],
	"25. left_eye": [
		0.5239083170890808,
		0.3464788496494293,
		-0.1581132411956787,
		0.9998744130134583
	],
	"26. right_eye": [
		0.5102120637893677,
		0.34470707178115845,
		-0.17152729630470276,
		0.9998775124549866
	],
	"27. left_ear": [
		0.5221631526947021,
		0.3484608232975006,
		-0.04020407050848007,
		0.9997032284736633
	],
	"28. right_ear": [
		0.4932920038700104,
		0.345786452293396,
		-0.10410182178020477,
		0.9999226927757263
	],
	"time stamp": 30.0
}