{
	"1. left_hip": [
		0.5672154426574707,
		0.5618593096733093,
		0.01796877384185791,
		0.9995302557945251
	],
	"2. left_knee": [
		0.6239955425262451,
		0.652129054069519,
		-0.11510010063648224,
		0.9389498233795166
	],
	"3. left_ankle": [
		0.6330603361129761,
		0.7419610619544983,
		0.0814385935664177,
		0.8716018795967102
	],
	"6. right_hip": [
		0.5070846080780029,
		0.5610692501068115,
		-0.0179144237190485,
		0.9997599720954895
	],
	"7. right_knee": [
		0.4520505964756012,
		0.6504231095314026,
		-0.09784284979104996,
		0.980721116065979
	],
	"8. right_ankle": [
		0.40907642245292664,
		0.7358142733573914,
		0.0664362758398056,
		0.9688767194747925
	],
	"14. left_shoulder": [
		0.582760751247406,
		0.4312845766544342,
		0.010609496384859085,
		0.9999642968177795
	],
	"15. left_elbow": [
		0.5955572128295898,
		0.487995445728302,
		-0.0781414583325386,
		0.9687745571136475
	],
	"16. left_wrist": [
		0.6177454590797424,
		0.5005728602409363,
		-0.34666916728019714,
		0.989062488079071
	],
	"19. right_shoulder": [
		0.4891436994075775,
		0.4211951494216919,
		-0.060936007648706436,
		0.9999746084213257
	],
	"20. right_elbow": [
		0.4866087734699249,
		0.47710955142974854,
		-0.1794482171535492,
		0.9778350591659546
	],
	"21. right_wrist": [
		0.47731927037239075,
		0.5023873448371887,
		-0.43352997303009033,
		0.9560253024101257
	],
	"24. nose": [
		0.5593600273132324,
		0.3836592733860016,
		-0.20936857163906097,
		0.9999745488166809
	],
	"25. left_eye": [
		0.5628311634063721,
		0.37457790970802307,
		-0.18748390674591064,
		0.9999268651008606
	],
	"26. right_eye": [
		0.5504534244537354,
		0.37247657775878906,
		-0.20049771666526794,
		0.9999276995658875
	],
	"27. left_ear": [
		0.5577968955039978,
		0.3782806992530823,
		-0.05356401205062866,
		0.9998305439949036
	],
	"28. right_ear": [
		0.5311772227287292,
		0.3742481768131256,
		-0.11497415602207184,
		0.9999515414237976
	],
	"time stamp": 30.0
}