{
	"1. left_hip": [
		0.6319650411605835,
		0.5491137504577637,
		0.014249073341488838,
		0.9998018145561218
	],
	"2. left_knee": [
		0.6522192358970642,
		0.6513298749923706,
		-0.11521501839160919,
		0.9784138798713684
	],
	"3. left_ankle": [
		0.6377703547477722,
		0.742952287197113,
		0.009859670884907246,
		0.9526475667953491
	],
	"6. right_hip": [
		0.5768634080886841,
		0.5525145530700684,
		-0.014094088226556778,
		0.9997957348823547
	],
	"7. right_knee": [
		0.5856732726097107,
		0.656634509563446,
		0.010562670417129993,
		0.9914074540138245
	],
	"8. right_ankle": [
		0.5756648182868958,
		0.731188178062439,
		0.16923382878303528,
		0.9778324961662292
	],
	"14. left_shoulder": [
		0.6452314257621765,
		0.4239071309566498,
		-0.006973434705287218,
		0.9999834895133972
	],
	"15. left_elbow": [
		0.6672597527503967,
		0.47269025444984436,
		-0.0756201520562172,
		0.9661586284637451
	],
	"16. left_wrist": [
		0.6823140382766724,
		0.4897707402706146,
		-0.2984861135482788,
		0.9902698397636414
	],
	"19. right_shoulder": [
		0.5506845116615295,
		0.42038604617118835,
		-0.020534751936793327,
		0.9999186992645264
	],
	"20. right_elbow": [
		0.5446714162826538,
		0.47956961393356323,
		-0.06277606636285782,
		0.9791949391365051
	],
	"21. right_wrist": [
		0.538293719291687,
		0.5239974856376648,
		-0.19826726615428925,
		0.9712547063827515
	],
	"24. nose": [
		0.6065313220024109,
		0.3688153028488159,
		-0.15596021711826324,
		0.9999822974205017
	],
	"25. left_eye": [
		0.6142684817314148,
		0.3607681393623352,
		-0.13543203473091125,
		0.9999632835388184
	],
	"26. right_eye": [
		0.597076952457428,
		0.359696626663208,
		-0.1441624015569687,
		0.9999526739120483
	],
	"27. left_ear": [
		0.6205918192863464,
		0.36796849966049194,
		-0.02962074987590313,
		0.9999212622642517
	],
	"28. right_ear": [
		0.5847047567367554,
		0.36613553762435913,
		-0.06080378219485283,
		0.9999419450759888
	],
	"time stamp": 30.0
}