{
	"1. left_hip": [
		0.6278519630432129,
		0.5354703068733215,
		-0.009600881487131119,
		0.9998688697814941
	],
	"2. left_knee": [
		0.6432883143424988,
		0.6418737173080444,
		-0.051104117184877396,
		0.9864583015441895
	],
	"3. left_ankle": [
		0.6376345157623291,
		0.7389031648635864,
		0.14174766838550568,
		0.9702736139297485
	],
	"6. right_hip": [
		0.5716649889945984,
		0.5368751883506775,
		0.009443997405469418,
		0.9998467564582825
	],
	"7. right_knee": [
		0.5405291318893433,
		0.6371551752090454,
		-0.07390688359737396,
		0.993914783000946
	],
	"8. right_ankle": [
		0.5582402944564819,
		0.7099535465240479,
		0.21112675964832306,
		0.982681155204773
	],
	"14. left_shoulder": [
		0.6410730481147766,
		0.3917081952095032,
		-0.038115594536066055,
		0.9999855756759644
	],
	"15. left_elbow": [
		0.6743055582046509,
		0.4418122172355652,
		-0.17745700478553772,
		0.9790031313896179
	],
	"16. left_wrist": [
		0.6494736671447754,
		0.38875389099121094,
		-0.4243190586566925,
		0.9932550191879272
	],
	"19. right_shoulder": [
		0.5466739535331726,
		0.39586499333381653,
		0.008145902305841446,
		0.999937117099762
	],
	"20. right_elbow": [
		0.5373376607894897,
		0.4597111940383911,
		0.018872728571295738,
		0.9725829362869263
	],
	"21. right_wrist": [
		0.5371962785720825,
		0.5067264437675476,
		-0.11669235676527023,
		0.966334342956543
	],
	"24. nose": [
		0.5858749747276306,
		0.3338794708251953,
		-0.21627715229988098,
		0.9999884963035583
	],
	"25. left_eye": [
		0.5994258522987366,
		0.32687023282051086,
		-0.19660872220993042,
		0.9999748468399048
	],
	"26. right_eye": [
		0.579637885093689,
		0.32564303278923035,
		-0.1946311742067337,
		0.9999673962593079
	],
	"27. left_ear": [
		0.6137804388999939,
		0.3349413573741913,
		-0.08301805704832077,
		0.999947190284729
	],
	"28. right_ear": [
		0.5772002935409546,
		0.3334811329841614,
		-0.07485420256853104,
		0.9999584555625916
	],
	"time stamp": 30.0
}