{
	"1. left_hip": [
		0.6207733750343323,
		0.5225048661231995,
		-0.021318180486559868,
		0.9998846054077148
	],
	"2. left_knee": [
		0.6347140669822693,
		0.6370649933815002,
		-0.05164435878396034,
		0.988393247127533
	],
	"3. left_ankle": [
		0.6378164887428284,
		0.7358434200286865,
		0.12534199655056,
		0.9751183390617371
	],
	"6. right_hip": [
		0.5630113482475281,
		0.521623432636261,
		0.02121158316731453,
		0.99986332654953
	],
	"7. right_knee": [
		0.5224113464355469,
		0.6236711740493774,
		-0.03729701042175293,
		0.9946985244750977
	],
	"8. right_ankle": [
		0.5307579040527344,
		0.7116717100143433,
		0.15809445083141327,
		0.9852729439735413
	],
	"14. left_shoulder": [
		0.6297873258590698,
		0.3718484044075012,
		-0.040744103491306305,
		0.9999826550483704
	],
	"15. left_elbow": [
		0.6384686231613159,
		0.41568103432655334,
		-0.2315465211868286,
		0.9822113513946533
	],
	"16. left_wrist": [
		0.6194800734519958,
		0.3511825501918793,
		-0.48162752389907837,
		0.9940044283866882
	],
	"19. right_shoulder": [
		0.5383840203285217,
		0.37747910618782043,
		0.029109664261341095,
		0.99993896484375
	],
	"20. right_elbow": [
		0.5372536778450012,
		0.4470703601837158,
		0.029167229309678078,
		0.9605494737625122
	],
	"21. right_wrist": [
		0.5376116037368774,
		0.5057522654533386,
		-0.07988253235816956,
		0.958432674407959
	],
	"24. nose": [
		0.5731319189071655,
		0.3199906051158905,
		-0.20818673074245453,
		0.9999892115592957
	],
	"25. left_eye": [
		0.5862813591957092,
		0.312747597694397,
		-0.18883761763572693,
		0.9999746084213257
	],
	"26. right_eye": [
		0.5683095455169678,
		0.311339795589447,
		-0.17564572393894196,
		0.999967098236084
	],
	"27. left_ear": [
		0.6010890603065491,
		0.3202032148838043,
		-0.07086953520774841,
		0.999946117401123
	],
	"28. right_ear": [
		0.5657286643981934,
		0.31751275062561035,
		-0.04893498495221138,
		0.9999604225158691
	],
	"time stamp": 30.0
}