{
	"1. left_hip": [
		0.5509887933731079,
		0.5571156740188599,
		-0.04603620246052742,
		0.9998741745948792
	],
	"2. left_knee": [
		0.5783573389053345,
		0.6553964614868164,
		-0.025782262906432152,
		0.9945847988128662
	],
	"3. left_ankle": [
		0.641101598739624,
		0.7323611378669739,
		0.18374258279800415,
		0.9901044368743896
	],
	"6. right_hip": [
		0.49604639410972595,
		0.5577868819236755,
		0.04597361385822296,
		0.9999141693115234
	],
	"7. right_knee": [
		0.44340285658836365,
		0.6496133208274841,
		-0.06110352277755737,
		0.9973009824752808
	],
	"8. right_ankle": [
		0.4417114853858948,
		0.74638831615448,
		0.09913870692253113,
		0.9938499927520752
	],
	"14. left_shoulder": [
		0.5603007078170776,
		0.40818655490875244,
		-0.10298007726669312,
		0.999922513961792
	],
	"15. left_elbow": [
		0.583638608455658,
		0.46947750449180603,
		-0.25200098752975464,
		0.9873136281967163
	],
	"16. left_wrist": [
		0.5855867862701416,
		0.4504765272140503,
		-0.49217161536216736,
		0.9914223551750183
	],
	"19. right_shoulder": [
		0.4822228252887726,
		0.4130454957485199,
		0.04676913470029831,
		0.9999542236328125
	],
	"20. right_elbow": [
		0.47767120599746704,
		0.48064225912094116,
		0.06960893422365189,
		0.8962941765785217
	],
	"21. right_wrist": [
		0.47096192836761475,
		0.5358024835586548,
		-0.03186142072081566,
		0.9180196523666382
	],
	"24. nose": [
		0.5101109743118286,
		0.3559567928314209,
		-0.1711917519569397,
		0.9999773502349854
	],
	"25. left_eye": [
		0.5213942527770996,
		0.3478282690048218,
		-0.16143018007278442,
		0.9999307990074158
	],
	"26. right_eye": [
		0.5072476267814636,
		0.3465826213359833,
		-0.14992019534111023,
		0.9999345541000366
	],
	"27. left_ear": [
		0.5372017025947571,
		0.35523203015327454,
		-0.08730721473693848,
		0.9998283982276917
	],
	"28. right_ear": [
		0.5049442648887634,
		0.35090166330337524,
		-0.0353282131254673,
		0.9998889565467834
	],
	"time stamp": 30.0
}