{
	"1. left_hip": [
		0.5285342335700989,
		0.5722156763076782,
		-0.05438089370727539,
		0.9999019503593445
	],
	"2. left_knee": [
		0.5476700663566589,
		0.6693064570426941,
		0.008096239529550076,
		0.994752824306488
	],
	"3. left_ankle": [
		0.6193591356277466,
		0.7326792478561401,
		0.1983160376548767,
		0.9919183850288391
	],
	"6. right_hip": [
		0.48139315843582153,
		0.5708560943603516,
		0.054183050990104675,
		0.9999346733093262
	],
	"7. right_knee": [
		0.43841680884361267,
		0.6519567370414734,
		-0.06790497153997421,
		0.9975330233573914
	],
	"8. right_ankle": [
		0.4442228376865387,
		0.7461702823638916,
		0.09250669181346893,
		0.994870126247406
	],
	"14. left_shoulder": [
		0.5484792590141296,
		0.4207632541656494,
		-0.11893276870250702,
		0.9999427795410156
	],
	"15. left_elbow": [
		0.5851264595985413,
		0.46846744418144226,
		-0.2835697829723358,
		0.9903184771537781
	],
	"16. left_wrist": [
		0.6098095178604126,
		0.4456172287464142,
		-0.495157927274704,
		0.9932847023010254
	],
	"19. right_shoulder": [
		0.46954357624053955,
		0.4207575023174286,
		0.03489287942647934,
		0.9999626874923706
	],
	"20. right_elbow": [
		0.459113210439682,
		0.48223915696144104,
		0.03177366033196449,
		0.8624076843261719
	],
	"21. right_wrist": [
		0.452888160943985,
		0.5356751084327698,
		-0.0960969626903534,
		0.9103071689605713
	],
	"24. nose": [
		0.49011173844337463,
		0.3552321195602417,
		-0.18346741795539856,
		0.9999833106994629
	],
	"25. left_eye": [
		0.5018647909164429,
		0.345559686422348,
		-0.17480845749378204,
		0.9999489188194275
	],
	"26. right_eye": [
		0.48904556035995483,
		0.34473633766174316,
		-0.1597817987203598,
		0.9999507665634155
	],
	"27. left_ear": [
		0.5201157331466675,
		0.3545434772968292,
		-0.11486922204494476,
		0.9998737573623657
	],
	"28. right_ear": [
		0.4917294979095459,
		0.3507145047187805,
		-0.04673368111252785,
		0.9999163150787354
	],
	"time stamp": 30.0
}