{
	"1. left_hip": [
		0.4938128888607025,
		0.5422587394714355,
		0.01806807704269886,
		0.9994432926177979
	],
	"2. left_knee": [
		0.48595497012138367,
		0.6323204040527344,
		0.043059565126895905,
		0.921637773513794
	],
	"3. left_ankle": [
		0.46371549367904663,
		0.6912174224853516,
		0.27291154861450195,
		0.8146328926086426
	],
	"6. right_hip": [
		0.44542616605758667,
		0.5414246320724487,
		-0.017984766513109207,
		0.9996970295906067
	],
	"7. right_knee": [
		0.4529779255390167,
		0.6369993090629578,
		-0.014864986762404442,
		0.9766073822975159
	],
	"8. right_ankle": [
		0.4632159173488617,
		0.7245204448699951,
		0.12299717217683792,
		0.938060998916626
	],
	"14. left_shoulder": [
		0.5200220346450806,
		0.3972063362598419,
		-0.04381144791841507,
		0.9999364614486694
	],
	"15. left_elbow": [
		0.5311089754104614,
		0.463134229183197,
		-0.062219925224781036,
		0.9836577773094177
	],
	"16. left_wrist": [
		0.5512862205505371,
		0.4759597182273865,
		-0.2806818187236786,
		0.9939293265342712
	],
	"19. right_shoulder": [
		0.42946600914001465,
		0.40050405263900757,
		-0.063959501683712,
		0.9999648332595825
	],
	"20. right_elbow": [
		0.41550591588020325,
		0.47142747044563293,
		-0.06312987208366394,
		0.9570642709732056
	],
	"21. right_wrist": [
		0.4244711101055145,
		0.527875542640686,
		-0.16814012825489044,
		0.9492358565330505
	],
	"24. nose": [
		0.4763687551021576,
		0.3464600443840027,
		-0.22706958651542664,
		0.9999749660491943
	],
	"25. left_eye": [
		0.48646116256713867,
		0.337950736284256,
		-0.21084515750408173,
		0.9999262094497681
	],
	"26. right_eye": [
		0.46723225712776184,
		0.33778125047683716,
		-0.21227575838565826,
		0.9999071359634399
	],
	"27. left_ear": [
		0.49401381611824036,
		0.3432598412036896,
		-0.10763253271579742,
		0.9998452067375183
	],
	"28. right_ear": [
		0.45764145255088806,
		0.3431607782840729,
		-0.11857190728187561,
		0.9998766779899597
	],
	"time stamp": 30.0
}