{
	"1. left_hip": [
		0.5187931656837463,
		0.5331894755363464,
		0.005013575311750174,
		0.9989283680915833
	],
	"2. left_knee": [
		0.5136337876319885,
		0.6461323499679565,
		-0.04088077321648598,
		0.956138014793396
	],
	"3. left_ankle": [
		0.5066196918487549,
		0.7458666563034058,
		0.14449694752693176,
		0.9024410247802734
	],
	"6. right_hip": [
		0.4662461280822754,
		0.5319870710372925,
		-0.005073667503893375,
		0.9992178678512573
	],
	"7. right_knee": [
		0.47043687105178833,
		0.6431336402893066,
		-0.021665440872311592,
		0.9684164524078369
	],
	"8. right_ankle": [
		0.47319111227989197,
		0.710601806640625,
		0.2500152587890625,
		0.9376906156539917
	],
	"14. left_shoulder": [
		0.5339106321334839,
		0.3870163857936859,
		-0.08823388069868088,
		0.9996609091758728
	],
	"15. left_elbow": [
		0.5383827090263367,
		0.45896491408348083,
		-0.03293856605887413,
		0.8254327178001404
	],
	"16. left_wrist": [
		0.5425881147384644,
		0.5234860181808472,
		-0.14884987473487854,
		0.7774763107299805
	],
	"19. right_shoulder": [
		0.4409629702568054,
		0.3876399099826813,
		-0.10647346079349518,
		0.9998584389686584
	],
	"20. right_elbow": [
		0.43575319647789,
		0.4622964859008789,
		-0.048509202897548676,
		0.9549771547317505
	],
	"21. right_wrist": [
		0.43677014112472534,
		0.5211045145988464,
		-0.13845354318618774,
		0.9178119897842407
	],
	"24. nose": [
		0.4872893691062927,
		0.33376047015190125,
		-0.32387080788612366,
		0.9997373223304749
	],
	"25. left_eye": [
		0.49735039472579956,
		0.3249704837799072,
		-0.3072488009929657,
		0.9989715218544006
	],
	"26. right_eye": [
		0.47954684495925903,
		0.3244099020957947,
		-0.3095754384994507,
		0.9991496205329895
	],
	"27. left_ear": [
		0.5079468488693237,
		0.33123430609703064,
		-0.18395300209522247,
		0.9970589280128479
	],
	"28. right_ear": [
		0.4704658091068268,
		0.3304300010204315,
		-0.19514630734920502,
		0.9988168478012085
	],
	"time stamp": 30.0
}