{
	"1. left_hip": [
		0.5179343223571777,
		0.521195650100708,
		0.004498410038650036,
		0.998866081237793
	],
	"2. left_knee": [
		0.5101029872894287,
		0.6356353163719177,
		-0.006960251368582249,
		0.9754019975662231
	],
	"3. left_ankle": [
		0.5023630857467651,
		0.7360625267028809,
		0.17805366218090057,
		0.9598331451416016
	],
	"6. right_hip": [
		0.46125224232673645,
		0.5233342051506042,
		-0.004460485652089119,
		0.9987584352493286
	],
	"7. right_knee": [
		0.46340349316596985,
		0.6402435898780823,
		-0.018553510308265686,
		0.9791299104690552
	],
	"8. right_ankle": [
		0.47004225850105286,
		0.7479227185249329,
		0.14706644415855408,
		0.9633411169052124
	],
	"14. left_shoulder": [
		0.5411636233329773,
		0.3694528639316559,
		-0.12470543384552002,
		0.9997977614402771
	],
	"15. left_elbow": [
		0.5546965599060059,
		0.43929243087768555,
		-0.05334930121898651,
		0.9118698835372925
	],
	"16. left_wrist": [
		0.55317622423172,
		0.5049092173576355,
		-0.14887937903404236,
		0.8450962901115417
	],
	"19. right_shoulder": [
		0.43850255012512207,
		0.3701073229312897,
		-0.11988047510385513,
		0.999704897403717
	],
	"20. right_elbow": [
		0.42042404413223267,
		0.4402209520339966,
		-0.057170070707798004,
		0.9342315793037415
	],
	"21. right_wrist": [
		0.42530888319015503,
		0.5057337880134583,
		-0.15009279549121857,
		0.8518423438072205
	],
	"24. nose": [
		0.48781561851501465,
		0.31601643562316895,
		-0.3633730709552765,
		0.9998095631599426
	],
	"25. left_eye": [
		0.49843963980674744,
		0.3063291907310486,
		-0.3478231132030487,
		0.9993079304695129
	],
	"26. right_eye": [
		0.47720134258270264,
		0.30635619163513184,
		-0.3487046957015991,
		0.999262809753418
	],
	"27. left_ear": [
		0.5086457133293152,
		0.31051141023635864,
		-0.2233898788690567,
		0.9983488917350769
	],
	"28. right_ear": [
		0.46846285462379456,
		0.311546266078949,
		-0.2289777398109436,
		0.998691737651825
	],
	"time stamp": 30.0
}