{
	"1. left_hip": [
		0.5174683928489685,
		0.5295693874359131,
		-0.0030622975900769234,
		0.9982057809829712
	],
	"2. left_knee": [
		0.5068036913871765,
		0.6378757953643799,
		-0.011658520437777042,
		0.9794678092002869
	],
	"3. left_ankle": [
		0.49977579712867737,
		0.7320583462715149,
		0.13324089348316193,
		0.9660748839378357
	],
	"6. right_hip": [
		0.4633135199546814,
		0.5257702469825745,
		0.0032478771172463894,
		0.9982563257217407
	],
	"7. right_knee": [
		0.46813809871673584,
		0.6370033025741577,
		-0.02619248442351818,
		0.9825772047042847
	],
	"8. right_ankle": [
		0.4600371718406677,
		0.735371470451355,
		0.10310015082359314,
		0.9671483039855957
	],
	"14. left_shoulder": [
		0.5425636172294617,
		0.3745655417442322,
		-0.09076626598834991,
		0.9998574256896973
	],
	"15. left_elbow": [
		0.5945596694946289,
		0.4110279083251953,
		-0.0015192896826192737,
		0.9470579624176025
	],
	"16. left_wrist": [
		0.5452868342399597,
		0.47304683923721313,
		0.04419580101966858,
		0.8835440278053284
	],
	"19. right_shoulder": [
		0.4428146481513977,
		0.3775060474872589,
		-0.04156452789902687,
		0.999760627746582
	],
	"20. right_elbow": [
		0.38070356845855713,
		0.4057949483394623,
		0.034684281796216965,
		0.950193464756012
	],
	"21. right_wrist": [
		0.4158095717430115,
		0.4666087329387665,
		0.07396601885557175,
		0.844685971736908
	],
	"24. nose": [
		0.4895842373371124,
		0.3546158969402313,
		-0.2705797255039215,
		0.9996629953384399
	],
	"25. left_eye": [
		0.4996738135814667,
		0.34223297238349915,
		-0.2748214900493622,
		0.9987529516220093
	],
	"26. right_eye": [
		0.4795030355453491,
		0.3419630527496338,
		-0.2711200714111328,
		0.9988304972648621
	],
	"27. left_ear": [
		0.5105282068252563,
		0.34150123596191406,
		-0.18424105644226074,
		0.9982059597969055
	],
	"28. right_ear": [
		0.4707638919353485,
		0.34015920758247375,
		-0.17463566362857819,
		0.998558521270752
	],
	"time stamp": 30.0
}