{
	"1. left_hip": [
		0.517686128616333,
		0.5625453591346741,
		-0.0002967907639686018,
		0.9976064562797546
	],
	"2. left_knee": [
		0.5112498998641968,
		0.6504963040351868,
		-0.28964942693710327,
		0.9784702062606812
	],
	"3. left_ankle": [
		0.4971945881843567,
		0.7495271563529968,
		-0.09374827146530151,
		0.9691663980484009
	],
	"6. right_hip": [
		0.4622173309326172,
		0.555846095085144,
		0.00036239164182916284,
		0.9976617693901062
	],
	"7. right_knee": [
		0.411388635635376,
		0.6350491642951965,
		-0.2705751061439514,
		0.9839388728141785
	],
	"8. right_ankle": [
		0.41472968459129333,
		0.725822389125824,
		-0.08746182173490524,
		0.9678418636322021
	],
	"14. left_shoulder": [
		0.5489811301231384,
		0.4632560610771179,
		-0.24858014285564423,
		0.999901533126831
	],
	"15. left_elbow": [
		0.5917537808418274,
		0.5137943029403687,
		-0.17995034158229828,
		0.966903567314148
	],
	"16. left_wrist": [
		0.5749223232269287,
		0.5761589407920837,
		-0.2536993622779846,
		0.9207959175109863
	],
	"19. right_shoulder": [
		0.4518781304359436,
		0.4594196379184723,
		-0.267782062292099,
		0.9997616410255432
	],
	"20. right_elbow": [
		0.43841609358787537,
		0.5257249474525452,
		-0.24266329407691956,
		0.9551213383674622
	],
	"21. right_wrist": [
		0.4344790279865265,
		0.5848418474197388,
		-0.32314735651016235,
		0.7969914674758911
	],
	"24. nose": [
		0.5126721262931824,
		0.43058836460113525,
		-0.5312595367431641,
		0.9996374845504761
	],
	"25. left_eye": [
		0.5205643177032471,
		0.4190641939640045,
		-0.5154150128364563,
		0.9986611008644104
	],
	"26. right_eye": [
		0.5029330253601074,
		0.4176071882247925,
		-0.5189255475997925,
		0.9987384080886841
	],
	"27. left_ear": [
		0.5242337584495544,
		0.41847699880599976,
		-0.3825717568397522,
		0.9982773065567017
	],
	"28. right_ear": [
		0.4888213574886322,
		0.41532179713249207,
		-0.3980948030948639,
		0.9985045790672302
	],
	"time stamp": 30.0
}