{
	"1. left_hip": [
		0.5098888278007507,
		0.5218923687934875,
		0.00034393835812807083,
		0.9995908737182617
	],
	"2. left_knee": [
		0.4983523190021515,
		0.6367061138153076,
		-0.10508286207914352,
		0.98516446352005
	],
	"3. left_ankle": [
		0.49595364928245544,
		0.7425363659858704,
		-0.0111736124381423,
		0.9837754964828491
	],
	"6. right_hip": [
		0.45949241518974304,
		0.5220244526863098,
		-0.00021716034098062664,
		0.9992658495903015
	],
	"7. right_knee": [
		0.4691343903541565,
		0.6187878251075745,
		0.01651765964925289,
		0.9693801999092102
	],
	"8. right_ankle": [
		0.478641152381897,
		0.7044084668159485,
		0.24782855808734894,
		0.9120561480522156
	],
	"14. left_shoulder": [
		0.5397680401802063,
		0.40166494250297546,
		-0.247636616230011,
		0.9999736547470093
	],
	"15. left_elbow": [
		0.5662112236022949,
		0.44885119795799255,
		-0.2789020836353302,
		0.9867063164710999
	],
	"16. left_wrist": [
		0.6101847887039185,
		0.44499942660331726,
		-0.4856914281845093,
		0.979805588722229
	],
	"19. right_shoulder": [
		0.44530078768730164,
		0.4020593464374542,
		-0.2946907877922058,
		0.9998807311058044
	],
	"20. right_elbow": [
		0.4375763237476349,
		0.46794593334198,
		-0.40543627738952637,
		0.9637278914451599
	],
	"21. right_wrist": [
		0.3957006335258484,
		0.4657118320465088,
		-0.6863877773284912,
		0.9500176906585693
	],
	"24. nose": [
		0.49602243304252625,
		0.3927362561225891,
		-0.5582564473152161,
		0.9999203681945801
	],
	"25. left_eye": [
		0.506626307964325,
		0.3811071813106537,
		-0.5502586960792542,
		0.9997129440307617
	],
	"26. right_eye": [
		0.4864227771759033,
		0.37972986698150635,
		-0.554372251033783,
		0.9996798038482666
	],
	"27. left_ear": [
		0.5140660405158997,
		0.37432777881622314,
		-0.41015565395355225,
		0.9995666146278381
	],
	"28. right_ear": [
		0.4762234091758728,
		0.3744126856327057,
		-0.42820337414741516,
		0.9996743202209473
	],
	"time stamp": 30.0
}