{
	"1. left_hip": [
		0.5099216103553772,
		0.5268505811691284,
		0.0005567385233007371,
		0.9995455145835876
	],
	"2. left_knee": [
		0.499443382024765,
		0.6380556225776672,
		-0.06101464852690697,
		0.9843013882637024
	],
	"3. left_ankle": [
		0.49609166383743286,
		0.7427591681480408,
		0.08165883272886276,
		0.9825277328491211
	],
	"6. right_hip": [
		0.4594234228134155,
		0.5257062315940857,
		-0.00046167129767127335,
		0.9991280436515808
	],
	"7. right_knee": [
		0.46646323800086975,
		0.6300055384635925,
		-0.01241428591310978,
		0.9698788523674011
	],
	"8. right_ankle": [
		0.4705181121826172,
		0.7314426898956299,
		0.15291815996170044,
		0.9171315431594849
	],
	"14. left_shoulder": [
		0.5394726395606995,
		0.40512168407440186,
		-0.24063412845134735,
		0.9999749064445496
	],
	"15. left_elbow": [
		0.5595836043357849,
		0.4509972631931305,
		-0.26324182748794556,
		0.9863796234130859
	],
	"16. left_wrist": [
		0.595798134803772,
		0.48841071128845215,
		-0.48740318417549133,
		0.9802774786949158
	],
	"19. right_shoulder": [
		0.44152724742889404,
		0.40664687752723694,
		-0.27349773049354553,
		0.9998676180839539
	],
	"20. right_elbow": [
		0.4395625591278076,
		0.4696511924266815,
		-0.3359834551811218,
		0.9605274796485901
	],
	"21. right_wrist": [
		0.41783666610717773,
		0.47032058238983154,
		-0.5820400714874268,
		0.9495132565498352
	],
	"24. nose": [
		0.4949064552783966,
		0.39050790667533875,
		-0.5364717841148376,
		0.999922513961792
	],
	"25. left_eye": [
		0.5058159828186035,
		0.3786199986934662,
		-0.5264543890953064,
		0.9997285604476929
	],
	"26. right_eye": [
		0.484036922454834,
		0.37768155336380005,
		-0.5314333438873291,
		0.9996876120567322
	],
	"27. left_ear": [
		0.5125263333320618,
		0.37418729066848755,
		-0.38564038276672363,
		0.9995945692062378
	],
	"28. right_ear": [
		0.47329628467559814,
		0.37445542216300964,
		-0.4080240726470947,
		0.9996716380119324
	],
	"time stamp": 30.0
}