{
	"1. left_hip": [
		0.5113810300827026,
		0.5746726393699646,
		-0.006659276317805052,
		0.9993180632591248
	],
	"2. left_knee": [
		0.572486400604248,
		0.6610700488090515,
		-0.03447406738996506,
		0.9889175295829773
	],
	"3. left_ankle": [
		0.649193525314331,
		0.7374994158744812,
		0.10659799724817276,
		0.9891114830970764
	],
	"6. right_hip": [
		0.4548560082912445,
		0.5786169767379761,
		0.006587080657482147,
		0.9993506669998169
	],
	"7. right_knee": [
		0.45004409551620483,
		0.6703812479972839,
		-0.0019280568230897188,
		0.9845752120018005
	],
	"8. right_ankle": [
		0.46146535873413086,
		0.7496763467788696,
		0.20910942554473877,
		0.9697123169898987
	],
	"14. left_shoulder": [
		0.5145960450172424,
		0.46434903144836426,
		-0.3269391655921936,
		0.9999637007713318
	],
	"15. left_elbow": [
		0.5336046814918518,
		0.5296686887741089,
		-0.2966591417789459,
		0.9888505339622498
	],
	"16. left_wrist": [
		0.5318688154220581,
		0.5874856114387512,
		-0.3664446771144867,
		0.9553530216217041
	],
	"19. right_shoulder": [
		0.4185933768749237,
		0.4563092291355133,
		-0.25649189949035645,
		0.9999620914459229
	],
	"20. right_elbow": [
		0.36709606647491455,
		0.5102406740188599,
		-0.2217693328857422,
		0.9815497994422913
	],
	"21. right_wrist": [
		0.3175402581691742,
		0.5576820969581604,
		-0.29835763573646545,
		0.9616191387176514
	],
	"24. nose": [
		0.44137051701545715,
		0.42847347259521484,
		-0.48932087421417236,
		0.9999390840530396
	],
	"25. left_eye": [
		0.45128723978996277,
		0.41630277037620544,
		-0.4853563606739044,
		0.9998528361320496
	],
	"26. right_eye": [
		0.4391542077064514,
		0.41575852036476135,
		-0.4793491065502167,
		0.9997553825378418
	],
	"27. left_ear": [
		0.47024625539779663,
		0.4152946174144745,
		-0.4109676778316498,
		0.9998094439506531
	],
	"28. right_ear": [
		0.44282618165016174,
		0.4136452376842499,
		-0.36768534779548645,
		0.9997752904891968
	],
	"time stamp": 30.0
}