{
	"1. left_hip": [
		0.5112243294715881,
		0.5719817280769348,
		-0.0003243889950681478,
		0.9993729591369629
	],
	"2. left_knee": [
		0.5601440668106079,
		0.6604428291320801,
		-0.03142772242426872,
		0.988871693611145
	],
	"3. left_ankle": [
		0.619874894618988,
		0.737259030342102,
		0.11079155653715134,
		0.9891726970672607
	],
	"6. right_hip": [
		0.45449140667915344,
		0.5781736969947815,
		0.00016664894064888358,
		0.9994003772735596
	],
	"7. right_knee": [
		0.4506227672100067,
		0.6692492961883545,
		-0.0334308035671711,
		0.9851146340370178
	],
	"8. right_ankle": [
		0.4615665674209595,
		0.7492905855178833,
		0.17873859405517578,
		0.9708109498023987
	],
	"14. left_shoulder": [
		0.5130965113639832,
		0.45660918951034546,
		-0.28840890526771545,
		0.9999663233757019
	],
	"15. left_elbow": [
		0.5339593887329102,
		0.5275052189826965,
		-0.24308575689792633,
		0.9891757965087891
	],
	"16. left_wrist": [
		0.5622640252113342,
		0.5832900404930115,
		-0.31814682483673096,
		0.9569365978240967
	],
	"19. right_shoulder": [
		0.41721874475479126,
		0.44897136092185974,
		-0.2581368088722229,
		0.9999653100967407
	],
	"20. right_elbow": [
		0.3701135814189911,
		0.511499285697937,
		-0.2133837640285492,
		0.9827359914779663
	],
	"21. right_wrist": [
		0.31884604692459106,
		0.5622462034225464,
		-0.2894262671470642,
		0.9639568328857422
	],
	"24. nose": [
		0.4439658224582672,
		0.4249396026134491,
		-0.49955394864082336,
		0.9999445080757141
	],
	"25. left_eye": [
		0.4550930857658386,
		0.4120737910270691,
		-0.49406716227531433,
		0.9998656511306763
	],
	"26. right_eye": [
		0.44015491008758545,
		0.41242820024490356,
		-0.4917382597923279,
		0.9997772574424744
	],
	"27. left_ear": [
		0.4710826277732849,
		0.4092499017715454,
		-0.40332502126693726,
		0.9998247623443604
	],
	"28. right_ear": [
		0.4423438310623169,
		0.408132404088974,
		-0.3804991543292999,
		0.9997942447662354
	],
	"time stamp": 30.0
}