{
	"1. left_hip": [
		0.5077645182609558,
		0.5307076573371887,
		0.0042978147976100445,
		0.9992668032646179
	],
	"2. left_knee": [
		0.5044174194335938,
		0.6058087348937988,
		-0.13336963951587677,
		0.9894526600837708
	],
	"3. left_ankle": [
		0.49562808871269226,
		0.6480608582496643,
		0.2612263560295105,
		0.964002251625061
	],
	"6. right_hip": [
		0.4528573751449585,
		0.5398717522621155,
		-0.004194297362118959,
		0.9995495676994324
	],
	"7. right_knee": [
		0.45781219005584717,
		0.6443501710891724,
		-0.08808598667383194,
		0.9893674850463867
	],
	"8. right_ankle": [
		0.46201950311660767,
		0.7396973371505737,
		0.02993808686733246,
		0.97931307554245
	],
	"14. left_shoulder": [
		0.5121175646781921,
		0.40207037329673767,
		-0.13167770206928253,
		0.9999768733978271
	],
	"15. left_elbow": [
		0.5511417388916016,
		0.4460870623588562,
		-0.1672075092792511,
		0.9894139766693115
	],
	"16. left_wrist": [
		0.5955280065536499,
		0.44084659218788147,
		-0.37536537647247314,
		0.9715279340744019
	],
	"19. right_shoulder": [
		0.41944998502731323,
		0.4024893641471863,
		-0.12039629369974136,
		0.9999738335609436
	],
	"20. right_elbow": [
		0.3832356631755829,
		0.45333606004714966,
		-0.1494859755039215,
		0.986707866191864
	],
	"21. right_wrist": [
		0.3426791727542877,
		0.45862436294555664,
		-0.3152380585670471,
		0.9731522798538208
	],
	"24. nose": [
		0.4643607437610626,
		0.38820546865463257,
		-0.35201844573020935,
		0.999966025352478
	],
	"25. left_eye": [
		0.47440582513809204,
		0.3770030438899994,
		-0.34600862860679626,
		0.9999168515205383
	],
	"26. right_eye": [
		0.45598286390304565,
		0.37654101848602295,
		-0.3449813425540924,
		0.9998621940612793
	],
	"27. left_ear": [
		0.4847429096698761,
		0.3743029534816742,
		-0.2352079153060913,
		0.999893307685852
	],
	"28. right_ear": [
		0.44551971554756165,
		0.3727644383907318,
		-0.23155780136585236,
		0.9998593926429749
	],
	"time stamp": 30.0
}