{
	"1. left_hip": [
		0.5079135298728943,
		0.5289705395698547,
		0.003969187848269939,
		0.9993035197257996
	],
	"2. left_knee": [
		0.5008159875869751,
		0.5979217290878296,
		-0.15756955742835999,
		0.9896647334098816
	],
	"3. left_ankle": [
		0.4933242201805115,
		0.6442655324935913,
		0.18477174639701843,
		0.9530455470085144
	],
	"6. right_hip": [
		0.4528402090072632,
		0.5374212861061096,
		-0.0040081096813082695,
		0.9995764493942261
	],
	"7. right_knee": [
		0.45768094062805176,
		0.6420091986656189,
		-0.08778820931911469,
		0.989776611328125
	],
	"8. right_ankle": [
		0.4619411826133728,
		0.7398382425308228,
		0.028461311012506485,
		0.9801635146141052
	],
	"14. left_shoulder": [
		0.514660656452179,
		0.395119845867157,
		-0.07231663167476654,
		0.9999779462814331
	],
	"15. left_elbow": [
		0.5545718669891357,
		0.43336033821105957,
		-0.09467870742082596,
		0.9891666769981384
	],
	"16. left_wrist": [
		0.5916994214057922,
		0.42774078249931335,
		-0.275505006313324,
		0.9737027287483215
	],
	"19. right_shoulder": [
		0.4225572645664215,
		0.39598357677459717,
		-0.0624886117875576,
		0.9999755620956421
	],
	"20. right_elbow": [
		0.38657599687576294,
		0.44439002871513367,
		-0.09418311715126038,
		0.9875305891036987
	],
	"21. right_wrist": [
		0.3535768985748291,
		0.44786620140075684,
		-0.2544217109680176,
		0.975555419921875
	],
	"24. nose": [
		0.46801480650901794,
		0.38179638981819153,
		-0.2823929488658905,
		0.9999691247940063
	],
	"25. left_eye": [
		0.4778137803077698,
		0.3696191608905792,
		-0.27665191888809204,
		0.9999244213104248
	],
	"26. right_eye": [
		0.4596118628978729,
		0.3707007169723511,
		-0.27579858899116516,
		0.9998748898506165
	],
	"27. left_ear": [
		0.48747360706329346,
		0.3667227029800415,
		-0.16962014138698578,
		0.9999035000801086
	],
	"28. right_ear": [
		0.4484163820743561,
		0.36794519424438477,
		-0.16724136471748352,
		0.9998722672462463
	],
	"time stamp": 30.0
}