{
	"1. left_hip": [
		0.508061945438385,
		0.5322745442390442,
		0.0012837267713621259,
		0.9991677403450012
	],
	"2. left_knee": [
		0.5011416673660278,
		0.6235654950141907,
		-0.0030863869469612837,
		0.9875786900520325
	],
	"3. left_ankle": [
		0.49706900119781494,
		0.6990590691566467,
		0.25794944167137146,
		0.9300521016120911
	],
	"6. right_hip": [
		0.45269590616226196,
		0.5387988686561584,
		-0.0010243792785331607,
		0.9995461702346802
	],
	"7. right_knee": [
		0.45768624544143677,
		0.6425039768218994,
		-0.060515981167554855,
		0.9901676177978516
	],
	"8. right_ankle": [
		0.45767590403556824,
		0.7413821816444397,
		0.0413253977894783,
		0.9789206981658936
	],
	"14. left_shoulder": [
		0.5239406228065491,
		0.3917824923992157,
		-0.10572925209999084,
		0.9999712705612183
	],
	"15. left_elbow": [
		0.5550582408905029,
		0.43666142225265503,
		-0.15287575125694275,
		0.9843147993087769
	],
	"16. left_wrist": [
		0.5897781848907471,
		0.4385059177875519,
		-0.43282049894332886,
		0.9781617522239685
	],
	"19. right_shoulder": [
		0.428409218788147,
		0.3982698917388916,
		-0.09141374379396439,
		0.9999731779098511
	],
	"20. right_elbow": [
		0.4019678235054016,
		0.4476458430290222,
		-0.030631408095359802,
		0.9896217584609985
	],
	"21. right_wrist": [
		0.36306503415107727,
		0.4550795257091522,
		-0.11248583346605301,
		0.9819784164428711
	],
	"24. nose": [
		0.4783078730106354,
		0.37358030676841736,
		-0.3436341881752014,
		0.9999741315841675
	],
	"25. left_eye": [
		0.4874250590801239,
		0.36186516284942627,
		-0.3376350402832031,
		0.9999324679374695
	],
	"26. right_eye": [
		0.4696870446205139,
		0.36121708154678345,
		-0.3363266587257385,
		0.9998921751976013
	],
	"27. left_ear": [
		0.49578768014907837,
		0.3591536581516266,
		-0.22234538197517395,
		0.9999159574508667
	],
	"28. right_ear": [
		0.45770999789237976,
		0.35834619402885437,
		-0.21971173584461212,
		0.9998878240585327
	],
	"time stamp": 30.0
}