{
	"1. left_hip": [
		0.5099356174468994,
		0.5573356747627258,
		-0.01657717116177082,
		0.9987947344779968
	],
	"2. left_knee": [
		0.4987088739871979,
		0.6613970994949341,
		-0.06677447259426117,
		0.9841935038566589
	],
	"3. left_ankle": [
		0.4941132664680481,
		0.746904194355011,
		0.15712572634220123,
		0.9519382119178772
	],
	"6. right_hip": [
		0.45682936906814575,
		0.5536425113677979,
		0.016673848032951355,
		0.9986845850944519
	],
	"7. right_knee": [
		0.40530699491500854,
		0.6369602084159851,
		-0.18540970981121063,
		0.988804817199707
	],
	"8. right_ankle": [
		0.42353299260139465,
		0.7252742648124695,
		0.013889938592910767,
		0.9749369025230408
	],
	"14. left_shoulder": [
		0.5397493243217468,
		0.41872337460517883,
		-0.09601159393787384,
		0.9999711513519287
	],
	"15. left_elbow": [
		0.5845687389373779,
		0.4749434292316437,
		-0.127348393201828,
		0.9812295436859131
	],
	"16. left_wrist": [
		0.6103177070617676,
		0.5109587907791138,
		-0.29981932044029236,
		0.9815893769264221
	],
	"19. right_shoulder": [
		0.4434088170528412,
		0.42443159222602844,
		-0.09953730553388596,
		0.9998927116394043
	],
	"20. right_elbow": [
		0.42621734738349915,
		0.49967142939567566,
		-0.08300058543682098,
		0.9835551977157593
	],
	"21. right_wrist": [
		0.4085863530635834,
		0.5493710041046143,
		-0.17938129603862762,
		0.9763745665550232
	],
	"24. nose": [
		0.5205855369567871,
		0.3732881546020508,
		-0.24977833032608032,
		0.9999656677246094
	],
	"25. left_eye": [
		0.5172691345214844,
		0.36324959993362427,
		-0.2308550924062729,
		0.9999107122421265
	],
	"26. right_eye": [
		0.5106338858604431,
		0.3630855977535248,
		-0.2439865916967392,
		0.999836266040802
	],
	"27. left_ear": [
		0.5059450268745422,
		0.36456045508384705,
		-0.12482260167598724,
		0.9998531937599182
	],
	"28. right_ear": [
		0.49192506074905396,
		0.36225953698158264,
		-0.1827370524406433,
		0.9997668862342834
	],
	"time stamp": 30.0
}