{
	"1. left_hip": [
		0.5120856165885925,
		0.5560116171836853,
		-0.017368031665682793,
		0.998917818069458
	],
	"2. left_knee": [
		0.5009610652923584,
		0.6587207317352295,
		-0.07286448031663895,
		0.9852278232574463
	],
	"3. left_ankle": [
		0.4942435920238495,
		0.7497370839118958,
		0.10759412497282028,
		0.9586323499679565
	],
	"6. right_hip": [
		0.4585683047771454,
		0.5503391623497009,
		0.01733948476612568,
		0.9988123774528503
	],
	"7. right_knee": [
		0.39209726452827454,
		0.6342714428901672,
		-0.13794009387493134,
		0.9901179075241089
	],
	"8. right_ankle": [
		0.38851478695869446,
		0.7227655649185181,
		0.08096933364868164,
		0.9778635501861572
	],
	"14. left_shoulder": [
		0.5450529456138611,
		0.41718170046806335,
		-0.09701868146657944,
		0.9999729990959167
	],
	"15. left_elbow": [
		0.590591311454773,
		0.4568525552749634,
		-0.1255459040403366,
		0.9841869473457336
	],
	"16. left_wrist": [
		0.6230960488319397,
		0.5034934282302856,
		-0.30315762758255005,
		0.9841867089271545
	],
	"19. right_shoulder": [
		0.4468308985233307,
		0.42450150847435,
		-0.15565596520900726,
		0.9998165965080261
	],
	"20. right_elbow": [
		0.44659024477005005,
		0.502109944820404,
		-0.18480317294597626,
		0.9786646366119385
	],
	"21. right_wrist": [
		0.4730500280857086,
		0.5485578775405884,
		-0.2831304967403412,
		0.9704792499542236
	],
	"24. nose": [
		0.5268219709396362,
		0.3703263998031616,
		-0.2817208766937256,
		0.9999373555183411
	],
	"25. left_eye": [
		0.5214289426803589,
		0.3608885109424591,
		-0.2642509341239929,
		0.9998101592063904
	],
	"26. right_eye": [
		0.5166425704956055,
		0.3611541986465454,
		-0.2755127549171448,
		0.9997693300247192
	],
	"27. left_ear": [
		0.5075947642326355,
		0.36478233337402344,
		-0.1552743762731552,
		0.9997216463088989
	],
	"28. right_ear": [
		0.4985423982143402,
		0.36380985379219055,
		-0.19434092938899994,
		0.9996966123580933
	],
	"time stamp": 30.0
}