{
	"1. left_hip": [
		0.5134413242340088,
		0.5552035570144653,
		-0.010970786213874817,
		0.9989773631095886
	],
	"2. left_knee": [
		0.5041061043739319,
		0.6574525833129883,
		-0.06798043847084045,
		0.9860590696334839
	],
	"3. left_ankle": [
		0.4948286712169647,
		0.747843325138092,
		0.124689020216465,
		0.9620308876037598
	],
	"6. right_hip": [
		0.4589902460575104,
		0.545814037322998,
		0.011058214120566845,
		0.9988583922386169
	],
	"7. right_knee": [
		0.3904944956302643,
		0.6302614212036133,
		-0.08363041281700134,
		0.9907519817352295
	],
	"8. right_ankle": [
		0.35527852177619934,
		0.7170703411102295,
		0.11312754452228546,
		0.979648768901825
	],
	"14. left_shoulder": [
		0.5481124520301819,
		0.4131421744823456,
		-0.1227954849600792,
		0.9999688863754272
	],
	"15. left_elbow": [
		0.6011428833007812,
		0.4452678859233856,
		-0.19886432588100433,
		0.9852883219718933
	],
	"16. left_wrist": [
		0.638405978679657,
		0.475155234336853,
		-0.406331330537796,
		0.9847726225852966
	],
	"19. right_shoulder": [
		0.4504023492336273,
		0.424483984708786,
		-0.23301680386066437,
		0.9997631311416626
	],
	"20. right_elbow": [
		0.46892249584198,
		0.5001235008239746,
		-0.2954254150390625,
		0.9794554710388184
	],
	"21. right_wrist": [
		0.510374128818512,
		0.5425539612770081,
		-0.39835160970687866,
		0.9714640378952026
	],
	"24. nose": [
		0.5289017558097839,
		0.36960336565971375,
		-0.33367717266082764,
		0.9999219179153442
	],
	"25. left_eye": [
		0.5237464904785156,
		0.35993489623069763,
		-0.31318584084510803,
		0.9997711181640625
	],
	"26. right_eye": [
		0.5186491012573242,
		0.3603900671005249,
		-0.3323032855987549,
		0.9997503161430359
	],
	"27. left_ear": [
		0.5104862451553345,
		0.3641791343688965,
		-0.19629265367984772,
		0.9996781349182129
	],
	"28. right_ear": [
		0.5007686018943787,
		0.3642899692058563,
		-0.2705416679382324,
		0.9996874332427979
	],
	"time stamp": 30.0
}