{
	"1. left_hip": [
		0.5128361582756042,
		0.5606259703636169,
		0.015099777840077877,
		0.9990400075912476
	],
	"2. left_knee": [
		0.5074442028999329,
		0.6637319326400757,
		0.026349544525146484,
		0.9868205189704895
	],
	"3. left_ankle": [
		0.49480947852134705,
		0.7499951720237732,
		0.238731250166893,
		0.9649180769920349
	],
	"6. right_hip": [
		0.4586744010448456,
		0.5520265102386475,
		-0.015008216723799706,
		0.9989385604858398
	],
	"7. right_knee": [
		0.38371071219444275,
		0.6362282633781433,
		-0.05893555283546448,
		0.9914844036102295
	],
	"8. right_ankle": [
		0.32507142424583435,
		0.7163404226303101,
		0.09212001413106918,
		0.9814044237136841
	],
	"14. left_shoulder": [
		0.5461180210113525,
		0.4124361574649811,
		-0.029052892699837685,
		0.9999083876609802
	],
	"15. left_elbow": [
		0.5919591784477234,
		0.44767770171165466,
		-0.09673656523227692,
		0.9772398471832275
	],
	"16. left_wrist": [
		0.6369549036026001,
		0.4382952153682709,
		-0.2691501975059509,
		0.9808518886566162
	],
	"19. right_shoulder": [
		0.4557185173034668,
		0.42407479882240295,
		-0.20175613462924957,
		0.9997257590293884
	],
	"20. right_elbow": [
		0.47616881132125854,
		0.4979228973388672,
		-0.2644520103931427,
		0.9803802371025085
	],
	"21. right_wrist": [
		0.5388853549957275,
		0.533713161945343,
		-0.2926158607006073,
		0.9726331233978271
	],
	"24. nose": [
		0.5316075682640076,
		0.36829227209091187,
		-0.2150573879480362,
		0.9998199343681335
	],
	"25. left_eye": [
		0.527040421962738,
		0.3585891127586365,
		-0.1962444931268692,
		0.9995803236961365
	],
	"26. right_eye": [
		0.5215170979499817,
		0.359206885099411,
		-0.21949490904808044,
		0.9996471405029297
	],
	"27. left_ear": [
		0.5143684148788452,
		0.3635132312774658,
		-0.09393267333507538,
		0.9993721842765808
	],
	"28. right_ear": [
		0.5044441819190979,
		0.3643293082714081,
		-0.1968626230955124,
		0.9996390342712402
	],
	"time stamp": 30.0
}