{
	"1. left_hip": [
		0.5126283168792725,
		0.5640140771865845,
		0.027375683188438416,
		0.999126672744751
	],
	"2. left_knee": [
		0.5086738467216492,
		0.6649813055992126,
		0.06572279334068298,
		0.9874197244644165
	],
	"3. left_ankle": [
		0.4948328733444214,
		0.7483425736427307,
		0.2845657765865326,
		0.9675801992416382
	],
	"6. right_hip": [
		0.45826563239097595,
		0.558478593826294,
		-0.027326365932822227,
		0.9990370869636536
	],
	"7. right_knee": [
		0.38563308119773865,
		0.6456429958343506,
		-0.0995318591594696,
		0.9922077655792236
	],
	"8. right_ankle": [
		0.3066290616989136,
		0.718152642250061,
		-0.028358392417430878,
		0.9830484390258789
	],
	"14. left_shoulder": [
		0.5469741225242615,
		0.41221481561660767,
		0.04012235626578331,
		0.9998895525932312
	],
	"15. left_elbow": [
		0.6000678539276123,
		0.42925071716308594,
		-0.019075624644756317,
		0.9719822406768799
	],
	"16. left_wrist": [
		0.6434443593025208,
		0.4119902551174164,
		-0.16385868191719055,
		0.9792383313179016
	],
	"19. right_shoulder": [
		0.46118485927581787,
		0.4235541522502899,
		-0.17991353571414948,
		0.999728262424469
	],
	"20. right_elbow": [
		0.4754769206047058,
		0.4976152777671814,
		-0.2503068149089813,
		0.9816938042640686
	],
	"21. right_wrist": [
		0.5315819382667542,
		0.5085160136222839,
		-0.2853989005088806,
		0.9742328524589539
	],
	"24. nose": [
		0.5345824956893921,
		0.3675563335418701,
		-0.14560768008232117,
		0.999823272228241
	],
	"25. left_eye": [
		0.5298656225204468,
		0.35774123668670654,
		-0.12522658705711365,
		0.9995970129966736
	],
	"26. right_eye": [
		0.5244078636169434,
		0.3585139513015747,
		-0.1500207632780075,
		0.9996699094772339
	],
	"27. left_ear": [
		0.5178794860839844,
		0.3629324436187744,
		-0.021702107042074203,
		0.9993830919265747
	],
	"28. right_ear": [
		0.5071977972984314,
		0.36427226662635803,
		-0.1329987496137619,
		0.9996682405471802
	],
	"time stamp": 30.0
}