{
	"1. left_hip": [
		0.5120227932929993,
		0.5665733814239502,
		0.027744347229599953,
		0.9992771744728088
	],
	"2. left_knee": [
		0.5091038942337036,
		0.6686452031135559,
		0.06098436564207077,
		0.9885364174842834
	],
	"3. left_ankle": [
		0.49482840299606323,
		0.7483890056610107,
		0.31825557351112366,
		0.9723572731018066
	],
	"6. right_hip": [
		0.4579412639141083,
		0.5615100264549255,
		-0.02769453078508377,
		0.9992019534111023
	],
	"7. right_knee": [
		0.3869342803955078,
		0.6528494954109192,
		-0.07481440901756287,
		0.9934218525886536
	],
	"8. right_ankle": [
		0.30585840344429016,
		0.7183614373207092,
		0.03801219165325165,
		0.9858139157295227
	],
	"14. left_shoulder": [
		0.5495835542678833,
		0.41304028034210205,
		0.011446772143244743,
		0.999868631362915
	],
	"15. left_elbow": [
		0.5948946475982666,
		0.42787522077560425,
		-0.07988712936639786,
		0.965505838394165
	],
	"16. left_wrist": [
		0.6427527666091919,
		0.4033939838409424,
		-0.3141646981239319,
		0.9764227271080017
	],
	"19. right_shoulder": [
		0.4642654359340668,
		0.42230644822120667,
		-0.1774248331785202,
		0.9997344613075256
	],
	"20. right_elbow": [
		0.4681769013404846,
		0.49667713046073914,
		-0.27974843978881836,
		0.9842193126678467
	],
	"21. right_wrist": [
		0.5324832797050476,
		0.4968419373035431,
		-0.306503027677536,
		0.9771077036857605
	],
	"24. nose": [
		0.5358462929725647,
		0.3675327003002167,
		-0.21781696379184723,
		0.9998368620872498
	],
	"25. left_eye": [
		0.532925009727478,
		0.357717901468277,
		-0.19540472328662872,
		0.9996426701545715
	],
	"26. right_eye": [
		0.5249312520027161,
		0.35887834429740906,
		-0.2152373343706131,
		0.9997121095657349
	],
	"27. left_ear": [
		0.5233197808265686,
		0.36274492740631104,
		-0.06942321360111237,
		0.9994412660598755
	],
	"28. right_ear": [
		0.5065200328826904,
		0.3646738827228546,
		-0.1599218249320984,
		0.9997208118438721
	],
	"time stamp": 30.0
}