{
	"1. left_hip": [
		0.5111599564552307,
		0.5106740593910217,
		-0.013403431512415409,
		0.9997332692146301
	],
	"2. left_knee": [
		0.502839982509613,
		0.6283625960350037,
		-0.05610918626189232,
		0.9883506298065186
	],
	"3. left_ankle": [
		0.4974345564842224,
		0.740212082862854,
		0.06739216297864914,
		0.9844614863395691
	],
	"6. right_hip": [
		0.4584503471851349,
		0.5035185813903809,
		0.013508765958249569,
		0.9996436238288879
	],
	"7. right_knee": [
		0.4671531617641449,
		0.5903318524360657,
		-0.07131333649158478,
		0.9940627813339233
	],
	"8. right_ankle": [
		0.4678148031234741,
		0.6613208055496216,
		0.2292587012052536,
		0.9548426270484924
	],
	"14. left_shoulder": [
		0.5404585003852844,
		0.3601388931274414,
		-0.06101784110069275,
		0.999955952167511
	],
	"15. left_elbow": [
		0.5785664916038513,
		0.40633684396743774,
		-0.20697374641895294,
		0.9880161285400391
	],
	"16. left_wrist": [
		0.607701301574707,
		0.3744412362575531,
		-0.49050191044807434,
		0.9924054145812988
	],
	"19. right_shoulder": [
		0.4445236623287201,
		0.3577812612056732,
		-0.021521661430597305,
		0.9998752474784851
	],
	"20. right_elbow": [
		0.4133886396884918,
		0.41789305210113525,
		-0.010090515948832035,
		0.9886888265609741
	],
	"21. right_wrist": [
		0.3821549415588379,
		0.3887103796005249,
		-0.15123571455478668,
		0.9872516989707947
	],
	"24. nose": [
		0.49544429779052734,
		0.3108595311641693,
		-0.2559523582458496,
		0.9999586939811707
	],
	"25. left_eye": [
		0.5060765743255615,
		0.3016836941242218,
		-0.23759324848651886,
		0.999890148639679
	],
	"26. right_eye": [
		0.4868781268596649,
		0.30006611347198486,
		-0.23649656772613525,
		0.9998989701271057
	],
	"27. left_ear": [
		0.5153452157974243,
		0.30773690342903137,
		-0.11848475784063339,
		0.9997894167900085
	],
	"28. right_ear": [
		0.47860729694366455,
		0.30524036288261414,
		-0.1123637706041336,
		0.9999052286148071
	],
	"time stamp": 30.0
}