{
	"1. left_hip": [
		0.5131081938743591,
		0.5132455825805664,
		-0.052518878132104874,
		0.9995572566986084
	],
	"2. left_knee": [
		0.46917957067489624,
		0.6110271215438843,
		-0.19141028821468353,
		0.9788123369216919
	],
	"3. left_ankle": [
		0.49144846200942993,
		0.6890113949775696,
		-0.0018625581869855523,
		0.9284275770187378
	],
	"6. right_hip": [
		0.464455783367157,
		0.5212521553039551,
		0.05262003466486931,
		0.9996557831764221
	],
	"7. right_knee": [
		0.4670884311199188,
		0.6262738704681396,
		-0.012750817462801933,
		0.8581796884536743
	],
	"8. right_ankle": [
		0.4741675555706024,
		0.7354359030723572,
		0.07179786264896393,
		0.9313443303108215
	],
	"14. left_shoulder": [
		0.5159290432929993,
		0.3709731101989746,
		-0.02436956577003002,
		0.999557375907898
	],
	"15. left_elbow": [
		0.5492186546325684,
		0.41053417325019836,
		-0.17876923084259033,
		0.9918842315673828
	],
	"16. left_wrist": [
		0.48302629590034485,
		0.38380396366119385,
		-0.35772937536239624,
		0.9798557758331299
	],
	"19. right_shoulder": [
		0.42878586053848267,
		0.3832316994667053,
		0.07022809982299805,
		0.999854564666748
	],
	"20. right_elbow": [
		0.39686867594718933,
		0.44303593039512634,
		-0.0548228956758976,
		0.9682546854019165
	],
	"21. right_wrist": [
		0.41863006353378296,
		0.44991186261177063,
		-0.2517247498035431,
		0.9704821705818176
	],
	"24. nose": [
		0.4797102212905884,
		0.31688976287841797,
		-0.14394283294677734,
		0.9998353123664856
	],
	"25. left_eye": [
		0.49091604351997375,
		0.31143730878829956,
		-0.12205281853675842,
		0.9996606707572937
	],
	"26. right_eye": [
		0.4744951128959656,
		0.3069829046726227,
		-0.11997269839048386,
		0.9995874166488647
	],
	"27. left_ear": [
		0.4989141523838043,
		0.3217994272708893,
		-0.012660498730838299,
		0.9995035529136658
	],
	"28. right_ear": [
		0.46396487951278687,
		0.312842458486557,
		-0.006599700078368187,
		0.9994130730628967
	],
	"time stamp": 30.0
}