{
	"1. left_hip": [
		0.5271762013435364,
		0.5551793575286865,
		-0.05982518941164017,
		0.999535858631134
	],
	"2. left_knee": [
		0.528118908405304,
		0.6683163046836853,
		-0.03101763129234314,
		0.9865853190422058
	],
	"3. left_ankle": [
		0.5424292087554932,
		0.7656258940696716,
		0.11762453615665436,
		0.9631472229957581
	],
	"6. right_hip": [
		0.4753815829753876,
		0.5569087862968445,
		0.05974610522389412,
		0.9996335506439209
	],
	"7. right_knee": [
		0.4212038218975067,
		0.6457144021987915,
		-0.12210234254598618,
		0.92470383644104
	],
	"8. right_ankle": [
		0.4897516965866089,
		0.737151563167572,
		0.05507872253656387,
		0.9519660472869873
	],
	"14. left_shoulder": [
		0.5296287536621094,
		0.3851032555103302,
		-0.03428896516561508,
		0.999792754650116
	],
	"15. left_elbow": [
		0.5652410984039307,
		0.4475078582763672,
		-0.19793589413166046,
		0.9952582716941833
	],
	"16. left_wrist": [
		0.5199272632598877,
		0.42422932386398315,
		-0.38403359055519104,
		0.9894223213195801
	],
	"19. right_shoulder": [
		0.44465434551239014,
		0.393984317779541,
		0.06763653457164764,
		0.9998139142990112
	],
	"20. right_elbow": [
		0.41686731576919556,
		0.44941461086273193,
		-0.056152842938899994,
		0.9716677665710449
	],
	"21. right_wrist": [
		0.4274602234363556,
		0.42069557309150696,
		-0.287648469209671,
		0.9805650115013123
	],
	"24. nose": [
		0.48529481887817383,
		0.32864484190940857,
		-0.18135739862918854,
		0.9999246597290039
	],
	"25. left_eye": [
		0.4964574873447418,
		0.3214847147464752,
		-0.15849368274211884,
		0.9998395442962646
	],
	"26. right_eye": [
		0.47947609424591064,
		0.31819993257522583,
		-0.15542368590831757,
		0.9998198747634888
	],
	"27. left_ear": [
		0.5071136355400085,
		0.33021047711372375,
		-0.04091590270400047,
		0.9997689723968506
	],
	"28. right_ear": [
		0.46883079409599304,
		0.32578417658805847,
		-0.027529340237379074,
		0.9997442364692688
	],
	"time stamp": 30.0
}