{
	"1. left_hip": [
		0.5260536074638367,
		0.5570048093795776,
		-0.05527026951313019,
		0.9995251893997192
	],
	"2. left_knee": [
		0.5265604257583618,
		0.6725909113883972,
		-0.036025676876306534,
		0.9868193864822388
	],
	"3. left_ankle": [
		0.541852593421936,
		0.7677358984947205,
		0.10690507292747498,
		0.9654849171638489
	],
	"6. right_hip": [
		0.47498512268066406,
		0.5579211711883545,
		0.05516621470451355,
		0.9996399283409119
	],
	"7. right_knee": [
		0.42120200395584106,
		0.6472695469856262,
		-0.12319210171699524,
		0.9315611124038696
	],
	"8. right_ankle": [
		0.4887118935585022,
		0.7357366681098938,
		0.05106319487094879,
		0.9539592862129211
	],
	"14. left_shoulder": [
		0.5311851501464844,
		0.3890736997127533,
		-0.022733673453330994,
		0.9998016357421875
	],
	"15. left_elbow": [
		0.5648974776268005,
		0.44830143451690674,
		-0.20610171556472778,
		0.9952880144119263
	],
	"16. left_wrist": [
		0.5178161263465881,
		0.41208314895629883,
		-0.41996362805366516,
		0.9900041222572327
	],
	"19. right_shoulder": [
		0.4444851577281952,
		0.3948768079280853,
		0.06258183717727661,
		0.9998049736022949
	],
	"20. right_elbow": [
		0.4179830253124237,
		0.4504068195819855,
		-0.0750400647521019,
		0.9708524346351624
	],
	"21. right_wrist": [
		0.42725181579589844,
		0.4244305491447449,
		-0.3012095093727112,
		0.9802370071411133
	],
	"24. nose": [
		0.4857481122016907,
		0.3336506187915802,
		-0.16671167314052582,
		0.9999310374259949
	],
	"25. left_eye": [
		0.49644261598587036,
		0.3255941569805145,
		-0.14400416612625122,
		0.9998526573181152
	],
	"26. right_eye": [
		0.4792853891849518,
		0.32274314761161804,
		-0.1418505162000656,
		0.999835193157196
	],
	"27. left_ear": [
		0.5069800615310669,
		0.33438339829444885,
		-0.02677309513092041,
		0.9997869729995728
	],
	"28. right_ear": [
		0.46860477328300476,
		0.3297994136810303,
		-0.01731693744659424,
		0.9997673034667969
	],
	"time stamp": 30.0
}