{
	"1. left_hip": [
		0.5113565921783447,
		0.5471971035003662,
		0.0044623021967709064,
		0.9996246695518494
	],
	"2. left_knee": [
		0.5193792581558228,
		0.6518427729606628,
		0.006623419933021069,
		0.9898022413253784
	],
	"3. left_ankle": [
		0.5200111865997314,
		0.7566036581993103,
		0.1809539496898651,
		0.9756509065628052
	],
	"6. right_hip": [
		0.454837441444397,
		0.5458109974861145,
		-0.004535416606813669,
		0.9996211528778076
	],
	"7. right_knee": [
		0.45253610610961914,
		0.658216655254364,
		0.048587385565042496,
		0.957549512386322
	],
	"8. right_ankle": [
		0.4596420228481293,
		0.7404695153236389,
		0.2637178301811218,
		0.9626451134681702
	],
	"14. left_shoulder": [
		0.5307911038398743,
		0.39385852217674255,
		-0.006379517260938883,
		0.9997488260269165
	],
	"15. left_elbow": [
		0.5613753795623779,
		0.4428892433643341,
		-0.15165165066719055,
		0.9941174387931824
	],
	"16. left_wrist": [
		0.5113402009010315,
		0.3901536762714386,
		-0.36229345202445984,
		0.9903553128242493
	],
	"19. right_shoulder": [
		0.43175268173217773,
		0.38569942116737366,
		-0.026044556871056557,
		0.9997678995132446
	],
	"20. right_elbow": [
		0.40121692419052124,
		0.44244492053985596,
		-0.17257028818130493,
		0.9790481328964233
	],
	"21. right_wrist": [
		0.4400860667228699,
		0.419202983379364,
		-0.3799564838409424,
		0.9827257394790649
	],
	"24. nose": [
		0.4836132526397705,
		0.3313728868961334,
		-0.22186557948589325,
		0.9999340176582336
	],
	"25. left_eye": [
		0.493269681930542,
		0.3219379484653473,
		-0.19635987281799316,
		0.9998658895492554
	],
	"26. right_eye": [
		0.47404226660728455,
		0.32078126072883606,
		-0.20268262922763824,
		0.9998668432235718
	],
	"27. left_ear": [
		0.5041395425796509,
		0.331080824136734,
		-0.06400326639413834,
		0.999786913394928
	],
	"28. right_ear": [
		0.46374833583831787,
		0.3281388282775879,
		-0.09221432358026505,
		0.999834418296814
	],
	"time stamp": 30.0
}