{
	"1. left_hip": [
		0.5051435232162476,
		0.5300960540771484,
		-0.003586978418752551,
		0.9993723034858704
	],
	"2. left_knee": [
		0.49451035261154175,
		0.6439579725265503,
		-0.010655684396624565,
		0.9893516898155212
	],
	"3. left_ankle": [
		0.48632800579071045,
		0.740001380443573,
		0.18104693293571472,
		0.976990818977356
	],
	"6. right_hip": [
		0.44846805930137634,
		0.5299240946769714,
		0.0036823423579335213,
		0.9989275932312012
	],
	"7. right_knee": [
		0.45047616958618164,
		0.6490724086761475,
		0.01031314767897129,
		0.9661919474601746
	],
	"8. right_ankle": [
		0.46008649468421936,
		0.7398325800895691,
		0.2079252153635025,
		0.9652355909347534
	],
	"14. left_shoulder": [
		0.5304647088050842,
		0.36962300539016724,
		-0.01209587324410677,
		0.9997523427009583
	],
	"15. left_elbow": [
		0.568513035774231,
		0.4308818578720093,
		-0.12195789068937302,
		0.9912728071212769
	],
	"16. left_wrist": [
		0.528928816318512,
		0.431273877620697,
		-0.3158094584941864,
		0.9850643277168274
	],
	"19. right_shoulder": [
		0.42967554926872253,
		0.37268927693367004,
		-0.022642390802502632,
		0.9985530376434326
	],
	"20. right_elbow": [
		0.4116171598434448,
		0.42270413041114807,
		-0.17052052915096283,
		0.9650753140449524
	],
	"21. right_wrist": [
		0.43961912393569946,
		0.399008572101593,
		-0.4063805043697357,
		0.9576864242553711
	],
	"24. nose": [
		0.48148322105407715,
		0.31952229142189026,
		-0.2195352017879486,
		0.9995378851890564
	],
	"25. left_eye": [
		0.4911790192127228,
		0.3125002980232239,
		-0.19866535067558289,
		0.9992772936820984
	],
	"26. right_eye": [
		0.47137153148651123,
		0.3119421601295471,
		-0.20183153450489044,
		0.9988643527030945
	],
	"27. left_ear": [
		0.4999694228172302,
		0.31888818740844727,
		-0.06699102371931076,
		0.9991891384124756
	],
	"28. right_ear": [
		0.46078601479530334,
		0.31918731331825256,
		-0.08205702900886536,
		0.9981176257133484
	],
	"time stamp": 30.0
}