{
	"1. left_hip": [
		0.5085240006446838,
		0.5244088172912598,
		0.03870130702853203,
		0.9993830919265747
	],
	"2. left_knee": [
		0.5006328821182251,
		0.641042172908783,
		-0.03459644690155983,
		0.9815770387649536
	],
	"3. left_ankle": [
		0.48663902282714844,
		0.7412338852882385,
		0.12120716273784637,
		0.9645161032676697
	],
	"6. right_hip": [
		0.4582420885562897,
		0.5251907110214233,
		-0.0386928990483284,
		0.998923122882843
	],
	"7. right_knee": [
		0.46945318579673767,
		0.6408770680427551,
		-0.062466684728860855,
		0.968675971031189
	],
	"8. right_ankle": [
		0.4528394043445587,
		0.7174208164215088,
		0.20802944898605347,
		0.9378135800361633
	],
	"14. left_shoulder": [
		0.5252296924591064,
		0.38309231400489807,
		0.07635974138975143,
		0.9998118877410889
	],
	"15. left_elbow": [
		0.5535706281661987,
		0.4484769403934479,
		-0.014914613217115402,
		0.9819737672805786
	],
	"16. left_wrist": [
		0.550049901008606,
		0.4116857647895813,
		-0.22642381489276886,
		0.98284512758255
	],
	"19. right_shoulder": [
		0.43783053755760193,
		0.3654749095439911,
		-0.020557796582579613,
		0.999062716960907
	],
	"20. right_elbow": [
		0.41862475872039795,
		0.4278697073459625,
		-0.12805980443954468,
		0.9735243916511536
	],
	"21. right_wrist": [
		0.4700661599636078,
		0.43613922595977783,
		-0.2828930616378784,
		0.9638440608978271
	],
	"24. nose": [
		0.48827317357063293,
		0.3160521984100342,
		-0.16029685735702515,
		0.9996370673179626
	],
	"25. left_eye": [
		0.49568819999694824,
		0.30809885263442993,
		-0.13836783170700073,
		0.9993965029716492
	],
	"26. right_eye": [
		0.47819530963897705,
		0.3074159324169159,
		-0.14440107345581055,
		0.999127984046936
	],
	"27. left_ear": [
		0.5023210048675537,
		0.3163454234600067,
		-0.010201724246144295,
		0.9992232918739319
	],
	"28. right_ear": [
		0.46468669176101685,
		0.3151150047779083,
		-0.04012967646121979,
		0.9986787438392639
	],
	"time stamp": 30.0
}