{
	"1. left_hip": [
		0.5046253800392151,
		0.5203096270561218,
		0.06960533559322357,
		0.9994833469390869
	],
	"2. left_knee": [
		0.5007162690162659,
		0.6387153267860413,
		0.016231432557106018,
		0.9545149803161621
	],
	"3. left_ankle": [
		0.47796201705932617,
		0.7411810159683228,
		0.17569507658481598,
		0.9504748582839966
	],
	"6. right_hip": [
		0.4590076208114624,
		0.5212906002998352,
		-0.06964517384767532,
		0.9991101622581482
	],
	"7. right_knee": [
		0.47295981645584106,
		0.6368729472160339,
		-0.11152394115924835,
		0.9722657799720764
	],
	"8. right_ankle": [
		0.4377369284629822,
		0.7391327619552612,
		0.0311579629778862,
		0.9311774373054504
	],
	"14. left_shoulder": [
		0.5236063599586487,
		0.3719477653503418,
		0.11799512058496475,
		0.9998603463172913
	],
	"15. left_elbow": [
		0.5382502675056458,
		0.4402097761631012,
		0.047332100570201874,
		0.9762319326400757
	],
	"16. left_wrist": [
		0.559130072593689,
		0.41087833046913147,
		-0.18797819316387177,
		0.9867631196975708
	],
	"19. right_shoulder": [
		0.44444674253463745,
		0.35827019810676575,
		-0.020500140264630318,
		0.9993661642074585
	],
	"20. right_elbow": [
		0.4139912724494934,
		0.42069917917251587,
		-0.131541445851326,
		0.9806133508682251
	],
	"21. right_wrist": [
		0.4699513018131256,
		0.4317519962787628,
		-0.2871163487434387,
		0.97291100025177
	],
	"24. nose": [
		0.4873013496398926,
		0.31078392267227173,
		-0.1512996405363083,
		0.9997480511665344
	],
	"25. left_eye": [
		0.49428874254226685,
		0.3015401363372803,
		-0.1304415762424469,
		0.999576985836029
	],
	"26. right_eye": [
		0.47587618231773376,
		0.302702933549881,
		-0.13643963634967804,
		0.9993975162506104
	],
	"27. left_ear": [
		0.5015231370925903,
		0.3077254295349121,
		0.001601703348569572,
		0.9994155764579773
	],
	"28. right_ear": [
		0.46495503187179565,
		0.31027480959892273,
		-0.030296944081783295,
		0.9991106390953064
	],
	"time stamp": 30.0
}