{
	"1. left_hip": [
		0.49013546109199524,
		0.5465758442878723,
		0.0678013265132904,
		0.9991286396980286
	],
	"2. left_knee": [
		0.5239899158477783,
		0.6490635275840759,
		-0.018880868330597878,
		0.8931717276573181
	],
	"3. left_ankle": [
		0.47052836418151855,
		0.7433850169181824,
		0.22018200159072876,
		0.8974097967147827
	],
	"6. right_hip": [
		0.44038018584251404,
		0.5426092743873596,
		-0.06777150183916092,
		0.9988934397697449
	],
	"7. right_knee": [
		0.4466075301170349,
		0.6629927754402161,
		-0.10973027348518372,
		0.9745438694953918
	],
	"8. right_ankle": [
		0.4309823215007782,
		0.7707728147506714,
		0.02728262171149254,
		0.9428328275680542
	],
	"14. left_shoulder": [
		0.5200384259223938,
		0.3802857995033264,
		0.07240307331085205,
		0.9998843669891357
	],
	"15. left_elbow": [
		0.5406357049942017,
		0.446662575006485,
		-0.02683965489268303,
		0.9714929461479187
	],
	"16. left_wrist": [
		0.5556854009628296,
		0.4333933889865875,
		-0.3034980595111847,
		0.9898202419281006
	],
	"19. right_shoulder": [
		0.43393462896347046,
		0.37044328451156616,
		-0.0808480903506279,
		0.999596118927002
	],
	"20. right_elbow": [
		0.4132348299026489,
		0.4436940848827362,
		-0.22036537528038025,
		0.9868936538696289
	],
	"21. right_wrist": [
		0.4663815498352051,
		0.424197256565094,
		-0.41195768117904663,
		0.9822052717208862
	],
	"24. nose": [
		0.48093464970588684,
		0.3144517242908478,
		-0.19742320477962494,
		0.9998332262039185
	],
	"25. left_eye": [
		0.4896908104419708,
		0.30401110649108887,
		-0.17460668087005615,
		0.9997242093086243
	],
	"26. right_eye": [
		0.47132912278175354,
		0.3048231601715088,
		-0.18468137085437775,
		0.9996068477630615
	],
	"27. left_ear": [
		0.49763697385787964,
		0.31101253628730774,
		-0.03746996447443962,
		0.9996098279953003
	],
	"28. right_ear": [
		0.46253424882888794,
		0.31251078844070435,
		-0.08381010591983795,
		0.9994415044784546
	],
	"time stamp": 30.0
}