{
	"1. left_hip": [
		0.5023752450942993,
		0.5192481875419617,
		-0.014343202114105225,
		0.9996270537376404
	],
	"2. left_knee": [
		0.4982055127620697,
		0.6328216791152954,
		-0.026392653584480286,
		0.9841939806938171
	],
	"3. left_ankle": [
		0.4959791302680969,
		0.7338666915893555,
		0.09789266437292099,
		0.970353901386261
	],
	"6. right_hip": [
		0.4495033025741577,
		0.5214120149612427,
		0.014481966383755207,
		0.9995522499084473
	],
	"7. right_knee": [
		0.46061229705810547,
		0.632205069065094,
		-0.020290717482566833,
		0.9821292757987976
	],
	"8. right_ankle": [
		0.4668178856372833,
		0.7312502264976501,
		0.1123143807053566,
		0.9525973796844482
	],
	"14. left_shoulder": [
		0.517179548740387,
		0.37922388315200806,
		0.039706453680992126,
		0.9998714327812195
	],
	"15. left_elbow": [
		0.5018647313117981,
		0.4392015337944031,
		-0.09393735229969025,
		0.9739474058151245
	],
	"16. left_wrist": [
		0.49144089221954346,
		0.3955024480819702,
		-0.30791157484054565,
		0.9846278429031372
	],
	"19. right_shoulder": [
		0.4258629381656647,
		0.37724944949150085,
		0.08328500390052795,
		0.9998723864555359
	],
	"20. right_elbow": [
		0.41545507311820984,
		0.4487246572971344,
		0.0733441635966301,
		0.9620634913444519
	],
	"21. right_wrist": [
		0.41438528895378113,
		0.5048606991767883,
		-0.028991838917136192,
		0.9490253925323486
	],
	"24. nose": [
		0.4745360314846039,
		0.32887741923332214,
		-0.10098392516374588,
		0.9998509287834167
	],
	"25. left_eye": [
		0.4829316735267639,
		0.31987619400024414,
		-0.08220265805721283,
		0.9995613694190979
	],
	"26. right_eye": [
		0.46737372875213623,
		0.320072740316391,
		-0.07989683002233505,
		0.9995636343955994
	],
	"27. left_ear": [
		0.48894256353378296,
		0.32451412081718445,
		0.023227646946907043,
		0.9991080164909363
	],
	"28. right_ear": [
		0.4565688669681549,
		0.32421520352363586,
		0.031275052577257156,
		0.9996134042739868
	],
	"time stamp": 30.0
}