{
	"1. left_hip": [
		0.49558958411216736,
		0.5214824080467224,
		-0.008814866654574871,
		0.9995786547660828
	],
	"2. left_knee": [
		0.485272616147995,
		0.6296069025993347,
		-0.015726592391729355,
		0.9827567934989929
	],
	"3. left_ankle": [
		0.48695340752601624,
		0.7283083200454712,
		0.13569670915603638,
		0.9672580361366272
	],
	"6. right_hip": [
		0.4426766335964203,
		0.5227478742599487,
		0.008973849005997181,
		0.9994319677352905
	],
	"7. right_knee": [
		0.4518861472606659,
		0.6311596632003784,
		-0.010960915125906467,
		0.9801332950592041
	],
	"8. right_ankle": [
		0.4671212136745453,
		0.7284216284751892,
		0.13713297247886658,
		0.9474976062774658
	],
	"14. left_shoulder": [
		0.5200941562652588,
		0.3859756588935852,
		-0.03510454297065735,
		0.9999131560325623
	],
	"15. left_elbow": [
		0.5230531692504883,
		0.46711352467536926,
		-0.11159645020961761,
		0.981776237487793
	],
	"16. left_wrist": [
		0.5127786993980408,
		0.43350857496261597,
		-0.35570499300956726,
		0.9895285964012146
	],
	"19. right_shoulder": [
		0.4261006712913513,
		0.38415202498435974,
		0.010878093540668488,
		0.9999048709869385
	],
	"20. right_elbow": [
		0.40866026282310486,
		0.4544186294078827,
		0.05993417650461197,
		0.9683584570884705
	],
	"21. right_wrist": [
		0.4125092029571533,
		0.5046657919883728,
		-0.04175829142332077,
		0.9566240310668945
	],
	"24. nose": [
		0.4731311500072479,
		0.3338926136493683,
		-0.2108224332332611,
		0.9998987913131714
	],
	"25. left_eye": [
		0.4820033311843872,
		0.3239538371562958,
		-0.19315077364444733,
		0.9997047781944275
	],
	"26. right_eye": [
		0.4642029404640198,
		0.32527095079421997,
		-0.19173267483711243,
		0.9996987581253052
	],
	"27. left_ear": [
		0.489256352186203,
		0.32855087518692017,
		-0.08501047641038895,
		0.9994012117385864
	],
	"28. right_ear": [
		0.45436111092567444,
		0.3306194543838501,
		-0.08107178658246994,
		0.9997305274009705
	],
	"time stamp": 30.0
}