{
	"1. left_hip": [
		0.5256417989730835,
		0.5154914855957031,
		0.007789196912199259,
		0.9995847940444946
	],
	"2. left_knee": [
		0.5158887505531311,
		0.6253983974456787,
		-0.034729164093732834,
		0.9864959716796875
	],
	"3. left_ankle": [
		0.5036406517028809,
		0.7154489755630493,
		0.1024891659617424,
		0.9771613478660583
	],
	"6. right_hip": [
		0.4749687612056732,
		0.5192835330963135,
		-0.007900314405560493,
		0.9994175434112549
	],
	"7. right_knee": [
		0.47425609827041626,
		0.6267797350883484,
		-0.04255389794707298,
		0.9847962856292725
	],
	"8. right_ankle": [
		0.48238831758499146,
		0.7092440724372864,
		0.13083289563655853,
		0.9682810306549072
	],
	"14. left_shoulder": [
		0.5319278240203857,
		0.38313934206962585,
		0.010591981001198292,
		0.9975163340568542
	],
	"15. left_elbow": [
		0.5315847992897034,
		0.3798975944519043,
		-0.22795206308364868,
		0.9446403384208679
	],
	"16. left_wrist": [
		0.5092283487319946,
		0.3369348645210266,
		-0.42358431220054626,
		0.9334427118301392
	],
	"19. right_shoulder": [
		0.45682814717292786,
		0.38201215863227844,
		-0.05934648960828781,
		0.9962571263313293
	],
	"20. right_elbow": [
		0.47324246168136597,
		0.35679447650909424,
		-0.3094731867313385,
		0.9756417274475098
	],
	"21. right_wrist": [
		0.49741244316101074,
		0.323913037776947,
		-0.4771578311920166,
		0.9644677639007568
	],
	"24. nose": [
		0.4987638592720032,
		0.33120086789131165,
		-0.1184997633099556,
		0.9992486238479614
	],
	"25. left_eye": [
		0.5052299499511719,
		0.3289540708065033,
		-0.09723562747240067,
		0.9989495277404785
	],
	"26. right_eye": [
		0.49215489625930786,
		0.3279639780521393,
		-0.10415155440568924,
		0.9984973073005676
	],
	"27. left_ear": [
		0.50804203748703,
		0.3352854549884796,
		0.01084172073751688,
		0.9988068342208862
	],
	"28. right_ear": [
		0.4830999970436096,
		0.33476686477661133,
		-0.025015201419591904,
		0.9983867406845093
	],
	"time stamp": 30.0
}