{
	"1. left_hip": [
		0.5212056636810303,
		0.511995792388916,
		-0.0007611666806042194,
		0.9995101690292358
	],
	"2. left_knee": [
		0.5117949843406677,
		0.6086540222167969,
		-0.2740970849990845,
		0.9838675856590271
	],
	"3. left_ankle": [
		0.5038388967514038,
		0.687130868434906,
		-0.07707994431257248,
		0.9588103294372559
	],
	"6. right_hip": [
		0.4728231430053711,
		0.515816867351532,
		0.000931555696297437,
		0.9990018606185913
	],
	"7. right_knee": [
		0.47347384691238403,
		0.6247718930244446,
		-0.0895499736070633,
		0.9642336964607239
	],
	"8. right_ankle": [
		0.4871664047241211,
		0.7139331102371216,
		0.03728717193007469,
		0.9318202137947083
	],
	"14. left_shoulder": [
		0.5367740392684937,
		0.38124507665634155,
		-0.014350584708154202,
		0.9989705681800842
	],
	"15. left_elbow": [
		0.5599831938743591,
		0.4374005198478699,
		-0.014181987382471561,
		0.9460846185684204
	],
	"16. left_wrist": [
		0.5806894898414612,
		0.47626805305480957,
		-0.18667395412921906,
		0.9268233180046082
	],
	"19. right_shoulder": [
		0.44958850741386414,
		0.3925173580646515,
		-0.030496932566165924,
		0.9973556399345398
	],
	"20. right_elbow": [
		0.4344748556613922,
		0.46169760823249817,
		-0.054778117686510086,
		0.9496119618415833
	],
	"21. right_wrist": [
		0.44285231828689575,
		0.48494917154312134,
		-0.2576051950454712,
		0.8978317975997925
	],
	"24. nose": [
		0.5027776956558228,
		0.3324507176876068,
		-0.22339731454849243,
		0.9989254474639893
	],
	"25. left_eye": [
		0.507061243057251,
		0.326467365026474,
		-0.19979357719421387,
		0.9983083605766296
	],
	"26. right_eye": [
		0.4928639233112335,
		0.3253192603588104,
		-0.20467297732830048,
		0.9977999925613403
	],
	"27. left_ear": [
		0.5092287063598633,
		0.33255669474601746,
		-0.07568720728158951,
		0.9979569911956787
	],
	"28. right_ear": [
		0.47978854179382324,
		0.3318730592727661,
		-0.1002548411488533,
		0.99675452709198
	],
	"time stamp": 30.0
}