{
	"1. left_hip": [
		0.5222197771072388,
		0.5118383765220642,
		-0.0007604802958667278,
		0.999520480632782
	],
	"2. left_knee": [
		0.5123563408851624,
		0.6072309017181396,
		-0.2948085367679596,
		0.9839324951171875
	],
	"3. left_ankle": [
		0.5039822459220886,
		0.687108039855957,
		-0.11078691482543945,
		0.9555195569992065
	],
	"6. right_hip": [
		0.47328731417655945,
		0.5158097147941589,
		0.0009319899254478514,
		0.9990042448043823
	],
	"7. right_knee": [
		0.47357097268104553,
		0.6248079538345337,
		-0.0859343409538269,
		0.9616004228591919
	],
	"8. right_ankle": [
		0.48734018206596375,
		0.7141124606132507,
		0.037477824836969376,
		0.931341826915741
	],
	"14. left_shoulder": [
		0.538701593875885,
		0.3811916708946228,
		-0.012851748615503311,
		0.9990696907043457
	],
	"15. left_elbow": [
		0.5625605583190918,
		0.43605902791023254,
		0.007011259440332651,
		0.9493368864059448
	],
	"16. left_wrist": [
		0.5967060923576355,
		0.46867626905441284,
		-0.16632266342639923,
		0.9325475096702576
	],
	"19. right_shoulder": [
		0.45025601983070374,
		0.39253726601600647,
		-0.023443909361958504,
		0.9975670576095581
	],
	"20. right_elbow": [
		0.4361014664173126,
		0.4572509825229645,
		-0.055040474981069565,
		0.9508723616600037
	],
	"21. right_wrist": [
		0.4311816096305847,
		0.4756082594394684,
		-0.2955782115459442,
		0.9047226905822754
	],
	"24. nose": [
		0.5024870038032532,
		0.3315715491771698,
		-0.20330798625946045,
		0.9990304708480835
	],
	"25. left_eye": [
		0.5069394707679749,
		0.32575762271881104,
		-0.17984168231487274,
		0.9984721541404724
	],
	"26. right_eye": [
		0.4926765263080597,
		0.3244016170501709,
		-0.18434077501296997,
		0.9980109930038452
	],
	"27. left_ear": [
		0.5092958807945251,
		0.33199605345726013,
		-0.05637814477086067,
		0.9981570839881897
	],
	"28. right_ear": [
		0.47973406314849854,
		0.3310164213180542,
		-0.07935100048780441,
		0.9970594644546509
	],
	"time stamp": 30.0
}