{
	"1. left_hip": [
		0.5264565348625183,
		0.513426661491394,
		-0.00793786346912384,
		0.9996102452278137
	],
	"2. left_knee": [
		0.5199997425079346,
		0.6211796402931213,
		-0.04519954323768616,
		0.9870625734329224
	],
	"3. left_ankle": [
		0.5103274583816528,
		0.718900740146637,
		0.09605076909065247,
		0.9644226431846619
	],
	"6. right_hip": [
		0.47517237067222595,
		0.5181772708892822,
		0.00806039571762085,
		0.9991716742515564
	],
	"7. right_knee": [
		0.4767700135707855,
		0.6262051463127136,
		-0.019588982686400414,
		0.9687401056289673
	],
	"8. right_ankle": [
		0.48791882395744324,
		0.7129998803138733,
		0.114764004945755,
		0.944279670715332
	],
	"14. left_shoulder": [
		0.5395753383636475,
		0.3847808241844177,
		0.045325782150030136,
		0.9993857741355896
	],
	"15. left_elbow": [
		0.5760793089866638,
		0.4334034323692322,
		0.013038700446486473,
		0.9617322087287903
	],
	"16. left_wrist": [
		0.626705527305603,
		0.4209112524986267,
		-0.13906241953372955,
		0.9537559151649475
	],
	"19. right_shoulder": [
		0.45056289434432983,
		0.39334532618522644,
		0.05761998891830444,
		0.9983460903167725
	],
	"20. right_elbow": [
		0.41403278708457947,
		0.4467904567718506,
		0.0322088748216629,
		0.9610412120819092
	],
	"21. right_wrist": [
		0.3619307279586792,
		0.4400126338005066,
		-0.1444847285747528,
		0.9349631071090698
	],
	"24. nose": [
		0.5023313164710999,
		0.3309444189071655,
		-0.12261392176151276,
		0.9993612766265869
	],
	"25. left_eye": [
		0.5069274306297302,
		0.32519227266311646,
		-0.1008802279829979,
		0.9989914894104004
	],
	"26. right_eye": [
		0.49253857135772705,
		0.32352855801582336,
		-0.10355862975120544,
		0.9986861348152161
	],
	"27. left_ear": [
		0.5109246969223022,
		0.3309478759765625,
		0.004918079823255539,
		0.9987847805023193
	],
	"28. right_ear": [
		0.479887455701828,
		0.3296767473220825,
		-0.011590322479605675,
		0.998058021068573
	],
	"time stamp": 30.0
}