{
	"1. left_hip": [
		0.5392089486122131,
		0.522203266620636,
		0.005151223391294479,
		0.9997096061706543
	],
	"2. left_knee": [
		0.5339605212211609,
		0.6316101551055908,
		-0.24190004169940948,
		0.9902161359786987
	],
	"3. left_ankle": [
		0.5151499509811401,
		0.7231342792510986,
		-0.09900050610303879,
		0.9800127148628235
	],
	"6. right_hip": [
		0.48655185103416443,
		0.5223275423049927,
		-0.005090450868010521,
		0.9994455575942993
	],
	"7. right_knee": [
		0.49271076917648315,
		0.6354613304138184,
		-0.013934655115008354,
		0.9819263815879822
	],
	"8. right_ankle": [
		0.49006879329681396,
		0.6999942660331726,
		0.2944818139076233,
		0.9477434754371643
	],
	"14. left_shoulder": [
		0.552304208278656,
		0.40222421288490295,
		-0.1053677499294281,
		0.9998289346694946
	],
	"15. left_elbow": [
		0.5737219452857971,
		0.4692772626876831,
		-0.07410189509391785,
		0.972122311592102
	],
	"16. left_wrist": [
		0.6077790260314941,
		0.5089022517204285,
		-0.223009392619133,
		0.977402925491333
	],
	"19. right_shoulder": [
		0.465600848197937,
		0.3834044337272644,
		-0.12190131098031998,
		0.9995083808898926
	],
	"20. right_elbow": [
		0.44165098667144775,
		0.4475384056568146,
		-0.08575476706027985,
		0.9801715612411499
	],
	"21. right_wrist": [
		0.4311545193195343,
		0.5019093751907349,
		-0.185255765914917,
		0.9695367217063904
	],
	"24. nose": [
		0.5081145763397217,
		0.3336591124534607,
		-0.3288004696369171,
		0.9998317956924438
	],
	"25. left_eye": [
		0.5166735053062439,
		0.3272775411605835,
		-0.31291523575782776,
		0.9997225403785706
	],
	"26. right_eye": [
		0.5010079741477966,
		0.3267654478549957,
		-0.30569013953208923,
		0.9996343851089478
	],
	"27. left_ear": [
		0.5275720953941345,
		0.33494833111763,
		-0.21177518367767334,
		0.9996499419212341
	],
	"28. right_ear": [
		0.49240395426750183,
		0.3346255421638489,
		-0.18050947785377502,
		0.9994485378265381
	],
	"time stamp": 30.0
}