{
	"1. left_hip": [
		0.5402128100395203,
		0.5199016332626343,
		0.00492871692404151,
		0.9997369050979614
	],
	"2. left_knee": [
		0.5342291593551636,
		0.6307196021080017,
		-0.22849266231060028,
		0.9903908371925354
	],
	"3. left_ankle": [
		0.516428530216217,
		0.7228100299835205,
		-0.07369563728570938,
		0.9803210496902466
	],
	"6. right_hip": [
		0.4866262376308441,
		0.5211383104324341,
		-0.004872525576502085,
		0.9994905591011047
	],
	"7. right_knee": [
		0.4944000840187073,
		0.6335841417312622,
		-0.019527608528733253,
		0.9816864132881165
	],
	"8. right_ankle": [
		0.49183282256126404,
		0.6939225792884827,
		0.29802730679512024,
		0.9356252551078796
	],
	"14. left_shoulder": [
		0.5534282326698303,
		0.3997341990470886,
		-0.10105138272047043,
		0.9998446106910706
	],
	"15. left_elbow": [
		0.5737309455871582,
		0.46892282366752625,
		-0.04999229311943054,
		0.972399115562439
	],
	"16. left_wrist": [
		0.5984308123588562,
		0.5187397599220276,
		-0.17507000267505646,
		0.9767730236053467
	],
	"19. right_shoulder": [
		0.4672856032848358,
		0.38217243552207947,
		-0.11143661290407181,
		0.9995477795600891
	],
	"20. right_elbow": [
		0.4491349160671234,
		0.44827622175216675,
		-0.07461050897836685,
		0.9801349639892578
	],
	"21. right_wrist": [
		0.44159215688705444,
		0.5045128464698792,
		-0.181670144200325,
		0.9670699834823608
	],
	"24. nose": [
		0.5080680251121521,
		0.33201003074645996,
		-0.3190702199935913,
		0.9998478293418884
	],
	"25. left_eye": [
		0.5165930986404419,
		0.325440913438797,
		-0.30144745111465454,
		0.9997475743293762
	],
	"26. right_eye": [
		0.5009310841560364,
		0.3252403438091278,
		-0.2991464138031006,
		0.9996662735939026
	],
	"27. left_ear": [
		0.527465283870697,
		0.33311012387275696,
		-0.1918930858373642,
		0.9996781945228577
	],
	"28. right_ear": [
		0.4928520619869232,
		0.3330141305923462,
		-0.17671789228916168,
		0.9994903206825256
	],
	"time stamp": 30.0
}