{
	"1. left_hip": [
		0.5401670336723328,
		0.5154053568840027,
		0.0028523558285087347,
		0.9998005032539368
	],
	"2. left_knee": [
		0.534682035446167,
		0.6295520067214966,
		-0.11280207335948944,
		0.9904500842094421
	],
	"3. left_ankle": [
		0.5195233821868896,
		0.7215806245803833,
		0.03479015827178955,
		0.9815803170204163
	],
	"6. right_hip": [
		0.4868466854095459,
		0.5165134072303772,
		-0.002822541631758213,
		0.9995837807655334
	],
	"7. right_knee": [
		0.49563586711883545,
		0.6264748573303223,
		-0.027098601683974266,
		0.9820297956466675
	],
	"8. right_ankle": [
		0.4943954050540924,
		0.6800162196159363,
		0.3090496063232422,
		0.8973487019538879
	],
	"14. left_shoulder": [
		0.5544160604476929,
		0.39451420307159424,
		-0.11759191751480103,
		0.9998834133148193
	],
	"15. left_elbow": [
		0.5726208090782166,
		0.46788904070854187,
		-0.07191719859838486,
		0.9751376509666443
	],
	"16. left_wrist": [
		0.5801669359207153,
		0.5276469588279724,
		-0.1687178909778595,
		0.9765341877937317
	],
	"19. right_shoulder": [
		0.470081090927124,
		0.38276150822639465,
		-0.0867091566324234,
		0.9996251463890076
	],
	"20. right_elbow": [
		0.4583263397216797,
		0.449767529964447,
		-0.01765182614326477,
		0.9699316620826721
	],
	"21. right_wrist": [
		0.45530930161476135,
		0.5088276863098145,
		-0.1034359261393547,
		0.930131733417511
	],
	"24. nose": [
		0.5057663321495056,
		0.3296160101890564,
		-0.31906822323799133,
		0.9998817443847656
	],
	"25. left_eye": [
		0.5156411528587341,
		0.3225942552089691,
		-0.31236138939857483,
		0.9997950792312622
	],
	"26. right_eye": [
		0.49842795729637146,
		0.32255232334136963,
		-0.30197328329086304,
		0.9997110366821289
	],
	"27. left_ear": [
		0.5272725224494934,
		0.3298162817955017,
		-0.19672533869743347,
		0.9997171759605408
	],
	"28. right_ear": [
		0.4929088354110718,
		0.32987409830093384,
		-0.185841903090477,
		0.9994897842407227
	],
	"time stamp": 30.0
}