{
	"1. left_hip": [
		0.5359604954719543,
		0.5112729668617249,
		-0.0042228177189826965,
		0.9997845888137817
	],
	"2. left_knee": [
		0.5345616340637207,
		0.6294042468070984,
		-0.06605952233076096,
		0.987829327583313
	],
	"3. left_ankle": [
		0.5192590355873108,
		0.7207293510437012,
		0.10062592476606369,
		0.9819831848144531
	],
	"6. right_hip": [
		0.4858197271823883,
		0.5093969702720642,
		0.004262428265064955,
		0.9995529055595398
	],
	"7. right_knee": [
		0.4953705966472626,
		0.6081570386886597,
		-0.22841927409172058,
		0.9842792749404907
	],
	"8. right_ankle": [
		0.4945406913757324,
		0.6828334927558899,
		-0.032253820449113846,
		0.8950713872909546
	],
	"14. left_shoulder": [
		0.5538730025291443,
		0.3854866325855255,
		-0.12505938112735748,
		0.9999053478240967
	],
	"15. left_elbow": [
		0.5641677975654602,
		0.45906171202659607,
		-0.10748044401407242,
		0.9733046889305115
	],
	"16. left_wrist": [
		0.5513226985931396,
		0.5188210010528564,
		-0.17287205159664154,
		0.9545819759368896
	],
	"19. right_shoulder": [
		0.47295287251472473,
		0.3834562301635742,
		-0.051967449486255646,
		0.9994825124740601
	],
	"20. right_elbow": [
		0.47093337774276733,
		0.45208340883255005,
		0.003725315909832716,
		0.8395266532897949
	],
	"21. right_wrist": [
		0.46891167759895325,
		0.5066769123077393,
		-0.0987994372844696,
		0.7136683464050293
	],
	"24. nose": [
		0.5014696717262268,
		0.32777655124664307,
		-0.28506702184677124,
		0.999818742275238
	],
	"25. left_eye": [
		0.512630045413971,
		0.3192063868045807,
		-0.27313584089279175,
		0.9996278285980225
	],
	"26. right_eye": [
		0.4951460659503937,
		0.32033780217170715,
		-0.2666100859642029,
		0.9993000626564026
	],
	"27. left_ear": [
		0.5258806347846985,
		0.3252345323562622,
		-0.17820604145526886,
		0.9994148015975952
	],
	"28. right_ear": [
		0.49260440468788147,
		0.3265710771083832,
		-0.15137332677841187,
		0.9984796643257141
	],
	"time stamp": 30.0
}