{
	"1. left_hip": [
		0.5177158713340759,
		0.5142081379890442,
		-0.017066622152924538,
		0.9993600845336914
	],
	"2. left_knee": [
		0.5058910846710205,
		0.6374067068099976,
		-0.07642517983913422,
		0.9770470857620239
	],
	"3. left_ankle": [
		0.5057860016822815,
		0.7095338702201843,
		0.20406164228916168,
		0.9560368657112122
	],
	"6. right_hip": [
		0.46377354860305786,
		0.5186491012573242,
		0.016995681449770927,
		0.9991183876991272
	],
	"7. right_knee": [
		0.46739059686660767,
		0.6348808407783508,
		-0.013284574262797832,
		0.9678739905357361
	],
	"8. right_ankle": [
		0.48274457454681396,
		0.7405111193656921,
		0.1500949263572693,
		0.9605662822723389
	],
	"14. left_shoulder": [
		0.5314714908599854,
		0.3676990568637848,
		-0.11486759781837463,
		0.999946117401123
	],
	"15. left_elbow": [
		0.5542089939117432,
		0.43729713559150696,
		-0.055588964372873306,
		0.977878212928772
	],
	"16. left_wrist": [
		0.5577781796455383,
		0.5082777142524719,
		-0.15872672200202942,
		0.9618831872940063
	],
	"19. right_shoulder": [
		0.4400045573711395,
		0.39465370774269104,
		-0.10267584025859833,
		0.999678373336792
	],
	"20. right_elbow": [
		0.432241290807724,
		0.4742041230201721,
		-0.039794210344552994,
		0.7616762518882751
	],
	"21. right_wrist": [
		0.42802193760871887,
		0.5397096872329712,
		-0.128451868891716,
		0.7654277086257935
	],
	"24. nose": [
		0.4840194582939148,
		0.31399446725845337,
		-0.3400301933288574,
		0.9998815655708313
	],
	"25. left_eye": [
		0.49549412727355957,
		0.3087831139564514,
		-0.3194523751735687,
		0.9997738003730774
	],
	"26. right_eye": [
		0.478020042181015,
		0.3060764670372009,
		-0.3233092427253723,
		0.9995704293251038
	],
	"27. left_ear": [
		0.5058530569076538,
		0.31773969531059265,
		-0.1932341754436493,
		0.9996976852416992
	],
	"28. right_ear": [
		0.4711039662361145,
		0.31410282850265503,
		-0.2121751606464386,
		0.9992315173149109
	],
	"time stamp": 30.0
}