{
	"1. left_hip": [
		0.5187894701957703,
		0.5086583495140076,
		-0.007706346455961466,
		0.9993696212768555
	],
	"2. left_knee": [
		0.5051616430282593,
		0.6203856468200684,
		-0.09784460067749023,
		0.976950466632843
	],
	"3. left_ankle": [
		0.503945529460907,
		0.69390469789505,
		0.20676228404045105,
		0.9285905361175537
	],
	"6. right_hip": [
		0.4641261100769043,
		0.512761116027832,
		0.007717931643128395,
		0.9992762207984924
	],
	"7. right_knee": [
		0.4653509259223938,
		0.6304796934127808,
		-0.0430973619222641,
		0.9573094844818115
	],
	"8. right_ankle": [
		0.47779935598373413,
		0.7423086762428284,
		0.09935552626848221,
		0.9581836462020874
	],
	"14. left_shoulder": [
		0.5324063897132874,
		0.3676574230194092,
		-0.1453109234571457,
		0.9999439716339111
	],
	"15. left_elbow": [
		0.5561379790306091,
		0.43859705328941345,
		-0.08590511977672577,
		0.9823110103607178
	],
	"16. left_wrist": [
		0.5593780875205994,
		0.5079578757286072,
		-0.2004583328962326,
		0.967736542224884
	],
	"19. right_shoulder": [
		0.4398952126502991,
		0.3847191333770752,
		-0.157121479511261,
		0.9997338056564331
	],
	"20. right_elbow": [
		0.43066197633743286,
		0.46320751309394836,
		-0.1096067726612091,
		0.8378726243972778
	],
	"21. right_wrist": [
		0.4272440969944,
		0.5351125597953796,
		-0.20175081491470337,
		0.8327606320381165
	],
	"24. nose": [
		0.49284565448760986,
		0.30947792530059814,
		-0.3851346969604492,
		0.9999166131019592
	],
	"25. left_eye": [
		0.5009025931358337,
		0.3048906624317169,
		-0.3640638589859009,
		0.9998312592506409
	],
	"26. right_eye": [
		0.4832814037799835,
		0.3015957772731781,
		-0.3698856830596924,
		0.9996987581253052
	],
	"27. left_ear": [
		0.5073850750923157,
		0.3144701421260834,
		-0.23332227766513824,
		0.9997684359550476
	],
	"28. right_ear": [
		0.47093141078948975,
		0.3092525005340576,
		-0.26182594895362854,
		0.999449610710144
	],
	"time stamp": 30.0
}