{
	"1. left_hip": [
		0.5193851590156555,
		0.5072459578514099,
		0.005058706272393465,
		0.9991512894630432
	],
	"2. left_knee": [
		0.5128666162490845,
		0.6197824478149414,
		-0.16651028394699097,
		0.9792529940605164
	],
	"3. left_ankle": [
		0.5042798519134521,
		0.7001676559448242,
		0.10825682431459427,
		0.9299490451812744
	],
	"6. right_hip": [
		0.46597039699554443,
		0.5119097828865051,
		-0.005100560374557972,
		0.9992532134056091
	],
	"7. right_knee": [
		0.46784499287605286,
		0.6335873603820801,
		-0.058062080293893814,
		0.9555498957633972
	],
	"8. right_ankle": [
		0.4792175889015198,
		0.7413663268089294,
		0.11544914543628693,
		0.9628744721412659
	],
	"14. left_shoulder": [
		0.5330175757408142,
		0.37004050612449646,
		-0.1484454721212387,
		0.9995191693305969
	],
	"15. left_elbow": [
		0.5429533123970032,
		0.4473699629306793,
		-0.07946985960006714,
		0.9035913348197937
	],
	"16. left_wrist": [
		0.5362090468406677,
		0.5081126689910889,
		-0.18067967891693115,
		0.7798404097557068
	],
	"19. right_shoulder": [
		0.4398355782032013,
		0.37638059258461,
		-0.19145074486732483,
		0.9997377395629883
	],
	"20. right_elbow": [
		0.4305368661880493,
		0.4570367634296417,
		-0.16535186767578125,
		0.8941224813461304
	],
	"21. right_wrist": [
		0.4392808973789215,
		0.5276004672050476,
		-0.25506922602653503,
		0.8556788563728333
	],
	"24. nose": [
		0.501817524433136,
		0.30792146921157837,
		-0.4076223075389862,
		0.9999189972877502
	],
	"25. left_eye": [
		0.50934237241745,
		0.30287840962409973,
		-0.385145902633667,
		0.9998005628585815
	],
	"26. right_eye": [
		0.49210596084594727,
		0.2989754378795624,
		-0.3929669260978699,
		0.9997509717941284
	],
	"27. left_ear": [
		0.5130216479301453,
		0.31218594312667847,
		-0.2462412267923355,
		0.9996837973594666
	],
	"28. right_ear": [
		0.475198358297348,
		0.30490925908088684,
		-0.2834871709346771,
		0.9995521306991577
	],
	"time stamp": 30.0
}