{
	"1. left_hip": [
		0.5219811201095581,
		0.5105224251747131,
		0.010029647499322891,
		0.9990349411964417
	],
	"2. left_knee": [
		0.5195209980010986,
		0.6222311854362488,
		-0.12365645170211792,
		0.9800900816917419
	],
	"3. left_ankle": [
		0.5053831934928894,
		0.7161062359809875,
		0.08328617364168167,
		0.9374693632125854
	],
	"6. right_hip": [
		0.46955394744873047,
		0.5145618915557861,
		-0.010060940869152546,
		0.9991786479949951
	],
	"7. right_knee": [
		0.4717786908149719,
		0.6348941922187805,
		-0.057887349277734756,
		0.9581484794616699
	],
	"8. right_ankle": [
		0.4801420569419861,
		0.7411109209060669,
		0.12343786656856537,
		0.964318037033081
	],
	"14. left_shoulder": [
		0.533332884311676,
		0.37154147028923035,
		-0.12366718798875809,
		0.9992963075637817
	],
	"15. left_elbow": [
		0.539318323135376,
		0.4528120756149292,
		-0.060013897716999054,
		0.8307276368141174
	],
	"16. left_wrist": [
		0.5273902416229248,
		0.5271492600440979,
		-0.15639495849609375,
		0.6767775416374207
	],
	"19. right_shoulder": [
		0.44002678990364075,
		0.3727741837501526,
		-0.18418511748313904,
		0.9997486472129822
	],
	"20. right_elbow": [
		0.42998042702674866,
		0.4569185972213745,
		-0.16695186495780945,
		0.9109652042388916
	],
	"21. right_wrist": [
		0.4425111711025238,
		0.5263347625732422,
		-0.25944462418556213,
		0.8634365797042847
	],
	"24. nose": [
		0.5043685436248779,
		0.30756813287734985,
		-0.3909168243408203,
		0.9999192953109741
	],
	"25. left_eye": [
		0.5124173164367676,
		0.30253657698631287,
		-0.3672804534435272,
		0.9997903108596802
	],
	"26. right_eye": [
		0.49488914012908936,
		0.2984985113143921,
		-0.3774765431880951,
		0.9997692704200745
	],
	"27. left_ear": [
		0.5157977342605591,
		0.3115934729576111,
		-0.22613000869750977,
		0.9996393322944641
	],
	"28. right_ear": [
		0.4778924882411957,
		0.3041038513183594,
		-0.26971569657325745,
		0.9995988607406616
	],
	"time stamp": 30.0
}