{
	"1. left_hip": [
		0.5262487530708313,
		0.503288745880127,
		-0.0030429624021053314,
		0.9998145699501038
	],
	"2. left_knee": [
		0.5234163403511047,
		0.6109933257102966,
		-0.02637263759970665,
		0.9802621006965637
	],
	"3. left_ankle": [
		0.5163527131080627,
		0.6727085113525391,
		0.2420784831047058,
		0.9441645741462708
	],
	"6. right_hip": [
		0.4744180738925934,
		0.5045793652534485,
		0.0030378177762031555,
		0.9997888803482056
	],
	"7. right_knee": [
		0.46824488043785095,
		0.6092085242271423,
		-0.012461130507290363,
		0.9897257685661316
	],
	"8. right_ankle": [
		0.4852584898471832,
		0.6074482202529907,
		0.4163127839565277,
		0.7002787590026855
	],
	"14. left_shoulder": [
		0.5435236692428589,
		0.36264994740486145,
		-0.1554659903049469,
		0.9997673034667969
	],
	"15. left_elbow": [
		0.5996078252792358,
		0.3494512438774109,
		-0.28317609429359436,
		0.9407545924186707
	],
	"16. left_wrist": [
		0.5983791947364807,
		0.29764264822006226,
		-0.46979060769081116,
		0.9469403624534607
	],
	"19. right_shoulder": [
		0.4543664753437042,
		0.36630779504776,
		-0.11707143485546112,
		0.9992759227752686
	],
	"20. right_elbow": [
		0.3880053758621216,
		0.37697598338127136,
		-0.051818329840898514,
		0.7618770003318787
	],
	"21. right_wrist": [
		0.3746736943721771,
		0.3242986798286438,
		-0.066746287047863,
		0.7342202663421631
	],
	"24. nose": [
		0.5007645487785339,
		0.3328714072704315,
		-0.332000195980072,
		0.9996645450592041
	],
	"25. left_eye": [
		0.5096947550773621,
		0.32242196798324585,
		-0.3182215988636017,
		0.9993307590484619
	],
	"26. right_eye": [
		0.4916820824146271,
		0.3227124512195587,
		-0.31479597091674805,
		0.9988765120506287
	],
	"27. left_ear": [
		0.5177053809165955,
		0.3236882984638214,
		-0.22072833776474,
		0.9986629486083984
	],
	"28. right_ear": [
		0.4833894371986389,
		0.3238273561000824,
		-0.20328524708747864,
		0.9980855584144592
	],
	"time stamp": 30.0
}