{
	"1. left_hip": [
		0.5164076089859009,
		0.5548931956291199,
		-0.005863431375473738,
		0.999845564365387
	],
	"2. left_knee": [
		0.5235901474952698,
		0.6559762954711914,
		0.004821199458092451,
		0.9727662801742554
	],
	"3. left_ankle": [
		0.5061273574829102,
		0.6239147782325745,
		0.47036823630332947,
		0.7546711564064026
	],
	"6. right_hip": [
		0.46385297179222107,
		0.555784285068512,
		0.006233419757336378,
		0.999869167804718
	],
	"7. right_knee": [
		0.46105459332466125,
		0.6423020362854004,
		-0.21062509715557098,
		0.9882124662399292
	],
	"8. right_ankle": [
		0.45334893465042114,
		0.7271940112113953,
		-0.037525299936532974,
		0.8291239142417908
	],
	"14. left_shoulder": [
		0.5288227796554565,
		0.43469756841659546,
		-0.24194708466529846,
		0.9998177886009216
	],
	"15. left_elbow": [
		0.5490936636924744,
		0.49920541048049927,
		-0.39261573553085327,
		0.9659401178359985
	],
	"16. left_wrist": [
		0.5384460687637329,
		0.468079537153244,
		-0.6996841430664062,
		0.9686514139175415
	],
	"19. right_shoulder": [
		0.44230571389198303,
		0.43877190351486206,
		-0.19029290974140167,
		0.9995850324630737
	],
	"20. right_elbow": [
		0.41719648241996765,
		0.4894252121448517,
		-0.0456000417470932,
		0.8654432892799377
	],
	"21. right_wrist": [
		0.37735190987586975,
		0.5018569231033325,
		-0.048908334225416183,
		0.8514878153800964
	],
	"24. nose": [
		0.47666415572166443,
		0.43454015254974365,
		-0.4232023060321808,
		0.9998032450675964
	],
	"25. left_eye": [
		0.48752668499946594,
		0.41957318782806396,
		-0.4278266131877899,
		0.9996025562286377
	],
	"26. right_eye": [
		0.46965911984443665,
		0.4215283691883087,
		-0.4225275218486786,
		0.9993385672569275
	],
	"27. left_ear": [
		0.4951752722263336,
		0.41064324975013733,
		-0.3465462625026703,
		0.9992419481277466
	],
	"28. right_ear": [
		0.4659358859062195,
		0.4119502604007721,
		-0.32202062010765076,
		0.9989347457885742
	],
	"time stamp": 30.0
}