{
	"1. left_hip": [
		0.5006422996520996,
		0.5822868347167969,
		0.006274687126278877,
		0.9998642206192017
	],
	"2. left_knee": [
		0.5181271433830261,
		0.6801084280014038,
		-0.010993069037795067,
		0.9708271622657776
	],
	"3. left_ankle": [
		0.4975000321865082,
		0.6962129473686218,
		0.3733697533607483,
		0.7476707100868225
	],
	"6. right_hip": [
		0.45432248711586,
		0.5774887800216675,
		-0.005907781887799501,
		0.9999035000801086
	],
	"7. right_knee": [
		0.46302083134651184,
		0.6370062828063965,
		-0.3463389277458191,
		0.9903595447540283
	],
	"8. right_ankle": [
		0.4528597593307495,
		0.7290040850639343,
		-0.2100759595632553,
		0.874139130115509
	],
	"14. left_shoulder": [
		0.5181732177734375,
		0.5188418626785278,
		-0.3494561016559601,
		0.9998570084571838
	],
	"15. left_elbow": [
		0.5332274436950684,
		0.5822137594223022,
		-0.29674720764160156,
		0.9604457020759583
	],
	"16. left_wrist": [
		0.5229449272155762,
		0.6504021883010864,
		-0.30566099286079407,
		0.9471957683563232
	],
	"19. right_shoulder": [
		0.43343162536621094,
		0.49919217824935913,
		-0.2800467312335968,
		0.9996964335441589
	],
	"20. right_elbow": [
		0.4066743850708008,
		0.5077032446861267,
		-0.10404390841722488,
		0.8905268907546997
	],
	"21. right_wrist": [
		0.3837282955646515,
		0.4991700351238251,
		0.022403376176953316,
		0.8852859735488892
	],
	"24. nose": [
		0.46250805258750916,
		0.5100976228713989,
		-0.5257360339164734,
		0.9998207092285156
	],
	"25. left_eye": [
		0.47153112292289734,
		0.504608154296875,
		-0.5331275463104248,
		0.9996411800384521
	],
	"26. right_eye": [
		0.45981574058532715,
		0.49832481145858765,
		-0.5262191891670227,
		0.9994500875473022
	],
	"27. left_ear": [
		0.48481231927871704,
		0.4987946152687073,
		-0.46829843521118164,
		0.9993417859077454
	],
	"28. right_ear": [
		0.4590834081172943,
		0.48942428827285767,
		-0.44070571660995483,
		0.9991815686225891
	],
	"time stamp": 30.0
}