{
	"1. left_hip": [
		0.48922106623649597,
		0.6084423065185547,
		0.010346917435526848,
		0.9998926520347595
	],
	"2. left_knee": [
		0.5056674480438232,
		0.6693054437637329,
		-0.12188994884490967,
		0.9414142370223999
	],
	"3. left_ankle": [
		0.4931076169013977,
		0.726430356502533,
		0.027919325977563858,
		0.7837805151939392
	],
	"6. right_hip": [
		0.44493475556373596,
		0.6081634759902954,
		-0.010076704435050488,
		0.9999265074729919
	],
	"7. right_knee": [
		0.44408532977104187,
		0.6600107550621033,
		-0.2718670666217804,
		0.9859975576400757
	],
	"8. right_ankle": [
		0.4530636668205261,
		0.7316206693649292,
		-0.15033528208732605,
		0.9005785584449768
	],
	"14. left_shoulder": [
		0.5055187344551086,
		0.614317774772644,
		-0.3609108328819275,
		0.999818742275238
	],
	"15. left_elbow": [
		0.5092803239822388,
		0.6755294799804688,
		-0.37575000524520874,
		0.9208133220672607
	],
	"16. left_wrist": [
		0.5130414366722107,
		0.742811381816864,
		-0.4545072913169861,
		0.928044855594635
	],
	"19. right_shoulder": [
		0.43149715662002563,
		0.5898478627204895,
		-0.3639585077762604,
		0.9994625449180603
	],
	"20. right_elbow": [
		0.42441821098327637,
		0.5478997826576233,
		-0.2615686357021332,
		0.8792921304702759
	],
	"21. right_wrist": [
		0.41536086797714233,
		0.4837768077850342,
		-0.1187751516699791,
		0.8993696570396423
	],
	"24. nose": [
		0.4822556674480438,
		0.619032084941864,
		-0.5524153709411621,
		0.9995291233062744
	],
	"25. left_eye": [
		0.4848412871360779,
		0.6117882132530212,
		-0.5500313639640808,
		0.9995443820953369
	],
	"26. right_eye": [
		0.4740956723690033,
		0.6079047918319702,
		-0.5563151836395264,
		0.9990650415420532
	],
	"27. left_ear": [
		0.4836658537387848,
		0.6040678024291992,
		-0.4665010869503021,
		0.9993241429328918
	],
	"28. right_ear": [
		0.4548342823982239,
		0.5986306667327881,
		-0.49848344922065735,
		0.9991320967674255
	],
	"time stamp": 30.0
}