{
	"1. left_hip": [
		0.49602049589157104,
		0.5479559302330017,
		-0.025220336392521858,
		0.9999415278434753
	],
	"2. left_knee": [
		0.49227312207221985,
		0.6542012095451355,
		-0.027528002858161926,
		0.9605551958084106
	],
	"3. left_ankle": [
		0.5061132907867432,
		0.7002391815185547,
		0.31606534123420715,
		0.8135960698127747
	],
	"6. right_hip": [
		0.44724246859550476,
		0.5438929200172424,
		0.02524864673614502,
		0.9999912977218628
	],
	"7. right_knee": [
		0.44906502962112427,
		0.6308655142784119,
		-0.19818201661109924,
		0.9943211078643799
	],
	"8. right_ankle": [
		0.4578315317630768,
		0.7252106070518494,
		-0.09299148619174957,
		0.9905702471733093
	],
	"14. left_shoulder": [
		0.5198583602905273,
		0.4147394597530365,
		-0.09348027408123016,
		0.9999815821647644
	],
	"15. left_elbow": [
		0.5422766804695129,
		0.47935518622398376,
		-0.24847982823848724,
		0.9934340119361877
	],
	"16. left_wrist": [
		0.5240070223808289,
		0.4422585368156433,
		-0.4740144610404968,
		0.9929829835891724
	],
	"19. right_shoulder": [
		0.4487518072128296,
		0.4187263250350952,
		0.05693552643060684,
		0.9999090433120728
	],
	"20. right_elbow": [
		0.4286225736141205,
		0.47248581051826477,
		0.1617826372385025,
		0.7507817149162292
	],
	"21. right_wrist": [
		0.3790121376514435,
		0.48572099208831787,
		0.10689324140548706,
		0.9006730318069458
	],
	"24. nose": [
		0.4506824016571045,
		0.37951958179473877,
		-0.18131990730762482,
		0.9997466802597046
	],
	"25. left_eye": [
		0.4589305818080902,
		0.37011927366256714,
		-0.18249426782131195,
		0.9998332262039185
	],
	"26. right_eye": [
		0.4488360583782196,
		0.37151414155960083,
		-0.1627248376607895,
		0.9994411468505859
	],
	"27. left_ear": [
		0.4754363000392914,
		0.36991560459136963,
		-0.13531947135925293,
		0.9998957514762878
	],
	"28. right_ear": [
		0.456737220287323,
		0.37329351902008057,
		-0.04228868708014488,
		0.9997400045394897
	],
	"time stamp": 30.0
}