{
	"1. left_hip": [
		0.5096656680107117,
		0.5137621164321899,
		0.015850702300667763,
		0.9989739656448364
	],
	"2. left_knee": [
		0.5057070851325989,
		0.6260337829589844,
		-0.01929597370326519,
		0.9795663952827454
	],
	"3. left_ankle": [
		0.496357262134552,
		0.724818766117096,
		0.11800652742385864,
		0.9018635749816895
	],
	"6. right_hip": [
		0.4561921954154968,
		0.5118505954742432,
		-0.015734026208519936,
		0.9993582367897034
	],
	"7. right_knee": [
		0.4543282985687256,
		0.6195963025093079,
		-0.06150892749428749,
		0.9905493855476379
	],
	"8. right_ankle": [
		0.4626307785511017,
		0.7229350805282593,
		0.08573649823665619,
		0.9863505363464355
	],
	"14. left_shoulder": [
		0.5268771648406982,
		0.37685954570770264,
		0.007613162510097027,
		0.999850869178772
	],
	"15. left_elbow": [
		0.5723450779914856,
		0.42070630192756653,
		0.028741935268044472,
		0.9751413464546204
	],
	"16. left_wrist": [
		0.5576436519622803,
		0.47156792879104614,
		-0.11051388829946518,
		0.9241651892662048
	],
	"19. right_shoulder": [
		0.430343896150589,
		0.3781023323535919,
		-0.05624454841017723,
		0.9998475909233093
	],
	"20. right_elbow": [
		0.4319174587726593,
		0.45254647731781006,
		-0.03574058413505554,
		0.9247498512268066
	],
	"21. right_wrist": [
		0.47267311811447144,
		0.49764224886894226,
		-0.1260533481836319,
		0.9235703349113464
	],
	"24. nose": [
		0.48362088203430176,
		0.31909969449043274,
		-0.2328854650259018,
		0.9998753070831299
	],
	"25. left_eye": [
		0.4915942847728729,
		0.313810795545578,
		-0.21071530878543854,
		0.9997081160545349
	],
	"26. right_eye": [
		0.4755256474018097,
		0.3122361898422241,
		-0.21685941517353058,
		0.999714195728302
	],
	"27. left_ear": [
		0.498563289642334,
		0.3210504651069641,
		-0.08470404893159866,
		0.9994583129882812
	],
	"28. right_ear": [
		0.461635947227478,
		0.3197825253009796,
		-0.11111459881067276,
		0.9996394515037537
	],
	"time stamp": 30.0
}