{
	"1. left_hip": [
		0.5261379480361938,
		0.5136772394180298,
		0.020284855738282204,
		0.9998023509979248
	],
	"2. left_knee": [
		0.5201796889305115,
		0.631894588470459,
		-0.08619370311498642,
		0.9899137020111084
	],
	"3. left_ankle": [
		0.5074261426925659,
		0.7240808010101318,
		0.08684773743152618,
		0.9742622375488281
	],
	"6. right_hip": [
		0.4734937846660614,
		0.5180630683898926,
		-0.020273428410291672,
		0.9996585845947266
	],
	"7. right_knee": [
		0.48119744658470154,
		0.6334812045097351,
		-0.09024379402399063,
		0.9843195676803589
	],
	"8. right_ankle": [
		0.48046836256980896,
		0.721906304359436,
		0.1184462308883667,
		0.9557332396507263
	],
	"14. left_shoulder": [
		0.5308473110198975,
		0.38107189536094666,
		0.13327381014823914,
		0.9997256398200989
	],
	"15. left_elbow": [
		0.5685165524482727,
		0.3956559896469116,
		-0.025333084166049957,
		0.9639990329742432
	],
	"16. left_wrist": [
		0.5685685873031616,
		0.3368806838989258,
		-0.21094247698783875,
		0.9751980304718018
	],
	"19. right_shoulder": [
		0.4504355788230896,
		0.376333087682724,
		0.020540423691272736,
		0.9996858835220337
	],
	"20. right_elbow": [
		0.48596757650375366,
		0.4202421009540558,
		-0.10814099758863449,
		0.9844989776611328
	],
	"21. right_wrist": [
		0.5498176217079163,
		0.4149348735809326,
		-0.18745765089988708,
		0.9751899242401123
	],
	"24. nose": [
		0.49541813135147095,
		0.3322160542011261,
		-0.047580525279045105,
		0.9998329877853394
	],
	"25. left_eye": [
		0.5036655068397522,
		0.3237155079841614,
		-0.025751667097210884,
		0.9997192025184631
	],
	"26. right_eye": [
		0.4876917004585266,
		0.3219510316848755,
		-0.03272790461778641,
		0.9997013807296753
	],
	"27. left_ear": [
		0.5095827579498291,
		0.32993942499160767,
		0.0870451033115387,
		0.999584436416626
	],
	"28. right_ear": [
		0.47678375244140625,
		0.327511191368103,
		0.05590122565627098,
		0.9997758865356445
	],
	"time stamp": 30.0
}