{
	"1. left_hip": [
		0.5296809673309326,
		0.5145118832588196,
		0.009972130879759789,
		0.9995556473731995
	],
	"2. left_knee": [
		0.523285448551178,
		0.6327543258666992,
		-0.042973849922418594,
		0.9872665405273438
	],
	"3. left_ankle": [
		0.5072228908538818,
		0.7224171757698059,
		0.15193921327590942,
		0.969833254814148
	],
	"6. right_hip": [
		0.4763810932636261,
		0.513978898525238,
		-0.009961803443729877,
		0.999355673789978
	],
	"7. right_knee": [
		0.48125016689300537,
		0.6286705136299133,
		-0.055044420063495636,
		0.9834063649177551
	],
	"8. right_ankle": [
		0.47927919030189514,
		0.7170433402061462,
		0.14101329445838928,
		0.9328919053077698
	],
	"14. left_shoulder": [
		0.5425629019737244,
		0.3862910270690918,
		-0.06601368635892868,
		0.9996534585952759
	],
	"15. left_elbow": [
		0.5413438677787781,
		0.4526936709880829,
		-0.09231400489807129,
		0.8725541830062866
	],
	"16. left_wrist": [
		0.5425505042076111,
		0.47960516810417175,
		-0.30122771859169006,
		0.8836425542831421
	],
	"19. right_shoulder": [
		0.45506834983825684,
		0.3752571940422058,
		-0.09214429557323456,
		0.9996181726455688
	],
	"20. right_elbow": [
		0.4630538821220398,
		0.44710034132003784,
		-0.07623863220214844,
		0.9512633085250854
	],
	"21. right_wrist": [
		0.49507004022598267,
		0.49960705637931824,
		-0.1767398864030838,
		0.8909593224525452
	],
	"24. nose": [
		0.5023455619812012,
		0.3317117691040039,
		-0.3064382076263428,
		0.999734103679657
	],
	"25. left_eye": [
		0.5124656558036804,
		0.32437950372695923,
		-0.2894482910633087,
		0.9995151162147522
	],
	"26. right_eye": [
		0.49500128626823425,
		0.32218649983406067,
		-0.2912902534008026,
		0.9993261694908142
	],
	"27. left_ear": [
		0.5211819410324097,
		0.33115699887275696,
		-0.16275504231452942,
		0.9989143013954163
	],
	"28. right_ear": [
		0.48373672366142273,
		0.3274606168270111,
		-0.171162948012352,
		0.9992868304252625
	],
	"time stamp": 30.0
}