{
	"1. left_hip": [
		0.5247164964675903,
		0.5162609815597534,
		-0.005447093863040209,
		0.9992682337760925
	],
	"2. left_knee": [
		0.5147781372070312,
		0.6336457133293152,
		-0.09038687497377396,
		0.9883908629417419
	],
	"3. left_ankle": [
		0.5064812302589417,
		0.7217583060264587,
		0.08277679234743118,
		0.9771302342414856
	],
	"6. right_hip": [
		0.4727248549461365,
		0.5206091403961182,
		0.0055207135155797005,
		0.9986369013786316
	],
	"7. right_knee": [
		0.47245466709136963,
		0.6335641741752625,
		-0.034293659031391144,
		0.9789456129074097
	],
	"8. right_ankle": [
		0.48573341965675354,
		0.7253649830818176,
		0.1121363565325737,
		0.9658421277999878
	],
	"14. left_shoulder": [
		0.5412988662719727,
		0.37808758020401,
		-0.07901933044195175,
		0.9999600052833557
	],
	"15. left_elbow": [
		0.5766888856887817,
		0.43439170718193054,
		-0.04053937643766403,
		0.9836322665214539
	],
	"16. left_wrist": [
		0.5571974515914917,
		0.4833469092845917,
		-0.1876102238893509,
		0.9787768721580505
	],
	"19. right_shoulder": [
		0.4463208019733429,
		0.39446455240249634,
		-0.07415255159139633,
		0.9998071193695068
	],
	"20. right_elbow": [
		0.41317227482795715,
		0.45582568645477295,
		-0.04735669866204262,
		0.9843794107437134
	],
	"21. right_wrist": [
		0.4422566294670105,
		0.49114951491355896,
		-0.18236397206783295,
		0.9559262990951538
	],
	"24. nose": [
		0.4963383376598358,
		0.3347738981246948,
		-0.30656835436820984,
		0.9999634623527527
	],
	"25. left_eye": [
		0.5057872533798218,
		0.3261214792728424,
		-0.2865976393222809,
		0.9999221563339233
	],
	"26. right_eye": [
		0.48717978596687317,
		0.3247588276863098,
		-0.29022303223609924,
		0.999903678894043
	],
	"27. left_ear": [
		0.5143168568611145,
		0.3314693868160248,
		-0.1607324779033661,
		0.9998587965965271
	],
	"28. right_ear": [
		0.47639602422714233,
		0.33026108145713806,
		-0.17838695645332336,
		0.9998849034309387
	],
	"time stamp": 30.0
}