{
	"1. left_hip": [
		0.5250245928764343,
		0.5163299441337585,
		-0.0048310160636901855,
		0.9992642998695374
	],
	"2. left_knee": [
		0.5148025155067444,
		0.6335321664810181,
		-0.09771052747964859,
		0.9885073900222778
	],
	"3. left_ankle": [
		0.5064617991447449,
		0.7217569947242737,
		0.08961223810911179,
		0.9771620035171509
	],
	"6. right_hip": [
		0.4731826186180115,
		0.5210654735565186,
		0.0049125454388558865,
		0.998611330986023
	],
	"7. right_knee": [
		0.4724789559841156,
		0.6334480047225952,
		-0.035139672458171844,
		0.9791873097419739
	],
	"8. right_ankle": [
		0.48600950837135315,
		0.7260941863059998,
		0.10900451987981796,
		0.9662405848503113
	],
	"14. left_shoulder": [
		0.5413047075271606,
		0.37825191020965576,
		-0.07762190699577332,
		0.9999627470970154
	],
	"15. left_elbow": [
		0.5760360956192017,
		0.4347595274448395,
		-0.04288193956017494,
		0.9845759868621826
	],
	"16. left_wrist": [
		0.5577024817466736,
		0.4833306670188904,
		-0.19665366411209106,
		0.9793760180473328
	],
	"19. right_shoulder": [
		0.44636085629463196,
		0.3946332335472107,
		-0.07467516511678696,
		0.9998112320899963
	],
	"20. right_elbow": [
		0.4132392108440399,
		0.4565200209617615,
		-0.0527348592877388,
		0.9849073886871338
	],
	"21. right_wrist": [
		0.4436619281768799,
		0.4913836419582367,
		-0.19118455052375793,
		0.9567126631736755
	],
	"24. nose": [
		0.49637603759765625,
		0.3354049026966095,
		-0.30881333351135254,
		0.9999654293060303
	],
	"25. left_eye": [
		0.5057443976402283,
		0.326462060213089,
		-0.28884366154670715,
		0.9999260306358337
	],
	"26. right_eye": [
		0.48711949586868286,
		0.3252255320549011,
		-0.29240158200263977,
		0.9999089241027832
	],
	"27. left_ear": [
		0.514252781867981,
		0.3316882848739624,
		-0.16208715736865997,
		0.9998676776885986
	],
	"28. right_ear": [
		0.47628265619277954,
		0.33072811365127563,
		-0.17945218086242676,
		0.9998912811279297
	],
	"time stamp": 30.0
}