{
	"1. left_hip": [
		0.5337663888931274,
		0.5200600028038025,
		0.0020376192405819893,
		0.9994032382965088
	],
	"2. left_knee": [
		0.5271983742713928,
		0.6318921446800232,
		-0.11592866480350494,
		0.9908416867256165
	],
	"3. left_ankle": [
		0.5145524740219116,
		0.7270466685295105,
		0.11687518656253815,
		0.9816892743110657
	],
	"6. right_hip": [
		0.48243340849876404,
		0.5232627987861633,
		-0.002030089031904936,
		0.9989298582077026
	],
	"7. right_knee": [
		0.4824594557285309,
		0.6287223696708679,
		-0.04998510330915451,
		0.9827578663825989
	],
	"8. right_ankle": [
		0.48966777324676514,
		0.7181478142738342,
		0.17119422554969788,
		0.9700325727462769
	],
	"14. left_shoulder": [
		0.543502688407898,
		0.39274224638938904,
		-0.09906474500894547,
		0.9999675750732422
	],
	"15. left_elbow": [
		0.5729019641876221,
		0.4501764178276062,
		-0.14242759346961975,
		0.9833055138587952
	],
	"16. left_wrist": [
		0.56172776222229,
		0.47977587580680847,
		-0.38165244460105896,
		0.9733760356903076
	],
	"19. right_shoulder": [
		0.45065897703170776,
		0.378085732460022,
		-0.1091969907283783,
		0.9998564720153809
	],
	"20. right_elbow": [
		0.42422932386398315,
		0.4482690989971161,
		-0.12949292361736298,
		0.9879022240638733
	],
	"21. right_wrist": [
		0.4580470621585846,
		0.499081015586853,
		-0.3079225420951843,
		0.9630613327026367
	],
	"24. nose": [
		0.5031777620315552,
		0.3341690003871918,
		-0.34818387031555176,
		0.9999719262123108
	],
	"25. left_eye": [
		0.5125545263290405,
		0.3260289430618286,
		-0.32555368542671204,
		0.9999269843101501
	],
	"26. right_eye": [
		0.49469295144081116,
		0.32387077808380127,
		-0.32957693934440613,
		0.9999253749847412
	],
	"27. left_ear": [
		0.5196025371551514,
		0.33265894651412964,
		-0.18616074323654175,
		0.9998577833175659
	],
	"28. right_ear": [
		0.48236083984375,
		0.3291226029396057,
		-0.20666082203388214,
		0.9999049305915833
	],
	"time stamp": 30.0
}