{
	"1. left_hip": [
		0.5299679040908813,
		0.5241661667823792,
		-0.027356155216693878,
		0.9996457099914551
	],
	"2. left_knee": [
		0.5366246104240417,
		0.6381674408912659,
		-0.0801224559545517,
		0.9906904697418213
	],
	"3. left_ankle": [
		0.568141520023346,
		0.7260406613349915,
		0.16274449229240417,
		0.9796457290649414
	],
	"6. right_hip": [
		0.47763389348983765,
		0.5201498866081238,
		0.027017610147595406,
		0.9993225336074829
	],
	"7. right_knee": [
		0.44632259011268616,
		0.627734899520874,
		-0.10014976561069489,
		0.9806662797927856
	],
	"8. right_ankle": [
		0.4595540165901184,
		0.7185570597648621,
		0.12947431206703186,
		0.9731723070144653
	],
	"14. left_shoulder": [
		0.5604076981544495,
		0.3773432672023773,
		-0.07327958196401596,
		0.9999779462814331
	],
	"15. left_elbow": [
		0.6123907566070557,
		0.3596184551715851,
		-0.24135680496692657,
		0.9896239042282104
	],
	"16. left_wrist": [
		0.571747362613678,
		0.32665398716926575,
		-0.39877668023109436,
		0.9828973412513733
	],
	"19. right_shoulder": [
		0.4721669554710388,
		0.37953102588653564,
		0.028297612443566322,
		0.9999127984046936
	],
	"20. right_elbow": [
		0.449944406747818,
		0.4403820037841797,
		0.0708594098687172,
		0.9705998301506042
	],
	"21. right_wrist": [
		0.4399504065513611,
		0.49799075722694397,
		-0.013204138725996017,
		0.9627729058265686
	],
	"24. nose": [
		0.49251624941825867,
		0.3210103213787079,
		-0.196444571018219,
		0.9999867081642151
	],
	"25. left_eye": [
		0.5038942694664001,
		0.31211671233177185,
		-0.18441477417945862,
		0.9999597668647766
	],
	"26. right_eye": [
		0.48921605944633484,
		0.3131604790687561,
		-0.1717306673526764,
		0.9999468922615051
	],
	"27. left_ear": [
		0.5183068513870239,
		0.3190345764160156,
		-0.10652583092451096,
		0.9999335408210754
	],
	"28. right_ear": [
		0.4919315576553345,
		0.3193435072898865,
		-0.04574214294552803,
		0.9999362230300903
	],
	"time stamp": 30.0
}