{
	"1. left_hip": [
		0.5080395936965942,
		0.5414827466011047,
		-0.08718143403530121,
		0.9998102784156799
	],
	"2. left_knee": [
		0.5127974152565002,
		0.652992844581604,
		-0.07467034459114075,
		0.9953615665435791
	],
	"3. left_ankle": [
		0.5679007172584534,
		0.7323439717292786,
		0.1167459785938263,
		0.9904493689537048
	],
	"6. right_hip": [
		0.4638740122318268,
		0.5367885828018188,
		0.08694946020841599,
		0.9997323751449585
	],
	"7. right_knee": [
		0.42525920271873474,
		0.6391080617904663,
		0.08602438867092133,
		0.9896121025085449
	],
	"8. right_ankle": [
		0.3940775692462921,
		0.7348695993423462,
		0.21024799346923828,
		0.988923192024231
	],
	"14. left_shoulder": [
		0.539475679397583,
		0.38511770963668823,
		-0.15077877044677734,
		0.9996373057365417
	],
	"15. left_elbow": [
		0.53834068775177,
		0.3026477098464966,
		-0.274516761302948,
		0.9928736090660095
	],
	"16. left_wrist": [
		0.5299427509307861,
		0.2343665361404419,
		-0.30722641944885254,
		0.9826738238334656
	],
	"19. right_shoulder": [
		0.48222288489341736,
		0.401910662651062,
		0.1251242756843567,
		0.9997075796127319
	],
	"20. right_elbow": [
		0.46544349193573,
		0.4704783856868744,
		0.2057250738143921,
		0.5347097516059875
	],
	"21. right_wrist": [
		0.45089831948280334,
		0.5335708260536194,
		0.1416110396385193,
		0.5862428545951843
	],
	"24. nose": [
		0.4857197403907776,
		0.35140907764434814,
		-0.1533898264169693,
		0.9991338849067688
	],
	"25. left_eye": [
		0.49691009521484375,
		0.34017443656921387,
		-0.15277346968650818,
		0.9977463483810425
	],
	"26. right_eye": [
		0.4856639802455902,
		0.3421003222465515,
		-0.1301775872707367,
		0.9980812668800354
	],
	"27. left_ear": [
		0.5165804028511047,
		0.344481498003006,
		-0.11239202320575714,
		0.9971264004707336
	],
	"28. right_ear": [
		0.4931785762310028,
		0.3457310199737549,
		-0.0010033509461209178,
		0.9967702627182007
	],
	"time stamp": 30.0
}