{
	"1. left_hip": [
		0.5078454613685608,
		0.5406891107559204,
		-0.08184372633695602,
		0.9998356103897095
	],
	"2. left_knee": [
		0.5147287249565125,
		0.6520041823387146,
		-0.06767157465219498,
		0.9964510202407837
	],
	"3. left_ankle": [
		0.5683254599571228,
		0.7324314713478088,
		0.12317872047424316,
		0.9928399920463562
	],
	"6. right_hip": [
		0.46257537603378296,
		0.5361106395721436,
		0.08159993588924408,
		0.9998054504394531
	],
	"7. right_knee": [
		0.42511317133903503,
		0.6391390562057495,
		0.08974277973175049,
		0.9918973445892334
	],
	"8. right_ankle": [
		0.39483481645584106,
		0.7344498634338379,
		0.21811899542808533,
		0.9919740557670593
	],
	"14. left_shoulder": [
		0.5378950238227844,
		0.38465219736099243,
		-0.16100941598415375,
		0.9996389746665955
	],
	"15. left_elbow": [
		0.5364461541175842,
		0.30300867557525635,
		-0.2727692425251007,
		0.9941505789756775
	],
	"16. left_wrist": [
		0.5270195007324219,
		0.2329302877187729,
		-0.2898043394088745,
		0.9867666363716125
	],
	"19. right_shoulder": [
		0.4815731942653656,
		0.40152114629745483,
		0.10996080189943314,
		0.9997337460517883
	],
	"20. right_elbow": [
		0.4606945216655731,
		0.46916839480400085,
		0.20405256748199463,
		0.4821653366088867
	],
	"21. right_wrist": [
		0.44108232855796814,
		0.5304726362228394,
		0.15890900790691376,
		0.5529730319976807
	],
	"24. nose": [
		0.48265212774276733,
		0.3500531017780304,
		-0.15386953949928284,
		0.9991118907928467
	],
	"25. left_eye": [
		0.4937584698200226,
		0.33880695700645447,
		-0.15542861819267273,
		0.9976246953010559
	],
	"26. right_eye": [
		0.4825311601161957,
		0.3410921096801758,
		-0.13233880698680878,
		0.997943103313446
	],
	"27. left_ear": [
		0.511127769947052,
		0.3429366648197174,
		-0.11882014572620392,
		0.9968786835670471
	],
	"28. right_ear": [
		0.4884656071662903,
		0.34470584988594055,
		-0.008625216782093048,
		0.9965621829032898
	],
	"time stamp": 30.0
}