{
	"1. left_hip": [
		0.5698735117912292,
		0.5148927569389343,
		-0.02057318203151226,
		0.999595582485199
	],
	"2. left_knee": [
		0.5681153535842896,
		0.6290183067321777,
		-0.0689060315489769,
		0.9958924651145935
	],
	"3. left_ankle": [
		0.5626716613769531,
		0.7299202680587769,
		0.12252177298069,
		0.99275141954422
	],
	"6. right_hip": [
		0.5133289098739624,
		0.5196207165718079,
		0.020618295297026634,
		0.999637246131897
	],
	"7. right_knee": [
		0.5015952587127686,
		0.6282156705856323,
		-0.027650712057948112,
		0.9900587797164917
	],
	"8. right_ankle": [
		0.5070147514343262,
		0.7338649034500122,
		0.13194452226161957,
		0.9930902719497681
	],
	"14. left_shoulder": [
		0.5703575611114502,
		0.36865144968032837,
		0.0038300950545817614,
		0.9999351501464844
	],
	"15. left_elbow": [
		0.6347398161888123,
		0.3879236578941345,
		-0.07063622772693634,
		0.9920286536216736
	],
	"16. left_wrist": [
		0.6928137540817261,
		0.37996771931648254,
		-0.24271711707115173,
		0.9790810346603394
	],
	"19. right_shoulder": [
		0.47483882308006287,
		0.38520097732543945,
		0.04462189972400665,
		0.999790370464325
	],
	"20. right_elbow": [
		0.4155287444591522,
		0.42423760890960693,
		-0.0008774914895184338,
		0.716116726398468
	],
	"21. right_wrist": [
		0.35615187883377075,
		0.4118783175945282,
		-0.18451419472694397,
		0.8534725308418274
	],
	"24. nose": [
		0.5160829424858093,
		0.31451284885406494,
		-0.1455036848783493,
		0.9999456405639648
	],
	"25. left_eye": [
		0.5290924906730652,
		0.3089231848716736,
		-0.12110585719347,
		0.999836802482605
	],
	"26. right_eye": [
		0.5114561915397644,
		0.3062467575073242,
		-0.12109953910112381,
		0.9998266696929932
	],
	"27. left_ear": [
		0.5398916006088257,
		0.31852251291275024,
		-0.01409866102039814,
		0.9997985363006592
	],
	"28. right_ear": [
		0.5045047402381897,
		0.3143015503883362,
		-0.01377933844923973,
		0.9994803667068481
	],
	"time stamp": 30.0
}