{
	"frame_width": 1080,
	"frame_height": 1080,
	"video_fps": 30.0,
	"total_frame": 1850,
	"gt_bbox": [
		0.2911580502986908,
		0.19915802776813507,
		0.7642565369606018,
		0.7873578071594238
	]
}