{
	"1. left_hip": [
		0.556879460811615,
		0.5252400040626526,
		-0.0007625991711392999,
		0.9988909959793091
	],
	"2. left_knee": [
		0.5496100187301636,
		0.6821578741073608,
		-0.11309007555246353,
		0.9661408066749573
	],
	"3. left_ankle": [
		0.5300423502922058,
		0.817558228969574,
		0.18456454575061798,
		0.9707201719284058
	],
	"6. right_hip": [
		0.44614309072494507,
		0.5219577550888062,
		0.0009729768498800695,
		0.9985635876655579
	],
	"7. right_knee": [
		0.4552530348300934,
		0.6810541749000549,
		-0.09676941484212875,
		0.9505102634429932
	],
	"8. right_ankle": [
		0.47849786281585693,
		0.8155806064605713,
		0.19199931621551514,
		0.9445701241493225
	],
	"14. left_shoulder": [
		0.6020905375480652,
		0.3563615679740906,
		0.052642155438661575,
		0.9995547533035278
	],
	"15. left_elbow": [
		0.619960606098175,
		0.4539722502231598,
		0.1436903327703476,
		0.7080774307250977
	],
	"16. left_wrist": [
		0.6325539946556091,
		0.5442957878112793,
		-0.06554650515317917,
		0.45430922508239746
	],
	"19. right_shoulder": [
		0.408479779958725,
		0.3529030978679657,
		0.010503552854061127,
		0.9993219971656799
	],
	"20. right_elbow": [
		0.39934271574020386,
		0.444419264793396,
		0.05998028442263603,
		0.7577125430107117
	],
	"21. right_wrist": [
		0.4017292261123657,
		0.5153249502182007,
		-0.17622198164463043,
		0.39946213364601135
	],
	"24. nose": [
		0.4936389923095703,
		0.2801779508590698,
		-0.43315961956977844,
		0.9998375177383423
	],
	"25. left_eye": [
		0.5150691270828247,
		0.2716415524482727,
		-0.38695740699768066,
		0.9997084736824036
	],
	"26. right_eye": [
		0.4740716814994812,
		0.27242904901504517,
		-0.3929729759693146,
		0.9995822906494141
	],
	"27. left_ear": [
		0.536881148815155,
		0.27739137411117554,
		-0.11425541341304779,
		0.9995638728141785
	],
	"28. right_ear": [
		0.45756301283836365,
		0.2808621823787689,
		-0.1432805210351944,
		0.9993786811828613
	],
	"time stamp": 29.987751182419192
}