{
	"1. left_hip": [
		0.5973480939865112,
		0.5766651630401611,
		-0.041674625128507614,
		0.9996600151062012
	],
	"2. left_knee": [
		0.5855394601821899,
		0.6822522282600403,
		-0.08079762756824493,
		0.9905833005905151
	],
	"3. left_ankle": [
		0.5791562795639038,
		0.7670111060142517,
		0.244059756398201,
		0.9832094311714172
	],
	"6. right_hip": [
		0.5089069604873657,
		0.5747203230857849,
		0.04153347387909889,
		0.9995636940002441
	],
	"7. right_knee": [
		0.49945250153541565,
		0.675326943397522,
		0.11999285966157913,
		0.9813116192817688
	],
	"8. right_ankle": [
		0.5111088156700134,
		0.7496124505996704,
		0.5272490978240967,
		0.9728155136108398
	],
	"14. left_shoulder": [
		0.6485022902488708,
		0.42802760004997253,
		-0.20590753853321075,
		0.9999613761901855
	],
	"15. left_elbow": [
		0.6559423804283142,
		0.5036247968673706,
		-0.16090409457683563,
		0.9903329610824585
	],
	"16. left_wrist": [
		0.6327385306358337,
		0.5735632181167603,
		-0.35763996839523315,
		0.9845360517501831
	],
	"19. right_shoulder": [
		0.4772678315639496,
		0.426909863948822,
		-0.10866526514291763,
		0.9998613595962524
	],
	"20. right_elbow": [
		0.45140188932418823,
		0.503039538860321,
		-0.03208014369010925,
		0.9628544449806213
	],
	"21. right_wrist": [
		0.4543249011039734,
		0.5617944598197937,
		-0.2013770043849945,
		0.9603788256645203
	],
	"24. nose": [
		0.5685156583786011,
		0.36766597628593445,
		-0.4743598699569702,
		0.9999508261680603
	],
	"25. left_eye": [
		0.5881491899490356,
		0.3606523275375366,
		-0.449138879776001,
		0.9998037815093994
	],
	"26. right_eye": [
		0.557152509689331,
		0.35744911432266235,
		-0.44402599334716797,
		0.9997609257698059
	],
	"27. left_ear": [
		0.5998362898826599,
		0.3697214722633362,
		-0.28093892335891724,
		0.9996328949928284
	],
	"28. right_ear": [
		0.5423964858055115,
		0.3635370135307312,
		-0.2567644715309143,
		0.9994410276412964
	],
	"time stamp": 30.000293832456734
}