{
	"1. left_hip": [
		0.5847835540771484,
		0.5734626054763794,
		-0.051830094307661057,
		0.9996498823165894
	],
	"2. left_knee": [
		0.5755826830863953,
		0.6743908524513245,
		-0.06292358785867691,
		0.9893350601196289
	],
	"3. left_ankle": [
		0.5712612271308899,
		0.7659153342247009,
		0.16379566490650177,
		0.9827543497085571
	],
	"6. right_hip": [
		0.49929168820381165,
		0.5732819437980652,
		0.051639869809150696,
		0.9995220303535461
	],
	"7. right_knee": [
		0.5016987919807434,
		0.6730698347091675,
		0.12917886674404144,
		0.9749637842178345
	],
	"8. right_ankle": [
		0.5245425701141357,
		0.7521646022796631,
		0.4257352352142334,
		0.9677072167396545
	],
	"14. left_shoulder": [
		0.6352151036262512,
		0.4291830360889435,
		-0.2683292329311371,
		0.9999650716781616
	],
	"15. left_elbow": [
		0.6564604043960571,
		0.5035465955734253,
		-0.24254287779331207,
		0.9916621446609497
	],
	"16. left_wrist": [
		0.6118834614753723,
		0.5651721954345703,
		-0.42558538913726807,
		0.9847049117088318
	],
	"19. right_shoulder": [
		0.45981377363204956,
		0.4271918833255768,
		-0.1596851944923401,
		0.999871551990509
	],
	"20. right_elbow": [
		0.4281776249408722,
		0.5015078783035278,
		-0.0776369720697403,
		0.9623505473136902
	],
	"21. right_wrist": [
		0.4383930563926697,
		0.5629963874816895,
		-0.234063982963562,
		0.9592174291610718
	],
	"24. nose": [
		0.5491595268249512,
		0.3639836609363556,
		-0.5103782415390015,
		0.99995356798172
	],
	"25. left_eye": [
		0.5668722987174988,
		0.35884106159210205,
		-0.4846874177455902,
		0.9998252391815186
	],
	"26. right_eye": [
		0.5383242964744568,
		0.3551797568798065,
		-0.4792831242084503,
		0.9997895359992981
	],
	"27. left_ear": [
		0.5830528736114502,
		0.36972078680992126,
		-0.3244684338569641,
		0.9996837377548218
	],
	"28. right_ear": [
		0.5261030197143555,
		0.3635217547416687,
		-0.2943457067012787,
		0.9995135068893433
	],
	"time stamp": 30.000293832456734
}