{
	"1. left_hip": [
		0.5316143035888672,
		0.5717049241065979,
		-0.13504667580127716,
		0.9992895722389221
	],
	"2. left_knee": [
		0.4835513234138489,
		0.6601056456565857,
		-0.210526704788208,
		0.9851540327072144
	],
	"3. left_ankle": [
		0.5128253698348999,
		0.7488642930984497,
		0.042211972177028656,
		0.9754005074501038
	],
	"6. right_hip": [
		0.461978942155838,
		0.569987416267395,
		0.1350623071193695,
		0.9991538524627686
	],
	"7. right_knee": [
		0.46908602118492126,
		0.6623210310935974,
		0.19028440117835999,
		0.8599742650985718
	],
	"8. right_ankle": [
		0.507087767124176,
		0.7518330216407776,
		0.46357375383377075,
		0.9323577284812927
	],
	"14. left_shoulder": [
		0.5684270858764648,
		0.43343254923820496,
		-0.3100065588951111,
		0.9999558329582214
	],
	"15. left_elbow": [
		0.5942153334617615,
		0.5120165348052979,
		-0.35109835863113403,
		0.9956052303314209
	],
	"16. left_wrist": [
		0.5874477624893188,
		0.5822424292564392,
		-0.416524201631546,
		0.9892870187759399
	],
	"19. right_shoulder": [
		0.4425252377986908,
		0.44510045647621155,
		0.0599520280957222,
		0.9994161128997803
	],
	"20. right_elbow": [
		0.4443873167037964,
		0.5118852257728577,
		-0.05102125182747841,
		0.8228332996368408
	],
	"21. right_wrist": [
		0.3680199682712555,
		0.48717427253723145,
		-0.5115352272987366,
		0.9425594210624695
	],
	"24. nose": [
		0.47918251156806946,
		0.37795692682266235,
		-0.36717426776885986,
		0.9999079704284668
	],
	"25. left_eye": [
		0.49866825342178345,
		0.36892831325531006,
		-0.3608933687210083,
		0.9997956156730652
	],
	"26. right_eye": [
		0.47781679034233093,
		0.3693120777606964,
		-0.3314986526966095,
		0.9996722936630249
	],
	"27. left_ear": [
		0.5203529596328735,
		0.37798011302948,
		-0.26034966111183167,
		0.99977046251297
	],
	"28. right_ear": [
		0.47795072197914124,
		0.37638044357299805,
		-0.14223814010620117,
		0.9989676475524902
	],
	"time stamp": 30.000293832456734
}