{
	"1. left_hip": [
		0.5136527419090271,
		0.5659039616584778,
		-0.1261136680841446,
		0.9995213747024536
	],
	"2. left_knee": [
		0.5209644436836243,
		0.6780662536621094,
		-0.18995824456214905,
		0.9829553365707397
	],
	"3. left_ankle": [
		0.544952929019928,
		0.788361132144928,
		-0.12132449448108673,
		0.9798547029495239
	],
	"6. right_hip": [
		0.43892812728881836,
		0.5661884546279907,
		0.12625589966773987,
		0.9989269971847534
	],
	"7. right_knee": [
		0.47268998622894287,
		0.6826935410499573,
		0.13489098846912384,
		0.8184759020805359
	],
	"8. right_ankle": [
		0.5321552157402039,
		0.7743558883666992,
		0.2924382984638214,
		0.8943958878517151
	],
	"14. left_shoulder": [
		0.5654935836791992,
		0.4184415936470032,
		-0.08366889506578445,
		0.999977171421051
	],
	"15. left_elbow": [
		0.6135370135307312,
		0.4786865711212158,
		-0.11272867769002914,
		0.9980171322822571
	],
	"16. left_wrist": [
		0.5683711767196655,
		0.527204155921936,
		-0.13963821530342102,
		0.9916683435440063
	],
	"19. right_shoulder": [
		0.4314694404602051,
		0.41153988242149353,
		0.2227981984615326,
		0.9986366629600525
	],
	"20. right_elbow": [
		0.43204304575920105,
		0.4063129723072052,
		0.22586983442306519,
		0.6616629362106323
	],
	"21. right_wrist": [
		0.46644681692123413,
		0.38986167311668396,
		0.08208469301462173,
		0.783524751663208
	],
	"24. nose": [
		0.4535064995288849,
		0.3674735128879547,
		-0.15843135118484497,
		0.9998754858970642
	],
	"25. left_eye": [
		0.473355233669281,
		0.3571023643016815,
		-0.1566653996706009,
		0.9998366236686707
	],
	"26. right_eye": [
		0.4506053328514099,
		0.3574889600276947,
		-0.1263875514268875,
		0.9996568560600281
	],
	"27. left_ear": [
		0.49886763095855713,
		0.36222246289253235,
		-0.07077603042125702,
		0.9998899698257446
	],
	"28. right_ear": [
		0.4563634991645813,
		0.36163583397865295,
		0.06927242130041122,
		0.9989240765571594
	],
	"time stamp": 30.000293832456734
}