{
	"1. left_hip": [
		0.5420575737953186,
		0.5501735210418701,
		-0.08856687694787979,
		0.9996424317359924
	],
	"2. left_knee": [
		0.4402279555797577,
		0.5902876257896423,
		-0.7804016470909119,
		0.9847955703735352
	],
	"3. left_ankle": [
		0.5103280544281006,
		0.7274073958396912,
		-0.5823845863342285,
		0.9768812656402588
	],
	"6. right_hip": [
		0.4288043975830078,
		0.5550297498703003,
		0.08831987529993057,
		0.9991826415061951
	],
	"7. right_knee": [
		0.41257473826408386,
		0.6881579756736755,
		-0.19573771953582764,
		0.920214056968689
	],
	"8. right_ankle": [
		0.4817102253437042,
		0.8163350224494934,
		-0.040297724306583405,
		0.9534042477607727
	],
	"14. left_shoulder": [
		0.5840261578559875,
		0.3753247857093811,
		-0.08898273855447769,
		0.9997720718383789
	],
	"15. left_elbow": [
		0.71601802110672,
		0.3088504672050476,
		-0.21183495223522186,
		0.8514795899391174
	],
	"16. left_wrist": [
		0.5634193420410156,
		0.3381187915802002,
		0.08689967542886734,
		0.7161806225776672
	],
	"19. right_shoulder": [
		0.40411144495010376,
		0.40722769498825073,
		0.13566282391548157,
		0.9976417422294617
	],
	"20. right_elbow": [
		0.3556516766548157,
		0.49622824788093567,
		-0.029839348047971725,
		0.8218808174133301
	],
	"21. right_wrist": [
		0.3683931231498718,
		0.4518740773200989,
		-0.5257138609886169,
		0.6912890076637268
	],
	"24. nose": [
		0.4574354588985443,
		0.3288327157497406,
		-0.3726334273815155,
		0.9994438886642456
	],
	"25. left_eye": [
		0.482732355594635,
		0.3166119456291199,
		-0.33250221610069275,
		0.9991486668586731
	],
	"26. right_eye": [
		0.4451677203178406,
		0.31739509105682373,
		-0.3078283965587616,
		0.9984450936317444
	],
	"27. left_ear": [
		0.5143613219261169,
		0.3241478502750397,
		-0.13309919834136963,
		0.9991804361343384
	],
	"28. right_ear": [
		0.4386691451072693,
		0.3255060911178589,
		-0.009204830043017864,
		0.9981236457824707
	],
	"time stamp": 29.987751182419192
}