{
	"1. left_hip": [
		0.5420699715614319,
		0.5565326809883118,
		-0.07867097854614258,
		0.9996716380119324
	],
	"2. left_knee": [
		0.4287499189376831,
		0.5898956060409546,
		-0.7554259896278381,
		0.9819658994674683
	],
	"3. left_ankle": [
		0.4992940127849579,
		0.7247416973114014,
		-0.5818426012992859,
		0.9706447124481201
	],
	"6. right_hip": [
		0.42986857891082764,
		0.558514416217804,
		0.07838200032711029,
		0.9992518424987793
	],
	"7. right_knee": [
		0.4078630805015564,
		0.6821838021278381,
		-0.37330400943756104,
		0.9126799702644348
	],
	"8. right_ankle": [
		0.4802990257740021,
		0.8168890476226807,
		-0.25757139921188354,
		0.9474484920501709
	],
	"14. left_shoulder": [
		0.5828984975814819,
		0.3827429413795471,
		0.10818976908922195,
		0.9997780919075012
	],
	"15. left_elbow": [
		0.7110785841941833,
		0.3099328875541687,
		0.017455967143177986,
		0.8648510575294495
	],
	"16. left_wrist": [
		0.5549131631851196,
		0.34783056378364563,
		0.2832774519920349,
		0.7061434388160706
	],
	"19. right_shoulder": [
		0.40581366419792175,
		0.41230684518814087,
		0.2534255087375641,
		0.9976800680160522
	],
	"20. right_elbow": [
		0.3813331425189972,
		0.5018682479858398,
		0.15644526481628418,
		0.8071237206459045
	],
	"21. right_wrist": [
		0.37309926748275757,
		0.46658867597579956,
		-0.16731426119804382,
		0.6764082312583923
	],
	"24. nose": [
		0.4555607736110687,
		0.3355173170566559,
		-0.18482786417007446,
		0.9994972944259644
	],
	"25. left_eye": [
		0.48087114095687866,
		0.3245677947998047,
		-0.14088547229766846,
		0.9992294311523438
	],
	"26. right_eye": [
		0.4448373317718506,
		0.3244065046310425,
		-0.12198573350906372,
		0.9985933303833008
	],
	"27. left_ear": [
		0.5135450959205627,
		0.33235064148902893,
		0.06330487132072449,
		0.9992586970329285
	],
	"28. right_ear": [
		0.43870237469673157,
		0.3322945833206177,
		0.15183579921722412,
		0.9983000159263611
	],
	"time stamp": 29.987751182419192
}