{
	"1. left_hip": [
		0.4917673170566559,
		0.5506283044815063,
		-0.16452817618846893,
		0.9995434880256653
	],
	"2. left_knee": [
		0.3907831013202667,
		0.6500197649002075,
		-0.34346696734428406,
		0.9799462556838989
	],
	"3. left_ankle": [
		0.46678000688552856,
		0.7681049108505249,
		-0.2879786491394043,
		0.9772906303405762
	],
	"6. right_hip": [
		0.4223519265651703,
		0.5526933670043945,
		0.16441790759563446,
		0.9992334246635437
	],
	"7. right_knee": [
		0.4094312787055969,
		0.6577866673469543,
		0.12437138706445694,
		0.8018279075622559
	],
	"8. right_ankle": [
		0.45940086245536804,
		0.7744722366333008,
		0.2562233507633209,
		0.9026694297790527
	],
	"14. left_shoulder": [
		0.5365791916847229,
		0.3991316854953766,
		-0.1256711632013321,
		0.9999490976333618
	],
	"15. left_elbow": [
		0.6485530138015747,
		0.4481668174266815,
		-0.4296967089176178,
		0.9933654069900513
	],
	"16. left_wrist": [
		0.5390082001686096,
		0.4407186806201935,
		-0.6510407328605652,
		0.976656436920166
	],
	"19. right_shoulder": [
		0.39186346530914307,
		0.4023020565509796,
		0.23755285143852234,
		0.9991772174835205
	],
	"20. right_elbow": [
		0.28707990050315857,
		0.4403153657913208,
		-0.025231122970581055,
		0.8231625556945801
	],
	"21. right_wrist": [
		0.3549042046070099,
		0.4068002998828888,
		-0.48995620012283325,
		0.836475133895874
	],
	"24. nose": [
		0.42779383063316345,
		0.34258633852005005,
		-0.25772690773010254,
		0.9999016523361206
	],
	"25. left_eye": [
		0.44699057936668396,
		0.33457329869270325,
		-0.2290189266204834,
		0.9998607635498047
	],
	"26. right_eye": [
		0.4196496307849884,
		0.33589205145835876,
		-0.20673160254955292,
		0.9997327327728271
	],
	"27. left_ear": [
		0.4775616228580475,
		0.3430764377117157,
		-0.06882209330797195,
		0.9999039173126221
	],
	"28. right_ear": [
		0.42136821150779724,
		0.34455573558807373,
		0.026098523288965225,
		0.9994114637374878
	],
	"time stamp": 30.000293832456734
}