{
	"1. left_hip": [
		0.5416955947875977,
		0.5104921460151672,
		-0.11555001139640808,
		0.9997373819351196
	],
	"2. left_knee": [
		0.4653938412666321,
		0.6491864919662476,
		-0.2730647027492523,
		0.9833115935325623
	],
	"3. left_ankle": [
		0.5050681829452515,
		0.807042121887207,
		-0.14166970551013947,
		0.9671469330787659
	],
	"6. right_hip": [
		0.4311801493167877,
		0.5165083408355713,
		0.11526572704315186,
		0.9994434714317322
	],
	"7. right_knee": [
		0.4117642939090729,
		0.661441445350647,
		-0.038032058626413345,
		0.8850839138031006
	],
	"8. right_ankle": [
		0.47814318537712097,
		0.8082301020622253,
		0.08953075110912323,
		0.9395458698272705
	],
	"14. left_shoulder": [
		0.5738980174064636,
		0.3409935235977173,
		-0.24958191812038422,
		0.999737560749054
	],
	"15. left_elbow": [
		0.7410847544670105,
		0.3695330023765564,
		-0.5645917654037476,
		0.9366583824157715
	],
	"16. left_wrist": [
		0.6014994382858276,
		0.3799811899662018,
		-0.9252521991729736,
		0.7715974450111389
	],
	"19. right_shoulder": [
		0.379959374666214,
		0.34633487462997437,
		-0.1022501140832901,
		0.998041570186615
	],
	"20. right_elbow": [
		0.23570559918880463,
		0.39235395193099976,
		-0.44972851872444153,
		0.8653209805488586
	],
	"21. right_wrist": [
		0.3579564094543457,
		0.3426581025123596,
		-0.9646497964859009,
		0.8060237765312195
	],
	"24. nose": [
		0.45424309372901917,
		0.287995845079422,
		-0.6704530119895935,
		0.9997507333755493
	],
	"25. left_eye": [
		0.47996965050697327,
		0.27519720792770386,
		-0.6328909993171692,
		0.999615490436554
	],
	"26. right_eye": [
		0.4406384229660034,
		0.27826768159866333,
		-0.6259276866912842,
		0.999329149723053
	],
	"27. left_ear": [
		0.5097517371177673,
		0.28049054741859436,
		-0.3727056086063385,
		0.9996391534805298
	],
	"28. right_ear": [
		0.4318585693836212,
		0.283892959356308,
		-0.33733880519866943,
		0.9991753697395325
	],
	"time stamp": 29.987751182419192
}