{
	"1. left_hip": [
		0.5423328876495361,
		0.5011193752288818,
		-0.07405447959899902,
		0.9993772506713867
	],
	"2. left_knee": [
		0.5100038051605225,
		0.6659044027328491,
		-0.09638483077287674,
		0.9842472076416016
	],
	"3. left_ankle": [
		0.5185915231704712,
		0.8133318424224854,
		0.16540856659412384,
		0.9718858003616333
	],
	"6. right_hip": [
		0.43135181069374084,
		0.5058912038803101,
		0.07377471029758453,
		0.998981237411499
	],
	"7. right_knee": [
		0.4290110468864441,
		0.6659804582595825,
		-0.0025671864859759808,
		0.8984649777412415
	],
	"8. right_ankle": [
		0.4768260419368744,
		0.8092735409736633,
		0.2497870922088623,
		0.9467923045158386
	],
	"14. left_shoulder": [
		0.5684706568717957,
		0.3362443745136261,
		-0.3205692172050476,
		0.999762237071991
	],
	"15. left_elbow": [
		0.7373214364051819,
		0.3859174847602844,
		-0.6231923699378967,
		0.9476622939109802
	],
	"16. left_wrist": [
		0.5883411765098572,
		0.39459389448165894,
		-0.9893380999565125,
		0.804240345954895
	],
	"19. right_shoulder": [
		0.37627118825912476,
		0.333048552274704,
		-0.21842284500598907,
		0.9982561469078064
	],
	"20. right_elbow": [
		0.2142566442489624,
		0.3445093035697937,
		-0.4982069134712219,
		0.8888115286827087
	],
	"21. right_wrist": [
		0.35817766189575195,
		0.3059130012989044,
		-0.7935500144958496,
		0.8231433033943176
	],
	"24. nose": [
		0.4508157968521118,
		0.2745305895805359,
		-0.8126895427703857,
		0.999768078327179
	],
	"25. left_eye": [
		0.4771609604358673,
		0.26312950253486633,
		-0.775638222694397,
		0.9996402859687805
	],
	"26. right_eye": [
		0.4343567192554474,
		0.2656724750995636,
		-0.7707478404045105,
		0.9993968605995178
	],
	"27. left_ear": [
		0.504798948764801,
		0.2682274878025055,
		-0.4911346733570099,
		0.9996801614761353
	],
	"28. right_ear": [
		0.424282044172287,
		0.2729354500770569,
		-0.4662051498889923,
		0.9992843866348267
	],
	"time stamp": 29.987751182419192
}