{
	"1. left_hip": [
		0.4786657989025116,
		0.5767841935157776,
		-0.15085665881633759,
		0.9997385740280151
	],
	"2. left_knee": [
		0.3240918815135956,
		0.639072060585022,
		-0.28388503193855286,
		0.9851070046424866
	],
	"3. left_ankle": [
		0.41018277406692505,
		0.7562733292579651,
		-0.28841811418533325,
		0.9676011800765991
	],
	"6. right_hip": [
		0.41699132323265076,
		0.5792187452316284,
		0.1508340686559677,
		0.999540388584137
	],
	"7. right_knee": [
		0.35640716552734375,
		0.653890073299408,
		0.08187764137983322,
		0.7268671989440918
	],
	"8. right_ankle": [
		0.4168310761451721,
		0.769277811050415,
		0.06144596263766289,
		0.8229093551635742
	],
	"14. left_shoulder": [
		0.5260379314422607,
		0.40579143166542053,
		-0.11005321145057678,
		0.9999455809593201
	],
	"15. left_elbow": [
		0.6257097721099854,
		0.35373783111572266,
		-0.44222185015678406,
		0.9964265823364258
	],
	"16. left_wrist": [
		0.48678848147392273,
		0.3744567334651947,
		-0.48728615045547485,
		0.9762623906135559
	],
	"19. right_shoulder": [
		0.4083092510700226,
		0.447094589471817,
		0.25066137313842773,
		0.9994140267372131
	],
	"20. right_elbow": [
		0.39702004194259644,
		0.5269300937652588,
		0.30072951316833496,
		0.8270832896232605
	],
	"21. right_wrist": [
		0.3426322937011719,
		0.5190274119377136,
		0.06728187203407288,
		0.892281174659729
	],
	"24. nose": [
		0.4065072536468506,
		0.39129114151000977,
		-0.10874968022108078,
		0.9999232888221741
	],
	"25. left_eye": [
		0.4232015609741211,
		0.3768988847732544,
		-0.10975620895624161,
		0.9998921155929565
	],
	"26. right_eye": [
		0.4045661985874176,
		0.38207703828811646,
		-0.0728842094540596,
		0.999809980392456
	],
	"27. left_ear": [
		0.4511912763118744,
		0.3764035403728485,
		-0.06052762269973755,
		0.9999026656150818
	],
	"28. right_ear": [
		0.4223100543022156,
		0.38362112641334534,
		0.11996743828058243,
		0.9996573328971863
	],
	"time stamp": 30.000293832456734
}