{
	"1. left_hip": [
		0.5559177398681641,
		0.5229702591896057,
		0.016426006332039833,
		0.9988329410552979
	],
	"2. left_knee": [
		0.5363355875015259,
		0.69022536277771,
		-0.08192706853151321,
		0.9822840690612793
	],
	"3. left_ankle": [
		0.5069096088409424,
		0.8220127820968628,
		0.3471236228942871,
		0.972991406917572
	],
	"6. right_hip": [
		0.433444619178772,
		0.5192721486091614,
		-0.016552278771996498,
		0.9976510405540466
	],
	"7. right_knee": [
		0.45403558015823364,
		0.6861147284507751,
		-0.09890840947628021,
		0.9484991431236267
	],
	"8. right_ankle": [
		0.4467517137527466,
		0.8228798508644104,
		0.28561630845069885,
		0.9499170780181885
	],
	"14. left_shoulder": [
		0.5711557269096375,
		0.3515186905860901,
		-0.0756617933511734,
		0.9995571374893188
	],
	"15. left_elbow": [
		0.7477583289146423,
		0.3699256479740143,
		-0.574653685092926,
		0.9786704778671265
	],
	"16. left_wrist": [
		0.6025505065917969,
		0.3574766516685486,
		-1.1140716075897217,
		0.9003311991691589
	],
	"19. right_shoulder": [
		0.38085445761680603,
		0.355536550283432,
		-0.1796332150697708,
		0.9973329305648804
	],
	"20. right_elbow": [
		0.25437361001968384,
		0.37745729088783264,
		-0.6589203476905823,
		0.9511723518371582
	],
	"21. right_wrist": [
		0.39556726813316345,
		0.34473511576652527,
		-1.1088722944259644,
		0.9200978875160217
	],
	"24. nose": [
		0.48634710907936096,
		0.2877284288406372,
		-0.577705442905426,
		0.9994297027587891
	],
	"25. left_eye": [
		0.5005409121513367,
		0.2788638770580292,
		-0.5150954723358154,
		0.9988685846328735
	],
	"26. right_eye": [
		0.46215373277664185,
		0.27606111764907837,
		-0.5273953676223755,
		0.9989413022994995
	],
	"27. left_ear": [
		0.5168809294700623,
		0.2866230905056,
		-0.18854935467243195,
		0.9988548755645752
	],
	"28. right_ear": [
		0.4319148063659668,
		0.2804759442806244,
		-0.24909265339374542,
		0.9988647699356079
	],
	"time stamp": 29.987751182419192
}