{
	"1. left_hip": [
		0.5596714615821838,
		0.5251935124397278,
		0.03619726002216339,
		0.9988745450973511
	],
	"2. left_knee": [
		0.5442976951599121,
		0.6900975704193115,
		-0.0968782976269722,
		0.980451226234436
	],
	"3. left_ankle": [
		0.5080233216285706,
		0.8222874999046326,
		0.32571500539779663,
		0.971406102180481
	],
	"6. right_hip": [
		0.4392634332180023,
		0.5234688520431519,
		-0.036441631615161896,
		0.9977582097053528
	],
	"7. right_knee": [
		0.47244012355804443,
		0.6844512224197388,
		-0.14501804113388062,
		0.949901282787323
	],
	"8. right_ankle": [
		0.4441159665584564,
		0.8096092343330383,
		0.34176379442214966,
		0.9463229775428772
	],
	"14. left_shoulder": [
		0.5746518969535828,
		0.3617604672908783,
		-0.05165793001651764,
		0.999552845954895
	],
	"15. left_elbow": [
		0.7450592517852783,
		0.39371228218078613,
		-0.4757818579673767,
		0.979040265083313
	],
	"16. left_wrist": [
		0.6034509539604187,
		0.3701297342777252,
		-0.9685410261154175,
		0.9031162858009338
	],
	"19. right_shoulder": [
		0.38532501459121704,
		0.3538358807563782,
		-0.18018102645874023,
		0.9975079894065857
	],
	"20. right_elbow": [
		0.24549303948879242,
		0.3494664132595062,
		-0.6403103470802307,
		0.9554669857025146
	],
	"21. right_wrist": [
		0.4067980647087097,
		0.33508172631263733,
		-0.9997764825820923,
		0.9211400151252747
	],
	"24. nose": [
		0.4898061156272888,
		0.2848030924797058,
		-0.5656570792198181,
		0.9994478821754456
	],
	"25. left_eye": [
		0.5024592876434326,
		0.276993066072464,
		-0.5047343373298645,
		0.9989046454429626
	],
	"26. right_eye": [
		0.4654739201068878,
		0.2758294343948364,
		-0.51896733045578,
		0.9989858865737915
	],
	"27. left_ear": [
		0.5182655453681946,
		0.2857562303543091,
		-0.1823185682296753,
		0.9988530874252319
	],
	"28. right_ear": [
		0.4350471794605255,
		0.2828233540058136,
		-0.2539076507091522,
		0.9989308714866638
	],
	"time stamp": 29.987751182419192
}