{
	"1. left_hip": [
		0.48954612016677856,
		0.5427750945091248,
		-0.0050903731025755405,
		0.9994015693664551
	],
	"2. left_knee": [
		0.4926086962223053,
		0.6654878854751587,
		-0.05090303719043732,
		0.984104573726654
	],
	"3. left_ankle": [
		0.5015631318092346,
		0.7707921266555786,
		0.2214794158935547,
		0.9719900488853455
	],
	"6. right_hip": [
		0.3907298743724823,
		0.5446262359619141,
		0.004997042939066887,
		0.999018669128418
	],
	"7. right_knee": [
		0.3995222747325897,
		0.6725654602050781,
		-0.024854764342308044,
		0.8029334545135498
	],
	"8. right_ankle": [
		0.4090661108493805,
		0.7793934941291809,
		0.2620494067668915,
		0.8829051852226257
	],
	"14. left_shoulder": [
		0.5281291604042053,
		0.38839924335479736,
		0.083360955119133,
		0.9998107552528381
	],
	"15. left_elbow": [
		0.6593774557113647,
		0.40331587195396423,
		-0.13070859014987946,
		0.9974073767662048
	],
	"16. left_wrist": [
		0.5675046443939209,
		0.38337284326553345,
		-0.4571029245853424,
		0.9825034737586975
	],
	"19. right_shoulder": [
		0.35391873121261597,
		0.40052393078804016,
		0.04729814454913139,
		0.9994792342185974
	],
	"20. right_elbow": [
		0.3235473334789276,
		0.48158612847328186,
		-0.15207895636558533,
		0.910954475402832
	],
	"21. right_wrist": [
		0.36069774627685547,
		0.44248610734939575,
		-0.5040990114212036,
		0.9571770429611206
	],
	"24. nose": [
		0.4598575234413147,
		0.330475777387619,
		-0.2935977280139923,
		0.9999174475669861
	],
	"25. left_eye": [
		0.4748580753803253,
		0.3238706886768341,
		-0.23307092487812042,
		0.9998232126235962
	],
	"26. right_eye": [
		0.4446398913860321,
		0.32090693712234497,
		-0.23958715796470642,
		0.9998536705970764
	],
	"27. left_ear": [
		0.4812329411506653,
		0.3315545916557312,
		-0.004477022681385279,
		0.9997586607933044
	],
	"28. right_ear": [
		0.41843804717063904,
		0.32767453789711,
		-0.04528731107711792,
		0.9997772574424744
	],
	"time stamp": 30.000293832456734
}