{
	"1. left_hip": [
		0.5729249715805054,
		0.5204088687896729,
		0.04776906222105026,
		0.9995324611663818
	],
	"2. left_knee": [
		0.5721700191497803,
		0.6834897994995117,
		-0.1074145957827568,
		0.9519347548484802
	],
	"3. left_ankle": [
		0.5208780169487,
		0.8217775225639343,
		0.2985529899597168,
		0.9576691389083862
	],
	"6. right_hip": [
		0.4569251835346222,
		0.5197266936302185,
		-0.04797401279211044,
		0.9990586638450623
	],
	"7. right_knee": [
		0.49430692195892334,
		0.6794446706771851,
		-0.14859621226787567,
		0.9719151258468628
	],
	"8. right_ankle": [
		0.43783143162727356,
		0.8063848614692688,
		0.23198525607585907,
		0.9428332448005676
	],
	"14. left_shoulder": [
		0.60994553565979,
		0.3495478332042694,
		0.178330197930336,
		0.9997839331626892
	],
	"15. left_elbow": [
		0.7647147178649902,
		0.3722001910209656,
		-0.20984995365142822,
		0.9739830493927002
	],
	"16. left_wrist": [
		0.6244808435440063,
		0.3539443016052246,
		-0.6570852398872375,
		0.9362518191337585
	],
	"19. right_shoulder": [
		0.41757532954216003,
		0.3561209738254547,
		0.09911375492811203,
		0.9990949034690857
	],
	"20. right_elbow": [
		0.297677606344223,
		0.4140959084033966,
		-0.3655608594417572,
		0.9832096695899963
	],
	"21. right_wrist": [
		0.43512868881225586,
		0.36541905999183655,
		-0.6890062689781189,
		0.8378674387931824
	],
	"24. nose": [
		0.507526695728302,
		0.2811720669269562,
		-0.3027417063713074,
		0.9997256398200989
	],
	"25. left_eye": [
		0.5254891514778137,
		0.2727668881416321,
		-0.24294188618659973,
		0.9994825124740601
	],
	"26. right_eye": [
		0.48771899938583374,
		0.2731080651283264,
		-0.24566462635993958,
		0.9994834661483765
	],
	"27. left_ear": [
		0.5466521978378296,
		0.2804369628429413,
		0.05646975710988045,
		0.9993993043899536
	],
	"28. right_ear": [
		0.4664144515991211,
		0.2814396917819977,
		0.042158547788858414,
		0.9995846152305603
	],
	"time stamp": 29.987751182419192
}