{
	"1. left_hip": [
		0.5728186368942261,
		0.5164521336555481,
		0.05177956074476242,
		0.9995303153991699
	],
	"2. left_knee": [
		0.5716598033905029,
		0.6830332279205322,
		-0.0733061358332634,
		0.9528185129165649
	],
	"3. left_ankle": [
		0.5241700410842896,
		0.8180610537528992,
		0.30004093050956726,
		0.9559644460678101
	],
	"6. right_hip": [
		0.45560353994369507,
		0.514415442943573,
		-0.05187990143895149,
		0.9990072846412659
	],
	"7. right_knee": [
		0.4831826686859131,
		0.678377628326416,
		-0.14638154208660126,
		0.9698025584220886
	],
	"8. right_ankle": [
		0.4375581741333008,
		0.8151194453239441,
		0.18369197845458984,
		0.9425207376480103
	],
	"14. left_shoulder": [
		0.6112544536590576,
		0.33785897493362427,
		0.16248571872711182,
		0.9997791051864624
	],
	"15. left_elbow": [
		0.7683315873146057,
		0.3477482199668884,
		-0.22523199021816254,
		0.9758602380752563
	],
	"16. left_wrist": [
		0.6220487356185913,
		0.33428695797920227,
		-0.7239017486572266,
		0.9404051899909973
	],
	"19. right_shoulder": [
		0.41730624437332153,
		0.35229790210723877,
		0.04428437724709511,
		0.9989912509918213
	],
	"20. right_elbow": [
		0.3319867253303528,
		0.43014976382255554,
		-0.37117302417755127,
		0.9828311800956726
	],
	"21. right_wrist": [
		0.43324708938598633,
		0.3709823191165924,
		-0.8078583478927612,
		0.851421058177948
	],
	"24. nose": [
		0.5075724720954895,
		0.2755815088748932,
		-0.34173324704170227,
		0.9997199177742004
	],
	"25. left_eye": [
		0.5257920026779175,
		0.26511791348457336,
		-0.2817017138004303,
		0.9994891285896301
	],
	"26. right_eye": [
		0.487382173538208,
		0.26554250717163086,
		-0.28979071974754333,
		0.999497652053833
	],
	"27. left_ear": [
		0.5478820204734802,
		0.2729448080062866,
		0.02834550477564335,
		0.9994041919708252
	],
	"28. right_ear": [
		0.466264009475708,
		0.27358365058898926,
		-0.009089511819183826,
		0.9995879530906677
	],
	"time stamp": 29.987751182419192
}