{
	"1. left_hip": [
		0.5053911805152893,
		0.5530031323432922,
		0.10365534573793411,
		0.9989339113235474
	],
	"2. left_knee": [
		0.514516294002533,
		0.6623515486717224,
		-0.04491351544857025,
		0.8962318897247314
	],
	"3. left_ankle": [
		0.4730679988861084,
		0.7700512409210205,
		0.07701003551483154,
		0.900434136390686
	],
	"6. right_hip": [
		0.4264611005783081,
		0.5511828660964966,
		-0.10357437282800674,
		0.9988172054290771
	],
	"7. right_knee": [
		0.48458757996559143,
		0.6470054388046265,
		-0.20407626032829285,
		0.9463712573051453
	],
	"8. right_ankle": [
		0.42651045322418213,
		0.7570168375968933,
		0.035569705069065094,
		0.949891209602356
	],
	"14. left_shoulder": [
		0.503499448299408,
		0.42592838406562805,
		0.1422082483768463,
		0.9998546242713928
	],
	"15. left_elbow": [
		0.5785336494445801,
		0.49604302644729614,
		-0.06412168592214584,
		0.8464730381965637
	],
	"16. left_wrist": [
		0.5547033548355103,
		0.4701533913612366,
		-0.48201271891593933,
		0.948335587978363
	],
	"19. right_shoulder": [
		0.377144992351532,
		0.3931383788585663,
		-0.11637044697999954,
		0.9998487830162048
	],
	"20. right_elbow": [
		0.2648165225982666,
		0.3561320900917053,
		-0.3818430006504059,
		0.9803723692893982
	],
	"21. right_wrist": [
		0.39905595779418945,
		0.37922269105911255,
		-0.5071958899497986,
		0.9433712363243103
	],
	"24. nose": [
		0.47838786244392395,
		0.350111186504364,
		-0.23703321814537048,
		0.9998904466629028
	],
	"25. left_eye": [
		0.4888938069343567,
		0.3436514437198639,
		-0.19782404601573944,
		0.999746561050415
	],
	"26. right_eye": [
		0.4624311923980713,
		0.34144264459609985,
		-0.22768212854862213,
		0.9997341632843018
	],
	"27. left_ear": [
		0.4884968101978302,
		0.35191306471824646,
		0.024941472336649895,
		0.9996367692947388
	],
	"28. right_ear": [
		0.43689611554145813,
		0.3472636640071869,
		-0.12198092043399811,
		0.9997923374176025
	],
	"time stamp": 30.000293832456734
}