{
	"1. left_hip": [
		0.5913171172142029,
		0.5142546892166138,
		-0.0690951719880104,
		0.9993422031402588
	],
	"2. left_knee": [
		0.5767810344696045,
		0.6834664344787598,
		-0.13600903749465942,
		0.9806148409843445
	],
	"3. left_ankle": [
		0.5899226665496826,
		0.8148171901702881,
		0.21777398884296417,
		0.9799146056175232
	],
	"6. right_hip": [
		0.4689270853996277,
		0.5201669931411743,
		0.06904323399066925,
		0.9985453486442566
	],
	"7. right_knee": [
		0.4532662034034729,
		0.6883487105369568,
		0.03453119099140167,
		0.9798208475112915
	],
	"8. right_ankle": [
		0.5109864473342896,
		0.8173814415931702,
		0.3535658121109009,
		0.9706330895423889
	],
	"14. left_shoulder": [
		0.6184355020523071,
		0.3418792188167572,
		-0.16014672815799713,
		0.9998016953468323
	],
	"15. left_elbow": [
		0.7622539401054382,
		0.37681397795677185,
		-0.659436821937561,
		0.9886772036552429
	],
	"16. left_wrist": [
		0.5975039601325989,
		0.3613726794719696,
		-1.1084948778152466,
		0.9644073843955994
	],
	"19. right_shoulder": [
		0.42416471242904663,
		0.3450574576854706,
		-0.0801486223936081,
		0.9986369013786316
	],
	"20. right_elbow": [
		0.2721121907234192,
		0.3702489137649536,
		-0.5596242547035217,
		0.9825929403305054
	],
	"21. right_wrist": [
		0.4317581355571747,
		0.33081963658332825,
		-1.055736780166626,
		0.8936851620674133
	],
	"24. nose": [
		0.49585121870040894,
		0.28955188393592834,
		-0.5774928331375122,
		0.9997078776359558
	],
	"25. left_eye": [
		0.5184685587882996,
		0.27614977955818176,
		-0.5341993570327759,
		0.9994863867759705
	],
	"26. right_eye": [
		0.474954754114151,
		0.281528502702713,
		-0.5288326740264893,
		0.9994698166847229
	],
	"27. left_ear": [
		0.5437013506889343,
		0.27996301651000977,
		-0.2590649724006653,
		0.9994421005249023
	],
	"28. right_ear": [
		0.4641458988189697,
		0.2892499268054962,
		-0.2306922823190689,
		0.9994798898696899
	],
	"time stamp": 29.987751182419192
}