{
	"1. left_hip": [
		0.4763779938220978,
		0.5477331876754761,
		0.005162601359188557,
		0.9993149638175964
	],
	"2. left_knee": [
		0.47579091787338257,
		0.6659152507781982,
		-0.0019899120088666677,
		0.9350528120994568
	],
	"3. left_ankle": [
		0.48112258315086365,
		0.7609286904335022,
		0.2817977964878082,
		0.9334028363227844
	],
	"6. right_hip": [
		0.3744111657142639,
		0.5438087582588196,
		-0.0055265408009290695,
		0.9991786479949951
	],
	"7. right_knee": [
		0.36153021454811096,
		0.6724091172218323,
		-0.01661848835647106,
		0.9648113250732422
	],
	"8. right_ankle": [
		0.3494657278060913,
		0.7714462876319885,
		0.19308918714523315,
		0.9590305089950562
	],
	"14. left_shoulder": [
		0.53352952003479,
		0.38164210319519043,
		0.0031230768654495478,
		0.9997751116752625
	],
	"15. left_elbow": [
		0.6679351925849915,
		0.38202670216560364,
		-0.22576206922531128,
		0.9185357093811035
	],
	"16. left_wrist": [
		0.550087571144104,
		0.3674933612346649,
		-0.5072133541107178,
		0.9686037302017212
	],
	"19. right_shoulder": [
		0.35645434260368347,
		0.38832664489746094,
		0.007381804287433624,
		0.9997338056564331
	],
	"20. right_elbow": [
		0.29927316308021545,
		0.4725494384765625,
		-0.18545424938201904,
		0.9885653853416443
	],
	"21. right_wrist": [
		0.31922945380210876,
		0.436165988445282,
		-0.6111595034599304,
		0.9699578881263733
	],
	"24. nose": [
		0.46231886744499207,
		0.3193395733833313,
		-0.2940714955329895,
		0.999911904335022
	],
	"25. left_eye": [
		0.4777313470840454,
		0.31328439712524414,
		-0.25172802805900574,
		0.9997625350952148
	],
	"26. right_eye": [
		0.44710612297058105,
		0.3104923367500305,
		-0.2433919608592987,
		0.9998194575309753
	],
	"27. left_ear": [
		0.4864030182361603,
		0.3237515389919281,
		-0.045551277697086334,
		0.9995848536491394
	],
	"28. right_ear": [
		0.4234248995780945,
		0.31984782218933105,
		-0.04440833628177643,
		0.9998401999473572
	],
	"time stamp": 30.000293832456734
}