{
	"1. left_hip": [
		0.5665282011032104,
		0.5416049361228943,
		-0.09843839704990387,
		0.9993568658828735
	],
	"2. left_knee": [
		0.5112453699111938,
		0.6741761565208435,
		-0.3204014301300049,
		0.98268061876297
	],
	"3. left_ankle": [
		0.5998589992523193,
		0.7268506288528442,
		0.28536683320999146,
		0.9707013368606567
	],
	"6. right_hip": [
		0.4591642916202545,
		0.5424500107765198,
		0.09804923832416534,
		0.9987636804580688
	],
	"7. right_knee": [
		0.43556615710258484,
		0.6923238635063171,
		0.0008121207938529551,
		0.971843421459198
	],
	"8. right_ankle": [
		0.5111490488052368,
		0.8268251419067383,
		0.1498587429523468,
		0.9722366333007812
	],
	"14. left_shoulder": [
		0.6129873394966125,
		0.36110347509384155,
		-0.27313223481178284,
		0.9997881054878235
	],
	"15. left_elbow": [
		0.7887532711029053,
		0.3441382348537445,
		-0.7443521618843079,
		0.9914015531539917
	],
	"16. left_wrist": [
		0.6245869398117065,
		0.3595946729183197,
		-0.7831110954284668,
		0.9671095609664917
	],
	"19. right_shoulder": [
		0.42669495940208435,
		0.3915916979312897,
		-0.10486818850040436,
		0.9987313747406006
	],
	"20. right_elbow": [
		0.3205791413784027,
		0.4667768180370331,
		-0.3178829848766327,
		0.9819985032081604
	],
	"21. right_wrist": [
		0.39415276050567627,
		0.4131838381290436,
		-0.7775350213050842,
		0.9152247905731201
	],
	"24. nose": [
		0.4887944161891937,
		0.32843148708343506,
		-0.6687580943107605,
		0.999727725982666
	],
	"25. left_eye": [
		0.511557936668396,
		0.3139473497867584,
		-0.6377725601196289,
		0.9994903206825256
	],
	"26. right_eye": [
		0.4705171287059784,
		0.31787988543510437,
		-0.6193414926528931,
		0.999474048614502
	],
	"27. left_ear": [
		0.538916826248169,
		0.3161814510822296,
		-0.40949469804763794,
		0.9994917511940002
	],
	"28. right_ear": [
		0.46344292163848877,
		0.3225734829902649,
		-0.3151673972606659,
		0.9994332790374756
	],
	"time stamp": 29.987751182419192
}