{
	"1. left_hip": [
		0.47802305221557617,
		0.541822075843811,
		-0.018471503630280495,
		0.9994031190872192
	],
	"2. left_knee": [
		0.46942970156669617,
		0.6649532914161682,
		-0.0078069474548101425,
		0.9480876922607422
	],
	"3. left_ankle": [
		0.48497387766838074,
		0.7743582129478455,
		0.11352118104696274,
		0.9444635510444641
	],
	"6. right_hip": [
		0.3799143135547638,
		0.5394546389579773,
		0.017913123592734337,
		0.9992183446884155
	],
	"7. right_knee": [
		0.3679217994213104,
		0.6689829230308533,
		0.014434438198804855,
		0.9641550183296204
	],
	"8. right_ankle": [
		0.35537028312683105,
		0.7728389501571655,
		0.14559359848499298,
		0.9584934115409851
	],
	"14. left_shoulder": [
		0.5340123772621155,
		0.3849552571773529,
		0.07230306416749954,
		0.9998132586479187
	],
	"15. left_elbow": [
		0.6460491418838501,
		0.44102635979652405,
		-0.06661476194858551,
		0.9402573704719543
	],
	"16. left_wrist": [
		0.5435827374458313,
		0.4011673033237457,
		-0.2609093487262726,
		0.9756855368614197
	],
	"19. right_shoulder": [
		0.35125932097435,
		0.3852298855781555,
		0.09481451660394669,
		0.9997668862342834
	],
	"20. right_elbow": [
		0.23950062692165375,
		0.4513617753982544,
		-0.050037652254104614,
		0.9909669756889343
	],
	"21. right_wrist": [
		0.29716673493385315,
		0.40160849690437317,
		-0.25628605484962463,
		0.9768702983856201
	],
	"24. nose": [
		0.44953083992004395,
		0.3136891722679138,
		-0.1492842584848404,
		0.999932587146759
	],
	"25. left_eye": [
		0.4695814847946167,
		0.3114798963069916,
		-0.11456030607223511,
		0.9998136758804321
	],
	"26. right_eye": [
		0.4366503059864044,
		0.30664584040641785,
		-0.11856478452682495,
		0.999860405921936
	],
	"27. left_ear": [
		0.48298266530036926,
		0.32358303666114807,
		0.0415051244199276,
		0.9996703267097473
	],
	"28. right_ear": [
		0.4171335995197296,
		0.3171806037425995,
		0.019360484555363655,
		0.9998747110366821
	],
	"time stamp": 30.000293832456734
}