{
	"1. left_hip": [
		0.4802422821521759,
		0.542869508266449,
		-0.013629148714244366,
		0.999413251876831
	],
	"2. left_knee": [
		0.4756197929382324,
		0.6675621867179871,
		-0.00997729692608118,
		0.9520442485809326
	],
	"3. left_ankle": [
		0.4865146577358246,
		0.7760058045387268,
		0.11714645475149155,
		0.948442280292511
	],
	"6. right_hip": [
		0.38112154603004456,
		0.5416713953018188,
		0.013127783313393593,
		0.9992305040359497
	],
	"7. right_knee": [
		0.3719102442264557,
		0.6671125888824463,
		0.019033510237932205,
		0.9654527306556702
	],
	"8. right_ankle": [
		0.35676661133766174,
		0.7720221877098083,
		0.16467134654521942,
		0.9599702954292297
	],
	"14. left_shoulder": [
		0.5304397940635681,
		0.3861282765865326,
		0.06541644781827927,
		0.9998137950897217
	],
	"15. left_elbow": [
		0.6144989132881165,
		0.4576064348220825,
		-0.0804721936583519,
		0.9458420276641846
	],
	"16. left_wrist": [
		0.5401303768157959,
		0.41209033131599426,
		-0.2893908619880676,
		0.9772418737411499
	],
	"19. right_shoulder": [
		0.34604522585868835,
		0.3856201469898224,
		0.07899267226457596,
		0.9997791051864624
	],
	"20. right_elbow": [
		0.22433145344257355,
		0.43262404203414917,
		-0.09381996840238571,
		0.9917020201683044
	],
	"21. right_wrist": [
		0.29666668176651,
		0.3919253349304199,
		-0.2891348600387573,
		0.9784417152404785
	],
	"24. nose": [
		0.4462195336818695,
		0.3161768615245819,
		-0.15692219138145447,
		0.9999377131462097
	],
	"25. left_eye": [
		0.46708810329437256,
		0.3132402300834656,
		-0.12264081090688705,
		0.9998254179954529
	],
	"26. right_eye": [
		0.4334790110588074,
		0.30850109457969666,
		-0.12611494958400726,
		0.999870240688324
	],
	"27. left_ear": [
		0.4813384711742401,
		0.32500022649765015,
		0.03805503994226456,
		0.999685525894165
	],
	"28. right_ear": [
		0.41453325748443604,
		0.3186669647693634,
		0.01252955012023449,
		0.9998833537101746
	],
	"time stamp": 30.000293832456734
}