{
	"1. left_hip": [
		0.568410336971283,
		0.5658431649208069,
		-0.12610895931720734,
		0.9996106028556824
	],
	"2. left_knee": [
		0.44075214862823486,
		0.6172776818275452,
		-0.8385381102561951,
		0.9876406788825989
	],
	"3. left_ankle": [
		0.5607982873916626,
		0.6784664392471313,
		-0.3537276089191437,
		0.9629825353622437
	],
	"6. right_hip": [
		0.4572215676307678,
		0.5679162740707397,
		0.12577708065509796,
		0.9992579817771912
	],
	"7. right_knee": [
		0.4189288020133972,
		0.7178134322166443,
		0.023943603038787842,
		0.9687209725379944
	],
	"8. right_ankle": [
		0.5123279094696045,
		0.8270330429077148,
		0.28017449378967285,
		0.9761195182800293
	],
	"14. left_shoulder": [
		0.6113777160644531,
		0.39574846625328064,
		-0.36145907640457153,
		0.9998648762702942
	],
	"15. left_elbow": [
		0.7893151640892029,
		0.3851688504219055,
		-0.7241075038909912,
		0.9946090579032898
	],
	"16. left_wrist": [
		0.6298778057098389,
		0.40082842111587524,
		-1.0249301195144653,
		0.9720464944839478
	],
	"19. right_shoulder": [
		0.433178186416626,
		0.4278548061847687,
		-0.1534591019153595,
		0.9991675019264221
	],
	"20. right_elbow": [
		0.39092403650283813,
		0.5140547156333923,
		-0.3991742730140686,
		0.9774268865585327
	],
	"21. right_wrist": [
		0.3713147044181824,
		0.481086403131485,
		-0.9693185091018677,
		0.9422894716262817
	],
	"24. nose": [
		0.48840248584747314,
		0.3647330403327942,
		-0.7314939498901367,
		0.9998353719711304
	],
	"25. left_eye": [
		0.5094192028045654,
		0.35045504570007324,
		-0.7018319964408875,
		0.9996924996376038
	],
	"26. right_eye": [
		0.47078561782836914,
		0.3561515510082245,
		-0.6804798245429993,
		0.9996793866157532
	],
	"27. left_ear": [
		0.5353027582168579,
		0.350424200296402,
		-0.47647756338119507,
		0.9996962547302246
	],
	"28. right_ear": [
		0.4643108546733856,
		0.36167991161346436,
		-0.3658231198787689,
		0.9996474981307983
	],
	"time stamp": 29.987751182419192
}