{
	"1. left_hip": [
		0.5673119425773621,
		0.5662989020347595,
		-0.14668552577495575,
		0.9996488690376282
	],
	"2. left_knee": [
		0.42996224761009216,
		0.6149160861968994,
		-0.8447028994560242,
		0.9887447357177734
	],
	"3. left_ankle": [
		0.5573964715003967,
		0.6938610672950745,
		-0.45720115303993225,
		0.9661020040512085
	],
	"6. right_hip": [
		0.4572497606277466,
		0.570203423500061,
		0.14632266759872437,
		0.9993300437927246
	],
	"7. right_knee": [
		0.4172462522983551,
		0.716068685054779,
		0.03948323801159859,
		0.965893566608429
	],
	"8. right_ankle": [
		0.5126193761825562,
		0.8285159468650818,
		0.2783915400505066,
		0.9765692949295044
	],
	"14. left_shoulder": [
		0.6112381219863892,
		0.39470067620277405,
		-0.2747791111469269,
		0.9998775720596313
	],
	"15. left_elbow": [
		0.7883095741271973,
		0.38818368315696716,
		-0.6181018352508545,
		0.9951208233833313
	],
	"16. left_wrist": [
		0.6298986673355103,
		0.39793193340301514,
		-0.8583507537841797,
		0.9740340113639832
	],
	"19. right_shoulder": [
		0.43504852056503296,
		0.4261833727359772,
		0.04137231037020683,
		0.9992231130599976
	],
	"20. right_elbow": [
		0.3896526098251343,
		0.5136797428131104,
		-0.16784252226352692,
		0.9750528931617737
	],
	"21. right_wrist": [
		0.3713563084602356,
		0.475387305021286,
		-0.7379234433174133,
		0.9463133811950684
	],
	"24. nose": [
		0.48851916193962097,
		0.36225709319114685,
		-0.5817008018493652,
		0.9998511075973511
	],
	"25. left_eye": [
		0.5094598531723022,
		0.349181592464447,
		-0.5541530847549438,
		0.9997224807739258
	],
	"26. right_eye": [
		0.47091367840766907,
		0.3526398539543152,
		-0.5220886468887329,
		0.9997097849845886
	],
	"27. left_ear": [
		0.5353302359580994,
		0.35021740198135376,
		-0.3518845736980438,
		0.9997261762619019
	],
	"28. right_ear": [
		0.4644363522529602,
		0.35744422674179077,
		-0.19386355578899384,
		0.9996801614761353
	],
	"time stamp": 29.987751182419192
}