{
	"1. left_hip": [
		0.4493709206581116,
		0.5438486337661743,
		-0.1647905558347702,
		0.9997498393058777
	],
	"2. left_knee": [
		0.3110295236110687,
		0.6282899379730225,
		-0.3251269459724426,
		0.981648862361908
	],
	"3. left_ankle": [
		0.41627684235572815,
		0.7446717023849487,
		-0.39374130964279175,
		0.9745839238166809
	],
	"6. right_hip": [
		0.4199317693710327,
		0.5479593873023987,
		0.16469000279903412,
		0.9995869994163513
	],
	"7. right_knee": [
		0.36433202028274536,
		0.6451171040534973,
		0.10971420258283615,
		0.694311261177063
	],
	"8. right_ankle": [
		0.4162791073322296,
		0.759077787399292,
		0.03822338953614235,
		0.7533106803894043
	],
	"14. left_shoulder": [
		0.5128240585327148,
		0.37871283292770386,
		-0.06435883790254593,
		0.9998738169670105
	],
	"15. left_elbow": [
		0.5673626661300659,
		0.35601669549942017,
		-0.34275615215301514,
		0.9897138476371765
	],
	"16. left_wrist": [
		0.44937440752983093,
		0.393494576215744,
		-0.3970135748386383,
		0.9775956869125366
	],
	"19. right_shoulder": [
		0.3976403772830963,
		0.4209001362323761,
		0.3360622227191925,
		0.999433696269989
	],
	"20. right_elbow": [
		0.34356391429901123,
		0.49830082058906555,
		0.21405816078186035,
		0.9260311722755432
	],
	"21. right_wrist": [
		0.33867180347442627,
		0.4587957262992859,
		-0.19280792772769928,
		0.9727165699005127
	],
	"24. nose": [
		0.41413211822509766,
		0.35947659611701965,
		-0.04297909513115883,
		0.9998852014541626
	],
	"25. left_eye": [
		0.4297354817390442,
		0.34811875224113464,
		-0.03897751867771149,
		0.9997524619102478
	],
	"26. right_eye": [
		0.40932536125183105,
		0.3501831889152527,
		-0.004512138664722443,
		0.9997367858886719
	],
	"27. left_ear": [
		0.4523892104625702,
		0.35181257128715515,
		0.029944252222776413,
		0.9995566010475159
	],
	"28. right_ear": [
		0.4141985774040222,
		0.35379964113235474,
		0.1858416497707367,
		0.9995867013931274
	],
	"time stamp": 30.000293832456734
}