{
	"1. left_hip": [
		0.44667914509773254,
		0.5353049039840698,
		-0.16015979647636414,
		0.9997707605361938
	],
	"2. left_knee": [
		0.3087698817253113,
		0.6270678639411926,
		-0.30985066294670105,
		0.98342365026474
	],
	"3. left_ankle": [
		0.4099836051464081,
		0.744840681552887,
		-0.440649151802063,
		0.9755851030349731
	],
	"6. right_hip": [
		0.4277697205543518,
		0.543230414390564,
		0.15998150408267975,
		0.9996206164360046
	],
	"7. right_knee": [
		0.37336432933807373,
		0.6454735398292542,
		0.10852369666099548,
		0.6951391696929932
	],
	"8. right_ankle": [
		0.4153556525707245,
		0.7583505511283875,
		0.007471180986613035,
		0.75372314453125
	],
	"14. left_shoulder": [
		0.5115399360656738,
		0.37269163131713867,
		0.06010944023728371,
		0.9998852610588074
	],
	"15. left_elbow": [
		0.5597036480903625,
		0.36038702726364136,
		-0.14105920493602753,
		0.9906032085418701
	],
	"16. left_wrist": [
		0.4352409541606903,
		0.3994365632534027,
		-0.12306888401508331,
		0.9780125021934509
	],
	"19. right_shoulder": [
		0.4049256443977356,
		0.4140803813934326,
		0.4287566840648651,
		0.999482274055481
	],
	"20. right_elbow": [
		0.34472447633743286,
		0.4891308546066284,
		0.28799477219581604,
		0.910950779914856
	],
	"21. right_wrist": [
		0.3557242155075073,
		0.44849294424057007,
		-0.08188965171575546,
		0.9657568335533142
	],
	"24. nose": [
		0.415523499250412,
		0.35099178552627563,
		0.09554728120565414,
		0.9998964667320251
	],
	"25. left_eye": [
		0.4336358308792114,
		0.33998051285743713,
		0.10304106026887894,
		0.9997769594192505
	],
	"26. right_eye": [
		0.4119087755680084,
		0.3425348103046417,
		0.13373994827270508,
		0.999762773513794
	],
	"27. left_ear": [
		0.4573183059692383,
		0.34559664130210876,
		0.1711488515138626,
		0.9996005892753601
	],
	"28. right_ear": [
		0.416140079498291,
		0.34746143221855164,
		0.3086315989494324,
		0.9996277689933777
	],
	"time stamp": 30.000293832456734
}