{
	"1. left_hip": [
		0.5509474277496338,
		0.512685239315033,
		-0.16360335052013397,
		0.999761164188385
	],
	"2. left_knee": [
		0.49440205097198486,
		0.6785707473754883,
		-0.2826021611690521,
		0.9873241782188416
	],
	"3. left_ankle": [
		0.534267246723175,
		0.8408976793289185,
		-0.28526610136032104,
		0.9786494374275208
	],
	"6. right_hip": [
		0.4655803442001343,
		0.5213602781295776,
		0.16381867229938507,
		0.9993385672569275
	],
	"7. right_knee": [
		0.4467065632343292,
		0.6882426738739014,
		0.07888872921466827,
		0.8241650462150574
	],
	"8. right_ankle": [
		0.5243759155273438,
		0.8377525210380554,
		0.027148352935910225,
		0.878709077835083
	],
	"14. left_shoulder": [
		0.5631886124610901,
		0.3371478021144867,
		0.13320103287696838,
		0.9999423623085022
	],
	"15. left_elbow": [
		0.5116215348243713,
		0.42589235305786133,
		0.17797507345676422,
		0.9755203127861023
	],
	"16. left_wrist": [
		0.4228653609752655,
		0.4923238158226013,
		0.3586757779121399,
		0.8750709891319275
	],
	"19. right_shoulder": [
		0.44311046600341797,
		0.35807207226753235,
		0.580629289150238,
		0.998059868812561
	],
	"20. right_elbow": [
		0.4218252897262573,
		0.44139960408210754,
		0.7319738268852234,
		0.7181574702262878
	],
	"21. right_wrist": [
		0.4652852416038513,
		0.3458688259124756,
		0.8327555656433105,
		0.6899407505989075
	],
	"24. nose": [
		0.4816848635673523,
		0.28054356575012207,
		0.1289440244436264,
		0.9998651742935181
	],
	"25. left_eye": [
		0.509829580783844,
		0.27142566442489624,
		0.1500270962715149,
		0.9998195767402649
	],
	"26. right_eye": [
		0.47390231490135193,
		0.2697262167930603,
		0.1668701320886612,
		0.9997281432151794
	],
	"27. left_ear": [
		0.5396358966827393,
		0.280638188123703,
		0.27674680948257446,
		0.9998549222946167
	],
	"28. right_ear": [
		0.4741289019584656,
		0.27911874651908875,
		0.35252895951271057,
		0.9995668530464172
	],
	"time stamp": 29.987751182419192
}