{
	"1. left_hip": [
		0.5511059165000916,
		0.5235534906387329,
		-0.1725350171327591,
		0.9996991753578186
	],
	"2. left_knee": [
		0.4817638695240021,
		0.680283784866333,
		-0.30764293670654297,
		0.9853314757347107
	],
	"3. left_ankle": [
		0.5276373624801636,
		0.8408145308494568,
		-0.30911991000175476,
		0.9763217568397522
	],
	"6. right_hip": [
		0.4674571752548218,
		0.5310936570167542,
		0.17263871431350708,
		0.9992217421531677
	],
	"7. right_knee": [
		0.4367090165615082,
		0.6877126693725586,
		0.08097700029611588,
		0.8058716654777527
	],
	"8. right_ankle": [
		0.5157047510147095,
		0.8363677263259888,
		0.05985594540834427,
		0.8642119765281677
	],
	"14. left_shoulder": [
		0.5664013028144836,
		0.3447043299674988,
		0.04993690177798271,
		0.9999333620071411
	],
	"15. left_elbow": [
		0.5180517435073853,
		0.43608757853507996,
		0.06491342186927795,
		0.9764508605003357
	],
	"16. left_wrist": [
		0.4364757835865021,
		0.48336824774742126,
		0.34974393248558044,
		0.8626481294631958
	],
	"19. right_shoulder": [
		0.44527667760849,
		0.36651527881622314,
		0.5437606573104858,
		0.9979627728462219
	],
	"20. right_elbow": [
		0.422945111989975,
		0.4477022886276245,
		0.4102921187877655,
		0.6842624545097351
	],
	"21. right_wrist": [
		0.4599249064922333,
		0.36160847544670105,
		0.046560537070035934,
		0.6636539697647095
	],
	"24. nose": [
		0.4719284176826477,
		0.2904907763004303,
		0.03354977071285248,
		0.9998466968536377
	],
	"25. left_eye": [
		0.49884435534477234,
		0.2767413556575775,
		0.046835072338581085,
		0.9997957944869995
	],
	"26. right_eye": [
		0.4688488841056824,
		0.2786315083503723,
		0.07568769156932831,
		0.9996954798698425
	],
	"27. left_ear": [
		0.5332538485527039,
		0.28565847873687744,
		0.1759570837020874,
		0.9998405575752258
	],
	"28. right_ear": [
		0.47424444556236267,
		0.28601202368736267,
		0.3015327453613281,
		0.9994644522666931
	],
	"time stamp": 29.987751182419192
}