{
	"1. left_hip": [
		0.4238020181655884,
		0.5232711434364319,
		-0.18402253091335297,
		0.9993712306022644
	],
	"2. left_knee": [
		0.36362966895103455,
		0.6431296467781067,
		-0.306691437959671,
		0.9746155142784119
	],
	"3. left_ankle": [
		0.40203768014907837,
		0.773278534412384,
		-0.38304099440574646,
		0.9389327168464661
	],
	"6. right_hip": [
		0.4240912199020386,
		0.5336974263191223,
		0.1840626746416092,
		0.9978694319725037
	],
	"7. right_knee": [
		0.3973079025745392,
		0.6425204277038574,
		0.12829066812992096,
		0.5395047068595886
	],
	"8. right_ankle": [
		0.4217666685581207,
		0.7647837400436401,
		0.08570782840251923,
		0.5563903450965881
	],
	"14. left_shoulder": [
		0.46942734718322754,
		0.37599897384643555,
		-0.05078971013426781,
		0.999945878982544
	],
	"15. left_elbow": [
		0.42121127247810364,
		0.42807692289352417,
		-0.2134241908788681,
		0.9947259426116943
	],
	"16. left_wrist": [
		0.32306742668151855,
		0.462302029132843,
		-0.3574778139591217,
		0.9754480719566345
	],
	"19. right_shoulder": [
		0.43618348240852356,
		0.3934234082698822,
		0.5264174342155457,
		0.9978588223457336
	],
	"20. right_elbow": [
		0.3897519111633301,
		0.4530204236507416,
		0.6146447062492371,
		0.5865436792373657
	],
	"21. right_wrist": [
		0.35046231746673584,
		0.4865618050098419,
		0.5468005537986755,
		0.6506732106208801
	],
	"24. nose": [
		0.4230950176715851,
		0.3337956964969635,
		0.19434195756912231,
		0.9998696446418762
	],
	"25. left_eye": [
		0.43997323513031006,
		0.326749324798584,
		0.18679039180278778,
		0.9998233318328857
	],
	"26. right_eye": [
		0.4311273396015167,
		0.32503578066825867,
		0.22387327253818512,
		0.9997809529304504
	],
	"27. left_ear": [
		0.4541674554347992,
		0.3348579406738281,
		0.19655559957027435,
		0.9997957944869995
	],
	"28. right_ear": [
		0.43653830885887146,
		0.3308098316192627,
		0.359843909740448,
		0.9996006488800049
	],
	"time stamp": 30.000293832456734
}