{
	"1. left_hip": [
		0.5431334972381592,
		0.5355414152145386,
		-0.04449254646897316,
		0.9998322129249573
	],
	"2. left_knee": [
		0.6730643510818481,
		0.6878769993782043,
		-0.23481659591197968,
		0.984656035900116
	],
	"3. left_ankle": [
		0.7808054685592651,
		0.8169902563095093,
		0.06311346590518951,
		0.9763597249984741
	],
	"6. right_hip": [
		0.41630759835243225,
		0.5349188446998596,
		0.044617097824811935,
		0.9996816515922546
	],
	"7. right_knee": [
		0.3761303424835205,
		0.6988282799720764,
		-0.04576365649700165,
		0.9420583844184875
	],
	"8. right_ankle": [
		0.4326532781124115,
		0.8250812888145447,
		0.49191814661026,
		0.9434389472007751
	],
	"14. left_shoulder": [
		0.5657234787940979,
		0.36135566234588623,
		-0.07090556621551514,
		0.9998260140419006
	],
	"15. left_elbow": [
		0.6023309826850891,
		0.4512915015220642,
		-0.3196198046207428,
		0.7711671590805054
	],
	"16. left_wrist": [
		0.6051504611968994,
		0.4285106360912323,
		-0.8911638855934143,
		0.7572722434997559
	],
	"19. right_shoulder": [
		0.39360275864601135,
		0.3699396848678589,
		0.040188681334257126,
		0.9990682601928711
	],
	"20. right_elbow": [
		0.35285016894340515,
		0.4708099365234375,
		0.16226887702941895,
		0.734939694404602
	],
	"21. right_wrist": [
		0.280268132686615,
		0.5492179989814758,
		-0.01870918460190296,
		0.7563112378120422
	],
	"24. nose": [
		0.464609295129776,
		0.2933908700942993,
		-0.5454106330871582,
		0.9999211430549622
	],
	"25. left_eye": [
		0.47829338908195496,
		0.2838117480278015,
		-0.5027969479560852,
		0.9998869895935059
	],
	"26. right_eye": [
		0.4397892653942108,
		0.28748494386672974,
		-0.49748948216438293,
		0.9998511672019958
	],
	"27. left_ear": [
		0.49754637479782104,
		0.28928518295288086,
		-0.22652210295200348,
		0.9998984932899475
	],
	"28. right_ear": [
		0.42001086473464966,
		0.2992178201675415,
		-0.19259490072727203,
		0.9997497200965881
	],
	"time stamp": 29.987751182419192
}