{
	"1. left_hip": [
		0.46223726868629456,
		0.545257568359375,
		-0.17862622439861298,
		0.9989904165267944
	],
	"2. left_knee": [
		0.38357672095298767,
		0.6490052342414856,
		-0.27054575085639954,
		0.987708330154419
	],
	"3. left_ankle": [
		0.5013754367828369,
		0.7310277223587036,
		-0.03117400035262108,
		0.9515199661254883
	],
	"6. right_hip": [
		0.4039759039878845,
		0.5423881411552429,
		0.17859670519828796,
		0.9984829425811768
	],
	"7. right_knee": [
		0.370382696390152,
		0.6414703130722046,
		0.11439850181341171,
		0.5901297330856323
	],
	"8. right_ankle": [
		0.4219245910644531,
		0.747026801109314,
		0.26135969161987305,
		0.726740837097168
	],
	"14. left_shoulder": [
		0.5203428864479065,
		0.38811251521110535,
		-0.2309657633304596,
		0.9998408555984497
	],
	"15. left_elbow": [
		0.5978269577026367,
		0.4555184543132782,
		-0.27909937500953674,
		0.9962713122367859
	],
	"16. left_wrist": [
		0.6760914921760559,
		0.5171621441841125,
		-0.3352189064025879,
		0.9740065932273865
	],
	"19. right_shoulder": [
		0.42183372378349304,
		0.4038423001766205,
		0.24988973140716553,
		0.9991377592086792
	],
	"20. right_elbow": [
		0.39306947588920593,
		0.4808500111103058,
		0.19590356945991516,
		0.6369906067848206
	],
	"21. right_wrist": [
		0.33922848105430603,
		0.4336307942867279,
		-0.25592392683029175,
		0.8482750654220581
	],
	"24. nose": [
		0.4155721366405487,
		0.3528934121131897,
		-0.27271947264671326,
		0.9999136328697205
	],
	"25. left_eye": [
		0.4282595217227936,
		0.3402485251426697,
		-0.2827323079109192,
		0.9998686909675598
	],
	"26. right_eye": [
		0.4133923649787903,
		0.3430946171283722,
		-0.23321287333965302,
		0.9998312592506409
	],
	"27. left_ear": [
		0.4572257995605469,
		0.3398796021938324,
		-0.2113853096961975,
		0.9998624324798584
	],
	"28. right_ear": [
		0.42739102244377136,
		0.3443797826766968,
		0.0064160204492509365,
		0.999740481376648
	],
	"time stamp": 30.000293832456734
}