{
	"1. left_hip": [
		0.47418659925460815,
		0.5500603318214417,
		-0.13014335930347443,
		0.9991601705551147
	],
	"2. left_knee": [
		0.4586610198020935,
		0.6586408615112305,
		-0.2368663251399994,
		0.9877815842628479
	],
	"3. left_ankle": [
		0.5785496830940247,
		0.723569929599762,
		0.09077177941799164,
		0.9540245532989502
	],
	"6. right_hip": [
		0.40392616391181946,
		0.5471044182777405,
		0.13003209233283997,
		0.998753011226654
	],
	"7. right_knee": [
		0.3712993562221527,
		0.6529474258422852,
		0.1627124696969986,
		0.6431466937065125
	],
	"8. right_ankle": [
		0.41667452454566956,
		0.7495248317718506,
		0.38938507437705994,
		0.7698608636856079
	],
	"14. left_shoulder": [
		0.5388630032539368,
		0.3919546902179718,
		-0.18131452798843384,
		0.9998703598976135
	],
	"15. left_elbow": [
		0.6175600290298462,
		0.456198126077652,
		-0.10092925280332565,
		0.9968103170394897
	],
	"16. left_wrist": [
		0.7103127837181091,
		0.5079139471054077,
		-0.15829816460609436,
		0.9785596132278442
	],
	"19. right_shoulder": [
		0.4183146059513092,
		0.40423837304115295,
		0.10653684288263321,
		0.999282717704773
	],
	"20. right_elbow": [
		0.3756106495857239,
		0.47261130809783936,
		-0.016916757449507713,
		0.6790648698806763
	],
	"21. right_wrist": [
		0.37832891941070557,
		0.42224693298339844,
		-0.4269461929798126,
		0.8754220008850098
	],
	"24. nose": [
		0.4568188488483429,
		0.3547186851501465,
		-0.380300909280777,
		0.9999217391014099
	],
	"25. left_eye": [
		0.47279953956604004,
		0.34371283650398254,
		-0.373419851064682,
		0.9998701214790344
	],
	"26. right_eye": [
		0.44925424456596375,
		0.3440181612968445,
		-0.3500218987464905,
		0.99982750415802
	],
	"27. left_ear": [
		0.48930877447128296,
		0.34535375237464905,
		-0.23752883076667786,
		0.9998788237571716
	],
	"28. right_ear": [
		0.4453444182872772,
		0.3455600142478943,
		-0.12230319529771805,
		0.9997010827064514
	],
	"time stamp": 30.000293832456734
}