{
	"1. left_hip": [
		0.5328896045684814,
		0.5514007210731506,
		-0.20881475508213043,
		0.9998955726623535
	],
	"2. left_knee": [
		0.43206560611724854,
		0.701211154460907,
		-0.49833929538726807,
		0.9914716482162476
	],
	"3. left_ankle": [
		0.6784172058105469,
		0.7797132730484009,
		-0.18469084799289703,
		0.987413227558136
	],
	"6. right_hip": [
		0.4394359588623047,
		0.5575212836265564,
		0.20877283811569214,
		0.999800443649292
	],
	"7. right_knee": [
		0.37534821033477783,
		0.6978765726089478,
		0.1360381692647934,
		0.9482761025428772
	],
	"8. right_ankle": [
		0.4391404092311859,
		0.8253276348114014,
		0.3507101237773895,
		0.964838445186615
	],
	"14. left_shoulder": [
		0.5265271663665771,
		0.36685383319854736,
		-0.2480163723230362,
		0.9999158978462219
	],
	"15. left_elbow": [
		0.6368228793144226,
		0.4431992471218109,
		-0.24990735948085785,
		0.8892011642456055
	],
	"16. left_wrist": [
		0.6562821865081787,
		0.5236595273017883,
		-0.41410550475120544,
		0.8773629069328308
	],
	"19. right_shoulder": [
		0.38874244689941406,
		0.3995720446109772,
		0.23814596235752106,
		0.9995406270027161
	],
	"20. right_elbow": [
		0.37187501788139343,
		0.4917190670967102,
		0.4025183916091919,
		0.7860640287399292
	],
	"21. right_wrist": [
		0.2498076856136322,
		0.5014296174049377,
		0.11592292040586472,
		0.8563106656074524
	],
	"24. nose": [
		0.4223646819591522,
		0.3221675157546997,
		-0.4686724543571472,
		0.9999600648880005
	],
	"25. left_eye": [
		0.45164158940315247,
		0.3104516267776489,
		-0.44437044858932495,
		0.999941349029541
	],
	"26. right_eye": [
		0.4141079783439636,
		0.30966469645500183,
		-0.4197952151298523,
		0.9999194741249084
	],
	"27. left_ear": [
		0.4812902510166168,
		0.31790244579315186,
		-0.24799229204654694,
		0.9999479055404663
	],
	"28. right_ear": [
		0.40912219882011414,
		0.3155122399330139,
		-0.12776318192481995,
		0.9998618960380554
	],
	"time stamp": 29.987751182419192
}