{
	"1. left_hip": [
		0.5126953721046448,
		0.5501784682273865,
		-0.0261519867926836,
		0.9993054270744324
	],
	"2. left_knee": [
		0.5613443851470947,
		0.6560481786727905,
		-0.14242735505104065,
		0.9891186952590942
	],
	"3. left_ankle": [
		0.6672329902648926,
		0.7302790284156799,
		0.11541194468736649,
		0.9629507064819336
	],
	"6. right_hip": [
		0.41520509123802185,
		0.5476846694946289,
		0.026365777477622032,
		0.9990395307540894
	],
	"7. right_knee": [
		0.38309311866760254,
		0.6523513197898865,
		0.004738044459372759,
		0.7343337535858154
	],
	"8. right_ankle": [
		0.4155052602291107,
		0.7497881650924683,
		0.3563541769981384,
		0.8294452428817749
	],
	"14. left_shoulder": [
		0.5897422432899475,
		0.39556580781936646,
		-0.0629122331738472,
		0.999902606010437
	],
	"15. left_elbow": [
		0.6695837378501892,
		0.440942645072937,
		-0.3012559115886688,
		0.9967727661132812
	],
	"16. left_wrist": [
		0.7233641147613525,
		0.47840622067451477,
		-0.7883866429328918,
		0.9827590584754944
	],
	"19. right_shoulder": [
		0.4292027950286865,
		0.3805171847343445,
		-0.10358359664678574,
		0.9994519948959351
	],
	"20. right_elbow": [
		0.37028974294662476,
		0.43580806255340576,
		-0.4554464817047119,
		0.7540990710258484
	],
	"21. right_wrist": [
		0.4221768379211426,
		0.4250026345252991,
		-1.0100113153457642,
		0.9066287875175476
	],
	"24. nose": [
		0.5407137870788574,
		0.3550487756729126,
		-0.44903841614723206,
		0.9999308586120605
	],
	"25. left_eye": [
		0.5544561743736267,
		0.34601160883903503,
		-0.4162474274635315,
		0.9998554587364197
	],
	"26. right_eye": [
		0.5305496454238892,
		0.3422714173793793,
		-0.4242563545703888,
		0.9998196363449097
	],
	"27. left_ear": [
		0.5563905835151672,
		0.34789830446243286,
		-0.19168825447559357,
		0.9998730421066284
	],
	"28. right_ear": [
		0.5096136927604675,
		0.3434585928916931,
		-0.2076631635427475,
		0.9996787905693054
	],
	"time stamp": 30.000293832456734
}