{
	"1. left_hip": [
		0.5480292439460754,
		0.5496674180030823,
		-0.04515434056520462,
		0.9994819164276123
	],
	"2. left_knee": [
		0.6252710223197937,
		0.6551398634910583,
		-0.13798364996910095,
		0.9917044043540955
	],
	"3. left_ankle": [
		0.7382842898368835,
		0.7463234066963196,
		0.08411771804094315,
		0.9724568724632263
	],
	"6. right_hip": [
		0.4441746175289154,
		0.5463233590126038,
		0.045059334486722946,
		0.9992890357971191
	],
	"7. right_knee": [
		0.40233656764030457,
		0.6526673436164856,
		0.03513486683368683,
		0.8046495318412781
	],
	"8. right_ankle": [
		0.4149782657623291,
		0.7479174137115479,
		0.38491639494895935,
		0.87435382604599
	],
	"14. left_shoulder": [
		0.6253326535224915,
		0.4043707847595215,
		-0.012528758496046066,
		0.9999279975891113
	],
	"15. left_elbow": [
		0.6664096117019653,
		0.468359112739563,
		-0.3163236677646637,
		0.9952211976051331
	],
	"16. left_wrist": [
		0.7014837861061096,
		0.43041640520095825,
		-0.7687265872955322,
		0.9822706580162048
	],
	"19. right_shoulder": [
		0.456900417804718,
		0.3778325021266937,
		0.008647668175399303,
		0.9995994567871094
	],
	"20. right_elbow": [
		0.39267778396606445,
		0.43669602274894714,
		-0.17449833452701569,
		0.8175579309463501
	],
	"21. right_wrist": [
		0.42511889338493347,
		0.48504817485809326,
		-0.47450491786003113,
		0.9294788837432861
	],
	"24. nose": [
		0.5870745778083801,
		0.35320189595222473,
		-0.36992698907852173,
		0.9999486207962036
	],
	"25. left_eye": [
		0.6003759503364563,
		0.3432242274284363,
		-0.3336486518383026,
		0.999891996383667
	],
	"26. right_eye": [
		0.5750391483306885,
		0.33863958716392517,
		-0.3442652225494385,
		0.9998660087585449
	],
	"27. left_ear": [
		0.601485013961792,
		0.34660351276397705,
		-0.09333599358797073,
		0.9999052286148071
	],
	"28. right_ear": [
		0.5521979331970215,
		0.3375416100025177,
		-0.14338164031505585,
		0.9997639656066895
	],
	"time stamp": 30.000293832456734
}