{
	"1. left_hip": [
		0.5714107155799866,
		0.5550429821014404,
		-0.022319333627820015,
		0.9996122717857361
	],
	"2. left_knee": [
		0.6375062465667725,
		0.6591787934303284,
		-0.09787534177303314,
		0.9934865236282349
	],
	"3. left_ankle": [
		0.7387486696243286,
		0.749635636806488,
		0.21455879509449005,
		0.9789584875106812
	],
	"6. right_hip": [
		0.47023123502731323,
		0.5487126708030701,
		0.021935222670435905,
		0.9994701147079468
	],
	"7. right_knee": [
		0.41126835346221924,
		0.6528600454330444,
		0.01629793643951416,
		0.8565279841423035
	],
	"8. right_ankle": [
		0.40128159523010254,
		0.745353102684021,
		0.4028206765651703,
		0.906781017780304
	],
	"14. left_shoulder": [
		0.6304880976676941,
		0.4043844938278198,
		-0.02763543091714382,
		0.9999467134475708
	],
	"15. left_elbow": [
		0.6547098159790039,
		0.4820561408996582,
		-0.24986271560192108,
		0.9947623610496521
	],
	"16. left_wrist": [
		0.6930870413780212,
		0.4220089912414551,
		-0.6673154830932617,
		0.9862106442451477
	],
	"19. right_shoulder": [
		0.4694988429546356,
		0.38066303730010986,
		-0.011222168803215027,
		0.9997068643569946
	],
	"20. right_elbow": [
		0.4310196340084076,
		0.4522230923175812,
		0.005692000966519117,
		0.8611472845077515
	],
	"21. right_wrist": [
		0.4079091548919678,
		0.5180174708366394,
		-0.13929903507232666,
		0.9449713826179504
	],
	"24. nose": [
		0.5816896557807922,
		0.33544009923934937,
		-0.32246920466423035,
		0.9999624490737915
	],
	"25. left_eye": [
		0.5982139706611633,
		0.33432260155677795,
		-0.28634172677993774,
		0.9999209046363831
	],
	"26. right_eye": [
		0.570284903049469,
		0.3259623944759369,
		-0.29717692732810974,
		0.9999017119407654
	],
	"27. left_ear": [
		0.6051754951477051,
		0.34538477659225464,
		-0.0944698378443718,
		0.9999299645423889
	],
	"28. right_ear": [
		0.5469972491264343,
		0.330652117729187,
		-0.12624041736125946,
		0.9998272657394409
	],
	"time stamp": 30.000293832456734
}