{
	"1. left_hip": [
		0.5477011203765869,
		0.5837859511375427,
		-0.21150098741054535,
		0.999905526638031
	],
	"2. left_knee": [
		0.29921117424964905,
		0.6693300604820251,
		-0.30451005697250366,
		0.9893275499343872
	],
	"3. left_ankle": [
		0.3928886651992798,
		0.8119717836380005,
		-0.11588257551193237,
		0.9852380752563477
	],
	"6. right_hip": [
		0.4998425543308258,
		0.5943887233734131,
		0.21130278706550598,
		0.9998762011528015
	],
	"7. right_knee": [
		0.3443940281867981,
		0.6862180829048157,
		0.12315333634614944,
		0.8143731951713562
	],
	"8. right_ankle": [
		0.4173423647880554,
		0.8116980791091919,
		0.25177446007728577,
		0.8932220339775085
	],
	"14. left_shoulder": [
		0.49058249592781067,
		0.4093265235424042,
		-0.1997864693403244,
		0.9999549984931946
	],
	"15. left_elbow": [
		0.5950744152069092,
		0.4904137849807739,
		-0.13792094588279724,
		0.9457131624221802
	],
	"16. left_wrist": [
		0.7301816344261169,
		0.5487185716629028,
		-0.17418725788593292,
		0.937503457069397
	],
	"19. right_shoulder": [
		0.3884848356246948,
		0.43404969573020935,
		0.19231776893138885,
		0.9997383952140808
	],
	"20. right_elbow": [
		0.4063203036785126,
		0.5391238927841187,
		-0.048932213336229324,
		0.7913187742233276
	],
	"21. right_wrist": [
		0.378190279006958,
		0.465398371219635,
		-0.6484383344650269,
		0.9189478754997253
	],
	"24. nose": [
		0.4288461208343506,
		0.35085445642471313,
		-0.4340820014476776,
		0.9999804496765137
	],
	"25. left_eye": [
		0.4560904800891876,
		0.34447842836380005,
		-0.40530726313591003,
		0.9999710321426392
	],
	"26. right_eye": [
		0.42464759945869446,
		0.3404187858104706,
		-0.38567912578582764,
		0.9999605417251587
	],
	"27. left_ear": [
		0.4739689230918884,
		0.3544313311576843,
		-0.19857290387153625,
		0.9999741315841675
	],
	"28. right_ear": [
		0.4151056706905365,
		0.3456525504589081,
		-0.1235189363360405,
		0.9999322891235352
	],
	"time stamp": 29.987751182419192
}