{
	"1. left_hip": [
		0.5464781522750854,
		0.5194151401519775,
		-0.002844776026904583,
		0.9995357990264893
	],
	"2. left_knee": [
		0.5708176493644714,
		0.6306894421577454,
		-0.012138213030993938,
		0.9860528111457825
	],
	"3. left_ankle": [
		0.6497073769569397,
		0.7315722703933716,
		0.22145643830299377,
		0.9775919914245605
	],
	"6. right_hip": [
		0.44509100914001465,
		0.5187331438064575,
		0.002682369900867343,
		0.9995596408843994
	],
	"7. right_knee": [
		0.41447213292121887,
		0.6315119862556458,
		-0.02014199085533619,
		0.8895680904388428
	],
	"8. right_ankle": [
		0.39289161562919617,
		0.7363006472587585,
		0.2002141773700714,
		0.9447481632232666
	],
	"14. left_shoulder": [
		0.5953019857406616,
		0.37014633417129517,
		0.02653355896472931,
		0.9999093413352966
	],
	"15. left_elbow": [
		0.6374635696411133,
		0.4479970633983612,
		-0.1297806352376938,
		0.9760034680366516
	],
	"16. left_wrist": [
		0.5982784628868103,
		0.42289063334465027,
		-0.49875226616859436,
		0.9602087736129761
	],
	"19. right_shoulder": [
		0.42486444115638733,
		0.35919511318206787,
		0.025893064215779305,
		0.9996352195739746
	],
	"20. right_elbow": [
		0.36381465196609497,
		0.4269321858882904,
		-0.02823975682258606,
		0.9447084665298462
	],
	"21. right_wrist": [
		0.39706477522850037,
		0.4571499228477478,
		-0.27793678641319275,
		0.9810349345207214
	],
	"24. nose": [
		0.5306876301765442,
		0.3000149726867676,
		-0.27684807777404785,
		0.9999706149101257
	],
	"25. left_eye": [
		0.5480263233184814,
		0.29769447445869446,
		-0.24493564665317535,
		0.9999112486839294
	],
	"26. right_eye": [
		0.5214964151382446,
		0.2934108376502991,
		-0.24790777266025543,
		0.9999211430549622
	],
	"27. left_ear": [
		0.5582314133644104,
		0.3093799352645874,
		-0.05669691041111946,
		0.9998637437820435
	],
	"28. right_ear": [
		0.5068796277046204,
		0.30085089802742004,
		-0.07311059534549713,
		0.9997881650924683
	],
	"time stamp": 30.000293832456734
}