{
	"1. left_hip": [
		0.6529659628868103,
		0.5377480387687683,
		0.19725476205348969,
		0.9997877478599548
	],
	"2. left_knee": [
		0.7009864449501038,
		0.675727903842926,
		-0.04672391712665558,
		0.8447069525718689
	],
	"3. left_ankle": [
		0.6274009943008423,
		0.8146248459815979,
		0.18261508643627167,
		0.9334689378738403
	],
	"6. right_hip": [
		0.5498788356781006,
		0.5391017198562622,
		-0.19721394777297974,
		0.9996535181999207
	],
	"7. right_knee": [
		0.6216223835945129,
		0.6684620976448059,
		-0.4654029607772827,
		0.9771963953971863
	],
	"8. right_ankle": [
		0.43137747049331665,
		0.7626939415931702,
		-0.1543969064950943,
		0.9775928258895874
	],
	"14. left_shoulder": [
		0.649543046951294,
		0.3797718584537506,
		0.3162557780742645,
		0.9999867677688599
	],
	"15. left_elbow": [
		0.6491209864616394,
		0.4723719358444214,
		0.20043273270130157,
		0.8719705939292908
	],
	"16. left_wrist": [
		0.7417373061180115,
		0.42453959584236145,
		-0.3502498269081116,
		0.9831948280334473
	],
	"19. right_shoulder": [
		0.4902571737766266,
		0.36788004636764526,
		-0.0802936777472496,
		0.9999459981918335
	],
	"20. right_elbow": [
		0.44700220227241516,
		0.4587634205818176,
		-0.37985721230506897,
		0.9801267385482788
	],
	"21. right_wrist": [
		0.43175968527793884,
		0.41476085782051086,
		-0.9170725345611572,
		0.981442391872406
	],
	"24. nose": [
		0.6032442450523376,
		0.29991835355758667,
		-0.31668075919151306,
		0.9999952912330627
	],
	"25. left_eye": [
		0.6082396507263184,
		0.28921037912368774,
		-0.26368826627731323,
		0.9999915957450867
	],
	"26. right_eye": [
		0.5721367597579956,
		0.29311424493789673,
		-0.2990666329860687,
		0.9999885559082031
	],
	"27. left_ear": [
		0.6151328086853027,
		0.2961481511592865,
		0.04754258692264557,
		0.9999825954437256
	],
	"28. right_ear": [
		0.5459474325180054,
		0.3039933443069458,
		-0.11946353316307068,
		0.9999845623970032
	],
	"time stamp": 29.987751182419192
}