{
	"1. left_hip": [
		0.68192058801651,
		0.5292431116104126,
		0.08722124248743057,
		0.999803900718689
	],
	"2. left_knee": [
		0.6966962814331055,
		0.6348323225975037,
		0.018375234678387642,
		0.9916390180587769
	],
	"3. left_ankle": [
		0.7161508798599243,
		0.7466152906417847,
		0.21477410197257996,
		0.9894991517066956
	],
	"6. right_hip": [
		0.5908035635948181,
		0.5275837779045105,
		-0.08749844133853912,
		0.9998119473457336
	],
	"7. right_knee": [
		0.6522557735443115,
		0.6268348693847656,
		-0.08870402723550797,
		0.9740520119667053
	],
	"8. right_ankle": [
		0.5999196767807007,
		0.6941295862197876,
		0.4698205590248108,
		0.9697859883308411
	],
	"14. left_shoulder": [
		0.7021238207817078,
		0.3862389028072357,
		-0.025518914684653282,
		0.9999505877494812
	],
	"15. left_elbow": [
		0.7460580468177795,
		0.4589199423789978,
		-0.21869663894176483,
		0.9594794511795044
	],
	"16. left_wrist": [
		0.6802344918251038,
		0.42859381437301636,
		-0.714665949344635,
		0.9782393574714661
	],
	"19. right_shoulder": [
		0.5517728924751282,
		0.37436869740486145,
		-0.17549125850200653,
		0.9999132752418518
	],
	"20. right_elbow": [
		0.49214497208595276,
		0.43877774477005005,
		-0.05061190575361252,
		0.9832014441490173
	],
	"21. right_wrist": [
		0.5012946128845215,
		0.5036273002624512,
		-0.15940454602241516,
		0.988588809967041
	],
	"24. nose": [
		0.6717584729194641,
		0.3286157250404358,
		-0.5176063179969788,
		0.9999868869781494
	],
	"25. left_eye": [
		0.6850957870483398,
		0.32302170991897583,
		-0.4748045802116394,
		0.9999584555625916
	],
	"26. right_eye": [
		0.6588623523712158,
		0.3167129456996918,
		-0.49740445613861084,
		0.9999637007713318
	],
	"27. left_ear": [
		0.6855005621910095,
		0.3286591172218323,
		-0.20166170597076416,
		0.9998847246170044
	],
	"28. right_ear": [
		0.6362214684486389,
		0.31843602657318115,
		-0.31733235716819763,
		0.999934732913971
	],
	"time stamp": 30.000293832456734
}