{
	"1. left_hip": [
		0.6914324760437012,
		0.5269119739532471,
		0.07447396218776703,
		0.9991350769996643
	],
	"2. left_knee": [
		0.7112650871276855,
		0.6325802206993103,
		0.09076736867427826,
		0.9707958102226257
	],
	"3. left_ankle": [
		0.6921072602272034,
		0.737489640712738,
		0.2796177566051483,
		0.9667930603027344
	],
	"6. right_hip": [
		0.6087533831596375,
		0.5279987454414368,
		-0.07468358427286148,
		0.9995143413543701
	],
	"7. right_knee": [
		0.6894818544387817,
		0.6299191117286682,
		-0.19197013974189758,
		0.9708910584449768
	],
	"8. right_ankle": [
		0.7049036026000977,
		0.7304924130439758,
		0.016872745007276535,
		0.9633730053901672
	],
	"14. left_shoulder": [
		0.7077066898345947,
		0.38866716623306274,
		-0.13255959749221802,
		0.9999452233314514
	],
	"15. left_elbow": [
		0.7631794214248657,
		0.45762336254119873,
		-0.3266390562057495,
		0.9656317234039307
	],
	"16. left_wrist": [
		0.6936860680580139,
		0.4383319020271301,
		-0.7673802375793457,
		0.9812723994255066
	],
	"19. right_shoulder": [
		0.5622532367706299,
		0.3736143410205841,
		-0.143711119890213,
		0.9999240040779114
	],
	"20. right_elbow": [
		0.4980751574039459,
		0.43896764516830444,
		-0.03692234307527542,
		0.9845418334007263
	],
	"21. right_wrist": [
		0.4920597970485687,
		0.504009485244751,
		-0.16482995450496674,
		0.985466718673706
	],
	"24. nose": [
		0.6716115474700928,
		0.3407486081123352,
		-0.5411980152130127,
		0.9999485611915588
	],
	"25. left_eye": [
		0.6873186230659485,
		0.33344677090644836,
		-0.502812385559082,
		0.9998399615287781
	],
	"26. right_eye": [
		0.6627098917961121,
		0.3255822956562042,
		-0.5164798498153687,
		0.9998413920402527
	],
	"27. left_ear": [
		0.6877777576446533,
		0.3359028398990631,
		-0.25307002663612366,
		0.9995955228805542
	],
	"28. right_ear": [
		0.6425126194953918,
		0.3247314691543579,
		-0.32471126317977905,
		0.9998180866241455
	],
	"time stamp": 30.000293832456734
}