{
	"1. left_hip": [
		0.5705578327178955,
		0.5305671095848083,
		0.1329076588153839,
		0.9997959733009338
	],
	"2. left_knee": [
		0.6300467252731323,
		0.6851249933242798,
		0.041305072605609894,
		0.9180676341056824
	],
	"3. left_ankle": [
		0.6260288953781128,
		0.819193422794342,
		0.2698955237865448,
		0.9668763875961304
	],
	"6. right_hip": [
		0.4648716449737549,
		0.524853527545929,
		-0.13282327353954315,
		0.9997321963310242
	],
	"7. right_knee": [
		0.3768361806869507,
		0.6845206618309021,
		-0.2510989308357239,
		0.9895108342170715
	],
	"8. right_ankle": [
		0.27252325415611267,
		0.8230041265487671,
		-0.07143151015043259,
		0.989467442035675
	],
	"14. left_shoulder": [
		0.6192208528518677,
		0.3486223816871643,
		0.26913177967071533,
		0.9999535083770752
	],
	"15. left_elbow": [
		0.6187065839767456,
		0.43452590703964233,
		0.2059979885816574,
		0.69672030210495
	],
	"16. left_wrist": [
		0.6581964492797852,
		0.4752647280693054,
		-0.3488066494464874,
		0.8734565377235413
	],
	"19. right_shoulder": [
		0.4514670670032501,
		0.3438279330730438,
		-0.005164668895304203,
		0.9999629259109497
	],
	"20. right_elbow": [
		0.32918834686279297,
		0.4163324534893036,
		-0.1965726613998413,
		0.9888148903846741
	],
	"21. right_wrist": [
		0.4588755667209625,
		0.45719265937805176,
		-0.5602689385414124,
		0.9835882782936096
	],
	"24. nose": [
		0.550209641456604,
		0.280558317899704,
		-0.33330756425857544,
		0.9999958276748657
	],
	"25. left_eye": [
		0.558214545249939,
		0.2689495384693146,
		-0.28304803371429443,
		0.9999939203262329
	],
	"26. right_eye": [
		0.5263401865959167,
		0.2743966281414032,
		-0.3008418381214142,
		0.9999927282333374
	],
	"27. left_ear": [
		0.5708961486816406,
		0.27313974499702454,
		0.02729305997490883,
		0.999983549118042
	],
	"28. right_ear": [
		0.5024749040603638,
		0.2851463854312897,
		-0.05765075981616974,
		0.9999922513961792
	],
	"time stamp": 29.987751182419192
}