{
	"1. left_hip": [
		0.5732706189155579,
		0.5285671353340149,
		0.1241852343082428,
		0.9997903108596802
	],
	"2. left_knee": [
		0.6194979548454285,
		0.6832197308540344,
		0.050009697675704956,
		0.923797070980072
	],
	"3. left_ankle": [
		0.6260769367218018,
		0.8191128969192505,
		0.2784369885921478,
		0.9691817164421082
	],
	"6. right_hip": [
		0.46600815653800964,
		0.5241089463233948,
		-0.12407940626144409,
		0.999729335308075
	],
	"7. right_knee": [
		0.3837251663208008,
		0.6842537522315979,
		-0.22317729890346527,
		0.990145742893219
	],
	"8. right_ankle": [
		0.2726591229438782,
		0.8235213160514832,
		-0.04403151571750641,
		0.9901162385940552
	],
	"14. left_shoulder": [
		0.6053987145423889,
		0.3484015464782715,
		0.27544718980789185,
		0.9999567270278931
	],
	"15. left_elbow": [
		0.5896183848381042,
		0.43742096424102783,
		0.20302993059158325,
		0.6896399259567261
	],
	"16. left_wrist": [
		0.6458285450935364,
		0.4625011384487152,
		-0.3560779392719269,
		0.8778001070022583
	],
	"19. right_shoulder": [
		0.44175904989242554,
		0.34034234285354614,
		-0.025269391015172005,
		0.9999637007713318
	],
	"20. right_elbow": [
		0.32635393738746643,
		0.4155702292919159,
		-0.1824086308479309,
		0.9884361624717712
	],
	"21. right_wrist": [
		0.4549337327480316,
		0.4435649514198303,
		-0.5332410931587219,
		0.9809405207633972
	],
	"24. nose": [
		0.5397857427597046,
		0.27980664372444153,
		-0.3532288670539856,
		0.9999958872795105
	],
	"25. left_eye": [
		0.5491293668746948,
		0.26803115010261536,
		-0.30843645334243774,
		0.999994158744812
	],
	"26. right_eye": [
		0.5151814222335815,
		0.27394238114356995,
		-0.33088237047195435,
		0.9999926686286926
	],
	"27. left_ear": [
		0.5626067519187927,
		0.271807461977005,
		0.003938611596822739,
		0.9999842047691345
	],
	"28. right_ear": [
		0.4918786883354187,
		0.28331029415130615,
		-0.1022423505783081,
		0.9999925494194031
	],
	"time stamp": 29.987751182419192
}