{
	"1. left_hip": [
		0.6597399711608887,
		0.5302272439002991,
		0.1149374395608902,
		0.9990696310997009
	],
	"2. left_knee": [
		0.6966372728347778,
		0.6416897773742676,
		0.10175608843564987,
		0.953909695148468
	],
	"3. left_ankle": [
		0.7103954553604126,
		0.7425394058227539,
		0.2956412732601166,
		0.9559531211853027
	],
	"6. right_hip": [
		0.5846860408782959,
		0.529207706451416,
		-0.11505521833896637,
		0.9995607733726501
	],
	"7. right_knee": [
		0.5407763719558716,
		0.6393182873725891,
		-0.054257582873106,
		0.9782898426055908
	],
	"8. right_ankle": [
		0.44148749113082886,
		0.7209790349006653,
		0.26506444811820984,
		0.9685323238372803
	],
	"14. left_shoulder": [
		0.6656952500343323,
		0.3973914682865143,
		0.07642345875501633,
		0.9999340176582336
	],
	"15. left_elbow": [
		0.6908926367759705,
		0.4699062407016754,
		0.21074999868869781,
		0.8823283910751343
	],
	"16. left_wrist": [
		0.8161683678627014,
		0.46656858921051025,
		0.034351497888565063,
		0.9769371151924133
	],
	"19. right_shoulder": [
		0.5389826893806458,
		0.36703750491142273,
		-0.26169243454933167,
		0.9999549388885498
	],
	"20. right_elbow": [
		0.47336554527282715,
		0.41992539167404175,
		-0.5388797521591187,
		0.9893724322319031
	],
	"21. right_wrist": [
		0.45116284489631653,
		0.4287605583667755,
		-0.9703414440155029,
		0.9896203279495239
	],
	"24. nose": [
		0.6490690112113953,
		0.34596168994903564,
		-0.3939262628555298,
		0.9999291896820068
	],
	"25. left_eye": [
		0.6632969975471497,
		0.33985066413879395,
		-0.36029520630836487,
		0.999755859375
	],
	"26. right_eye": [
		0.6455347537994385,
		0.33203184604644775,
		-0.40074607729911804,
		0.9998155832290649
	],
	"27. left_ear": [
		0.6583493947982788,
		0.3416098952293396,
		-0.10403955727815628,
		0.999361515045166
	],
	"28. right_ear": [
		0.6248250007629395,
		0.3291911482810974,
		-0.30765873193740845,
		0.9998056292533875
	],
	"time stamp": 30.000293832456734
}