{
	"1. left_hip": [
		0.6193625330924988,
		0.5340654850006104,
		0.15715280175209045,
		0.999224066734314
	],
	"2. left_knee": [
		0.6944747567176819,
		0.636512815952301,
		0.0495520643889904,
		0.9575265049934387
	],
	"3. left_ankle": [
		0.7089024782180786,
		0.7422133684158325,
		0.1911044418811798,
		0.9619370102882385
	],
	"6. right_hip": [
		0.5448117256164551,
		0.5315211415290833,
		-0.15703965723514557,
		0.9996034502983093
	],
	"7. right_knee": [
		0.4938444495201111,
		0.6426885724067688,
		-0.15053461492061615,
		0.9817061424255371
	],
	"8. right_ankle": [
		0.4032208323478699,
		0.7331101298332214,
		0.0863175317645073,
		0.9736661911010742
	],
	"14. left_shoulder": [
		0.6507700085639954,
		0.3962045907974243,
		0.18535131216049194,
		0.9999246001243591
	],
	"15. left_elbow": [
		0.6348364949226379,
		0.46578073501586914,
		0.2526301145553589,
		0.779586136341095
	],
	"16. left_wrist": [
		0.7006955146789551,
		0.49490025639533997,
		-0.02156633511185646,
		0.9361738562583923
	],
	"19. right_shoulder": [
		0.5335437655448914,
		0.36546677350997925,
		-0.23692838847637177,
		0.9999582767486572
	],
	"20. right_elbow": [
		0.4448298215866089,
		0.4194020926952362,
		-0.4392679035663605,
		0.9899888634681702
	],
	"21. right_wrist": [
		0.4514577388763428,
		0.44574081897735596,
		-0.7942530512809753,
		0.988839328289032
	],
	"24. nose": [
		0.6370095610618591,
		0.34045708179473877,
		-0.3962874412536621,
		0.9999390244483948
	],
	"25. left_eye": [
		0.6498478055000305,
		0.3338683545589447,
		-0.34884408116340637,
		0.9997955560684204
	],
	"26. right_eye": [
		0.6309137344360352,
		0.3274482190608978,
		-0.38758161664009094,
		0.9998436570167542
	],
	"27. left_ear": [
		0.6464437246322632,
		0.33567681908607483,
		-0.07139988988637924,
		0.999459981918335
	],
	"28. right_ear": [
		0.6111732125282288,
		0.3246704936027527,
		-0.25258514285087585,
		0.9998365640640259
	],
	"time stamp": 30.000293832456734
}