{
	"1. left_hip": [
		0.5094265341758728,
		0.5340657830238342,
		0.163925901055336,
		0.99982088804245
	],
	"2. left_knee": [
		0.6590703129768372,
		0.6733102798461914,
		-0.07161049544811249,
		0.950029730796814
	],
	"3. left_ankle": [
		0.6255843639373779,
		0.8164399266242981,
		0.2021297812461853,
		0.9762864112854004
	],
	"6. right_hip": [
		0.39735954999923706,
		0.529512345790863,
		-0.16418728232383728,
		0.999688982963562
	],
	"7. right_knee": [
		0.386208176612854,
		0.6951550245285034,
		-0.27596691250801086,
		0.991847038269043
	],
	"8. right_ankle": [
		0.2756861746311188,
		0.8264240026473999,
		-0.04804942011833191,
		0.9912484288215637
	],
	"14. left_shoulder": [
		0.542702853679657,
		0.36407768726348877,
		0.2864935100078583,
		0.9999696016311646
	],
	"15. left_elbow": [
		0.601379930973053,
		0.46013370156288147,
		0.056018978357315063,
		0.7553528547286987
	],
	"16. left_wrist": [
		0.5387619733810425,
		0.3844479024410248,
		-0.4770035445690155,
		0.9240348935127258
	],
	"19. right_shoulder": [
		0.36043086647987366,
		0.35495615005493164,
		-0.05965886637568474,
		0.9999613761901855
	],
	"20. right_elbow": [
		0.2949458360671997,
		0.4441613554954529,
		-0.3585190773010254,
		0.9887126684188843
	],
	"21. right_wrist": [
		0.3780062794685364,
		0.3868836760520935,
		-0.7880891561508179,
		0.9842851758003235
	],
	"24. nose": [
		0.46575620770454407,
		0.28798890113830566,
		-0.4014875590801239,
		0.9999963641166687
	],
	"25. left_eye": [
		0.4864543676376343,
		0.2808992266654968,
		-0.3454717993736267,
		0.9999955892562866
	],
	"26. right_eye": [
		0.44271090626716614,
		0.27854856848716736,
		-0.37337204813957214,
		0.9999936819076538
	],
	"27. left_ear": [
		0.49949127435684204,
		0.28711050748825073,
		0.014919202774763107,
		0.9999889731407166
	],
	"28. right_ear": [
		0.4213992655277252,
		0.2853747606277466,
		-0.09710753709077835,
		0.999994158744812
	],
	"time stamp": 29.987751182419192
}