{
	"1. left_hip": [
		0.49609678983688354,
		0.5453302264213562,
		0.16373981535434723,
		0.999829113483429
	],
	"2. left_knee": [
		0.6682934761047363,
		0.6700901985168457,
		-0.15221987664699554,
		0.9515731334686279
	],
	"3. left_ankle": [
		0.6289846897125244,
		0.8112994432449341,
		0.12579242885112762,
		0.9757130146026611
	],
	"6. right_hip": [
		0.3828640878200531,
		0.5338878035545349,
		-0.16398334503173828,
		0.999678373336792
	],
	"7. right_knee": [
		0.36674627661705017,
		0.696264922618866,
		-0.27945831418037415,
		0.991093099117279
	],
	"8. right_ankle": [
		0.2714870572090149,
		0.8275150656700134,
		-0.05844128876924515,
		0.9899610877037048
	],
	"14. left_shoulder": [
		0.5361112952232361,
		0.37079548835754395,
		0.2958797514438629,
		0.9999681115150452
	],
	"15. left_elbow": [
		0.6207464933395386,
		0.4458676278591156,
		0.03371177986264229,
		0.7780967354774475
	],
	"16. left_wrist": [
		0.516995370388031,
		0.3810655474662781,
		-0.45654296875,
		0.930412769317627
	],
	"19. right_shoulder": [
		0.35541826486587524,
		0.3620791435241699,
		0.0035112251061946154,
		0.9999538064002991
	],
	"20. right_elbow": [
		0.2810647487640381,
		0.4448492228984833,
		-0.3302134871482849,
		0.98885178565979
	],
	"21. right_wrist": [
		0.3688368499279022,
		0.3880845308303833,
		-0.649967610836029,
		0.9845834374427795
	],
	"24. nose": [
		0.45878949761390686,
		0.29498279094696045,
		-0.2717970311641693,
		0.9999953508377075
	],
	"25. left_eye": [
		0.47869351506233215,
		0.286535382270813,
		-0.21519607305526733,
		0.9999948740005493
	],
	"26. right_eye": [
		0.4357864558696747,
		0.28405869007110596,
		-0.23548635840415955,
		0.9999923706054688
	],
	"27. left_ear": [
		0.4911230206489563,
		0.29466748237609863,
		0.09346264600753784,
		0.9999884963035583
	],
	"28. right_ear": [
		0.41441330313682556,
		0.28953975439071655,
		0.0020368967670947313,
		0.9999929666519165
	],
	"time stamp": 29.987751182419192
}