{
	"1. left_hip": [
		0.48394933342933655,
		0.5511413812637329,
		0.15368600189685822,
		0.9998349547386169
	],
	"2. left_knee": [
		0.6728715300559998,
		0.6681455969810486,
		-0.15541237592697144,
		0.9529003500938416
	],
	"3. left_ankle": [
		0.6310693025588989,
		0.8088902831077576,
		0.12597551941871643,
		0.9747754335403442
	],
	"6. right_hip": [
		0.3666855990886688,
		0.5393661260604858,
		-0.15398508310317993,
		0.9996602535247803
	],
	"7. right_knee": [
		0.351314902305603,
		0.697235643863678,
		-0.26251426339149475,
		0.9900811314582825
	],
	"8. right_ankle": [
		0.27012312412261963,
		0.8273526430130005,
		-0.03346211090683937,
		0.9883115291595459
	],
	"14. left_shoulder": [
		0.5339257717132568,
		0.3750074505805969,
		0.27293163537979126,
		0.9999610781669617
	],
	"15. left_elbow": [
		0.6262171864509583,
		0.4381640553474426,
		-0.04885636270046234,
		0.798980712890625
	],
	"16. left_wrist": [
		0.5032925009727478,
		0.38031327724456787,
		-0.5096128582954407,
		0.936088502407074
	],
	"19. right_shoulder": [
		0.3458362817764282,
		0.3689722418785095,
		0.003656255779787898,
		0.9999276995658875
	],
	"20. right_elbow": [
		0.27064841985702515,
		0.4444284737110138,
		-0.32831448316574097,
		0.9888968467712402
	],
	"21. right_wrist": [
		0.36895403265953064,
		0.3832228481769562,
		-0.6463524699211121,
		0.9843878149986267
	],
	"24. nose": [
		0.44929206371307373,
		0.30037614703178406,
		-0.28140392899513245,
		0.9999914765357971
	],
	"25. left_eye": [
		0.4701539874076843,
		0.2919221520423889,
		-0.2233487069606781,
		0.9999918937683105
	],
	"26. right_eye": [
		0.42668214440345764,
		0.2897004783153534,
		-0.24178069829940796,
		0.999987006187439
	],
	"27. left_ear": [
		0.48376473784446716,
		0.3009893298149109,
		0.08724064379930496,
		0.9999849796295166
	],
	"28. right_ear": [
		0.40671297907829285,
		0.2952902317047119,
		0.0026034119073301554,
		0.9999881386756897
	],
	"time stamp": 29.987751182419192
}