{
	"1. left_hip": [
		0.570870578289032,
		0.5408686399459839,
		0.046095192432403564,
		0.9996418356895447
	],
	"2. left_knee": [
		0.6334930062294006,
		0.6426460146903992,
		0.06446830928325653,
		0.9846245646476746
	],
	"3. left_ankle": [
		0.6771684288978577,
		0.7455342411994934,
		0.27458205819129944,
		0.9860238432884216
	],
	"6. right_hip": [
		0.4728371202945709,
		0.538284420967102,
		-0.04645026847720146,
		0.9997352361679077
	],
	"7. right_knee": [
		0.4580546021461487,
		0.6416975855827332,
		0.021299934014678,
		0.9930803179740906
	],
	"8. right_ankle": [
		0.4089694917201996,
		0.7418825626373291,
		0.32275575399398804,
		0.9894360899925232
	],
	"14. left_shoulder": [
		0.6280521154403687,
		0.38857507705688477,
		-0.07763534784317017,
		0.9998371005058289
	],
	"15. left_elbow": [
		0.7296844124794006,
		0.40799468755722046,
		-0.44084370136260986,
		0.8670070171356201
	],
	"16. left_wrist": [
		0.6299315094947815,
		0.3665495216846466,
		-0.7981632947921753,
		0.9381217956542969
	],
	"19. right_shoulder": [
		0.468170166015625,
		0.3804984986782074,
		-0.16306841373443604,
		0.9999368786811829
	],
	"20. right_elbow": [
		0.36651331186294556,
		0.4045960605144501,
		-0.5375848412513733,
		0.9946845769882202
	],
	"21. right_wrist": [
		0.46686244010925293,
		0.36469894647598267,
		-0.8309334516525269,
		0.9928919672966003
	],
	"24. nose": [
		0.5614829659461975,
		0.32839319109916687,
		-0.4593698978424072,
		0.9999732971191406
	],
	"25. left_eye": [
		0.5779054760932922,
		0.32088685035705566,
		-0.4159528613090515,
		0.9999247193336487
	],
	"26. right_eye": [
		0.5453077554702759,
		0.3173955976963043,
		-0.4253355860710144,
		0.999943733215332
	],
	"27. left_ear": [
		0.592200517654419,
		0.32995539903640747,
		-0.1696607917547226,
		0.999788224697113
	],
	"28. right_ear": [
		0.5244516134262085,
		0.32463783025741577,
		-0.2164345681667328,
		0.9999449253082275
	],
	"time stamp": 30.000293832456734
}