{
	"1. left_hip": [
		0.5621441602706909,
		0.543969452381134,
		0.04228855296969414,
		0.9996482133865356
	],
	"2. left_knee": [
		0.6183487772941589,
		0.6430339813232422,
		0.06749086827039719,
		0.984658420085907
	],
	"3. left_ankle": [
		0.6736714839935303,
		0.7452313899993896,
		0.29285743832588196,
		0.9859287738800049
	],
	"6. right_hip": [
		0.46092334389686584,
		0.5402674674987793,
		-0.04266691207885742,
		0.9997299313545227
	],
	"7. right_knee": [
		0.4483306407928467,
		0.6424103379249573,
		0.003943900112062693,
		0.9933899641036987
	],
	"8. right_ankle": [
		0.4118102788925171,
		0.7430901527404785,
		0.24294441938400269,
		0.9894988536834717
	],
	"14. left_shoulder": [
		0.6279406547546387,
		0.38914015889167786,
		-0.12006335705518723,
		0.999817430973053
	],
	"15. left_elbow": [
		0.7257930636405945,
		0.4019574820995331,
		-0.5362135171890259,
		0.8801005482673645
	],
	"16. left_wrist": [
		0.6136189699172974,
		0.36670219898223877,
		-0.8946304321289062,
		0.9432805776596069
	],
	"19. right_shoulder": [
		0.4643990397453308,
		0.38604724407196045,
		-0.19342410564422607,
		0.9999211430549622
	],
	"20. right_elbow": [
		0.36592337489128113,
		0.40102115273475647,
		-0.6188724040985107,
		0.9950389266014099
	],
	"21. right_wrist": [
		0.4775138795375824,
		0.3645141124725342,
		-0.9409775733947754,
		0.9927383661270142
	],
	"24. nose": [
		0.5515080690383911,
		0.3368639051914215,
		-0.4621887505054474,
		0.9999707937240601
	],
	"25. left_eye": [
		0.5679948925971985,
		0.3254072070121765,
		-0.4199584424495697,
		0.999922513961792
	],
	"26. right_eye": [
		0.5345780253410339,
		0.3251386284828186,
		-0.4259986877441406,
		0.999940812587738
	],
	"27. left_ear": [
		0.5836783051490784,
		0.3330707550048828,
		-0.18823276460170746,
		0.9997952580451965
	],
	"28. right_ear": [
		0.5175479054450989,
		0.3322359621524811,
		-0.21386508643627167,
		0.999944269657135
	],
	"time stamp": 30.000293832456734
}