{
	"1. left_hip": [
		0.46365705132484436,
		0.5518730878829956,
		0.15474440157413483,
		0.9998634457588196
	],
	"2. left_knee": [
		0.6671965718269348,
		0.6624756455421448,
		-0.1713487058877945,
		0.9553489089012146
	],
	"3. left_ankle": [
		0.6390923857688904,
		0.8062816262245178,
		-0.06434107571840286,
		0.958969235420227
	],
	"6. right_hip": [
		0.35858970880508423,
		0.5454934239387512,
		-0.15495643019676208,
		0.9995126128196716
	],
	"7. right_knee": [
		0.3577054738998413,
		0.7010029554367065,
		-0.28159233927726746,
		0.9819366931915283
	],
	"8. right_ankle": [
		0.27080991864204407,
		0.826810896396637,
		-0.23181156814098358,
		0.9711480736732483
	],
	"14. left_shoulder": [
		0.49337881803512573,
		0.36728760600090027,
		0.3910212516784668,
		0.9999072551727295
	],
	"15. left_elbow": [
		0.5676665902137756,
		0.4069594442844391,
		-0.03414129093289375,
		0.9035426378250122
	],
	"16. left_wrist": [
		0.5057136416435242,
		0.32300761342048645,
		-0.47275489568710327,
		0.9599777460098267
	],
	"19. right_shoulder": [
		0.35505861043930054,
		0.3726901113986969,
		-0.0844627171754837,
		0.9996107816696167
	],
	"20. right_elbow": [
		0.37096303701400757,
		0.4146372079849243,
		-0.5243889093399048,
		0.9743238091468811
	],
	"21. right_wrist": [
		0.37703704833984375,
		0.33064377307891846,
		-0.7448646426200867,
		0.9793107509613037
	],
	"24. nose": [
		0.4318283796310425,
		0.2978527843952179,
		0.00789113249629736,
		0.9999690055847168
	],
	"25. left_eye": [
		0.4177936613559723,
		0.289562463760376,
		0.057751525193452835,
		0.9999797940254211
	],
	"26. right_eye": [
		0.4013606905937195,
		0.29076191782951355,
		0.009232407435774803,
		0.9999568462371826
	],
	"27. left_ear": [
		0.4160177409648895,
		0.2973906695842743,
		0.2854677140712738,
		0.9999793767929077
	],
	"28. right_ear": [
		0.3829057812690735,
		0.3047211170196533,
		0.08742216974496841,
		0.9999583959579468
	],
	"time stamp": 29.987751182419192
}