{
	"1. left_hip": [
		0.5349107384681702,
		0.5427635312080383,
		0.02414553053677082,
		0.9996688961982727
	],
	"2. left_knee": [
		0.5785035490989685,
		0.6392487287521362,
		0.02130279876291752,
		0.9857181310653687
	],
	"3. left_ankle": [
		0.6182024478912354,
		0.7320643663406372,
		0.30799946188926697,
		0.9865093231201172
	],
	"6. right_hip": [
		0.43878087401390076,
		0.5418164730072021,
		-0.024465013295412064,
		0.9997289180755615
	],
	"7. right_knee": [
		0.4340219497680664,
		0.6431637406349182,
		-0.04504246264696121,
		0.9943214654922485
	],
	"8. right_ankle": [
		0.4141117036342621,
		0.7444923520088196,
		0.20883412659168243,
		0.9904835820198059
	],
	"14. left_shoulder": [
		0.5967836380004883,
		0.39748942852020264,
		-0.11111792176961899,
		0.9997767806053162
	],
	"15. left_elbow": [
		0.7044872641563416,
		0.4052956998348236,
		-0.48286426067352295,
		0.9207054376602173
	],
	"16. left_wrist": [
		0.5845056176185608,
		0.36965301632881165,
		-0.8150999546051025,
		0.9599797129631042
	],
	"19. right_shoulder": [
		0.43335169553756714,
		0.3880491554737091,
		-0.1678842008113861,
		0.9998856782913208
	],
	"20. right_elbow": [
		0.33922550082206726,
		0.3953806459903717,
		-0.5655637979507446,
		0.9962384104728699
	],
	"21. right_wrist": [
		0.4687247574329376,
		0.3646997809410095,
		-0.8948547840118408,
		0.9927429556846619
	],
	"24. nose": [
		0.5272334814071655,
		0.345431923866272,
		-0.42571592330932617,
		0.9999637007713318
	],
	"25. left_eye": [
		0.5442911386489868,
		0.3343120217323303,
		-0.3854130208492279,
		0.9999085664749146
	],
	"26. right_eye": [
		0.5134900212287903,
		0.3322615921497345,
		-0.3873123228549957,
		0.9999281764030457
	],
	"27. left_ear": [
		0.5566094517707825,
		0.3391357362270355,
		-0.1706983745098114,
		0.9998089075088501
	],
	"28. right_ear": [
		0.49612975120544434,
		0.33760565519332886,
		-0.18340180814266205,
		0.9999375343322754
	],
	"time stamp": 30.000293832456734
}