{
	"1. left_hip": [
		0.5235912799835205,
		0.5292958617210388,
		-0.007954227738082409,
		0.9989310503005981
	],
	"2. left_knee": [
		0.5230913162231445,
		0.6375463604927063,
		0.026720039546489716,
		0.9799793362617493
	],
	"3. left_ankle": [
		0.5372065305709839,
		0.7122431397438049,
		0.3118579387664795,
		0.9384190440177917
	],
	"6. right_hip": [
		0.4330862760543823,
		0.5288999080657959,
		0.007872648537158966,
		0.9994755387306213
	],
	"7. right_knee": [
		0.42568573355674744,
		0.6377277374267578,
		-0.0659264624118805,
		0.9891819357872009
	],
	"8. right_ankle": [
		0.41720321774482727,
		0.748281717300415,
		0.04258362576365471,
		0.9794695973396301
	],
	"14. left_shoulder": [
		0.5710654854774475,
		0.3831157982349396,
		0.0005098918918520212,
		0.9983336925506592
	],
	"15. left_elbow": [
		0.593494713306427,
		0.4085971713066101,
		-0.3235800862312317,
		0.9555136561393738
	],
	"16. left_wrist": [
		0.5389195680618286,
		0.3507934808731079,
		-0.5882790088653564,
		0.9630618095397949
	],
	"19. right_shoulder": [
		0.4280172288417816,
		0.3820301592350006,
		0.019340764731168747,
		0.9989854097366333
	],
	"20. right_elbow": [
		0.4035100042819977,
		0.41020727157592773,
		-0.315113365650177,
		0.9767611622810364
	],
	"21. right_wrist": [
		0.4499979317188263,
		0.34847256541252136,
		-0.662872850894928,
		0.9722410440444946
	],
	"24. nose": [
		0.4948362112045288,
		0.3241194188594818,
		-0.18813180923461914,
		0.9997625946998596
	],
	"25. left_eye": [
		0.5118062496185303,
		0.31819474697113037,
		-0.16057302057743073,
		0.9994417428970337
	],
	"26. right_eye": [
		0.47927409410476685,
		0.3182913362979889,
		-0.15584556758403778,
		0.9994739294052124
	],
	"27. left_ear": [
		0.5264014601707458,
		0.3285505771636963,
		-0.007154820952564478,
		0.9991922974586487
	],
	"28. right_ear": [
		0.4657999873161316,
		0.3285745680332184,
		0.014547464437782764,
		0.9989933967590332
	],
	"time stamp": 30.000293832456734
}