{
	"1. left_hip": [
		0.5000761151313782,
		0.5544068813323975,
		0.21272678673267365,
		0.9998813271522522
	],
	"2. left_knee": [
		0.65386563539505,
		0.6764264106750488,
		-0.03596699237823486,
		0.950156569480896
	],
	"3. left_ankle": [
		0.5362624526023865,
		0.8098692297935486,
		0.21016007661819458,
		0.9584499597549438
	],
	"6. right_hip": [
		0.4333280622959137,
		0.5473406910896301,
		-0.21289986371994019,
		0.9994868636131287
	],
	"7. right_knee": [
		0.4002859592437744,
		0.7070862054824829,
		-0.36052289605140686,
		0.9875409603118896
	],
	"8. right_ankle": [
		0.2713283598423004,
		0.8261467218399048,
		-0.19810761511325836,
		0.9815191626548767
	],
	"14. left_shoulder": [
		0.49373671412467957,
		0.3787086606025696,
		0.2520032227039337,
		0.9999590516090393
	],
	"15. left_elbow": [
		0.5558813214302063,
		0.4681745767593384,
		0.43513864278793335,
		0.8266016840934753
	],
	"16. left_wrist": [
		0.6443247199058533,
		0.5392395257949829,
		0.27836087346076965,
		0.950355589389801
	],
	"19. right_shoulder": [
		0.3898427486419678,
		0.3661535084247589,
		-0.35800233483314514,
		0.9997416734695435
	],
	"20. right_elbow": [
		0.36904752254486084,
		0.4611196219921112,
		-0.5393537282943726,
		0.9546428918838501
	],
	"21. right_wrist": [
		0.4156564772129059,
		0.5447577834129333,
		-0.8043609857559204,
		0.9666853547096252
	],
	"24. nose": [
		0.46045324206352234,
		0.30963975191116333,
		-0.4525938630104065,
		0.9999904632568359
	],
	"25. left_eye": [
		0.46883055567741394,
		0.29857510328292847,
		-0.40200623869895935,
		0.9999935030937195
	],
	"26. right_eye": [
		0.43528836965560913,
		0.29590415954589844,
		-0.4433231055736542,
		0.999986469745636
	],
	"27. left_ear": [
		0.4729295074939728,
		0.30575281381607056,
		-0.10141922533512115,
		0.9999929070472717
	],
	"28. right_ear": [
		0.4001219868659973,
		0.3028864562511444,
		-0.2900858223438263,
		0.9999863505363464
	],
	"time stamp": 29.987751182419192
}