{
	"1. left_hip": [
		0.5169681310653687,
		0.5540018081665039,
		0.22356127202510834,
		0.9998726844787598
	],
	"2. left_knee": [
		0.6413827538490295,
		0.6865634918212891,
		-0.002085081534460187,
		0.9443218111991882
	],
	"3. left_ankle": [
		0.5183589458465576,
		0.8187323808670044,
		0.180219829082489,
		0.953131377696991
	],
	"6. right_hip": [
		0.4469309449195862,
		0.5478054881095886,
		-0.223746657371521,
		0.9995033144950867
	],
	"7. right_knee": [
		0.4387916326522827,
		0.7080202698707581,
		-0.3931613266468048,
		0.988176167011261
	],
	"8. right_ankle": [
		0.2720358669757843,
		0.8236372470855713,
		-0.2980686128139496,
		0.9827066659927368
	],
	"14. left_shoulder": [
		0.48650580644607544,
		0.3790357708930969,
		0.27502337098121643,
		0.9999586343765259
	],
	"15. left_elbow": [
		0.5438470244407654,
		0.4724298119544983,
		0.4580666422843933,
		0.7912713885307312
	],
	"16. left_wrist": [
		0.6315584778785706,
		0.5486749410629272,
		0.3158734440803528,
		0.9353991746902466
	],
	"19. right_shoulder": [
		0.39816802740097046,
		0.36416393518447876,
		-0.38164034485816956,
		0.999765932559967
	],
	"20. right_elbow": [
		0.3717696964740753,
		0.4634643495082855,
		-0.5334351062774658,
		0.9582282304763794
	],
	"21. right_wrist": [
		0.45785799622535706,
		0.5449126958847046,
		-0.7249740958213806,
		0.9679086208343506
	],
	"24. nose": [
		0.47790098190307617,
		0.3097558617591858,
		-0.4160073697566986,
		0.9999913573265076
	],
	"25. left_eye": [
		0.48394107818603516,
		0.2991955578327179,
		-0.36637529730796814,
		0.9999939203262329
	],
	"26. right_eye": [
		0.4513506591320038,
		0.29588642716407776,
		-0.4142463505268097,
		0.9999876618385315
	],
	"27. left_ear": [
		0.4789861738681793,
		0.3057189881801605,
		-0.07606350630521774,
		0.9999930262565613
	],
	"28. right_ear": [
		0.40999260544776917,
		0.30156776309013367,
		-0.2969307601451874,
		0.9999875426292419
	],
	"time stamp": 29.987751182419192
}