{
	"1. left_hip": [
		0.5913691520690918,
		0.5474144220352173,
		-0.0055266618728637695,
		0.9986787438392639
	],
	"2. left_knee": [
		0.5686208605766296,
		0.6514521837234497,
		-0.01467150542885065,
		0.9772324562072754
	],
	"3. left_ankle": [
		0.5549715161323547,
		0.7397909164428711,
		0.3105846345424652,
		0.9600396156311035
	],
	"6. right_hip": [
		0.49949508905410767,
		0.5416945815086365,
		0.0054734549485147,
		0.9992296099662781
	],
	"7. right_knee": [
		0.4909369647502899,
		0.636997640132904,
		-0.0012359052198007703,
		0.9882341027259827
	],
	"8. right_ankle": [
		0.46088865399360657,
		0.7327199578285217,
		0.30841299891471863,
		0.9765051007270813
	],
	"14. left_shoulder": [
		0.635494589805603,
		0.4070742428302765,
		-0.25833186507225037,
		0.9978401064872742
	],
	"15. left_elbow": [
		0.6416898965835571,
		0.48319756984710693,
		-0.16099412739276886,
		0.9274981617927551
	],
	"16. left_wrist": [
		0.6557360291481018,
		0.5554505586624146,
		-0.2669609785079956,
		0.9129630327224731
	],
	"19. right_shoulder": [
		0.46088385581970215,
		0.4052271842956543,
		-0.2447785884141922,
		0.9985293745994568
	],
	"20. right_elbow": [
		0.4590510427951813,
		0.47956547141075134,
		-0.16031008958816528,
		0.9156535267829895
	],
	"21. right_wrist": [
		0.4461086094379425,
		0.5448976755142212,
		-0.26473468542099,
		0.8367323875427246
	],
	"24. nose": [
		0.5361666083335876,
		0.33833372592926025,
		-0.5628916621208191,
		0.9995997548103333
	],
	"25. left_eye": [
		0.5521408915519714,
		0.33349674940109253,
		-0.5392128229141235,
		0.9993016123771667
	],
	"26. right_eye": [
		0.5220323204994202,
		0.3331288695335388,
		-0.536724328994751,
		0.9991759061813354
	],
	"27. left_ear": [
		0.5694558024406433,
		0.34168902039527893,
		-0.3747587203979492,
		0.9987402558326721
	],
	"28. right_ear": [
		0.5105773210525513,
		0.34211307764053345,
		-0.3648618459701538,
		0.9980215430259705
	],
	"time stamp": 30.000293832456734
}