{
	"1. left_hip": [
		0.43867674469947815,
		0.5211932063102722,
		0.2630762457847595,
		0.9993584156036377
	],
	"2. left_knee": [
		0.4803236126899719,
		0.6731910109519958,
		0.22435377538204193,
		0.5926832556724548
	],
	"3. left_ankle": [
		0.47471922636032104,
		0.8203496932983398,
		0.28695258498191833,
		0.8193642497062683
	],
	"6. right_hip": [
		0.44660434126853943,
		0.5233466029167175,
		-0.26350313425064087,
		0.9989106059074402
	],
	"7. right_knee": [
		0.4782281219959259,
		0.677379846572876,
		-0.1994679868221283,
		0.9740151166915894
	],
	"8. right_ankle": [
		0.4614576995372772,
		0.8326603174209595,
		-0.11648537218570709,
		0.9670626521110535
	],
	"14. left_shoulder": [
		0.5321571230888367,
		0.34517285227775574,
		0.2745111584663391,
		0.9993376731872559
	],
	"15. left_elbow": [
		0.4730947017669678,
		0.4271254241466522,
		0.4176338016986847,
		0.2505594789981842
	],
	"16. left_wrist": [
		0.3928196430206299,
		0.49671974778175354,
		0.3924840986728668,
		0.27681782841682434
	],
	"19. right_shoulder": [
		0.5919745564460754,
		0.34930548071861267,
		-0.4607146382331848,
		0.9996408820152283
	],
	"20. right_elbow": [
		0.7363908290863037,
		0.4108557105064392,
		-0.44544467329978943,
		0.9830346703529358
	],
	"21. right_wrist": [
		0.8116804361343384,
		0.3439196050167084,
		-0.07083145529031754,
		0.9371575713157654
	],
	"24. nose": [
		0.6548982262611389,
		0.2776496112346649,
		-0.18369317054748535,
		0.9997528791427612
	],
	"25. left_eye": [
		0.6384352445602417,
		0.26655423641204834,
		-0.15591570734977722,
		0.9997543096542358
	],
	"26. right_eye": [
		0.6334331035614014,
		0.2663488984107971,
		-0.22715720534324646,
		0.9997328519821167
	],
	"27. left_ear": [
		0.6074607372283936,
		0.27175262570381165,
		0.010024219751358032,
		0.9994581937789917
	],
	"28. right_ear": [
		0.6020804047584534,
		0.2742266058921814,
		-0.2978591024875641,
		0.9996906518936157
	],
	"time stamp": 29.987751182419192
}