{
	"1. left_hip": [
		0.59015291929245,
		0.5259076356887817,
		-0.05727655440568924,
		0.9994848370552063
	],
	"2. left_knee": [
		0.5788325071334839,
		0.626713216304779,
		-0.13381202518939972,
		0.9881551861763
	],
	"3. left_ankle": [
		0.5924987196922302,
		0.7255529761314392,
		0.12860123813152313,
		0.9815012216567993
	],
	"6. right_hip": [
		0.5034055709838867,
		0.5239760279655457,
		0.05708175152540207,
		0.9995155334472656
	],
	"7. right_knee": [
		0.5164514183998108,
		0.621306300163269,
		0.24238014221191406,
		0.979511559009552
	],
	"8. right_ankle": [
		0.5443928241729736,
		0.7091718316078186,
		0.4664662182331085,
		0.9237836599349976
	],
	"14. left_shoulder": [
		0.6431249976158142,
		0.3940524160861969,
		-0.17495818436145782,
		0.9992538094520569
	],
	"15. left_elbow": [
		0.6404573917388916,
		0.4677185118198395,
		-0.12442594766616821,
		0.9506918787956238
	],
	"16. left_wrist": [
		0.627120852470398,
		0.5277637243270874,
		-0.10352658480405807,
		0.8910139203071594
	],
	"19. right_shoulder": [
		0.48846736550331116,
		0.38359540700912476,
		-0.08770322054624557,
		0.9985378384590149
	],
	"20. right_elbow": [
		0.4848257303237915,
		0.41403648257255554,
		-0.3972548544406891,
		0.8607054948806763
	],
	"21. right_wrist": [
		0.5463210940361023,
		0.3517577052116394,
		-0.7869002223014832,
		0.8227762579917908
	],
	"24. nose": [
		0.5457419157028198,
		0.32947689294815063,
		-0.4378964602947235,
		0.9997731447219849
	],
	"25. left_eye": [
		0.5662184357643127,
		0.32192033529281616,
		-0.4124350845813751,
		0.999557375907898
	],
	"26. right_eye": [
		0.5388659834861755,
		0.3207719326019287,
		-0.4056912362575531,
		0.9993932843208313
	],
	"27. left_ear": [
		0.5843568444252014,
		0.33147674798965454,
		-0.23494023084640503,
		0.9992996454238892
	],
	"28. right_ear": [
		0.5334360599517822,
		0.3292900323867798,
		-0.1992243379354477,
		0.9985290765762329
	],
	"time stamp": 30.000293832456734
}