{
	"1. left_hip": [
		0.58681720495224,
		0.5360196232795715,
		-0.0557970255613327,
		0.9995020627975464
	],
	"2. left_knee": [
		0.583666205406189,
		0.6318362951278687,
		-0.04857651889324188,
		0.9855359196662903
	],
	"3. left_ankle": [
		0.5895468592643738,
		0.7323869466781616,
		0.13093571364879608,
		0.9802476167678833
	],
	"6. right_hip": [
		0.5014914274215698,
		0.5357751846313477,
		0.05571826174855232,
		0.9995146989822388
	],
	"7. right_knee": [
		0.5272517204284668,
		0.637759268283844,
		0.08348406106233597,
		0.9728525280952454
	],
	"8. right_ankle": [
		0.5532974600791931,
		0.7280972599983215,
		0.2969724237918854,
		0.93411785364151
	],
	"14. left_shoulder": [
		0.6414970755577087,
		0.4061741232872009,
		-0.09747463464736938,
		0.9994065165519714
	],
	"15. left_elbow": [
		0.6406257748603821,
		0.4814104735851288,
		-0.0764138400554657,
		0.9575974941253662
	],
	"16. left_wrist": [
		0.6417619585990906,
		0.5445626378059387,
		-0.08756737411022186,
		0.8907188773155212
	],
	"19. right_shoulder": [
		0.4902576804161072,
		0.3904465138912201,
		-0.02825668826699257,
		0.9985199570655823
	],
	"20. right_elbow": [
		0.4820157289505005,
		0.3977653980255127,
		-0.18337255716323853,
		0.8762518167495728
	],
	"21. right_wrist": [
		0.537000834941864,
		0.35009217262268066,
		-0.5495083332061768,
		0.8380975127220154
	],
	"24. nose": [
		0.5462183356285095,
		0.3400864899158478,
		-0.3456726372241974,
		0.9997765421867371
	],
	"25. left_eye": [
		0.5655255913734436,
		0.3329993486404419,
		-0.31872662901878357,
		0.9995838403701782
	],
	"26. right_eye": [
		0.5397985577583313,
		0.33153119683265686,
		-0.30884745717048645,
		0.9993351101875305
	],
	"27. left_ear": [
		0.5838848352432251,
		0.33960792422294617,
		-0.15281760692596436,
		0.9994372725486755
	],
	"28. right_ear": [
		0.5369541049003601,
		0.33701950311660767,
		-0.10779332369565964,
		0.9984845519065857
	],
	"time stamp": 30.000293832456734
}