{
	"1. left_hip": [
		0.5867587924003601,
		0.537602424621582,
		-0.049730077385902405,
		0.9995078444480896
	],
	"2. left_knee": [
		0.585018515586853,
		0.6327626705169678,
		-0.038212988525629044,
		0.9843965768814087
	],
	"3. left_ankle": [
		0.5902846455574036,
		0.7326379418373108,
		0.14208588004112244,
		0.9795700907707214
	],
	"6. right_hip": [
		0.5015950202941895,
		0.5379124879837036,
		0.04960417374968529,
		0.9995161890983582
	],
	"7. right_knee": [
		0.5275161862373352,
		0.6376099586486816,
		0.08778884261846542,
		0.9704381227493286
	],
	"8. right_ankle": [
		0.5540555715560913,
		0.7268826961517334,
		0.3340800702571869,
		0.9365090131759644
	],
	"14. left_shoulder": [
		0.6398661136627197,
		0.40770190954208374,
		-0.09565848857164383,
		0.9994302988052368
	],
	"15. left_elbow": [
		0.6384714841842651,
		0.48436492681503296,
		-0.07012210041284561,
		0.9572148323059082
	],
	"16. left_wrist": [
		0.6464135050773621,
		0.548332154750824,
		-0.08290817588567734,
		0.8888362646102905
	],
	"19. right_shoulder": [
		0.48991575837135315,
		0.39425209164619446,
		-0.05305461585521698,
		0.9984925389289856
	],
	"20. right_elbow": [
		0.48191118240356445,
		0.40339210629463196,
		-0.38924214243888855,
		0.8824120759963989
	],
	"21. right_wrist": [
		0.539785623550415,
		0.3515010178089142,
		-0.7736343741416931,
		0.850302517414093
	],
	"24. nose": [
		0.5463904142379761,
		0.34055471420288086,
		-0.36916396021842957,
		0.9997767806053162
	],
	"25. left_eye": [
		0.5654211044311523,
		0.3333768844604492,
		-0.33916911482810974,
		0.9995877742767334
	],
	"26. right_eye": [
		0.5405517816543579,
		0.3319318890571594,
		-0.3337424695491791,
		0.9993273019790649
	],
	"27. left_ear": [
		0.5835923552513123,
		0.340878427028656,
		-0.16202200949192047,
		0.9994663596153259
	],
	"28. right_ear": [
		0.5370441675186157,
		0.33806321024894714,
		-0.13714690506458282,
		0.9984646439552307
	],
	"time stamp": 30.000293832456734
}