{
	"1. left_hip": [
		0.487762451171875,
		0.5377823114395142,
		0.20174485445022583,
		0.9993382096290588
	],
	"2. left_knee": [
		0.6240087747573853,
		0.6773672103881836,
		-0.03183555230498314,
		0.5629544258117676
	],
	"3. left_ankle": [
		0.5131067633628845,
		0.8188177347183228,
		0.017794201150536537,
		0.7223482131958008
	],
	"6. right_hip": [
		0.3977387547492981,
		0.5243488550186157,
		-0.2015989124774933,
		0.9993283748626709
	],
	"7. right_knee": [
		0.4615028500556946,
		0.6816321015357971,
		-0.35895684361457825,
		0.9809885025024414
	],
	"8. right_ankle": [
		0.4360883831977844,
		0.8373445868492126,
		-0.3435657024383545,
		0.9832547903060913
	],
	"14. left_shoulder": [
		0.5633597373962402,
		0.35142990946769714,
		0.29557082056999207,
		0.9992528557777405
	],
	"15. left_elbow": [
		0.6760582327842712,
		0.27721160650253296,
		0.40459051728248596,
		0.5143899321556091
	],
	"16. left_wrist": [
		0.5960248112678528,
		0.19152341783046722,
		0.340006023645401,
		0.5903797745704651
	],
	"19. right_shoulder": [
		0.4324592351913452,
		0.32270529866218567,
		-0.21023984253406525,
		0.9996505379676819
	],
	"20. right_elbow": [
		0.4853268563747406,
		0.23530276119709015,
		-0.33829057216644287,
		0.9944286346435547
	],
	"21. right_wrist": [
		0.5516771078109741,
		0.16839776933193207,
		-0.15890789031982422,
		0.972902774810791
	],
	"24. nose": [
		0.5538600087165833,
		0.29441574215888977,
		-0.28189343214035034,
		0.9998795986175537
	],
	"25. left_eye": [
		0.5631946325302124,
		0.28455403447151184,
		-0.21679578721523285,
		0.9998770952224731
	],
	"26. right_eye": [
		0.5304562449455261,
		0.27882319688796997,
		-0.26715391874313354,
		0.9998632669448853
	],
	"27. left_ear": [
		0.558487057685852,
		0.28903728723526,
		0.08316173404455185,
		0.9997691512107849
	],
	"28. right_ear": [
		0.4942514896392822,
		0.2763185203075409,
		-0.13602876663208008,
		0.9998234510421753
	],
	"time stamp": 29.987751182419192
}