{
	"1. left_hip": [
		0.5743018984794617,
		0.5396061539649963,
		0.023834938183426857,
		0.9996767044067383
	],
	"2. left_knee": [
		0.587101936340332,
		0.635987401008606,
		-0.020755469799041748,
		0.9885494709014893
	],
	"3. left_ankle": [
		0.5969988703727722,
		0.733404815196991,
		0.11434455215930939,
		0.9844709038734436
	],
	"6. right_hip": [
		0.4842905104160309,
		0.5400263667106628,
		-0.023991473019123077,
		0.9996594786643982
	],
	"7. right_knee": [
		0.47701331973075867,
		0.6347006559371948,
		0.19893841445446014,
		0.9745809435844421
	],
	"8. right_ankle": [
		0.49161428213119507,
		0.7188517451286316,
		0.6051933169364929,
		0.9526861906051636
	],
	"14. left_shoulder": [
		0.6051746606826782,
		0.41259005665779114,
		-0.06807254999876022,
		0.9996148347854614
	],
	"15. left_elbow": [
		0.625892162322998,
		0.48608070611953735,
		-0.032845254987478256,
		0.9546535015106201
	],
	"16. left_wrist": [
		0.6912593841552734,
		0.5388820767402649,
		-0.11062509566545486,
		0.9062578082084656
	],
	"19. right_shoulder": [
		0.46320316195487976,
		0.3946385979652405,
		-0.2695634961128235,
		0.9989358186721802
	],
	"20. right_elbow": [
		0.44810426235198975,
		0.3821951448917389,
		-0.6454159021377563,
		0.9264010787010193
	],
	"21. right_wrist": [
		0.5657490491867065,
		0.3870202898979187,
		-0.9552405476570129,
		0.9045752882957458
	],
	"24. nose": [
		0.5447858572006226,
		0.3469504714012146,
		-0.44797754287719727,
		0.9998287558555603
	],
	"25. left_eye": [
		0.5596611499786377,
		0.34042462706565857,
		-0.40800946950912476,
		0.9996788501739502
	],
	"26. right_eye": [
		0.5358129739761353,
		0.3376421630382538,
		-0.4189286231994629,
		0.9994847774505615
	],
	"27. left_ear": [
		0.5666329264640808,
		0.3474734425544739,
		-0.1900606006383896,
		0.9996109008789062
	],
	"28. right_ear": [
		0.5248762965202332,
		0.3440680503845215,
		-0.2486613392829895,
		0.9989160299301147
	],
	"time stamp": 30.000293832456734
}