{
	"1. left_hip": [
		0.5054416060447693,
		0.5403483510017395,
		0.19859963655471802,
		0.9991163611412048
	],
	"2. left_knee": [
		0.6434639692306519,
		0.677586019039154,
		-0.05070674419403076,
		0.6059884428977966
	],
	"3. left_ankle": [
		0.5176981091499329,
		0.8168861269950867,
		0.039022404700517654,
		0.7469601631164551
	],
	"6. right_hip": [
		0.39948561787605286,
		0.5300610661506653,
		-0.19874286651611328,
		0.9991815090179443
	],
	"7. right_knee": [
		0.4630703926086426,
		0.6831561326980591,
		-0.36563417315483093,
		0.9812079071998596
	],
	"8. right_ankle": [
		0.4361911714076996,
		0.8371630311012268,
		-0.30097562074661255,
		0.9838104844093323
	],
	"14. left_shoulder": [
		0.5690299868583679,
		0.35051628947257996,
		0.07895906269550323,
		0.9987829923629761
	],
	"15. left_elbow": [
		0.6457281112670898,
		0.2489938735961914,
		0.13819386065006256,
		0.5922975540161133
	],
	"16. left_wrist": [
		0.4902179539203644,
		0.16840760409832,
		0.036926280707120895,
		0.6404630541801453
	],
	"19. right_shoulder": [
		0.4201791286468506,
		0.33302032947540283,
		-0.3396996557712555,
		0.9993902444839478
	],
	"20. right_elbow": [
		0.44901716709136963,
		0.2301022857427597,
		-0.467407763004303,
		0.9947852492332458
	],
	"21. right_wrist": [
		0.4742545187473297,
		0.1521276831626892,
		-0.4102729856967926,
		0.9728713631629944
	],
	"24. nose": [
		0.5395615696907043,
		0.2936447560787201,
		-0.5063275098800659,
		0.9998342990875244
	],
	"25. left_eye": [
		0.5507622957229614,
		0.28376510739326477,
		-0.4443192481994629,
		0.9997735619544983
	],
	"26. right_eye": [
		0.5122698545455933,
		0.2795122563838959,
		-0.4858814775943756,
		0.9997639060020447
	],
	"27. left_ear": [
		0.5535497665405273,
		0.29022204875946045,
		-0.13944898545742035,
		0.999668538570404
	],
	"28. right_ear": [
		0.47728756070137024,
		0.2824138402938843,
		-0.320313960313797,
		0.9997565150260925
	],
	"time stamp": 29.987751182419192
}