{
	"1. left_hip": [
		0.5339311361312866,
		0.5368121862411499,
		0.14844143390655518,
		0.9976275563240051
	],
	"2. left_knee": [
		0.6204311847686768,
		0.6790564060211182,
		0.16401109099388123,
		0.7502143383026123
	],
	"3. left_ankle": [
		0.5390415191650391,
		0.7857778668403625,
		0.5930606126785278,
		0.7986973524093628
	],
	"6. right_hip": [
		0.42369961738586426,
		0.5305955410003662,
		-0.14867760241031647,
		0.9978852868080139
	],
	"7. right_knee": [
		0.48589470982551575,
		0.6897702813148499,
		-0.35772404074668884,
		0.9798731207847595
	],
	"8. right_ankle": [
		0.43748775124549866,
		0.8339986801147461,
		-0.25195109844207764,
		0.9691209197044373
	],
	"14. left_shoulder": [
		0.5884696841239929,
		0.34898847341537476,
		-0.10844247788190842,
		0.9984627962112427
	],
	"15. left_elbow": [
		0.7386427521705627,
		0.30595409870147705,
		-0.35166415572166443,
		0.8367908596992493
	],
	"16. left_wrist": [
		0.5950565934181213,
		0.30520251393318176,
		-0.7150081396102905,
		0.7001739144325256
	],
	"19. right_shoulder": [
		0.4003956913948059,
		0.3520427346229553,
		-0.33315664529800415,
		0.9990301132202148
	],
	"20. right_elbow": [
		0.22457362711429596,
		0.3614658713340759,
		-0.32574236392974854,
		0.9939852356910706
	],
	"21. right_wrist": [
		0.059381552040576935,
		0.38877758383750916,
		-0.44181808829307556,
		0.9505532383918762
	],
	"24. nose": [
		0.5205725431442261,
		0.299786239862442,
		-0.7552933692932129,
		0.9994518756866455
	],
	"25. left_eye": [
		0.53199702501297,
		0.2906268537044525,
		-0.6981426477432251,
		0.9989761114120483
	],
	"26. right_eye": [
		0.4979916214942932,
		0.2886528968811035,
		-0.7260569334030151,
		0.9986340999603271
	],
	"27. left_ear": [
		0.5404743552207947,
		0.29601338505744934,
		-0.35068437457084656,
		0.9988242983818054
	],
	"28. right_ear": [
		0.46498727798461914,
		0.29422998428344727,
		-0.478801965713501,
		0.9988571405410767
	],
	"time stamp": 29.987751182419192
}