{
	"1. left_hip": [
		0.532585620880127,
		0.5372733473777771,
		0.09547056257724762,
		0.9981672763824463
	],
	"2. left_knee": [
		0.6019026041030884,
		0.6564056277275085,
		0.15841186046600342,
		0.8064213991165161
	],
	"3. left_ankle": [
		0.5908403992652893,
		0.7505635619163513,
		0.7365462779998779,
		0.8327696919441223
	],
	"6. right_hip": [
		0.42002618312835693,
		0.5347017645835876,
		-0.09590841084718704,
		0.9984315633773804
	],
	"7. right_knee": [
		0.4830038845539093,
		0.6895830035209656,
		-0.33406955003738403,
		0.9844894409179688
	],
	"8. right_ankle": [
		0.43447867035865784,
		0.8388321995735168,
		-0.18334735929965973,
		0.9759668707847595
	],
	"14. left_shoulder": [
		0.5869611501693726,
		0.35870635509490967,
		-0.14073620736598969,
		0.9988759160041809
	],
	"15. left_elbow": [
		0.7259642481803894,
		0.38765886425971985,
		-0.4827577471733093,
		0.8806290626525879
	],
	"16. left_wrist": [
		0.6258800029754639,
		0.3249717652797699,
		-1.0503756999969482,
		0.780005931854248
	],
	"19. right_shoulder": [
		0.39381512999534607,
		0.3602142333984375,
		-0.18896979093551636,
		0.9992904663085938
	],
	"20. right_elbow": [
		0.25711774826049805,
		0.43177059292793274,
		-0.07088984549045563,
		0.9950482249259949
	],
	"21. right_wrist": [
		0.15232209861278534,
		0.4965614676475525,
		-0.16358621418476105,
		0.9609070420265198
	],
	"24. nose": [
		0.5071969032287598,
		0.3015884459018707,
		-0.6989089846611023,
		0.9996001124382019
	],
	"25. left_eye": [
		0.524960458278656,
		0.2918590009212494,
		-0.6500394344329834,
		0.9992526173591614
	],
	"26. right_eye": [
		0.48663386702537537,
		0.28964149951934814,
		-0.6614246964454651,
		0.9990034699440002
	],
	"27. left_ear": [
		0.5396140813827515,
		0.29700198769569397,
		-0.34065333008766174,
		0.9991415739059448
	],
	"28. right_ear": [
		0.46050724387168884,
		0.2938835024833679,
		-0.43106040358543396,
		0.9991660714149475
	],
	"time stamp": 29.987751182419192
}