{
	"1. left_hip": [
		0.5523550510406494,
		0.5142819881439209,
		-0.024349503219127655,
		0.9987215399742126
	],
	"2. left_knee": [
		0.632270872592926,
		0.6593957543373108,
		-0.18975435197353363,
		0.8694665431976318
	],
	"3. left_ankle": [
		0.7236376404762268,
		0.7938724160194397,
		-0.02381618320941925,
		0.8824804425239563
	],
	"6. right_hip": [
		0.4226267337799072,
		0.5197242498397827,
		0.024156944826245308,
		0.9989274740219116
	],
	"7. right_knee": [
		0.4082658886909485,
		0.6870445609092712,
		-0.11632467061281204,
		0.9879148602485657
	],
	"8. right_ankle": [
		0.41659554839134216,
		0.8388029932975769,
		0.011140024289488792,
		0.9819923639297485
	],
	"14. left_shoulder": [
		0.5860680937767029,
		0.3435559868812561,
		0.2593584358692169,
		0.9992573261260986
	],
	"15. left_elbow": [
		0.6987924575805664,
		0.39740490913391113,
		0.019051767885684967,
		0.9204310774803162
	],
	"16. left_wrist": [
		0.5633059144020081,
		0.3503201901912689,
		-0.36210906505584717,
		0.8530102968215942
	],
	"19. right_shoulder": [
		0.39307308197021484,
		0.3436893820762634,
		0.28934866189956665,
		0.9995297789573669
	],
	"20. right_elbow": [
		0.34856194257736206,
		0.43349915742874146,
		0.24186614155769348,
		0.9877877235412598
	],
	"21. right_wrist": [
		0.41286587715148926,
		0.484732985496521,
		-0.01994946040213108,
		0.9600917100906372
	],
	"24. nose": [
		0.5019409656524658,
		0.28119614720344543,
		-0.13504062592983246,
		0.9997365474700928
	],
	"25. left_eye": [
		0.5217163562774658,
		0.2714369595050812,
		-0.08841763436794281,
		0.9995059370994568
	],
	"26. right_eye": [
		0.48075568675994873,
		0.2688455879688263,
		-0.09221674501895905,
		0.9993429780006409
	],
	"27. left_ear": [
		0.5392178297042847,
		0.2774371802806854,
		0.1637156456708908,
		0.999431312084198
	],
	"28. right_ear": [
		0.45674076676368713,
		0.2733108699321747,
		0.14681662619113922,
		0.9994498491287231
	],
	"time stamp": 29.987751182419192
}