{
	"1. left_hip": [
		0.6207916140556335,
		0.5304301381111145,
		-0.08704592287540436,
		0.9994716644287109
	],
	"2. left_knee": [
		0.6944223642349243,
		0.6982187628746033,
		-0.29554271697998047,
		0.9600769877433777
	],
	"3. left_ankle": [
		0.76561039686203,
		0.8374631404876709,
		0.01730361022055149,
		0.9613805413246155
	],
	"6. right_hip": [
		0.49658146500587463,
		0.5264818668365479,
		0.08648879081010818,
		0.999460756778717
	],
	"7. right_knee": [
		0.36335206031799316,
		0.681262195110321,
		-0.09302325546741486,
		0.9877021312713623
	],
	"8. right_ankle": [
		0.3858325481414795,
		0.8326742649078369,
		0.20941413938999176,
		0.9881712198257446
	],
	"14. left_shoulder": [
		0.637089192867279,
		0.34344571828842163,
		-0.16041874885559082,
		0.9996495842933655
	],
	"15. left_elbow": [
		0.7737107276916504,
		0.375448614358902,
		-0.4670045077800751,
		0.9688650369644165
	],
	"16. left_wrist": [
		0.6282801628112793,
		0.31500542163848877,
		-0.800469696521759,
		0.9269664883613586
	],
	"19. right_shoulder": [
		0.4631993770599365,
		0.3604622185230255,
		-0.017599165439605713,
		0.9994685649871826
	],
	"20. right_elbow": [
		0.37290114164352417,
		0.4486819803714752,
		-0.30971425771713257,
		0.9492289423942566
	],
	"21. right_wrist": [
		0.4078350365161896,
		0.3642256557941437,
		-0.8432220220565796,
		0.9606097936630249
	],
	"24. nose": [
		0.5789134502410889,
		0.2887011766433716,
		-0.5870042443275452,
		0.9998775720596313
	],
	"25. left_eye": [
		0.5955116748809814,
		0.2794141173362732,
		-0.5410027503967285,
		0.9997509121894836
	],
	"26. right_eye": [
		0.5626845359802246,
		0.2761821448802948,
		-0.5407595634460449,
		0.9997425675392151
	],
	"27. left_ear": [
		0.6035788655281067,
		0.28563758730888367,
		-0.26108476519584656,
		0.9997210502624512
	],
	"28. right_ear": [
		0.5369186401367188,
		0.28174543380737305,
		-0.25565633177757263,
		0.9997393488883972
	],
	"time stamp": 29.987751182419192
}