{
	"1. left_hip": [
		0.47187983989715576,
		0.5345739722251892,
		0.02504850924015045,
		0.9997909665107727
	],
	"2. left_knee": [
		0.5342624187469482,
		0.6273242235183716,
		0.033000729978084564,
		0.9886942505836487
	],
	"3. left_ankle": [
		0.55539470911026,
		0.7245820760726929,
		0.1371372491121292,
		0.9878773093223572
	],
	"6. right_hip": [
		0.37697333097457886,
		0.532195508480072,
		-0.02544235624372959,
		0.9997819066047668
	],
	"7. right_knee": [
		0.3451083302497864,
		0.6313358545303345,
		-0.02169164828956127,
		0.9944272637367249
	],
	"8. right_ankle": [
		0.3222523331642151,
		0.7202162742614746,
		0.13517847657203674,
		0.989976704120636
	],
	"14. left_shoulder": [
		0.5169751048088074,
		0.38520172238349915,
		-0.052205100655555725,
		0.9995697736740112
	],
	"15. left_elbow": [
		0.5914070010185242,
		0.4254668056964874,
		-0.25406134128570557,
		0.9859999418258667
	],
	"16. left_wrist": [
		0.4932573437690735,
		0.40752652287483215,
		-0.4959527850151062,
		0.9771506786346436
	],
	"19. right_shoulder": [
		0.3614450991153717,
		0.3927188515663147,
		-0.022859567776322365,
		0.9998430609703064
	],
	"20. right_elbow": [
		0.2875467836856842,
		0.451376348733902,
		-0.20888979732990265,
		0.989293098449707
	],
	"21. right_wrist": [
		0.29404446482658386,
		0.4270675778388977,
		-0.5978514552116394,
		0.9787210822105408
	],
	"24. nose": [
		0.44954487681388855,
		0.32324182987213135,
		-0.2434389591217041,
		0.9999572038650513
	],
	"25. left_eye": [
		0.4671906530857086,
		0.3215866982936859,
		-0.2134900987148285,
		0.9998905062675476
	],
	"26. right_eye": [
		0.4380946159362793,
		0.3190295398235321,
		-0.21282735466957092,
		0.999864935874939
	],
	"27. left_ear": [
		0.4816124737262726,
		0.3326159417629242,
		-0.0709892138838768,
		0.9997731447219849
	],
	"28. right_ear": [
		0.4232867360115051,
		0.3282715976238251,
		-0.07166846096515656,
		0.9998536109924316
	],
	"time stamp": 30.000293832456734
}