{
	"1. left_hip": [
		0.678987979888916,
		0.5529741048812866,
		-0.10244933515787125,
		0.99968022108078
	],
	"2. left_knee": [
		0.725066065788269,
		0.7135024070739746,
		-0.32954418659210205,
		0.9856641292572021
	],
	"3. left_ankle": [
		0.7640199065208435,
		0.83957839012146,
		0.1737125962972641,
		0.9825676679611206
	],
	"6. right_hip": [
		0.5540899634361267,
		0.5608096122741699,
		0.10295518487691879,
		0.999662458896637
	],
	"7. right_knee": [
		0.34988412261009216,
		0.6765308380126953,
		-0.23157376050949097,
		0.9925248622894287
	],
	"8. right_ankle": [
		0.3737729787826538,
		0.8332951664924622,
		0.20933862030506134,
		0.9927819967269897
	],
	"14. left_shoulder": [
		0.692579984664917,
		0.38067325949668884,
		0.25799888372421265,
		0.9998644590377808
	],
	"15. left_elbow": [
		0.8183271288871765,
		0.4522395730018616,
		0.09390778094530106,
		0.9888266324996948
	],
	"16. left_wrist": [
		0.8178964257240295,
		0.35490021109580994,
		-0.24677976965904236,
		0.9743301272392273
	],
	"19. right_shoulder": [
		0.5053352117538452,
		0.3777281939983368,
		0.27782636880874634,
		0.9996558427810669
	],
	"20. right_elbow": [
		0.45290350914001465,
		0.46037495136260986,
		0.05083800107240677,
		0.9746698141098022
	],
	"21. right_wrist": [
		0.4759294092655182,
		0.3711509704589844,
		-0.3782532811164856,
		0.9795741438865662
	],
	"24. nose": [
		0.621832013130188,
		0.31282007694244385,
		-0.331469863653183,
		0.9999593496322632
	],
	"25. left_eye": [
		0.6384400725364685,
		0.3020907938480377,
		-0.270307332277298,
		0.9999164342880249
	],
	"26. right_eye": [
		0.6002344489097595,
		0.30194345116615295,
		-0.2698651850223541,
		0.9999146461486816
	],
	"27. left_ear": [
		0.6521694660186768,
		0.306735098361969,
		0.053578536957502365,
		0.9999075531959534
	],
	"28. right_ear": [
		0.5749920010566711,
		0.30662909150123596,
		0.056909430772066116,
		0.9999138116836548
	],
	"time stamp": 29.987751182419192
}