{
	"1. left_hip": [
		0.5753723382949829,
		0.5296103954315186,
		-0.06500132381916046,
		0.9997255802154541
	],
	"2. left_knee": [
		0.6108968257904053,
		0.6310513615608215,
		-0.09785079956054688,
		0.9951959848403931
	],
	"3. left_ankle": [
		0.6503807306289673,
		0.7205488681793213,
		0.09544100612401962,
		0.9933448433876038
	],
	"6. right_hip": [
		0.4816606342792511,
		0.5317531824111938,
		0.06494131684303284,
		0.9997312426567078
	],
	"7. right_knee": [
		0.41246217489242554,
		0.6214897632598877,
		0.11987242102622986,
		0.9950093030929565
	],
	"8. right_ankle": [
		0.4057406485080719,
		0.7137212753295898,
		0.4195966124534607,
		0.9921541810035706
	],
	"14. left_shoulder": [
		0.5849937200546265,
		0.39397290349006653,
		-0.1689963936805725,
		0.9997486472129822
	],
	"15. left_elbow": [
		0.6527950167655945,
		0.4443616569042206,
		-0.42535269260406494,
		0.9926514625549316
	],
	"16. left_wrist": [
		0.6752814650535583,
		0.3814283609390259,
		-0.7876878380775452,
		0.9893619418144226
	],
	"19. right_shoulder": [
		0.4360754191875458,
		0.3938536047935486,
		-0.08506876230239868,
		0.9998117089271545
	],
	"20. right_elbow": [
		0.3708288073539734,
		0.42906370759010315,
		-0.3245553970336914,
		0.9887984991073608
	],
	"21. right_wrist": [
		0.381015807390213,
		0.3621657192707062,
		-0.7149930000305176,
		0.9906482696533203
	],
	"24. nose": [
		0.5120582580566406,
		0.32675614953041077,
		-0.46205803751945496,
		0.9999818801879883
	],
	"25. left_eye": [
		0.5280060172080994,
		0.32500579953193665,
		-0.4281982183456421,
		0.9999557733535767
	],
	"26. right_eye": [
		0.5035930275917053,
		0.3219029903411865,
		-0.42109331488609314,
		0.9999494552612305
	],
	"27. left_ear": [
		0.5454115271568298,
		0.33616429567337036,
		-0.2429760843515396,
		0.9999061822891235
	],
	"28. right_ear": [
		0.490628719329834,
		0.33207011222839355,
		-0.20865269005298615,
		0.9999303817749023
	],
	"time stamp": 30.000293832456734
}