{
	"1. left_hip": [
		0.5844058990478516,
		0.5574074983596802,
		0.11863572895526886,
		0.9998667240142822
	],
	"2. left_knee": [
		0.7798743844032288,
		0.6895419955253601,
		-0.28724586963653564,
		0.989215075969696
	],
	"3. left_ankle": [
		0.6846528649330139,
		0.8311717510223389,
		-0.003461380023509264,
		0.9852133989334106
	],
	"6. right_hip": [
		0.4522940218448639,
		0.5436742305755615,
		-0.11892710626125336,
		0.9998005032539368
	],
	"7. right_knee": [
		0.3739168047904968,
		0.7059638500213623,
		-0.37649527192115784,
		0.9914277791976929
	],
	"8. right_ankle": [
		0.3078005313873291,
		0.8333372473716736,
		-0.1330064982175827,
		0.9903709888458252
	],
	"14. left_shoulder": [
		0.6349236965179443,
		0.38245755434036255,
		0.3901035189628601,
		0.9999421238899231
	],
	"15. left_elbow": [
		0.759985089302063,
		0.4424600899219513,
		0.14801925420761108,
		0.9917421936988831
	],
	"16. left_wrist": [
		0.6941479444503784,
		0.3588261008262634,
		-0.28015828132629395,
		0.9887990355491638
	],
	"19. right_shoulder": [
		0.4443654417991638,
		0.3840284049510956,
		0.22673644125461578,
		0.9997850656509399
	],
	"20. right_elbow": [
		0.37734726071357727,
		0.4756160378456116,
		0.03787097707390785,
		0.9769448637962341
	],
	"21. right_wrist": [
		0.3230816423892975,
		0.39031681418418884,
		-0.3616405427455902,
		0.9871631264686584
	],
	"24. nose": [
		0.5387438535690308,
		0.3205537497997284,
		-0.15415722131729126,
		0.999983549118042
	],
	"25. left_eye": [
		0.558180570602417,
		0.3098298907279968,
		-0.10459990054368973,
		0.9999688863754272
	],
	"26. right_eye": [
		0.5172259211540222,
		0.30909374356269836,
		-0.11305353045463562,
		0.9999660849571228
	],
	"27. left_ear": [
		0.5758387446403503,
		0.31337499618530273,
		0.18648390471935272,
		0.9999651908874512
	],
	"28. right_ear": [
		0.49725541472435,
		0.31365516781806946,
		0.14660103619098663,
		0.9999656677246094
	],
	"time stamp": 29.987751182419192
}