{
	"1. left_hip": [
		0.6019440293312073,
		0.5475304126739502,
		0.055535588413476944,
		0.9999001026153564
	],
	"2. left_knee": [
		0.779144287109375,
		0.6928704380989075,
		-0.3039856553077698,
		0.9895853996276855
	],
	"3. left_ankle": [
		0.7005179524421692,
		0.8284364342689514,
		0.21807284653186798,
		0.9831447601318359
	],
	"6. right_hip": [
		0.4643474519252777,
		0.5401343703269958,
		-0.055634550750255585,
		0.9998174905776978
	],
	"7. right_knee": [
		0.3730284869670868,
		0.7042304277420044,
		-0.2512073218822479,
		0.990719735622406
	],
	"8. right_ankle": [
		0.32087546586990356,
		0.8330977559089661,
		0.16791191697120667,
		0.9903829097747803
	],
	"14. left_shoulder": [
		0.6379733681678772,
		0.36773309111595154,
		0.11925435811281204,
		0.9999507069587708
	],
	"15. left_elbow": [
		0.761708676815033,
		0.42448195815086365,
		-0.15126094222068787,
		0.993116021156311
	],
	"16. left_wrist": [
		0.6740047931671143,
		0.3409307301044464,
		-0.5656450986862183,
		0.9919856190681458
	],
	"19. right_shoulder": [
		0.4436618387699127,
		0.380593478679657,
		0.08477436751127243,
		0.9997549653053284
	],
	"20. right_elbow": [
		0.34445637464523315,
		0.4626987874507904,
		-0.11316316574811935,
		0.9802491068840027
	],
	"21. right_wrist": [
		0.3287578225135803,
		0.36605140566825867,
		-0.49156299233436584,
		0.9889498949050903
	],
	"24. nose": [
		0.5411093831062317,
		0.3111974000930786,
		-0.38280582427978516,
		0.9999881982803345
	],
	"25. left_eye": [
		0.5609573721885681,
		0.29998138546943665,
		-0.331718772649765,
		0.9999794363975525
	],
	"26. right_eye": [
		0.5199012756347656,
		0.29834070801734924,
		-0.32888510823249817,
		0.9999760389328003
	],
	"27. left_ear": [
		0.5783423185348511,
		0.30531272292137146,
		-0.06913555413484573,
		0.9999772310256958
	],
	"28. right_ear": [
		0.5015091896057129,
		0.3040897250175476,
		-0.0455099381506443,
		0.9999757409095764
	],
	"time stamp": 29.987751182419192
}