{
	"1. left_hip": [
		0.5140486359596252,
		0.5386615991592407,
		0.035046856850385666,
		0.9997217655181885
	],
	"2. left_knee": [
		0.5905091762542725,
		0.6245307326316833,
		-0.0745098665356636,
		0.9952574372291565
	],
	"3. left_ankle": [
		0.5856866836547852,
		0.7245568037033081,
		0.05014973506331444,
		0.993770956993103
	],
	"6. right_hip": [
		0.4198280870914459,
		0.5368349552154541,
		-0.035270217806100845,
		0.9997052550315857
	],
	"7. right_knee": [
		0.3714364171028137,
		0.632660448551178,
		-0.018182188272476196,
		0.9959422945976257
	],
	"8. right_ankle": [
		0.3384462893009186,
		0.7183759212493896,
		0.2087547928094864,
		0.9933955669403076
	],
	"14. left_shoulder": [
		0.5565840005874634,
		0.3999110460281372,
		-0.06105242669582367,
		0.9996362328529358
	],
	"15. left_elbow": [
		0.6228962540626526,
		0.43985989689826965,
		-0.3042777180671692,
		0.9929245114326477
	],
	"16. left_wrist": [
		0.622241199016571,
		0.3727797269821167,
		-0.660515308380127,
		0.9892818927764893
	],
	"19. right_shoulder": [
		0.4013919532299042,
		0.3942869305610657,
		-0.11488200724124908,
		0.9997975826263428
	],
	"20. right_elbow": [
		0.33203354477882385,
		0.4305940270423889,
		-0.35307690501213074,
		0.9928157329559326
	],
	"21. right_wrist": [
		0.3125646412372589,
		0.36962899565696716,
		-0.692578911781311,
		0.9932276606559753
	],
	"24. nose": [
		0.48392102122306824,
		0.3339983820915222,
		-0.37367957830429077,
		0.9999864101409912
	],
	"25. left_eye": [
		0.5038314461708069,
		0.33090338110923767,
		-0.34151679277420044,
		0.9999674558639526
	],
	"26. right_eye": [
		0.47105151414871216,
		0.32726913690567017,
		-0.3361787796020508,
		0.9999682307243347
	],
	"27. left_ear": [
		0.5147020816802979,
		0.3401707112789154,
		-0.15529055893421173,
		0.999923586845398
	],
	"28. right_ear": [
		0.4574818015098572,
		0.3365694284439087,
		-0.1587482988834381,
		0.9999541640281677
	],
	"time stamp": 30.000293832456734
}