{
	"1. left_hip": [
		0.6281931400299072,
		0.53950434923172,
		-0.09662427008152008,
		0.9999040365219116
	],
	"2. left_knee": [
		0.7186104655265808,
		0.7007750272750854,
		-0.35083630681037903,
		0.9912710785865784
	],
	"3. left_ankle": [
		0.7687341570854187,
		0.8270715475082397,
		0.24289707839488983,
		0.9852408170700073
	],
	"6. right_hip": [
		0.49476566910743713,
		0.539972722530365,
		0.09640607982873917,
		0.9998287558555603
	],
	"7. right_knee": [
		0.3598990738391876,
		0.696479856967926,
		-0.15753769874572754,
		0.991854727268219
	],
	"8. right_ankle": [
		0.3732013404369354,
		0.8315097093582153,
		0.276609867811203,
		0.9915798306465149
	],
	"14. left_shoulder": [
		0.6410723924636841,
		0.36350178718566895,
		0.00611072639003396,
		0.9999549984931946
	],
	"15. left_elbow": [
		0.7472866177558899,
		0.42296984791755676,
		-0.19774632155895233,
		0.993635356426239
	],
	"16. left_wrist": [
		0.7047881484031677,
		0.32748913764953613,
		-0.5130302906036377,
		0.9927693605422974
	],
	"19. right_shoulder": [
		0.4466572403907776,
		0.376769483089447,
		0.21889448165893555,
		0.9997276663780212
	],
	"20. right_elbow": [
		0.3507811725139618,
		0.45255300402641296,
		0.15415124595165253,
		0.9806913137435913
	],
	"21. right_wrist": [
		0.3326622247695923,
		0.35472074151039124,
		-0.161772221326828,
		0.9887523055076599
	],
	"24. nose": [
		0.5556473135948181,
		0.3058900535106659,
		-0.37406882643699646,
		0.9999895095825195
	],
	"25. left_eye": [
		0.5744803547859192,
		0.295594722032547,
		-0.32976335287094116,
		0.9999815225601196
	],
	"26. right_eye": [
		0.5359830260276794,
		0.29309317469596863,
		-0.31933215260505676,
		0.9999774098396301
	],
	"27. left_ear": [
		0.5890818238258362,
		0.30096951127052307,
		-0.06738834828138351,
		0.9999802708625793
	],
	"28. right_ear": [
		0.5097531676292419,
		0.2974207103252411,
		-0.028552673757076263,
		0.9999765157699585
	],
	"time stamp": 29.987751182419192
}