{
	"1. left_hip": [
		0.5040690898895264,
		0.5427488684654236,
		0.03491997346282005,
		0.9998128414154053
	],
	"2. left_knee": [
		0.5911229848861694,
		0.6218212246894836,
		-0.15541644394397736,
		0.9945593476295471
	],
	"3. left_ankle": [
		0.5886715054512024,
		0.7190437316894531,
		0.0880507230758667,
		0.9929869771003723
	],
	"6. right_hip": [
		0.4095815122127533,
		0.5395822525024414,
		-0.03523562476038933,
		0.9997808933258057
	],
	"7. right_knee": [
		0.36914530396461487,
		0.6359025239944458,
		-0.022661719471216202,
		0.9963964223861694
	],
	"8. right_ankle": [
		0.3404902517795563,
		0.7201281189918518,
		0.2907697260379791,
		0.9941887855529785
	],
	"14. left_shoulder": [
		0.5505338311195374,
		0.3975538909435272,
		-0.04954230785369873,
		0.9995520710945129
	],
	"15. left_elbow": [
		0.6199044585227966,
		0.4374370872974396,
		-0.32067856192588806,
		0.9928192496299744
	],
	"16. left_wrist": [
		0.5926158428192139,
		0.3710647225379944,
		-0.6466186046600342,
		0.9900854229927063
	],
	"19. right_shoulder": [
		0.39685651659965515,
		0.40779075026512146,
		-0.054886020720005035,
		0.9998441934585571
	],
	"20. right_elbow": [
		0.30906397104263306,
		0.44002485275268555,
		-0.25984472036361694,
		0.9949405789375305
	],
	"21. right_wrist": [
		0.30553680658340454,
		0.38018468022346497,
		-0.5658008456230164,
		0.99432772397995
	],
	"24. nose": [
		0.4676133692264557,
		0.33495014905929565,
		-0.34067314863204956,
		0.9999883770942688
	],
	"25. left_eye": [
		0.48416662216186523,
		0.3321443200111389,
		-0.3068227767944336,
		0.9999740719795227
	],
	"26. right_eye": [
		0.45686620473861694,
		0.3318105638027191,
		-0.2999843657016754,
		0.9999759197235107
	],
	"27. left_ear": [
		0.5034567713737488,
		0.34283551573753357,
		-0.1344486027956009,
		0.999937117099762
	],
	"28. right_ear": [
		0.4465663731098175,
		0.34248921275138855,
		-0.10629318654537201,
		0.9999662637710571
	],
	"time stamp": 30.000293832456734
}