{
	"1. left_hip": [
		0.5605853796005249,
		0.5387619733810425,
		-0.056876201182603836,
		0.9998247027397156
	],
	"2. left_knee": [
		0.617621660232544,
		0.6307300329208374,
		-0.11590459942817688,
		0.9962392449378967
	],
	"3. left_ankle": [
		0.6827360987663269,
		0.7151333093643188,
		0.0878114253282547,
		0.9946051836013794
	],
	"6. right_hip": [
		0.4626855254173279,
		0.537561297416687,
		0.05657905340194702,
		0.9998040199279785
	],
	"7. right_knee": [
		0.39535847306251526,
		0.6298322081565857,
		0.1009468138217926,
		0.996975839138031
	],
	"8. right_ankle": [
		0.38302502036094666,
		0.7151232957839966,
		0.4240543246269226,
		0.9950144290924072
	],
	"14. left_shoulder": [
		0.5741522908210754,
		0.3899002969264984,
		-0.10249592363834381,
		0.9996222257614136
	],
	"15. left_elbow": [
		0.6312852501869202,
		0.43357929587364197,
		-0.37663060426712036,
		0.9930602312088013
	],
	"16. left_wrist": [
		0.6394671201705933,
		0.36869603395462036,
		-0.7063949704170227,
		0.9902989864349365
	],
	"19. right_shoulder": [
		0.4269886314868927,
		0.4032049775123596,
		-0.008429570123553276,
		0.9998610019683838
	],
	"20. right_elbow": [
		0.34578362107276917,
		0.4320056438446045,
		-0.2147597372531891,
		0.995313286781311
	],
	"21. right_wrist": [
		0.3669406473636627,
		0.3714529275894165,
		-0.526191234588623,
		0.9947583079338074
	],
	"24. nose": [
		0.4931238293647766,
		0.33105263113975525,
		-0.3386562168598175,
		0.9999908804893494
	],
	"25. left_eye": [
		0.511308491230011,
		0.3273347020149231,
		-0.3108842670917511,
		0.9999788403511047
	],
	"26. right_eye": [
		0.4844230115413666,
		0.3265814185142517,
		-0.30021098256111145,
		0.999981164932251
	],
	"27. left_ear": [
		0.529220461845398,
		0.33859220147132874,
		-0.1522645801305771,
		0.9999494552612305
	],
	"28. right_ear": [
		0.4684690833091736,
		0.3389793932437897,
		-0.09965687245130539,
		0.9999735951423645
	],
	"time stamp": 30.000293832456734
}