{
	"1. left_hip": [
		0.5745581388473511,
		0.5359072089195251,
		-0.05651398375630379,
		0.999809741973877
	],
	"2. left_knee": [
		0.6299880146980286,
		0.6332898736000061,
		-0.0918816477060318,
		0.9971572756767273
	],
	"3. left_ankle": [
		0.680772066116333,
		0.7171279191970825,
		0.2248874455690384,
		0.9958243370056152
	],
	"6. right_hip": [
		0.4767111539840698,
		0.5362507700920105,
		0.05620734393596649,
		0.9998181462287903
	],
	"7. right_knee": [
		0.39964431524276733,
		0.6215785145759583,
		-0.0029120061080902815,
		0.997108519077301
	],
	"8. right_ankle": [
		0.3718428611755371,
		0.7099382877349854,
		0.3585585653781891,
		0.9954662322998047
	],
	"14. left_shoulder": [
		0.5818442106246948,
		0.39474567770957947,
		-0.10659010708332062,
		0.9996562600135803
	],
	"15. left_elbow": [
		0.6472172737121582,
		0.4375285804271698,
		-0.3820018470287323,
		0.9939432144165039
	],
	"16. left_wrist": [
		0.655081033706665,
		0.37553077936172485,
		-0.7726985216140747,
		0.9904624819755554
	],
	"19. right_shoulder": [
		0.43338820338249207,
		0.39916911721229553,
		-0.05284964293241501,
		0.9998359680175781
	],
	"20. right_elbow": [
		0.35709694027900696,
		0.42859596014022827,
		-0.3088153600692749,
		0.9950515627861023
	],
	"21. right_wrist": [
		0.3791778087615967,
		0.3697691261768341,
		-0.6983969807624817,
		0.995030403137207
	],
	"24. nose": [
		0.5054940581321716,
		0.3347606360912323,
		-0.41903549432754517,
		0.9999926090240479
	],
	"25. left_eye": [
		0.5238558650016785,
		0.3314252495765686,
		-0.3810831904411316,
		0.9999822378158569
	],
	"26. right_eye": [
		0.4964478611946106,
		0.32789507508277893,
		-0.3782067596912384,
		0.9999849200248718
	],
	"27. left_ear": [
		0.5402745008468628,
		0.3418789207935333,
		-0.18090058863162994,
		0.9999584555625916
	],
	"28. right_ear": [
		0.4809466004371643,
		0.3377822935581207,
		-0.16704784333705902,
		0.9999784827232361
	],
	"time stamp": 30.000293832456734
}