{
	"1. left_hip": [
		0.6005626320838928,
		0.5358361005783081,
		0.12497325986623764,
		0.9999228715896606
	],
	"2. left_knee": [
		0.7814432382583618,
		0.6781203150749207,
		-0.24498704075813293,
		0.988806962966919
	],
	"3. left_ankle": [
		0.705187201499939,
		0.8220564126968384,
		0.07573423534631729,
		0.9868539571762085
	],
	"6. right_hip": [
		0.4719408452510834,
		0.533915638923645,
		-0.12477676570415497,
		0.9998152852058411
	],
	"7. right_knee": [
		0.39618659019470215,
		0.6948851943016052,
		-0.35137152671813965,
		0.9863857626914978
	],
	"8. right_ankle": [
		0.313800573348999,
		0.8288395404815674,
		-0.06014544516801834,
		0.9885095357894897
	],
	"14. left_shoulder": [
		0.6191738247871399,
		0.3417564034461975,
		0.38895198702812195,
		0.9999484419822693
	],
	"15. left_elbow": [
		0.7550833821296692,
		0.2817615568637848,
		0.4824317693710327,
		0.9944342374801636
	],
	"16. left_wrist": [
		0.6709709167480469,
		0.20566843450069427,
		0.5317685604095459,
		0.9581484198570251
	],
	"19. right_shoulder": [
		0.4271700978279114,
		0.34169769287109375,
		0.025660540908575058,
		0.9998649954795837
	],
	"20. right_elbow": [
		0.3332470655441284,
		0.26287633180618286,
		-0.013622656464576721,
		0.9915603995323181
	],
	"21. right_wrist": [
		0.47321265935897827,
		0.19737842679023743,
		0.20857219398021698,
		0.9508723616600037
	],
	"24. nose": [
		0.5628726482391357,
		0.2822617292404175,
		-0.33837640285491943,
		0.9999906420707703
	],
	"25. left_eye": [
		0.5692616105079651,
		0.27411776781082153,
		-0.24917680025100708,
		0.9999864101409912
	],
	"26. right_eye": [
		0.5447507500648499,
		0.271322101354599,
		-0.28129395842552185,
		0.999985933303833
	],
	"27. left_ear": [
		0.5703514218330383,
		0.28411632776260376,
		0.14093171060085297,
		0.9999824166297913
	],
	"28. right_ear": [
		0.5074551105499268,
		0.2808135449886322,
		-0.004239681176841259,
		0.9999890923500061
	],
	"time stamp": 29.987751182419192
}