{
	"1. left_hip": [
		0.6225208044052124,
		0.550352931022644,
		0.1627465933561325,
		0.9999340772628784
	],
	"2. left_knee": [
		0.8177093863487244,
		0.6781259179115295,
		-0.19146586954593658,
		0.9859760999679565
	],
	"3. left_ankle": [
		0.7173222899436951,
		0.8178628087043762,
		0.13034939765930176,
		0.9836238622665405
	],
	"6. right_hip": [
		0.49888482689857483,
		0.5399592518806458,
		-0.16273261606693268,
		0.9998339414596558
	],
	"7. right_knee": [
		0.399964839220047,
		0.6964380741119385,
		-0.2932884395122528,
		0.9877380132675171
	],
	"8. right_ankle": [
		0.3150666058063507,
		0.8270421624183655,
		0.003264320082962513,
		0.9894713759422302
	],
	"14. left_shoulder": [
		0.6679872870445251,
		0.3475780785083771,
		0.3477615714073181,
		0.999860405921936
	],
	"15. left_elbow": [
		0.8009259700775146,
		0.37230876088142395,
		0.7332245707511902,
		0.99049311876297
	],
	"16. left_wrist": [
		0.9143121242523193,
		0.3325096666812897,
		0.8915201425552368,
		0.9726313352584839
	],
	"19. right_shoulder": [
		0.47845470905303955,
		0.34433937072753906,
		-0.08580081164836884,
		0.9998164772987366
	],
	"20. right_elbow": [
		0.3054966628551483,
		0.31357452273368835,
		-0.09931757301092148,
		0.9948145151138306
	],
	"21. right_wrist": [
		0.17254520952701569,
		0.26755931973457336,
		-0.20877911150455475,
		0.9723912477493286
	],
	"24. nose": [
		0.5821632146835327,
		0.27283138036727905,
		-0.35916805267333984,
		0.9999930262565613
	],
	"25. left_eye": [
		0.5918543934822083,
		0.2701142728328705,
		-0.2855537533760071,
		0.9999896287918091
	],
	"26. right_eye": [
		0.5576866269111633,
		0.26804760098457336,
		-0.3176923990249634,
		0.9999901056289673
	],
	"27. left_ear": [
		0.6034386157989502,
		0.2816222012042999,
		0.06268251687288284,
		0.9999856948852539
	],
	"28. right_ear": [
		0.5321267247200012,
		0.2818416953086853,
		-0.07860077172517776,
		0.9999927282333374
	],
	"time stamp": 29.987751182419192
}