{
	"1. left_hip": [
		0.6262854337692261,
		0.5523636341094971,
		0.15468530356884003,
		0.9999101758003235
	],
	"2. left_knee": [
		0.8232507109642029,
		0.6785048246383667,
		-0.2117966264486313,
		0.9854713678359985
	],
	"3. left_ankle": [
		0.7186436653137207,
		0.8176679611206055,
		0.1662684679031372,
		0.9829673171043396
	],
	"6. right_hip": [
		0.5045480728149414,
		0.5413995385169983,
		-0.15466095507144928,
		0.9997239112854004
	],
	"7. right_knee": [
		0.40424343943595886,
		0.6965745091438293,
		-0.3093070089817047,
		0.9884542226791382
	],
	"8. right_ankle": [
		0.31511709094047546,
		0.8273062705993652,
		-0.04097416624426842,
		0.9899026155471802
	],
	"14. left_shoulder": [
		0.6742439270019531,
		0.34845516085624695,
		0.28723570704460144,
		0.9998737573623657
	],
	"15. left_elbow": [
		0.8057078123092651,
		0.3935672640800476,
		0.46537330746650696,
		0.9870814681053162
	],
	"16. left_wrist": [
		0.9319282174110413,
		0.4067331552505493,
		0.24955320358276367,
		0.9752169251441956
	],
	"19. right_shoulder": [
		0.47782063484191895,
		0.35034263134002686,
		-0.05182206258177757,
		0.9997636675834656
	],
	"20. right_elbow": [
		0.2963513433933258,
		0.355250746011734,
		-0.024086952209472656,
		0.9945570826530457
	],
	"21. right_wrist": [
		0.14666302502155304,
		0.3523191511631012,
		-0.19659198820590973,
		0.9750582575798035
	],
	"24. nose": [
		0.5881388783454895,
		0.27957385778427124,
		-0.3684558868408203,
		0.999991238117218
	],
	"25. left_eye": [
		0.5963127017021179,
		0.2707435190677643,
		-0.3039451837539673,
		0.9999872446060181
	],
	"26. right_eye": [
		0.5626224279403687,
		0.2738540470600128,
		-0.33240807056427,
		0.9999849796295166
	],
	"27. left_ear": [
		0.6095560193061829,
		0.2825576663017273,
		0.03189462795853615,
		0.9999823570251465
	],
	"28. right_ear": [
		0.5351845026016235,
		0.28252503275871277,
		-0.0980522632598877,
		0.9999861121177673
	],
	"time stamp": 29.987751182419192
}