{
	"1. left_hip": [
		0.6288423538208008,
		0.5544813871383667,
		0.15901358425617218,
		0.9998488426208496
	],
	"2. left_knee": [
		0.8216139078140259,
		0.6791509985923767,
		-0.1863000988960266,
		0.9831717610359192
	],
	"3. left_ankle": [
		0.7182775139808655,
		0.8174430131912231,
		0.24151897430419922,
		0.9803794026374817
	],
	"6. right_hip": [
		0.506700873374939,
		0.5427537560462952,
		-0.15881088376045227,
		0.9994904398918152
	],
	"7. right_knee": [
		0.41543346643447876,
		0.6982622742652893,
		-0.3063998222351074,
		0.9887709617614746
	],
	"8. right_ankle": [
		0.3180190324783325,
		0.8268845677375793,
		0.0027684695087373257,
		0.9901189208030701
	],
	"14. left_shoulder": [
		0.6775586605072021,
		0.35569143295288086,
		0.1898687779903412,
		0.9998656511306763
	],
	"15. left_elbow": [
		0.7868428230285645,
		0.4171013832092285,
		0.36458921432495117,
		0.9482806324958801
	],
	"16. left_wrist": [
		0.8954832553863525,
		0.4699113070964813,
		0.07854441553354263,
		0.9453345537185669
	],
	"19. right_shoulder": [
		0.4831239581108093,
		0.3565524220466614,
		-0.145210862159729,
		0.9997152090072632
	],
	"20. right_elbow": [
		0.3052639067173004,
		0.39432889223098755,
		-0.06287909299135208,
		0.9921111464500427
	],
	"21. right_wrist": [
		0.1718379259109497,
		0.4337840676307678,
		-0.3506460189819336,
		0.9692643284797668
	],
	"24. nose": [
		0.5876362323760986,
		0.2825525104999542,
		-0.48532235622406006,
		0.9999741315841675
	],
	"25. left_eye": [
		0.5962955355644226,
		0.2718365490436554,
		-0.4273483455181122,
		0.9999634027481079
	],
	"26. right_eye": [
		0.561627209186554,
		0.27563512325286865,
		-0.4548981785774231,
		0.9999486207962036
	],
	"27. left_ear": [
		0.6116683483123779,
		0.28223878145217896,
		-0.09599019587039948,
		0.9999444484710693
	],
	"28. right_ear": [
		0.5351513028144836,
		0.2858254015445709,
		-0.2225176841020584,
		0.9999428987503052
	],
	"time stamp": 29.987751182419192
}