{
	"1. left_hip": [
		0.5218867659568787,
		0.5392205715179443,
		0.031376566737890244,
		0.9999039769172668
	],
	"2. left_knee": [
		0.616847038269043,
		0.6123173832893372,
		-0.24163882434368134,
		0.9958827495574951
	],
	"3. left_ankle": [
		0.6174928545951843,
		0.7128673791885376,
		0.04643724113702774,
		0.9952128529548645
	],
	"6. right_hip": [
		0.42868921160697937,
		0.5377323031425476,
		-0.03194626048207283,
		0.9998745918273926
	],
	"7. right_knee": [
		0.3680780529975891,
		0.6309651136398315,
		-0.0693037360906601,
		0.9977812170982361
	],
	"8. right_ankle": [
		0.3166441023349762,
		0.7131080031394958,
		0.23400485515594482,
		0.9955198764801025
	],
	"14. left_shoulder": [
		0.6063562631607056,
		0.39796045422554016,
		-0.07261373847723007,
		0.9996210336685181
	],
	"15. left_elbow": [
		0.6923186779022217,
		0.3641515076160431,
		-0.27378717064857483,
		0.9951124787330627
	],
	"16. left_wrist": [
		0.7075143456459045,
		0.3156755864620209,
		-0.5779410600662231,
		0.9809192419052124
	],
	"19. right_shoulder": [
		0.45060139894485474,
		0.3907005786895752,
		-0.06047481670975685,
		0.9997993111610413
	],
	"20. right_elbow": [
		0.36801519989967346,
		0.35550737380981445,
		-0.14503233134746552,
		0.9970773458480835
	],
	"21. right_wrist": [
		0.3540908992290497,
		0.29070526361465454,
		-0.34029218554496765,
		0.9872734546661377
	],
	"24. nose": [
		0.5062633752822876,
		0.3480655252933502,
		-0.3829495906829834,
		0.9999821186065674
	],
	"25. left_eye": [
		0.521145224571228,
		0.338986873626709,
		-0.34536686539649963,
		0.999963641166687
	],
	"26. right_eye": [
		0.4983479678630829,
		0.340815007686615,
		-0.33540862798690796,
		0.9999681115150452
	],
	"27. left_ear": [
		0.5446052551269531,
		0.34358447790145874,
		-0.15846960246562958,
		0.9999181628227234
	],
	"28. right_ear": [
		0.49969595670700073,
		0.34700921177864075,
		-0.10938457399606705,
		0.9999653697013855
	],
	"time stamp": 30.000293832456734
}