{
	"1. left_hip": [
		0.5613696575164795,
		0.5470151901245117,
		-0.0012792994966730475,
		0.9998445510864258
	],
	"2. left_knee": [
		0.6323611736297607,
		0.6226157546043396,
		-0.37344956398010254,
		0.9968055486679077
	],
	"3. left_ankle": [
		0.6250838041305542,
		0.7201152443885803,
		-0.054176222532987595,
		0.9960082173347473
	],
	"6. right_hip": [
		0.4601462781429291,
		0.5366529822349548,
		0.0011876794742420316,
		0.9998087286949158
	],
	"7. right_knee": [
		0.3789125680923462,
		0.6270865797996521,
		-0.09447596222162247,
		0.998487114906311
	],
	"8. right_ankle": [
		0.3123883903026581,
		0.7134953737258911,
		0.1844378113746643,
		0.9969469308853149
	],
	"14. left_shoulder": [
		0.6563291549682617,
		0.40757423639297485,
		-0.184006005525589,
		0.9997673630714417
	],
	"15. left_elbow": [
		0.7663672566413879,
		0.43772798776626587,
		-0.1773083209991455,
		0.9964457154273987
	],
	"16. left_wrist": [
		0.8716182112693787,
		0.46543264389038086,
		-0.3874777853488922,
		0.9894338846206665
	],
	"19. right_shoulder": [
		0.4869934618473053,
		0.3991815447807312,
		-0.03358710557222366,
		0.9998597502708435
	],
	"20. right_elbow": [
		0.37310612201690674,
		0.425303190946579,
		-0.0150016313418746,
		0.9972454905509949
	],
	"21. right_wrist": [
		0.26414138078689575,
		0.4365372955799103,
		-0.16318605840206146,
		0.9909987449645996
	],
	"24. nose": [
		0.5600614547729492,
		0.3490076959133148,
		-0.34219104051589966,
		0.9999886751174927
	],
	"25. left_eye": [
		0.5785260200500488,
		0.3417341709136963,
		-0.3205401301383972,
		0.9999668598175049
	],
	"26. right_eye": [
		0.5561813712120056,
		0.34265395998954773,
		-0.3028489351272583,
		0.9999605417251587
	],
	"27. left_ear": [
		0.597704291343689,
		0.34871798753738403,
		-0.20094513893127441,
		0.9999451041221619
	],
	"28. right_ear": [
		0.5557551383972168,
		0.3488973379135132,
		-0.11233246326446533,
		0.9999459981918335
	],
	"time stamp": 30.000293832456734
}