{
	"1. left_hip": [
		0.5694860816001892,
		0.5488631725311279,
		-0.003919875714927912,
		0.9998154044151306
	],
	"2. left_knee": [
		0.632055401802063,
		0.6272652745246887,
		-0.033116139471530914,
		0.9969229102134705
	],
	"3. left_ankle": [
		0.6355916261672974,
		0.716949462890625,
		0.4510153532028198,
		0.9960427284240723
	],
	"6. right_hip": [
		0.46905118227005005,
		0.5390039086341858,
		0.0038635144010186195,
		0.9997934699058533
	],
	"7. right_knee": [
		0.3845139443874359,
		0.6291991472244263,
		-0.07505787909030914,
		0.9984845519065857
	],
	"8. right_ankle": [
		0.3116697072982788,
		0.7137314677238464,
		0.22446084022521973,
		0.9970036745071411
	],
	"14. left_shoulder": [
		0.6553773283958435,
		0.4092387855052948,
		-0.15707074105739594,
		0.9997896552085876
	],
	"15. left_elbow": [
		0.7601901292800903,
		0.4548628628253937,
		-0.1684773564338684,
		0.996648907661438
	],
	"16. left_wrist": [
		0.8525998592376709,
		0.49371254444122314,
		-0.38796931505203247,
		0.9901018142700195
	],
	"19. right_shoulder": [
		0.4865018129348755,
		0.40228110551834106,
		-0.07540784776210785,
		0.9998643398284912
	],
	"20. right_elbow": [
		0.3813902735710144,
		0.4380861520767212,
		-0.07545824348926544,
		0.9967558979988098
	],
	"21. right_wrist": [
		0.2699239253997803,
		0.46411070227622986,
		-0.19227853417396545,
		0.9897211194038391
	],
	"24. nose": [
		0.568347692489624,
		0.3460425138473511,
		-0.39213821291923523,
		0.9999885559082031
	],
	"25. left_eye": [
		0.5835709571838379,
		0.33956199884414673,
		-0.3593088388442993,
		0.9999631643295288
	],
	"26. right_eye": [
		0.5608623623847961,
		0.3402455151081085,
		-0.3547075092792511,
		0.9999557733535767
	],
	"27. left_ear": [
		0.599758505821228,
		0.3475697934627533,
		-0.20935997366905212,
		0.9999406337738037
	],
	"28. right_ear": [
		0.5562064051628113,
		0.3477899432182312,
		-0.16880781948566437,
		0.9999233484268188
	],
	"time stamp": 30.000293832456734
}