{
	"1. left_hip": [
		0.5526217222213745,
		0.5147653222084045,
		-0.018846211954951286,
		0.999596118927002
	],
	"2. left_knee": [
		0.5189569592475891,
		0.6766223907470703,
		-0.03533875569701195,
		0.9864789843559265
	],
	"3. left_ankle": [
		0.48957815766334534,
		0.8184784054756165,
		0.2305666208267212,
		0.9820532202720642
	],
	"6. right_hip": [
		0.42087846994400024,
		0.5131900310516357,
		0.01815052144229412,
		0.9991135597229004
	],
	"7. right_knee": [
		0.424077570438385,
		0.6727229356765747,
		0.006823466159403324,
		0.9785172939300537
	],
	"8. right_ankle": [
		0.42136532068252563,
		0.8208539485931396,
		0.2660840153694153,
		0.9716988205909729
	],
	"14. left_shoulder": [
		0.5945670008659363,
		0.32267382740974426,
		-0.4050943851470947,
		0.9998801946640015
	],
	"15. left_elbow": [
		0.7623273730278015,
		0.29098930954933167,
		-1.0185939073562622,
		0.9270459413528442
	],
	"16. left_wrist": [
		0.5969271063804626,
		0.26598861813545227,
		-1.3278088569641113,
		0.9079532027244568
	],
	"19. right_shoulder": [
		0.37479302287101746,
		0.32498863339424133,
		-0.3804924786090851,
		0.9991195201873779
	],
	"20. right_elbow": [
		0.21638548374176025,
		0.27980902791023254,
		-1.0115233659744263,
		0.8932929039001465
	],
	"21. right_wrist": [
		0.36649101972579956,
		0.24617432057857513,
		-1.4868216514587402,
		0.8499674797058105
	],
	"24. nose": [
		0.49240270256996155,
		0.24749138951301575,
		-0.7926322221755981,
		0.9999143481254578
	],
	"25. left_eye": [
		0.5163973569869995,
		0.24063311517238617,
		-0.735467791557312,
		0.9998758435249329
	],
	"26. right_eye": [
		0.4705621004104614,
		0.2382097691297531,
		-0.7321724891662598,
		0.9997873306274414
	],
	"27. left_ear": [
		0.5333572626113892,
		0.25325849652290344,
		-0.44734320044517517,
		0.9998770356178284
	],
	"28. right_ear": [
		0.444712370634079,
		0.2515731155872345,
		-0.4347091019153595,
		0.9997699856758118
	],
	"time stamp": 29.987751182419192
}