{
	"1. left_hip": [
		0.6172298789024353,
		0.5295528173446655,
		-0.026696838438510895,
		0.9996868968009949
	],
	"2. left_knee": [
		0.603897213935852,
		0.6288840770721436,
		0.09606891125440598,
		0.9942729473114014
	],
	"3. left_ankle": [
		0.6047050356864929,
		0.7142110466957092,
		0.4148458242416382,
		0.9901620745658875
	],
	"6. right_hip": [
		0.5317484140396118,
		0.5269922614097595,
		0.026731209829449654,
		0.999622642993927
	],
	"7. right_knee": [
		0.529983639717102,
		0.6198344230651855,
		0.17584499716758728,
		0.9913266897201538
	],
	"8. right_ankle": [
		0.547717273235321,
		0.6962987780570984,
		0.5680633187294006,
		0.9832427501678467
	],
	"14. left_shoulder": [
		0.6641470193862915,
		0.384147047996521,
		-0.41908857226371765,
		0.9997889399528503
	],
	"15. left_elbow": [
		0.7699293494224548,
		0.38630998134613037,
		-0.7672480344772339,
		0.9830433130264282
	],
	"16. left_wrist": [
		0.6659771800041199,
		0.3468813896179199,
		-0.9525243043899536,
		0.953740119934082
	],
	"19. right_shoulder": [
		0.5080300569534302,
		0.3826115131378174,
		-0.3676069676876068,
		0.9998142719268799
	],
	"20. right_elbow": [
		0.37951943278312683,
		0.37444043159484863,
		-0.7045777440071106,
		0.9829526543617249
	],
	"21. right_wrist": [
		0.4788264036178589,
		0.3497486412525177,
		-0.9763204455375671,
		0.9700544476509094
	],
	"24. nose": [
		0.572464644908905,
		0.3434950113296509,
		-0.7011754512786865,
		0.9999358654022217
	],
	"25. left_eye": [
		0.588417649269104,
		0.3337714970111847,
		-0.676513135433197,
		0.9998260736465454
	],
	"26. right_eye": [
		0.5620952844619751,
		0.3334626853466034,
		-0.6708680987358093,
		0.9998264312744141
	],
	"27. left_ear": [
		0.60780930519104,
		0.33731958270072937,
		-0.49971163272857666,
		0.9996835589408875
	],
	"28. right_ear": [
		0.5559320449829102,
		0.3373472988605499,
		-0.4730468988418579,
		0.9996687769889832
	],
	"time stamp": 30.000293832456734
}