{
	"1. left_hip": [
		0.6157123446464539,
		0.5207920074462891,
		-0.025882093235850334,
		0.9994068145751953
	],
	"2. left_knee": [
		0.5898932814598083,
		0.6183694005012512,
		0.00030441262060776353,
		0.9911852478981018
	],
	"3. left_ankle": [
		0.5844743251800537,
		0.7121530175209045,
		0.18307049572467804,
		0.9883966445922852
	],
	"6. right_hip": [
		0.530701756477356,
		0.521487832069397,
		0.025420254096388817,
		0.9993250966072083
	],
	"7. right_knee": [
		0.5308381915092468,
		0.6170535683631897,
		0.018993573263287544,
		0.985904335975647
	],
	"8. right_ankle": [
		0.5300611257553101,
		0.7099601030349731,
		0.2492438554763794,
		0.9769510626792908
	],
	"14. left_shoulder": [
		0.6385142803192139,
		0.3817206025123596,
		-0.47655218839645386,
		0.99977707862854
	],
	"15. left_elbow": [
		0.7582334876060486,
		0.373247355222702,
		-0.848680317401886,
		0.9907222986221313
	],
	"16. left_wrist": [
		0.6494699120521545,
		0.3378859758377075,
		-1.056172490119934,
		0.9707741737365723
	],
	"19. right_shoulder": [
		0.47923600673675537,
		0.3830176889896393,
		-0.39370229840278625,
		0.9997754096984863
	],
	"20. right_elbow": [
		0.36492133140563965,
		0.3636649250984192,
		-0.7624365091323853,
		0.990527331829071
	],
	"21. right_wrist": [
		0.47410187125205994,
		0.3386582136154175,
		-1.0408862829208374,
		0.9776716828346252
	],
	"24. nose": [
		0.5475717782974243,
		0.3474125862121582,
		-0.732495903968811,
		0.9999523162841797
	],
	"25. left_eye": [
		0.5646454691886902,
		0.33969375491142273,
		-0.7122091054916382,
		0.9998708963394165
	],
	"26. right_eye": [
		0.5381991863250732,
		0.3379645347595215,
		-0.7035984992980957,
		0.9998783469200134
	],
	"27. left_ear": [
		0.5826020836830139,
		0.3396257758140564,
		-0.5469440817832947,
		0.9997963309288025
	],
	"28. right_ear": [
		0.5287060737609863,
		0.34076449275016785,
		-0.5073306560516357,
		0.9998059272766113
	],
	"time stamp": 30.000293832456734
}