{
	"1. left_hip": [
		0.6127240657806396,
		0.5214399695396423,
		-0.025742728263139725,
		0.9993147850036621
	],
	"2. left_knee": [
		0.586113452911377,
		0.6184663772583008,
		0.0027992220129817724,
		0.9902530908584595
	],
	"3. left_ankle": [
		0.5827937126159668,
		0.711881160736084,
		0.19579960405826569,
		0.9875681400299072
	],
	"6. right_hip": [
		0.5270955562591553,
		0.5217965245246887,
		0.025263231247663498,
		0.9992314577102661
	],
	"7. right_knee": [
		0.5298937559127808,
		0.6171447038650513,
		0.02940393052995205,
		0.9847086071968079
	],
	"8. right_ankle": [
		0.527665913105011,
		0.7109367251396179,
		0.25001469254493713,
		0.9757108688354492
	],
	"14. left_shoulder": [
		0.6396229863166809,
		0.38224318623542786,
		-0.37362489104270935,
		0.9997549653053284
	],
	"15. left_elbow": [
		0.7578428387641907,
		0.3752096891403198,
		-0.7246997952461243,
		0.9915956854820251
	],
	"16. left_wrist": [
		0.6522465348243713,
		0.3367757499217987,
		-0.8799152374267578,
		0.972937285900116
	],
	"19. right_shoulder": [
		0.47554779052734375,
		0.3832171559333801,
		-0.28605398535728455,
		0.9997527003288269
	],
	"20. right_elbow": [
		0.36153918504714966,
		0.3659682273864746,
		-0.6046128273010254,
		0.9913902878761292
	],
	"21. right_wrist": [
		0.47212985157966614,
		0.33450496196746826,
		-0.8188508749008179,
		0.9783568382263184
	],
	"24. nose": [
		0.5449835062026978,
		0.3466022312641144,
		-0.6071520447731018,
		0.9999516606330872
	],
	"25. left_eye": [
		0.5619584918022156,
		0.3362407684326172,
		-0.581307590007782,
		0.9998665452003479
	],
	"26. right_eye": [
		0.5362018942832947,
		0.3353961110115051,
		-0.5711780786514282,
		0.9998767375946045
	],
	"27. left_ear": [
		0.5805210471153259,
		0.33860597014427185,
		-0.4222469627857208,
		0.9997939467430115
	],
	"28. right_ear": [
		0.5281780958175659,
		0.33983856439590454,
		-0.37485331296920776,
		0.9998140335083008
	],
	"time stamp": 30.000293832456734
}