{
	"1. left_hip": [
		0.6026791334152222,
		0.5214022994041443,
		-0.029131388291716576,
		0.9990099668502808
	],
	"2. left_knee": [
		0.5764209032058716,
		0.6192671656608582,
		0.023586969822645187,
		0.986066997051239
	],
	"3. left_ankle": [
		0.5772866606712341,
		0.7125198245048523,
		0.22036804258823395,
		0.9839571118354797
	],
	"6. right_hip": [
		0.5151976346969604,
		0.5214963555335999,
		0.028678789734840393,
		0.9988792538642883
	],
	"7. right_knee": [
		0.5257395505905151,
		0.6192654371261597,
		0.05980239436030388,
		0.9811238050460815
	],
	"8. right_ankle": [
		0.5250656008720398,
		0.7133080363273621,
		0.2897503972053528,
		0.9716026782989502
	],
	"14. left_shoulder": [
		0.6388937830924988,
		0.37811893224716187,
		-0.2577279210090637,
		0.9996599555015564
	],
	"15. left_elbow": [
		0.760604202747345,
		0.3783123791217804,
		-0.5252737998962402,
		0.9936271905899048
	],
	"16. left_wrist": [
		0.6587088704109192,
		0.3437243700027466,
		-0.7382007241249084,
		0.9774531722068787
	],
	"19. right_shoulder": [
		0.47414064407348633,
		0.37803158164024353,
		-0.15071740746498108,
		0.9996191263198853
	],
	"20. right_elbow": [
		0.3569342792034149,
		0.3674566447734833,
		-0.3371542692184448,
		0.9933376312255859
	],
	"21. right_wrist": [
		0.42930176854133606,
		0.33378154039382935,
		-0.5461421012878418,
		0.9793708324432373
	],
	"24. nose": [
		0.5440713763237,
		0.3301721215248108,
		-0.511643648147583,
		0.9999383091926575
	],
	"25. left_eye": [
		0.5597584247589111,
		0.32088756561279297,
		-0.48517340421676636,
		0.999811053276062
	],
	"26. right_eye": [
		0.5357415676116943,
		0.3214002549648285,
		-0.473610520362854,
		0.9998313188552856
	],
	"27. left_ear": [
		0.5790661573410034,
		0.3280426561832428,
		-0.32463422417640686,
		0.9997162222862244
	],
	"28. right_ear": [
		0.5278908610343933,
		0.32805195450782776,
		-0.27209120988845825,
		0.9997907280921936
	],
	"time stamp": 30.000293832456734
}