{
	"1. left_hip": [
		0.594761073589325,
		0.5192973017692566,
		-0.028855793178081512,
		0.9990017414093018
	],
	"2. left_knee": [
		0.5702530145645142,
		0.6195274591445923,
		0.030583934858441353,
		0.9827553033828735
	],
	"3. left_ankle": [
		0.5761581063270569,
		0.7141342759132385,
		0.21405375003814697,
		0.9808493852615356
	],
	"6. right_hip": [
		0.5101885199546814,
		0.5183785557746887,
		0.02845652587711811,
		0.9988352060317993
	],
	"7. right_knee": [
		0.5200982689857483,
		0.6195418238639832,
		0.048990290611982346,
		0.9794123768806458
	],
	"8. right_ankle": [
		0.5212053060531616,
		0.7140325903892517,
		0.26979923248291016,
		0.9681127667427063
	],
	"14. left_shoulder": [
		0.6385671496391296,
		0.37042859196662903,
		-0.25495922565460205,
		0.9996580481529236
	],
	"15. left_elbow": [
		0.7577099204063416,
		0.37353354692459106,
		-0.5606023669242859,
		0.9943123459815979
	],
	"16. left_wrist": [
		0.6644428372383118,
		0.35507336258888245,
		-0.8832334876060486,
		0.9738323092460632
	],
	"19. right_shoulder": [
		0.47515782713890076,
		0.37256062030792236,
		-0.1760248839855194,
		0.9995644688606262
	],
	"20. right_elbow": [
		0.35643523931503296,
		0.3609272539615631,
		-0.46909573674201965,
		0.9926665425300598
	],
	"21. right_wrist": [
		0.4011634886264801,
		0.35184940695762634,
		-0.8802577257156372,
		0.972464382648468
	],
	"24. nose": [
		0.5373454689979553,
		0.3243755102157593,
		-0.4962087571620941,
		0.9999352693557739
	],
	"25. left_eye": [
		0.5545735955238342,
		0.31669121980667114,
		-0.47297438979148865,
		0.9998157620429993
	],
	"26. right_eye": [
		0.5315447449684143,
		0.31680211424827576,
		-0.46370911598205566,
		0.9998311996459961
	],
	"27. left_ear": [
		0.5764504075050354,
		0.3238154649734497,
		-0.3075646162033081,
		0.999740719795227
	],
	"28. right_ear": [
		0.5271148085594177,
		0.32325220108032227,
		-0.2657321095466614,
		0.9998013973236084
	],
	"time stamp": 30.000293832456734
}