{
	"1. left_hip": [
		0.5854227542877197,
		0.5193138718605042,
		-0.03645385429263115,
		0.9989414215087891
	],
	"2. left_knee": [
		0.5646063089370728,
		0.6199386715888977,
		0.03309909626841545,
		0.9806183576583862
	],
	"3. left_ankle": [
		0.5705469846725464,
		0.7158921360969543,
		0.22234448790550232,
		0.9806948304176331
	],
	"6. right_hip": [
		0.5002475380897522,
		0.5179909467697144,
		0.03615792468190193,
		0.9986464381217957
	],
	"7. right_knee": [
		0.5107337236404419,
		0.6212151646614075,
		0.07808827608823776,
		0.9789456129074097
	],
	"8. right_ankle": [
		0.5142977237701416,
		0.7139710187911987,
		0.29003503918647766,
		0.9685262441635132
	],
	"14. left_shoulder": [
		0.6345000267028809,
		0.3722316324710846,
		-0.23125211894512177,
		0.9996064305305481
	],
	"15. left_elbow": [
		0.7433344125747681,
		0.37872081995010376,
		-0.5540652275085449,
		0.9931911826133728
	],
	"16. left_wrist": [
		0.647072970867157,
		0.3854454457759857,
		-0.8155226111412048,
		0.9451773762702942
	],
	"19. right_shoulder": [
		0.4716792106628418,
		0.3717367351055145,
		-0.10402044653892517,
		0.9994562864303589
	],
	"20. right_elbow": [
		0.35099172592163086,
		0.35759633779525757,
		-0.2870299816131592,
		0.9841870069503784
	],
	"21. right_wrist": [
		0.4106418192386627,
		0.3815808892250061,
		-0.5102524161338806,
		0.9190356731414795
	],
	"24. nose": [
		0.5242409110069275,
		0.32611000537872314,
		-0.43173283338546753,
		0.9998646378517151
	],
	"25. left_eye": [
		0.54341059923172,
		0.3184603452682495,
		-0.4128137230873108,
		0.9996824860572815
	],
	"26. right_eye": [
		0.5206823348999023,
		0.3184157609939575,
		-0.39680182933807373,
		0.9996417760848999
	],
	"27. left_ear": [
		0.5695974826812744,
		0.3255232274532318,
		-0.26967278122901917,
		0.9996635913848877
	],
	"28. right_ear": [
		0.5197210907936096,
		0.3249075710773468,
		-0.19968421757221222,
		0.9996935129165649
	],
	"time stamp": 30.000293832456734
}