{
	"1. left_hip": [
		0.5779690742492676,
		0.519484281539917,
		-0.035180676728487015,
		0.9990530610084534
	],
	"2. left_knee": [
		0.554413378238678,
		0.6221621036529541,
		-0.05224190279841423,
		0.9797042608261108
	],
	"3. left_ankle": [
		0.5588851571083069,
		0.7175620198249817,
		0.2402103841304779,
		0.9813092350959778
	],
	"6. right_hip": [
		0.49291887879371643,
		0.5196331739425659,
		0.03482465818524361,
		0.9987953305244446
	],
	"7. right_knee": [
		0.4984978139400482,
		0.6244857907295227,
		0.06133333593606949,
		0.9766789078712463
	],
	"8. right_ankle": [
		0.5047164559364319,
		0.7139565348625183,
		0.33243903517723083,
		0.9700148105621338
	],
	"14. left_shoulder": [
		0.6192286014556885,
		0.3864688575267792,
		-0.10500328242778778,
		0.9996427893638611
	],
	"15. left_elbow": [
		0.7155105471611023,
		0.42922091484069824,
		-0.3662770688533783,
		0.9938510656356812
	],
	"16. left_wrist": [
		0.6516119837760925,
		0.4056198000907898,
		-0.7585437297821045,
		0.9543533325195312
	],
	"19. right_shoulder": [
		0.4589043855667114,
		0.3808480501174927,
		-0.08185029029846191,
		0.9996151328086853
	],
	"20. right_elbow": [
		0.3434036076068878,
		0.41311708092689514,
		-0.3224183917045593,
		0.9891270399093628
	],
	"21. right_wrist": [
		0.4384936988353729,
		0.3998892903327942,
		-0.7114691138267517,
		0.9448477625846863
	],
	"24. nose": [
		0.5231988430023193,
		0.3263680338859558,
		-0.4221543073654175,
		0.9998863935470581
	],
	"25. left_eye": [
		0.542630672454834,
		0.3189745545387268,
		-0.38907957077026367,
		0.9997125267982483
	],
	"26. right_eye": [
		0.5177289843559265,
		0.3187961280345917,
		-0.3863173723220825,
		0.9997200965881348
	],
	"27. left_ear": [
		0.5655649304389954,
		0.32650497555732727,
		-0.20007319748401642,
		0.9996591806411743
	],
	"28. right_ear": [
		0.5103968977928162,
		0.3258231580257416,
		-0.18728476762771606,
		0.9997496008872986
	],
	"time stamp": 30.000293832456734
}