{
	"1. left_hip": [
		0.5559553503990173,
		0.529897153377533,
		0.012157429940998554,
		0.9993526935577393
	],
	"2. left_knee": [
		0.5395006537437439,
		0.6938523650169373,
		-0.14403460919857025,
		0.9086900949478149
	],
	"3. left_ankle": [
		0.5047445297241211,
		0.8155113458633423,
		0.3372674286365509,
		0.9419857859611511
	],
	"6. right_hip": [
		0.4386686384677887,
		0.527972936630249,
		-0.011842475272715092,
		0.9992383718490601
	],
	"7. right_knee": [
		0.45147907733917236,
		0.6944675445556641,
		-0.1739136129617691,
		0.9676398038864136
	],
	"8. right_ankle": [
		0.4840189218521118,
		0.7976154088973999,
		0.4266282916069031,
		0.9024205803871155
	],
	"14. left_shoulder": [
		0.6055747866630554,
		0.3561023771762848,
		0.10756383836269379,
		0.9993879199028015
	],
	"15. left_elbow": [
		0.6204893589019775,
		0.4566073417663574,
		-0.17112962901592255,
		0.7011077404022217
	],
	"16. left_wrist": [
		0.6577078700065613,
		0.40780138969421387,
		-0.7248796820640564,
		0.6986712217330933
	],
	"19. right_shoulder": [
		0.4128231704235077,
		0.3634816110134125,
		0.13630227744579315,
		0.9995282292366028
	],
	"20. right_elbow": [
		0.3932516574859619,
		0.46207889914512634,
		0.012950718402862549,
		0.8954160809516907
	],
	"21. right_wrist": [
		0.38960975408554077,
		0.4286828637123108,
		-0.6169759631156921,
		0.8362624049186707
	],
	"24. nose": [
		0.4850417673587799,
		0.29447853565216064,
		-0.3581010103225708,
		0.9998070597648621
	],
	"25. left_eye": [
		0.4949035346508026,
		0.2806278467178345,
		-0.31930121779441833,
		0.999452531337738
	],
	"26. right_eye": [
		0.4590316116809845,
		0.2887645959854126,
		-0.311048299074173,
		0.99952232837677
	],
	"27. left_ear": [
		0.514384388923645,
		0.28186875581741333,
		-0.05057806894183159,
		0.9980405569076538
	],
	"28. right_ear": [
		0.4423755705356598,
		0.2984585762023926,
		-0.013186980038881302,
		0.9994109272956848
	],
	"time stamp": 29.987751182419192
}