{
	"1. left_hip": [
		0.5617453455924988,
		0.5283227562904358,
		-0.026395659893751144,
		0.9992222785949707
	],
	"2. left_knee": [
		0.5458706617355347,
		0.6306979060173035,
		-0.013130725361406803,
		0.9712225198745728
	],
	"3. left_ankle": [
		0.537350058555603,
		0.7230748534202576,
		0.17828360199928284,
		0.9693670868873596
	],
	"6. right_hip": [
		0.46974480152130127,
		0.5226913690567017,
		0.026499280706048012,
		0.9990544319152832
	],
	"7. right_knee": [
		0.4606400430202484,
		0.6181129217147827,
		0.04862694814801216,
		0.9768098592758179
	],
	"8. right_ankle": [
		0.44857338070869446,
		0.7120819091796875,
		0.3024407625198364,
		0.9615908861160278
	],
	"14. left_shoulder": [
		0.6077247262001038,
		0.3866167366504669,
		-0.11023195832967758,
		0.9998445510864258
	],
	"15. left_elbow": [
		0.6179606914520264,
		0.4518561065196991,
		-0.2519097328186035,
		0.9699224233627319
	],
	"16. left_wrist": [
		0.6188656687736511,
		0.4576302468776703,
		-0.6528417468070984,
		0.956893801689148
	],
	"19. right_shoulder": [
		0.4419890344142914,
		0.3897693157196045,
		0.007046957034617662,
		0.9997091293334961
	],
	"20. right_elbow": [
		0.4274120032787323,
		0.45930808782577515,
		0.09494983404874802,
		0.9306437373161316
	],
	"21. right_wrist": [
		0.4061177968978882,
		0.5145750045776367,
		-0.04586092010140419,
		0.9070720672607422
	],
	"24. nose": [
		0.5131155848503113,
		0.3234148323535919,
		-0.33536434173583984,
		0.9998274445533752
	],
	"25. left_eye": [
		0.532227098941803,
		0.31637656688690186,
		-0.3108178973197937,
		0.9995449781417847
	],
	"26. right_eye": [
		0.5052297711372375,
		0.31519702076911926,
		-0.302833616733551,
		0.9993073344230652
	],
	"27. left_ear": [
		0.5522339344024658,
		0.3256581723690033,
		-0.15667852759361267,
		0.9990485906600952
	],
	"28. right_ear": [
		0.4989910423755646,
		0.323188453912735,
		-0.11929307878017426,
		0.9985448122024536
	],
	"time stamp": 30.000293832456734
}