{
	"1. left_hip": [
		0.5544040203094482,
		0.5238118767738342,
		-0.08495360612869263,
		0.9991187453269958
	],
	"2. left_knee": [
		0.504190981388092,
		0.657190203666687,
		-0.18634088337421417,
		0.9534344673156738
	],
	"3. left_ankle": [
		0.5391219854354858,
		0.7807344198226929,
		0.1087791919708252,
		0.9621382355690002
	],
	"6. right_hip": [
		0.448065847158432,
		0.5283979773521423,
		0.08516963571310043,
		0.9989368915557861
	],
	"7. right_knee": [
		0.45536255836486816,
		0.6681969165802002,
		0.021745994687080383,
		0.9629496335983276
	],
	"8. right_ankle": [
		0.48842760920524597,
		0.8008394837379456,
		0.24528488516807556,
		0.9196416139602661
	],
	"14. left_shoulder": [
		0.6006964445114136,
		0.3606024980545044,
		-0.24933092296123505,
		0.9997201561927795
	],
	"15. left_elbow": [
		0.6294959783554077,
		0.4431695342063904,
		-0.10204850137233734,
		0.8634871244430542
	],
	"16. left_wrist": [
		0.6278930306434631,
		0.4929385185241699,
		-0.24734865128993988,
		0.8173937201499939
	],
	"19. right_shoulder": [
		0.41955435276031494,
		0.37126922607421875,
		-0.10960382223129272,
		0.999704897403717
	],
	"20. right_elbow": [
		0.39300334453582764,
		0.45663201808929443,
		0.012048238888382912,
		0.8527490496635437
	],
	"21. right_wrist": [
		0.3229532539844513,
		0.508805513381958,
		-0.1601485311985016,
		0.8160643577575684
	],
	"24. nose": [
		0.4936358332633972,
		0.3166317641735077,
		-0.7220773696899414,
		0.9998695850372314
	],
	"25. left_eye": [
		0.5065870881080627,
		0.3023394048213959,
		-0.6936590075492859,
		0.9996890425682068
	],
	"26. right_eye": [
		0.4691343903541565,
		0.3078788220882416,
		-0.685431718826294,
		0.9996318221092224
	],
	"27. left_ear": [
		0.5248839855194092,
		0.3019586205482483,
		-0.43840816617012024,
		0.9991545081138611
	],
	"28. right_ear": [
		0.45667269825935364,
		0.31156978011131287,
		-0.3956373631954193,
		0.9995731115341187
	],
	"time stamp": 29.987751182419192
}