{
	"1. left_hip": [
		0.5656108260154724,
		0.5222398638725281,
		-0.06294482201337814,
		0.999208390712738
	],
	"2. left_knee": [
		0.5142039656639099,
		0.6690273284912109,
		-0.08608794212341309,
		0.9642983078956604
	],
	"3. left_ankle": [
		0.5511433482170105,
		0.7860603928565979,
		0.40346628427505493,
		0.9699336886405945
	],
	"6. right_hip": [
		0.45817118883132935,
		0.5262545943260193,
		0.06320629268884659,
		0.9988839030265808
	],
	"7. right_knee": [
		0.4564875662326813,
		0.674674928188324,
		0.019035296514630318,
		0.9636435508728027
	],
	"8. right_ankle": [
		0.4924390912055969,
		0.798159122467041,
		0.43527448177337646,
		0.9358869194984436
	],
	"14. left_shoulder": [
		0.5981805920600891,
		0.35925471782684326,
		-0.0368797704577446,
		0.9997905492782593
	],
	"15. left_elbow": [
		0.6227962374687195,
		0.4546582102775574,
		0.0348796546459198,
		0.8934701681137085
	],
	"16. left_wrist": [
		0.6478350162506104,
		0.5448428392410278,
		-0.15274451673030853,
		0.8553243279457092
	],
	"19. right_shoulder": [
		0.4172816276550293,
		0.36835530400276184,
		0.021705396473407745,
		0.9994539022445679
	],
	"20. right_elbow": [
		0.41312259435653687,
		0.4536168873310089,
		-0.17531155049800873,
		0.8055279850959778
	],
	"21. right_wrist": [
		0.37541788816452026,
		0.39649340510368347,
		-0.7809986472129822,
		0.835479736328125
	],
	"24. nose": [
		0.4956572949886322,
		0.30891019105911255,
		-0.5129750967025757,
		0.9998962879180908
	],
	"25. left_eye": [
		0.5103976726531982,
		0.29481014609336853,
		-0.47310182452201843,
		0.9997607469558716
	],
	"26. right_eye": [
		0.4718891680240631,
		0.2979812026023865,
		-0.4761385917663574,
		0.9996989965438843
	],
	"27. left_ear": [
		0.5271804928779602,
		0.2967590093612671,
		-0.18859264254570007,
		0.9993764758110046
	],
	"28. right_ear": [
		0.4565882086753845,
		0.30362269282341003,
		-0.2155212014913559,
		0.9996154308319092
	],
	"time stamp": 29.987751182419192
}