{
	"1. left_hip": [
		0.5175475478172302,
		0.5141915082931519,
		-0.034977927803993225,
		0.9993497729301453
	],
	"2. left_knee": [
		0.49230024218559265,
		0.628636360168457,
		-0.03106400929391384,
		0.9795584082603455
	],
	"3. left_ankle": [
		0.48818492889404297,
		0.7352629899978638,
		0.18978901207447052,
		0.9694316983222961
	],
	"6. right_hip": [
		0.42726144194602966,
		0.5150032639503479,
		0.0346759594976902,
		0.9992122650146484
	],
	"7. right_knee": [
		0.44701507687568665,
		0.6288076043128967,
		0.03679030388593674,
		0.9709112644195557
	],
	"8. right_ankle": [
		0.4542291760444641,
		0.7315711975097656,
		0.26519879698753357,
		0.9701766967773438
	],
	"14. left_shoulder": [
		0.563319742679596,
		0.36846381425857544,
		-0.11541570723056793,
		0.9999290108680725
	],
	"15. left_elbow": [
		0.5943119525909424,
		0.45058679580688477,
		-0.06913319230079651,
		0.9897914528846741
	],
	"16. left_wrist": [
		0.6060861349105835,
		0.5187103748321533,
		-0.21274693310260773,
		0.9844622611999512
	],
	"19. right_shoulder": [
		0.39294174313545227,
		0.3745238780975342,
		-0.09866973012685776,
		0.9995805621147156
	],
	"20. right_elbow": [
		0.3577643632888794,
		0.4480184018611908,
		-0.2334655374288559,
		0.8860242962837219
	],
	"21. right_wrist": [
		0.35979899764060974,
		0.4391544759273529,
		-0.6412466764450073,
		0.934533417224884
	],
	"24. nose": [
		0.47868773341178894,
		0.3011210262775421,
		-0.4466904103755951,
		0.999944269657135
	],
	"25. left_eye": [
		0.4958518445491791,
		0.2955874800682068,
		-0.4161112904548645,
		0.999843180179596
	],
	"26. right_eye": [
		0.46508899331092834,
		0.294599324464798,
		-0.417785108089447,
		0.9997658133506775
	],
	"27. left_ear": [
		0.5051578283309937,
		0.30656197667121887,
		-0.23037004470825195,
		0.9997386932373047
	],
	"28. right_ear": [
		0.44884559512138367,
		0.30406543612480164,
		-0.24241483211517334,
		0.9993785619735718
	],
	"time stamp": 30.000293832456734
}