{
	"1. left_hip": [
		0.5275041460990906,
		0.5266419053077698,
		-0.006943920627236366,
		0.9996225833892822
	],
	"2. left_knee": [
		0.5131412148475647,
		0.6401607394218445,
		-0.10706675797700882,
		0.9838705658912659
	],
	"3. left_ankle": [
		0.49204644560813904,
		0.7434130311012268,
		0.06160078942775726,
		0.9759845733642578
	],
	"6. right_hip": [
		0.43158477544784546,
		0.5195398330688477,
		0.0068565779365599155,
		0.9994634985923767
	],
	"7. right_knee": [
		0.4291982054710388,
		0.6203998327255249,
		0.09587811678647995,
		0.9694435596466064
	],
	"8. right_ankle": [
		0.4149254262447357,
		0.7052507400512695,
		0.48877108097076416,
		0.9380960464477539
	],
	"14. left_shoulder": [
		0.5750860571861267,
		0.3706620931625366,
		-0.03564046323299408,
		0.9999490976333618
	],
	"15. left_elbow": [
		0.6000578999519348,
		0.44165724515914917,
		-0.15764623880386353,
		0.9828173518180847
	],
	"16. left_wrist": [
		0.6147139668464661,
		0.45403850078582764,
		-0.4594196379184723,
		0.9832775592803955
	],
	"19. right_shoulder": [
		0.39494889974594116,
		0.3665103614330292,
		-0.01785906031727791,
		0.9996986985206604
	],
	"20. right_elbow": [
		0.3493933081626892,
		0.43006327748298645,
		-0.05546146631240845,
		0.9339284300804138
	],
	"21. right_wrist": [
		0.3639030158519745,
		0.46454837918281555,
		-0.31091901659965515,
		0.9595175385475159
	],
	"24. nose": [
		0.48702263832092285,
		0.2935624420642853,
		-0.282330185174942,
		0.9999662637710571
	],
	"25. left_eye": [
		0.5032039880752563,
		0.2892962396144867,
		-0.2527921795845032,
		0.9999061226844788
	],
	"26. right_eye": [
		0.47163188457489014,
		0.288071870803833,
		-0.2524391710758209,
		0.9998677968978882
	],
	"27. left_ear": [
		0.5168323516845703,
		0.30199503898620605,
		-0.09445245563983917,
		0.999843418598175
	],
	"28. right_ear": [
		0.4560554325580597,
		0.2994893789291382,
		-0.09534275531768799,
		0.999664843082428
	],
	"time stamp": 30.000293832456734
}