{
	"1. left_hip": [
		0.5234294533729553,
		0.5107184648513794,
		0.05547843500971794,
		0.9995722770690918
	],
	"2. left_knee": [
		0.4785047173500061,
		0.627663254737854,
		0.11298228800296783,
		0.9427831172943115
	],
	"3. left_ankle": [
		0.4311661720275879,
		0.7266767621040344,
		0.3873758316040039,
		0.9358401894569397
	],
	"6. right_hip": [
		0.43052488565444946,
		0.5081942677497864,
		-0.05589132010936737,
		0.999559760093689
	],
	"7. right_knee": [
		0.42898160219192505,
		0.6235104203224182,
		-0.08868391811847687,
		0.9644461274147034
	],
	"8. right_ankle": [
		0.39319753646850586,
		0.733494222164154,
		0.08140401542186737,
		0.9283454418182373
	],
	"14. left_shoulder": [
		0.5626205205917358,
		0.35498225688934326,
		0.03031042590737343,
		0.9999522566795349
	],
	"15. left_elbow": [
		0.5974308848381042,
		0.4325951933860779,
		-0.20977997779846191,
		0.9730489253997803
	],
	"16. left_wrist": [
		0.5722761154174805,
		0.3866995871067047,
		-0.6407490372657776,
		0.9826802611351013
	],
	"19. right_shoulder": [
		0.3902258574962616,
		0.3542715907096863,
		-0.028588557615876198,
		0.9998307228088379
	],
	"20. right_elbow": [
		0.35859620571136475,
		0.4352869987487793,
		-0.020922662690281868,
		0.9567123055458069
	],
	"21. right_wrist": [
		0.36327558755874634,
		0.5120481848716736,
		-0.14528290927410126,
		0.9639685750007629
	],
	"24. nose": [
		0.47920331358909607,
		0.2838643491268158,
		-0.2703598439693451,
		0.999972403049469
	],
	"25. left_eye": [
		0.4969591498374939,
		0.27927714586257935,
		-0.23070695996284485,
		0.9999182224273682
	],
	"26. right_eye": [
		0.4665215313434601,
		0.27742958068847656,
		-0.23740926384925842,
		0.9999005198478699
	],
	"27. left_ear": [
		0.5097717642784119,
		0.28970494866371155,
		-0.03482043743133545,
		0.9998138546943665
	],
	"28. right_ear": [
		0.45146626234054565,
		0.2873239815235138,
		-0.06987567991018295,
		0.9997885823249817
	],
	"time stamp": 30.000293832456734
}