{
	"1. left_hip": [
		0.5256693959236145,
		0.5292984247207642,
		0.11690469086170197,
		0.9994150400161743
	],
	"2. left_knee": [
		0.5816064476966858,
		0.6123291850090027,
		0.15830010175704956,
		0.9034916758537292
	],
	"3. left_ankle": [
		0.4917612075805664,
		0.6967377662658691,
		0.5643054842948914,
		0.8865840435028076
	],
	"6. right_hip": [
		0.43791255354881287,
		0.5290431976318359,
		-0.11712165176868439,
		0.9996357560157776
	],
	"7. right_knee": [
		0.4202256500720978,
		0.6376580595970154,
		-0.12035327404737473,
		0.9696563482284546
	],
	"8. right_ankle": [
		0.38164791464805603,
		0.7377660274505615,
		0.07795444130897522,
		0.9422972202301025
	],
	"14. left_shoulder": [
		0.5579302310943604,
		0.36769989132881165,
		0.04558878019452095,
		0.999877393245697
	],
	"15. left_elbow": [
		0.5960258841514587,
		0.43483322858810425,
		-0.09801720082759857,
		0.9233687520027161
	],
	"16. left_wrist": [
		0.5910347104072571,
		0.4262215793132782,
		-0.5320032238960266,
		0.9716314077377319
	],
	"19. right_shoulder": [
		0.4060126841068268,
		0.3560861349105835,
		-0.2509481906890869,
		0.9999104738235474
	],
	"20. right_elbow": [
		0.351077139377594,
		0.43538859486579895,
		-0.30903562903404236,
		0.9740103483200073
	],
	"21. right_wrist": [
		0.380220502614975,
		0.5129508376121521,
		-0.41111093759536743,
		0.9657739996910095
	],
	"24. nose": [
		0.5318894386291504,
		0.299933522939682,
		-0.36396586894989014,
		0.9999776482582092
	],
	"25. left_eye": [
		0.5388387441635132,
		0.2920513451099396,
		-0.3279353678226471,
		0.9999344348907471
	],
	"26. right_eye": [
		0.5116932988166809,
		0.2895413637161255,
		-0.3605523705482483,
		0.9999386668205261
	],
	"27. left_ear": [
		0.5351355671882629,
		0.30050984025001526,
		-0.11371728777885437,
		0.9998335242271423
	],
	"28. right_ear": [
		0.4838888347148895,
		0.29499751329421997,
		-0.26703113317489624,
		0.9998875856399536
	],
	"time stamp": 30.000293832456734
}