{
	"1. left_hip": [
		0.5620971918106079,
		0.5401862263679504,
		0.2109672874212265,
		0.9996156096458435
	],
	"2. left_knee": [
		0.6486157178878784,
		0.6857601404190063,
		0.18232236802577972,
		0.9532427191734314
	],
	"3. left_ankle": [
		0.6600039601325989,
		0.8263108730316162,
		0.3688434660434723,
		0.9781987071037292
	],
	"6. right_hip": [
		0.481738418340683,
		0.5419279932975769,
		-0.21136581897735596,
		0.9996725916862488
	],
	"7. right_knee": [
		0.4424193203449249,
		0.7163708209991455,
		-0.37884998321533203,
		0.9956021904945374
	],
	"8. right_ankle": [
		0.24786141514778137,
		0.8268099427223206,
		-0.31064486503601074,
		0.9925228357315063
	],
	"14. left_shoulder": [
		0.5492041707038879,
		0.3654426634311676,
		0.37896957993507385,
		0.9993500709533691
	],
	"15. left_elbow": [
		0.5213962197303772,
		0.45783451199531555,
		0.5579234957695007,
		0.10516246408224106
	],
	"16. left_wrist": [
		0.5354568362236023,
		0.5355326533317566,
		0.4534868001937866,
		0.11375682055950165
	],
	"19. right_shoulder": [
		0.5361238121986389,
		0.3486941158771515,
		-0.358694851398468,
		0.9998478293418884
	],
	"20. right_elbow": [
		0.6014108061790466,
		0.4520774483680725,
		-0.3332190215587616,
		0.9862523674964905
	],
	"21. right_wrist": [
		0.7174199819564819,
		0.5293510556221008,
		-0.21669404208660126,
		0.953826904296875
	],
	"24. nose": [
		0.6377173066139221,
		0.3180674910545349,
		-0.3713335692882538,
		0.9999455809593201
	],
	"25. left_eye": [
		0.647355854511261,
		0.3122648596763611,
		-0.31234437227249146,
		0.9999098181724548
	],
	"26. right_eye": [
		0.6221579313278198,
		0.30126291513442993,
		-0.36828699707984924,
		0.9999226927757263
	],
	"27. left_ear": [
		0.6371611952781677,
		0.317740797996521,
		-0.007458042819052935,
		0.999748945236206
	],
	"28. right_ear": [
		0.5902613401412964,
		0.2928955852985382,
		-0.2599562704563141,
		0.9999229311943054
	],
	"time stamp": 29.987751182419192
}