{
	"1. left_hip": [
		0.453703373670578,
		0.5102447271347046,
		0.22103890776634216,
		0.9996341466903687
	],
	"2. left_knee": [
		0.4802742898464203,
		0.6189748644828796,
		0.18950022757053375,
		0.8052894473075867
	],
	"3. left_ankle": [
		0.5432565808296204,
		0.7325475215911865,
		0.2920295298099518,
		0.9329933524131775
	],
	"6. right_hip": [
		0.46679452061653137,
		0.5085836052894592,
		-0.2212594598531723,
		0.9995675086975098
	],
	"7. right_knee": [
		0.43228450417518616,
		0.6226165890693665,
		-0.22059546411037445,
		0.9882131218910217
	],
	"8. right_ankle": [
		0.27093833684921265,
		0.710774302482605,
		-0.12629149854183197,
		0.9754579663276672
	],
	"14. left_shoulder": [
		0.49971818923950195,
		0.3554386496543884,
		0.29508349299430847,
		0.9997602701187134
	],
	"15. left_elbow": [
		0.4891641139984131,
		0.43609797954559326,
		0.37285035848617554,
		0.42251095175743103
	],
	"16. left_wrist": [
		0.5465431809425354,
		0.4892117381095886,
		0.24443434178829193,
		0.5487319231033325
	],
	"19. right_shoulder": [
		0.5495263934135437,
		0.35584530234336853,
		-0.4105067849159241,
		0.9999741315841675
	],
	"20. right_elbow": [
		0.5533943772315979,
		0.4364447593688965,
		-0.43986445665359497,
		0.9921789169311523
	],
	"21. right_wrist": [
		0.6429708003997803,
		0.48372456431388855,
		-0.3187008798122406,
		0.9820792078971863
	],
	"24. nose": [
		0.61378413438797,
		0.33139899373054504,
		-0.11739020049571991,
		0.9999144673347473
	],
	"25. left_eye": [
		0.6168712377548218,
		0.3234182894229889,
		-0.09237370640039444,
		0.9997500777244568
	],
	"26. right_eye": [
		0.6146916151046753,
		0.31894180178642273,
		-0.1610213816165924,
		0.9998669624328613
	],
	"27. left_ear": [
		0.5960485339164734,
		0.3180605471134186,
		0.050040364265441895,
		0.9990240931510925
	],
	"28. right_ear": [
		0.5895276069641113,
		0.3197478652000427,
		-0.27040302753448486,
		0.9999037981033325
	],
	"time stamp": 30.000293832456734
}