{
	"1. left_hip": [
		0.5452578067779541,
		0.5390236377716064,
		0.2266635298728943,
		0.9996529221534729
	],
	"2. left_knee": [
		0.6437600255012512,
		0.6844966411590576,
		0.06510844081640244,
		0.9538431167602539
	],
	"3. left_ankle": [
		0.6653260588645935,
		0.8264192938804626,
		0.16625156998634338,
		0.9797571897506714
	],
	"6. right_hip": [
		0.4631631374359131,
		0.5334745049476624,
		-0.22692592442035675,
		0.9996871948242188
	],
	"7. right_knee": [
		0.420155793428421,
		0.7048590183258057,
		-0.37504076957702637,
		0.9962412118911743
	],
	"8. right_ankle": [
		0.23832203447818756,
		0.828777551651001,
		-0.27367934584617615,
		0.9941256046295166
	],
	"14. left_shoulder": [
		0.6026297807693481,
		0.372571736574173,
		0.3398812711238861,
		0.9994987845420837
	],
	"15. left_elbow": [
		0.5977033972740173,
		0.4627499580383301,
		0.4269057512283325,
		0.21497783064842224
	],
	"16. left_wrist": [
		0.7293087244033813,
		0.44112586975097656,
		0.18008208274841309,
		0.3104037642478943
	],
	"19. right_shoulder": [
		0.5047706961631775,
		0.340459406375885,
		-0.3659628629684448,
		0.999897837638855
	],
	"20. right_elbow": [
		0.41043365001678467,
		0.4344434142112732,
		-0.45901787281036377,
		0.9860949516296387
	],
	"21. right_wrist": [
		0.5198744535446167,
		0.49778494238853455,
		-0.6489052772521973,
		0.953212320804596
	],
	"24. nose": [
		0.6371217370033264,
		0.3015061914920807,
		-0.4529131054878235,
		0.9999639391899109
	],
	"25. left_eye": [
		0.6522055864334106,
		0.2978925406932831,
		-0.3887130916118622,
		0.9999397397041321
	],
	"26. right_eye": [
		0.6241996884346008,
		0.28555020689964294,
		-0.44234463572502136,
		0.9999487996101379
	],
	"27. left_ear": [
		0.647950291633606,
		0.30646228790283203,
		-0.04340209439396858,
		0.9998304843902588
	],
	"28. right_ear": [
		0.5940736532211304,
		0.2833341062068939,
		-0.2964516878128052,
		0.9999490976333618
	],
	"time stamp": 29.987751182419192
}