{
	"1. left_hip": [
		0.45637157559394836,
		0.5130894780158997,
		0.21390531957149506,
		0.9996570944786072
	],
	"2. left_knee": [
		0.5197939872741699,
		0.6183755397796631,
		0.34135901927948,
		0.8227537870407104
	],
	"3. left_ankle": [
		0.5284419655799866,
		0.7257483005523682,
		0.570060670375824,
		0.9414108991622925
	],
	"6. right_hip": [
		0.4512983560562134,
		0.5123265385627747,
		-0.21423189342021942,
		0.9996086955070496
	],
	"7. right_knee": [
		0.3294128179550171,
		0.6227213144302368,
		-0.16635088622570038,
		0.9899641275405884
	],
	"8. right_ankle": [
		0.23130953311920166,
		0.724387526512146,
		-0.03618808835744858,
		0.9796468615531921
	],
	"14. left_shoulder": [
		0.4887332022190094,
		0.36058664321899414,
		0.27351346611976624,
		0.9997869729995728
	],
	"15. left_elbow": [
		0.5089750289916992,
		0.43937018513679504,
		0.32781487703323364,
		0.3615363538265228
	],
	"16. left_wrist": [
		0.5730391144752502,
		0.493785560131073,
		0.2059997320175171,
		0.4857165217399597
	],
	"19. right_shoulder": [
		0.5617995858192444,
		0.3561781048774719,
		-0.44734498858451843,
		0.9999780654907227
	],
	"20. right_elbow": [
		0.5884895324707031,
		0.445021390914917,
		-0.46223121881484985,
		0.9921690225601196
	],
	"21. right_wrist": [
		0.6492215394973755,
		0.515296995639801,
		-0.3867088258266449,
		0.9801129102706909
	],
	"24. nose": [
		0.6115511655807495,
		0.3355761766433716,
		-0.1450420469045639,
		0.9999201893806458
	],
	"25. left_eye": [
		0.6134989857673645,
		0.3242556154727936,
		-0.12421806156635284,
		0.9997801184654236
	],
	"26. right_eye": [
		0.611385703086853,
		0.32338500022888184,
		-0.18578997254371643,
		0.9998724460601807
	],
	"27. left_ear": [
		0.5952669978141785,
		0.3182983696460724,
		-0.002792839426547289,
		0.9991626739501953
	],
	"28. right_ear": [
		0.5868901014328003,
		0.31969982385635376,
		-0.3016836941242218,
		0.9999049305915833
	],
	"time stamp": 30.000293832456734
}