{
	"1. left_hip": [
		0.5629116892814636,
		0.5404777526855469,
		0.19564206898212433,
		0.9996995329856873
	],
	"2. left_knee": [
		0.6381606459617615,
		0.6814354062080383,
		0.08391579240560532,
		0.9657650589942932
	],
	"3. left_ankle": [
		0.6791080236434937,
		0.8271114826202393,
		0.3245900869369507,
		0.984451174736023
	],
	"6. right_hip": [
		0.4460481107234955,
		0.5407065749168396,
		-0.1958812028169632,
		0.9997265338897705
	],
	"7. right_knee": [
		0.4411437213420868,
		0.7118086814880371,
		-0.3720054030418396,
		0.9974693655967712
	],
	"8. right_ankle": [
		0.2551766335964203,
		0.8298447728157043,
		-0.18370850384235382,
		0.9966117739677429
	],
	"14. left_shoulder": [
		0.6168419122695923,
		0.391185462474823,
		0.31433939933776855,
		0.9998035430908203
	],
	"15. left_elbow": [
		0.6565098762512207,
		0.4833229184150696,
		0.38445472717285156,
		0.6349388360977173
	],
	"16. left_wrist": [
		0.7163817882537842,
		0.5643224716186523,
		0.1651187539100647,
		0.7352118492126465
	],
	"19. right_shoulder": [
		0.4612583518028259,
		0.33440548181533813,
		-0.20458194613456726,
		0.9999562501907349
	],
	"20. right_elbow": [
		0.43414217233657837,
		0.40789908170700073,
		-0.5847115516662598,
		0.9897031784057617
	],
	"21. right_wrist": [
		0.573336660861969,
		0.4255673289299011,
		-0.9843583106994629,
		0.9759746789932251
	],
	"24. nose": [
		0.6236703991889954,
		0.3022784888744354,
		-0.33652928471565247,
		0.9999873042106628
	],
	"25. left_eye": [
		0.6434993147850037,
		0.30007731914520264,
		-0.2734680771827698,
		0.9999775290489197
	],
	"26. right_eye": [
		0.6093959808349609,
		0.28815481066703796,
		-0.3128310441970825,
		0.9999813437461853
	],
	"27. left_ear": [
		0.6411077380180359,
		0.3121170401573181,
		0.05289052426815033,
		0.9999350905418396
	],
	"28. right_ear": [
		0.5758545398712158,
		0.28812310099601746,
		-0.1392175406217575,
		0.999980628490448
	],
	"time stamp": 29.987751182419192
}