{
	"1. left_hip": [
		0.5183904767036438,
		0.5415453314781189,
		0.20468340814113617,
		0.9996406435966492
	],
	"2. left_knee": [
		0.6270484924316406,
		0.6824968457221985,
		0.19367057085037231,
		0.9701667428016663
	],
	"3. left_ankle": [
		0.6762310266494751,
		0.8273171186447144,
		0.3962533473968506,
		0.9868821501731873
	],
	"6. right_hip": [
		0.4315774142742157,
		0.5273669958114624,
		-0.20487384498119354,
		0.9997415542602539
	],
	"7. right_knee": [
		0.3318064212799072,
		0.6849186420440674,
		-0.2870210111141205,
		0.997769832611084
	],
	"8. right_ankle": [
		0.23441295325756073,
		0.8328357338905334,
		-0.17470911145210266,
		0.9974440932273865
	],
	"14. left_shoulder": [
		0.5943689346313477,
		0.3636372983455658,
		0.09905052930116653,
		0.9997177124023438
	],
	"15. left_elbow": [
		0.5786102414131165,
		0.44854697585105896,
		0.209464892745018,
		0.38468509912490845
	],
	"16. left_wrist": [
		0.5366838574409485,
		0.5205739140510559,
		0.040510911494493484,
		0.4481886029243469
	],
	"19. right_shoulder": [
		0.5360977053642273,
		0.3500535190105438,
		-0.6257752776145935,
		0.9999715089797974
	],
	"20. right_elbow": [
		0.6258001327514648,
		0.4587424695491791,
		-0.6347055435180664,
		0.9919543862342834
	],
	"21. right_wrist": [
		0.7421737909317017,
		0.546782910823822,
		-0.5272659063339233,
		0.9722678065299988
	],
	"24. nose": [
		0.6318849921226501,
		0.29107582569122314,
		-0.7364904880523682,
		0.9999926686286926
	],
	"25. left_eye": [
		0.646666944026947,
		0.28414100408554077,
		-0.6770969033241272,
		0.9999867677688599
	],
	"26. right_eye": [
		0.6123088598251343,
		0.2757634222507477,
		-0.7188565731048584,
		0.9999893307685852
	],
	"27. left_ear": [
		0.6430147886276245,
		0.2922789752483368,
		-0.34585312008857727,
		0.9999594688415527
	],
	"28. right_ear": [
		0.5733566880226135,
		0.27861908078193665,
		-0.5308029055595398,
		0.9999889135360718
	],
	"time stamp": 29.987751182419192
}