{
	"1. left_hip": [
		0.5209404230117798,
		0.5438953042030334,
		0.21025341749191284,
		0.99962317943573
	],
	"2. left_knee": [
		0.6301838159561157,
		0.6830831170082092,
		0.2347436547279358,
		0.9711276292800903
	],
	"3. left_ankle": [
		0.675527036190033,
		0.8275719285011292,
		0.4676944613456726,
		0.987231433391571
	],
	"6. right_hip": [
		0.4316665530204773,
		0.5307624936103821,
		-0.21045082807540894,
		0.9997503161430359
	],
	"7. right_knee": [
		0.34137001633644104,
		0.6870700716972351,
		-0.31338706612586975,
		0.9978771209716797
	],
	"8. right_ankle": [
		0.23446692526340485,
		0.8327717185020447,
		-0.2511119544506073,
		0.9975813031196594
	],
	"14. left_shoulder": [
		0.5947248339653015,
		0.36454373598098755,
		0.12255575507879257,
		0.9997087717056274
	],
	"15. left_elbow": [
		0.5542659759521484,
		0.44948408007621765,
		0.23939268290996552,
		0.3545571267604828
	],
	"16. left_wrist": [
		0.5207312703132629,
		0.5249090790748596,
		0.056732531636953354,
		0.41223153471946716
	],
	"19. right_shoulder": [
		0.5377891659736633,
		0.35039809346199036,
		-0.6390499472618103,
		0.9999738931655884
	],
	"20. right_elbow": [
		0.6219151020050049,
		0.4558011293411255,
		-0.6641581654548645,
		0.9927006363868713
	],
	"21. right_wrist": [
		0.7376440763473511,
		0.5484980940818787,
		-0.5830273032188416,
		0.9740892052650452
	],
	"24. nose": [
		0.6334078311920166,
		0.2911292612552643,
		-0.7391595840454102,
		0.9999933242797852
	],
	"25. left_eye": [
		0.6468648910522461,
		0.28465861082077026,
		-0.6777036786079407,
		0.9999879002571106
	],
	"26. right_eye": [
		0.6130999326705933,
		0.27606695890426636,
		-0.7216875553131104,
		0.9999903440475464
	],
	"27. left_ear": [
		0.6431581377983093,
		0.2925117611885071,
		-0.33726438879966736,
		0.999962568283081
	],
	"28. right_ear": [
		0.5734485387802124,
		0.2791557013988495,
		-0.5313772559165955,
		0.9999899864196777
	],
	"time stamp": 29.987751182419192
}