{
	"1. left_hip": [
		0.5344977974891663,
		0.5441508889198303,
		0.23756717145442963,
		0.9994025230407715
	],
	"2. left_knee": [
		0.6465888023376465,
		0.6805054545402527,
		0.2541680634021759,
		0.9646918177604675
	],
	"3. left_ankle": [
		0.6778777837753296,
		0.8277600407600403,
		0.4662809669971466,
		0.9842014312744141
	],
	"6. right_hip": [
		0.46282368898391724,
		0.5407391786575317,
		-0.23771925270557404,
		0.9997026920318604
	],
	"7. right_knee": [
		0.4619435667991638,
		0.7148606181144714,
		-0.39969342947006226,
		0.9976722002029419
	],
	"8. right_ankle": [
		0.2556385099887848,
		0.8312997817993164,
		-0.36199888586997986,
		0.9972168803215027
	],
	"14. left_shoulder": [
		0.5521250367164612,
		0.3623386025428772,
		0.14461414515972137,
		0.9996272325515747
	],
	"15. left_elbow": [
		0.5460779070854187,
		0.4572661817073822,
		0.32697832584381104,
		0.24826094508171082
	],
	"16. left_wrist": [
		0.5055597424507141,
		0.5400846004486084,
		0.15310734510421753,
		0.29230839014053345
	],
	"19. right_shoulder": [
		0.5341571569442749,
		0.35364314913749695,
		-0.6579573154449463,
		0.9999796748161316
	],
	"20. right_elbow": [
		0.5661236643791199,
		0.46665436029434204,
		-0.6634068489074707,
		0.9930928349494934
	],
	"21. right_wrist": [
		0.6221038103103638,
		0.5576639175415039,
		-0.6182047128677368,
		0.9684455394744873
	],
	"24. nose": [
		0.6292331218719482,
		0.305566668510437,
		-0.7286913394927979,
		0.9999936819076538
	],
	"25. left_eye": [
		0.6428167223930359,
		0.2980867028236389,
		-0.6726766228675842,
		0.9999843239784241
	],
	"26. right_eye": [
		0.6115865707397461,
		0.2898370623588562,
		-0.7287225723266602,
		0.999990701675415
	],
	"27. left_ear": [
		0.6367650628089905,
		0.3036211133003235,
		-0.3369881510734558,
		0.9999302625656128
	],
	"28. right_ear": [
		0.5732524991035461,
		0.2888261079788208,
		-0.5841505527496338,
		0.9999901652336121
	],
	"time stamp": 29.987751182419192
}