{
	"1. left_hip": [
		0.4836311638355255,
		0.5228812098503113,
		0.19959703087806702,
		0.9990437030792236
	],
	"2. left_knee": [
		0.5634431838989258,
		0.6171988248825073,
		0.09360445290803909,
		0.880484938621521
	],
	"3. left_ankle": [
		0.5449281930923462,
		0.7283855080604553,
		0.15412810444831848,
		0.9526259899139404
	],
	"6. right_hip": [
		0.4325995445251465,
		0.5191073417663574,
		-0.19952166080474854,
		0.9991785287857056
	],
	"7. right_knee": [
		0.4320991337299347,
		0.630132257938385,
		-0.3803708553314209,
		0.9947404861450195
	],
	"8. right_ankle": [
		0.27610450983047485,
		0.7104440331459045,
		-0.3900238573551178,
		0.9934087991714478
	],
	"14. left_shoulder": [
		0.5204845070838928,
		0.3795120120048523,
		0.3736412227153778,
		0.9997832775115967
	],
	"15. left_elbow": [
		0.4790486991405487,
		0.45199325680732727,
		0.475544273853302,
		0.4842747151851654
	],
	"16. left_wrist": [
		0.5422382354736328,
		0.5003321766853333,
		0.35917559266090393,
		0.6818451285362244
	],
	"19. right_shoulder": [
		0.5024634003639221,
		0.36614567041397095,
		-0.31574204564094543,
		0.9999829530715942
	],
	"20. right_elbow": [
		0.493351012468338,
		0.4433214068412781,
		-0.414533793926239,
		0.995115339756012
	],
	"21. right_wrist": [
		0.5842457413673401,
		0.4678080677986145,
		-0.4030090570449829,
		0.9873192310333252
	],
	"24. nose": [
		0.6013635396957397,
		0.3423091471195221,
		-0.010840711183845997,
		0.9999393224716187
	],
	"25. left_eye": [
		0.6049942970275879,
		0.33094164729118347,
		0.019160211086273193,
		0.9998186230659485
	],
	"26. right_eye": [
		0.5938819050788879,
		0.3286001980304718,
		-0.049242421984672546,
		0.9998810291290283
	],
	"27. left_ear": [
		0.5856264233589172,
		0.3276507556438446,
		0.16507874429225922,
		0.9993438124656677
	],
	"28. right_ear": [
		0.5630320310592651,
		0.3241209387779236,
		-0.14565448462963104,
		0.9998496174812317
	],
	"time stamp": 30.000293832456734
}