{
	"1. left_hip": [
		0.3785759508609772,
		0.5099340081214905,
		0.19102095067501068,
		0.9992815852165222
	],
	"2. left_knee": [
		0.3104567527770996,
		0.612225353717804,
		0.24553470313549042,
		0.8685786128044128
	],
	"3. left_ankle": [
		0.37013259530067444,
		0.7221418023109436,
		0.2703538239002228,
		0.9553254246711731
	],
	"6. right_hip": [
		0.4233109951019287,
		0.5140790343284607,
		-0.19113986194133759,
		0.9993923902511597
	],
	"7. right_knee": [
		0.44395875930786133,
		0.6117758750915527,
		-0.04325484856963158,
		0.9945451021194458
	],
	"8. right_ankle": [
		0.3913459777832031,
		0.7263011336326599,
		0.06609129905700684,
		0.9940303564071655
	],
	"14. left_shoulder": [
		0.47284838557243347,
		0.36211276054382324,
		0.22525037825107574,
		0.999808132648468
	],
	"15. left_elbow": [
		0.42344069480895996,
		0.43622416257858276,
		0.28706684708595276,
		0.3531196415424347
	],
	"16. left_wrist": [
		0.4617355167865753,
		0.48930448293685913,
		0.23626737296581268,
		0.4888812303543091
	],
	"19. right_shoulder": [
		0.5709827542304993,
		0.3757557272911072,
		-0.36872196197509766,
		0.9999855160713196
	],
	"20. right_elbow": [
		0.5634096264839172,
		0.46557921171188354,
		-0.3461335301399231,
		0.9920055866241455
	],
	"21. right_wrist": [
		0.6532010436058044,
		0.5135883688926697,
		-0.15444590151309967,
		0.9749630689620972
	],
	"24. nose": [
		0.6196452379226685,
		0.3412206768989563,
		0.03538980707526207,
		0.9999352097511292
	],
	"25. left_eye": [
		0.6149428486824036,
		0.32767000794410706,
		0.04168877378106117,
		0.9998540878295898
	],
	"26. right_eye": [
		0.6180139780044556,
		0.3284960091114044,
		-0.016078976914286613,
		0.9998853802680969
	],
	"27. left_ear": [
		0.5877484083175659,
		0.3241942226886749,
		0.08394493162631989,
		0.9995077252388
	],
	"28. right_ear": [
		0.595638632774353,
		0.326472669839859,
		-0.18305107951164246,
		0.9998712539672852
	],
	"time stamp": 30.000293832456734
}