{
	"1. left_hip": [
		0.5048717856407166,
		0.5209741592407227,
		0.19491013884544373,
		0.9990420341491699
	],
	"2. left_knee": [
		0.568145751953125,
		0.6128595471382141,
		0.20428255200386047,
		0.8703525066375732
	],
	"3. left_ankle": [
		0.5546674132347107,
		0.7280228734016418,
		0.37885650992393494,
		0.9463658928871155
	],
	"6. right_hip": [
		0.4370357394218445,
		0.5199845433235168,
		-0.19490797817707062,
		0.9991989731788635
	],
	"7. right_knee": [
		0.4486592411994934,
		0.6310065388679504,
		-0.33663541078567505,
		0.9921919703483582
	],
	"8. right_ankle": [
		0.2806204855442047,
		0.7089840173721313,
		-0.22501042485237122,
		0.9916114807128906
	],
	"14. left_shoulder": [
		0.5579184889793396,
		0.3859735131263733,
		0.12186188995838165,
		0.9996868371963501
	],
	"15. left_elbow": [
		0.541917622089386,
		0.4524326026439667,
		0.28838998079299927,
		0.33849668502807617
	],
	"16. left_wrist": [
		0.6417734622955322,
		0.4820553958415985,
		0.12324091792106628,
		0.41516849398612976
	],
	"19. right_shoulder": [
		0.48500800132751465,
		0.36775919795036316,
		-0.4767691493034363,
		0.9999787211418152
	],
	"20. right_elbow": [
		0.39198368787765503,
		0.4258919656276703,
		-0.6020628213882446,
		0.9925824999809265
	],
	"21. right_wrist": [
		0.4779025912284851,
		0.4910551607608795,
		-0.6855061054229736,
		0.9727328419685364
	],
	"24. nose": [
		0.6199597120285034,
		0.3313065767288208,
		-0.4109761118888855,
		0.9999555349349976
	],
	"25. left_eye": [
		0.6167857646942139,
		0.3205057680606842,
		-0.3677978217601776,
		0.9998948574066162
	],
	"26. right_eye": [
		0.6066427826881409,
		0.31788170337677,
		-0.42672404646873474,
		0.9999257326126099
	],
	"27. left_ear": [
		0.5923925042152405,
		0.3219771981239319,
		-0.14121004939079285,
		0.9996697306632996
	],
	"28. right_ear": [
		0.5708401203155518,
		0.3173922002315521,
		-0.41272157430648804,
		0.999915361404419
	],
	"time stamp": 30.000293832456734
}