{
	"1. left_hip": [
		0.5541591644287109,
		0.5464409589767456,
		0.22232720255851746,
		0.9995524287223816
	],
	"2. left_knee": [
		0.6561206579208374,
		0.6837848424911499,
		0.20779183506965637,
		0.9595264792442322
	],
	"3. left_ankle": [
		0.692369818687439,
		0.8284004926681519,
		0.48858368396759033,
		0.984544575214386
	],
	"6. right_hip": [
		0.44317296147346497,
		0.5455709099769592,
		-0.2230035960674286,
		0.9997639656066895
	],
	"7. right_knee": [
		0.4677996337413788,
		0.7175429463386536,
		-0.4196624755859375,
		0.9978322386741638
	],
	"8. right_ankle": [
		0.27003905177116394,
		0.8245424628257751,
		-0.18339113891124725,
		0.9976049065589905
	],
	"14. left_shoulder": [
		0.6267821788787842,
		0.39488524198532104,
		0.06958110630512238,
		0.9998107552528381
	],
	"15. left_elbow": [
		0.699168860912323,
		0.48382771015167236,
		0.216404527425766,
		0.6814458966255188
	],
	"16. left_wrist": [
		0.8073169589042664,
		0.5614235997200012,
		-0.02339160069823265,
		0.7525498270988464
	],
	"19. right_shoulder": [
		0.46291881799697876,
		0.33615177869796753,
		-0.4550117254257202,
		0.999991774559021
	],
	"20. right_elbow": [
		0.2955414354801178,
		0.3501863181591034,
		-0.8753483891487122,
		0.9962392449378967
	],
	"21. right_wrist": [
		0.464431494474411,
		0.3779106140136719,
		-1.3233088254928589,
		0.984638512134552
	],
	"24. nose": [
		0.6306601762771606,
		0.3068968951702118,
		-0.7441736459732056,
		0.9999974370002747
	],
	"25. left_eye": [
		0.6468517780303955,
		0.3012339174747467,
		-0.6762362122535706,
		0.9999924302101135
	],
	"26. right_eye": [
		0.6146169304847717,
		0.29382073879241943,
		-0.717872679233551,
		0.9999961853027344
	],
	"27. left_ear": [
		0.6443377137184143,
		0.3097352683544159,
		-0.287303626537323,
		0.9999628067016602
	],
	"28. right_ear": [
		0.5793653130531311,
		0.2949170470237732,
		-0.4946257174015045,
		0.9999960064888
	],
	"time stamp": 29.987751182419192
}