{
	"1. left_hip": [
		0.5358999967575073,
		0.5397660732269287,
		0.23975324630737305,
		0.9995664954185486
	],
	"2. left_knee": [
		0.6528706550598145,
		0.6836734414100647,
		0.2733548879623413,
		0.9594479203224182
	],
	"3. left_ankle": [
		0.6953181624412537,
		0.8272064328193665,
		0.5011744499206543,
		0.9842846393585205
	],
	"6. right_hip": [
		0.4578675925731659,
		0.5322694778442383,
		-0.240113765001297,
		0.9997824430465698
	],
	"7. right_knee": [
		0.3777486979961395,
		0.6968098282814026,
		-0.36249762773513794,
		0.9971675872802734
	],
	"8. right_ankle": [
		0.24023079872131348,
		0.8323571085929871,
		-0.3156976103782654,
		0.9973227977752686
	],
	"14. left_shoulder": [
		0.5891116857528687,
		0.3545707166194916,
		0.3283311724662781,
		0.9998296499252319
	],
	"15. left_elbow": [
		0.5297296643257141,
		0.4455150067806244,
		0.39727914333343506,
		0.3763742744922638
	],
	"16. left_wrist": [
		0.5560786724090576,
		0.5251449942588806,
		0.179104283452034,
		0.44864916801452637
	],
	"19. right_shoulder": [
		0.5640033483505249,
		0.34775927662849426,
		-0.48985719680786133,
		0.9999907612800598
	],
	"20. right_elbow": [
		0.651317298412323,
		0.44063588976860046,
		-0.469308078289032,
		0.995417594909668
	],
	"21. right_wrist": [
		0.7914903163909912,
		0.5153830051422119,
		-0.29710322618484497,
		0.9728868007659912
	],
	"24. nose": [
		0.6352465152740479,
		0.29525694251060486,
		-0.5152588486671448,
		0.9999980330467224
	],
	"25. left_eye": [
		0.6492993831634521,
		0.2864672541618347,
		-0.4509880542755127,
		0.9999953508377075
	],
	"26. right_eye": [
		0.6151286363601685,
		0.27967581152915955,
		-0.4966563582420349,
		0.9999970197677612
	],
	"27. left_ear": [
		0.6517618298530579,
		0.2926139235496521,
		-0.11616113036870956,
		0.9999788999557495
	],
	"28. right_ear": [
		0.5808283686637878,
		0.2813281714916229,
		-0.3219698965549469,
		0.9999969601631165
	],
	"time stamp": 29.987751182419192
}