{
	"1. left_hip": [
		0.5813406109809875,
		0.5416375398635864,
		0.19771461188793182,
		0.9996117353439331
	],
	"2. left_knee": [
		0.711700439453125,
		0.6856104135513306,
		0.010929417796432972,
		0.9636163711547852
	],
	"3. left_ankle": [
		0.7087816596031189,
		0.827710747718811,
		0.2217482030391693,
		0.985010027885437
	],
	"6. right_hip": [
		0.4708636701107025,
		0.52952641248703,
		-0.19787396490573883,
		0.9998052716255188
	],
	"7. right_knee": [
		0.3607352077960968,
		0.6879609823226929,
		-0.3123563826084137,
		0.9966331124305725
	],
	"8. right_ankle": [
		0.25423663854599,
		0.8323260545730591,
		-0.13433581590652466,
		0.9970234036445618
	],
	"14. left_shoulder": [
		0.6416738033294678,
		0.3562139868736267,
		0.29505494236946106,
		0.999837338924408
	],
	"15. left_elbow": [
		0.7822421789169312,
		0.4167957007884979,
		0.3678874373435974,
		0.4769567847251892
	],
	"16. left_wrist": [
		0.8686339259147644,
		0.3504084646701813,
		0.08075321465730667,
		0.5345852971076965
	],
	"19. right_shoulder": [
		0.475063294172287,
		0.3457391858100891,
		-0.1846177726984024,
		0.9999924898147583
	],
	"20. right_elbow": [
		0.3524215817451477,
		0.42556169629096985,
		-0.1803414225578308,
		0.9928852915763855
	],
	"21. right_wrist": [
		0.247011199593544,
		0.4892835319042206,
		-0.34177812933921814,
		0.9589343070983887
	],
	"24. nose": [
		0.6004616618156433,
		0.28591012954711914,
		-0.4699121117591858,
		0.9999986886978149
	],
	"25. left_eye": [
		0.6196070909500122,
		0.27798011898994446,
		-0.4022439420223236,
		0.9999969005584717
	],
	"26. right_eye": [
		0.580376148223877,
		0.2708515524864197,
		-0.4411284029483795,
		0.9999980926513672
	],
	"27. left_ear": [
		0.6236769556999207,
		0.28517603874206543,
		-0.033704500645399094,
		0.9999861121177673
	],
	"28. right_ear": [
		0.5452346205711365,
		0.27405256032943726,
		-0.23776775598526,
		0.999998152256012
	],
	"time stamp": 29.987751182419192
}