{
	"1. left_hip": [
		0.4270539879798889,
		0.5135881900787354,
		0.1942148506641388,
		0.999289333820343
	],
	"2. left_knee": [
		0.5173042416572571,
		0.6101258397102356,
		0.17369696497917175,
		0.8607882857322693
	],
	"3. left_ankle": [
		0.5413775444030762,
		0.7251937985420227,
		0.25097134709358215,
		0.9559959769248962
	],
	"6. right_hip": [
		0.39144864678382874,
		0.5101280212402344,
		-0.19433322548866272,
		0.9995730519294739
	],
	"7. right_knee": [
		0.3202977180480957,
		0.616751492023468,
		-0.1947575956583023,
		0.995167076587677
	],
	"8. right_ankle": [
		0.24212534725666046,
		0.7214429974555969,
		-0.08343075960874557,
		0.9954882860183716
	],
	"14. left_shoulder": [
		0.4972245991230011,
		0.3690164387226105,
		0.20705680549144745,
		0.9997579455375671
	],
	"15. left_elbow": [
		0.47386986017227173,
		0.44154438376426697,
		0.2937469482421875,
		0.22069521248340607
	],
	"16. left_wrist": [
		0.54905766248703,
		0.46644553542137146,
		0.12936446070671082,
		0.33934324979782104
	],
	"19. right_shoulder": [
		0.5382533073425293,
		0.37170106172561646,
		-0.4096600115299225,
		0.9999900460243225
	],
	"20. right_elbow": [
		0.5196174383163452,
		0.4538125693798065,
		-0.38058486580848694,
		0.9925374388694763
	],
	"21. right_wrist": [
		0.5685878396034241,
		0.5176827907562256,
		-0.23068520426750183,
		0.969575822353363
	],
	"24. nose": [
		0.6149466037750244,
		0.34030264616012573,
		-0.2840917408466339,
		0.9999737739562988
	],
	"25. left_eye": [
		0.6141532063484192,
		0.32860973477363586,
		-0.24680295586585999,
		0.9999470710754395
	],
	"26. right_eye": [
		0.6076596975326538,
		0.32772329449653625,
		-0.3000869154930115,
		0.9999550580978394
	],
	"27. left_ear": [
		0.590522289276123,
		0.32764604687690735,
		-0.04265598580241203,
		0.9998492002487183
	],
	"28. right_ear": [
		0.577822208404541,
		0.327455997467041,
		-0.281652569770813,
		0.999958872795105
	],
	"time stamp": 30.000293832456734
}