{
	"1. left_hip": [
		0.519329309463501,
		0.5171895027160645,
		0.1362289935350418,
		0.9993582963943481
	],
	"2. left_knee": [
		0.5734139680862427,
		0.613921582698822,
		0.15930262207984924,
		0.8985748887062073
	],
	"3. left_ankle": [
		0.5816950798034668,
		0.7266231179237366,
		0.4028860330581665,
		0.9623764157295227
	],
	"6. right_hip": [
		0.42934995889663696,
		0.513079047203064,
		-0.1362869292497635,
		0.999630868434906
	],
	"7. right_knee": [
		0.40379229187965393,
		0.6260549426078796,
		-0.19737108051776886,
		0.995519757270813
	],
	"8. right_ankle": [
		0.29191094636917114,
		0.7197960019111633,
		-0.02034584805369377,
		0.995068371295929
	],
	"14. left_shoulder": [
		0.6084646582603455,
		0.38061967492103577,
		0.06914868205785751,
		0.9998615980148315
	],
	"15. left_elbow": [
		0.6587164998054504,
		0.45226913690567017,
		0.21374693512916565,
		0.4604223966598511
	],
	"16. left_wrist": [
		0.7670327425003052,
		0.4673009514808655,
		-0.024210767820477486,
		0.6346584558486938
	],
	"19. right_shoulder": [
		0.45648205280303955,
		0.3477945625782013,
		-0.29937684535980225,
		0.9999931454658508
	],
	"20. right_elbow": [
		0.3354334235191345,
		0.38797417283058167,
		-0.39983272552490234,
		0.9932081699371338
	],
	"21. right_wrist": [
		0.37934616208076477,
		0.45644038915634155,
		-0.6268429160118103,
		0.9778899550437927
	],
	"24. nose": [
		0.5995066165924072,
		0.3043440580368042,
		-0.4329993426799774,
		0.9999869465827942
	],
	"25. left_eye": [
		0.6064562797546387,
		0.30078962445259094,
		-0.39008447527885437,
		0.9999725818634033
	],
	"26. right_eye": [
		0.5810285806655884,
		0.2943037152290344,
		-0.4203692078590393,
		0.9999775290489197
	],
	"27. left_ear": [
		0.5971617102622986,
		0.3101232349872589,
		-0.15861038863658905,
		0.9999196529388428
	],
	"28. right_ear": [
		0.5495820641517639,
		0.29974365234375,
		-0.2967892289161682,
		0.9999794960021973
	],
	"time stamp": 30.000293832456734
}