{
	"1. left_hip": [
		0.5217257738113403,
		0.517175018787384,
		0.09147011488676071,
		0.9993915557861328
	],
	"2. left_knee": [
		0.5764405727386475,
		0.6144057512283325,
		0.16011901199817657,
		0.9069418907165527
	],
	"3. left_ankle": [
		0.5962728261947632,
		0.7220234274864197,
		0.48872190713882446,
		0.9650996923446655
	],
	"6. right_hip": [
		0.4274977147579193,
		0.5129563808441162,
		-0.09156274050474167,
		0.999661386013031
	],
	"7. right_knee": [
		0.40234535932540894,
		0.6258944869041443,
		-0.20052088797092438,
		0.9957738518714905
	],
	"8. right_ankle": [
		0.3007608652114868,
		0.7197948098182678,
		-0.023256022483110428,
		0.9952380657196045
	],
	"14. left_shoulder": [
		0.6221309900283813,
		0.3802817761898041,
		-0.04848919436335564,
		0.9998744130134583
	],
	"15. left_elbow": [
		0.6924793720245361,
		0.4487321078777313,
		0.035440005362033844,
		0.5134050846099854
	],
	"16. left_wrist": [
		0.7874442934989929,
		0.4885699450969696,
		-0.23214706778526306,
		0.6703194975852966
	],
	"19. right_shoulder": [
		0.4527777433395386,
		0.3475140631198883,
		-0.2604334056377411,
		0.9999936819076538
	],
	"20. right_elbow": [
		0.34463390707969666,
		0.3867644965648651,
		-0.37507927417755127,
		0.9937244653701782
	],
	"21. right_wrist": [
		0.35437360405921936,
		0.43942952156066895,
		-0.6493396759033203,
		0.979512631893158
	],
	"24. nose": [
		0.5963442921638489,
		0.2996731102466583,
		-0.5045953989028931,
		0.9999879598617554
	],
	"25. left_eye": [
		0.6047880053520203,
		0.29911425709724426,
		-0.4631066620349884,
		0.9999735951423645
	],
	"26. right_eye": [
		0.5786001682281494,
		0.2927127182483673,
		-0.4765998423099518,
		0.9999788999557495
	],
	"27. left_ear": [
		0.599312961101532,
		0.30997222661972046,
		-0.23619444668293,
		0.9999224543571472
	],
	"28. right_ear": [
		0.548200786113739,
		0.2993588447570801,
		-0.3028639853000641,
		0.9999805688858032
	],
	"time stamp": 30.000293832456734
}