{
	"1. left_hip": [
		0.5241765379905701,
		0.51762455701828,
		0.05489713326096535,
		0.9994125962257385
	],
	"2. left_knee": [
		0.576166033744812,
		0.6166791915893555,
		0.14029309153556824,
		0.915172815322876
	],
	"3. left_ankle": [
		0.609574556350708,
		0.7209510207176208,
		0.4666866362094879,
		0.9675020575523376
	],
	"6. right_hip": [
		0.4264129400253296,
		0.5127750635147095,
		-0.05509161204099655,
		0.9996795654296875
	],
	"7. right_knee": [
		0.4011693000793457,
		0.6259267330169678,
		-0.11818473786115646,
		0.9957840442657471
	],
	"8. right_ankle": [
		0.30895230174064636,
		0.7198414206504822,
		0.1291201114654541,
		0.9949795007705688
	],
	"14. left_shoulder": [
		0.6271782517433167,
		0.3785221576690674,
		-0.05258755013346672,
		0.9998856782913208
	],
	"15. left_elbow": [
		0.7059800028800964,
		0.43783819675445557,
		-0.028075944632291794,
		0.5615478157997131
	],
	"16. left_wrist": [
		0.782504677772522,
		0.49217453598976135,
		-0.2935751974582672,
		0.7024571895599365
	],
	"19. right_shoulder": [
		0.4493362009525299,
		0.3488292396068573,
		-0.1727522909641266,
		0.9999931454658508
	],
	"20. right_elbow": [
		0.3612208664417267,
		0.3929552733898163,
		-0.33821406960487366,
		0.9935587644577026
	],
	"21. right_wrist": [
		0.34682920575141907,
		0.4281904101371765,
		-0.7100744247436523,
		0.9801463484764099
	],
	"24. nose": [
		0.5933047533035278,
		0.2952496409416199,
		-0.4522959589958191,
		0.9999884366989136
	],
	"25. left_eye": [
		0.6033877730369568,
		0.2961418330669403,
		-0.41161012649536133,
		0.9999727010726929
	],
	"26. right_eye": [
		0.5777313709259033,
		0.2902403175830841,
		-0.42545202374458313,
		0.9999784231185913
	],
	"27. left_ear": [
		0.6013666391372681,
		0.30928146839141846,
		-0.195938840508461,
		0.9999235272407532
	],
	"28. right_ear": [
		0.5485314726829529,
		0.2983857989311218,
		-0.23956911265850067,
		0.9999775886535645
	],
	"time stamp": 30.000293832456734
}