{
	"1. left_hip": [
		0.6072011590003967,
		0.5132391452789307,
		0.10176253318786621,
		0.999709963798523
	],
	"2. left_knee": [
		0.7016894221305847,
		0.6751866936683655,
		-0.05063915625214577,
		0.9751021265983582
	],
	"3. left_ankle": [
		0.7238790392875671,
		0.8146169185638428,
		0.3250722885131836,
		0.9858972430229187
	],
	"6. right_hip": [
		0.4805322587490082,
		0.5156083106994629,
		-0.10190273076295853,
		0.999634325504303
	],
	"7. right_knee": [
		0.41842567920684814,
		0.6841990947723389,
		-0.22733049094676971,
		0.9953402876853943
	],
	"8. right_ankle": [
		0.33485299348831177,
		0.82778000831604,
		0.08336520940065384,
		0.9956234097480774
	],
	"14. left_shoulder": [
		0.6460134387016296,
		0.339968740940094,
		0.23838761448860168,
		0.9997588396072388
	],
	"15. left_elbow": [
		0.7116143107414246,
		0.4215185046195984,
		0.23090392351150513,
		0.8281132578849792
	],
	"16. left_wrist": [
		0.8419109582901001,
		0.35250046849250793,
		-0.1379302591085434,
		0.8512632250785828
	],
	"19. right_shoulder": [
		0.4495703876018524,
		0.32437664270401,
		0.058107372373342514,
		0.9997565150260925
	],
	"20. right_elbow": [
		0.3411892056465149,
		0.3965153992176056,
		-0.22810442745685577,
		0.9643063545227051
	],
	"21. right_wrist": [
		0.3405706584453583,
		0.30257076025009155,
		-0.7952423691749573,
		0.9753063917160034
	],
	"24. nose": [
		0.5612020492553711,
		0.26822593808174133,
		-0.3671320974826813,
		0.9999887347221375
	],
	"25. left_eye": [
		0.5852547287940979,
		0.25976303219795227,
		-0.31393393874168396,
		0.9999772310256958
	],
	"26. right_eye": [
		0.5404034852981567,
		0.25465819239616394,
		-0.32647231221199036,
		0.9999864101409912
	],
	"27. left_ear": [
		0.6018651723861694,
		0.267624169588089,
		0.0020681864116340876,
		0.9999503493309021
	],
	"28. right_ear": [
		0.5174784064292908,
		0.25922858715057373,
		-0.06403272598981857,
		0.9999842047691345
	],
	"time stamp": 29.987751182419192
}