{
	"1. left_hip": [
		0.5313345789909363,
		0.5350335240364075,
		0.015486597083508968,
		0.9995574951171875
	],
	"2. left_knee": [
		0.6023796796798706,
		0.6276552081108093,
		-0.2464543581008911,
		0.9482109546661377
	],
	"3. left_ankle": [
		0.6185702085494995,
		0.7214494347572327,
		0.17288266122341156,
		0.9785478711128235
	],
	"6. right_hip": [
		0.42603108286857605,
		0.5270743370056152,
		-0.015699971467256546,
		0.9997134208679199
	],
	"7. right_knee": [
		0.3668860197067261,
		0.627816379070282,
		-0.03153885155916214,
		0.9959337711334229
	],
	"8. right_ankle": [
		0.28677627444267273,
		0.7055658102035522,
		0.384554386138916,
		0.9949933290481567
	],
	"14. left_shoulder": [
		0.6126993894577026,
		0.38238316774368286,
		-0.0757778212428093,
		0.9999202489852905
	],
	"15. left_elbow": [
		0.6737942695617676,
		0.4560721516609192,
		-0.006019913125783205,
		0.7378347516059875
	],
	"16. left_wrist": [
		0.7587587833404541,
		0.5132734775543213,
		-0.20367226004600525,
		0.8192225694656372
	],
	"19. right_shoulder": [
		0.42442065477371216,
		0.37995046377182007,
		-0.10573270171880722,
		0.9999430775642395
	],
	"20. right_elbow": [
		0.38520547747612,
		0.45048776268959045,
		-0.24827151000499725,
		0.9779285192489624
	],
	"21. right_wrist": [
		0.3391956388950348,
		0.4278121888637543,
		-0.6646835207939148,
		0.9776492118835449
	],
	"24. nose": [
		0.5366764664649963,
		0.2997521758079529,
		-0.4204234778881073,
		0.9999898076057434
	],
	"25. left_eye": [
		0.5537702441215515,
		0.29880985617637634,
		-0.38008949160575867,
		0.9999704957008362
	],
	"26. right_eye": [
		0.5221642851829529,
		0.29436689615249634,
		-0.375085711479187,
		0.99997478723526
	],
	"27. left_ear": [
		0.5653673410415649,
		0.3110135495662689,
		-0.18473532795906067,
		0.9999296069145203
	],
	"28. right_ear": [
		0.5018163323402405,
		0.3025940954685211,
		-0.18330954015254974,
		0.9999442100524902
	],
	"time stamp": 30.000293832456734
}