{
	"1. left_hip": [
		0.5510892271995544,
		0.5149233937263489,
		0.06941492110490799,
		0.9997830986976624
	],
	"2. left_knee": [
		0.6814327239990234,
		0.6691361665725708,
		-0.130440354347229,
		0.9825534224510193
	],
	"3. left_ankle": [
		0.7327287793159485,
		0.8116651177406311,
		0.23931890726089478,
		0.9883171916007996
	],
	"6. right_hip": [
		0.42751675844192505,
		0.5164275765419006,
		-0.06930340081453323,
		0.9996810555458069
	],
	"7. right_knee": [
		0.4022009074687958,
		0.6919628381729126,
		-0.17493119835853577,
		0.994081974029541
	],
	"8. right_ankle": [
		0.3360665738582611,
		0.8365359902381897,
		0.24055792391300201,
		0.993006706237793
	],
	"14. left_shoulder": [
		0.5801401734352112,
		0.34267866611480713,
		0.18016964197158813,
		0.9998563528060913
	],
	"15. left_elbow": [
		0.6031365394592285,
		0.45021769404411316,
		0.08124348521232605,
		0.8926200866699219
	],
	"16. left_wrist": [
		0.6603125333786011,
		0.37382635474205017,
		-0.41147929430007935,
		0.9110338687896729
	],
	"19. right_shoulder": [
		0.3872591555118561,
		0.32247936725616455,
		0.08885995298624039,
		0.9998411536216736
	],
	"20. right_elbow": [
		0.26672545075416565,
		0.385250985622406,
		-0.02883904241025448,
		0.9761510491371155
	],
	"21. right_wrist": [
		0.2254197746515274,
		0.2951717674732208,
		-0.4590735137462616,
		0.9837592840194702
	],
	"24. nose": [
		0.5055052042007446,
		0.26949745416641235,
		-0.4060157835483551,
		0.9999929070472717
	],
	"25. left_eye": [
		0.5251815319061279,
		0.26081371307373047,
		-0.35575705766677856,
		0.9999858736991882
	],
	"26. right_eye": [
		0.4806617796421051,
		0.25763627886772156,
		-0.36479517817497253,
		0.9999897480010986
	],
	"27. left_ear": [
		0.5422244668006897,
		0.2672363817691803,
		-0.0347064808011055,
		0.9999696016311646
	],
	"28. right_ear": [
		0.4607454836368561,
		0.2623272240161896,
		-0.09090392291545868,
		0.9999880790710449
	],
	"time stamp": 29.987751182419192
}