{
	"1. left_hip": [
		0.4819818437099457,
		0.5631206035614014,
		0.15079329907894135,
		0.9998951554298401
	],
	"2. left_knee": [
		0.6987949013710022,
		0.6602601408958435,
		-0.20775076746940613,
		0.9903128147125244
	],
	"3. left_ankle": [
		0.6962266564369202,
		0.8089872598648071,
		-0.024762501940131187,
		0.9898976683616638
	],
	"6. right_hip": [
		0.3583092987537384,
		0.5547346472740173,
		-0.150753915309906,
		0.9997265934944153
	],
	"7. right_knee": [
		0.3706953823566437,
		0.7106314897537231,
		-0.31113630533218384,
		0.9921870231628418
	],
	"8. right_ankle": [
		0.3339025676250458,
		0.8400912880897522,
		-0.004491063300520182,
		0.9861153364181519
	],
	"14. left_shoulder": [
		0.5124850273132324,
		0.3705581724643707,
		0.3278007209300995,
		0.9999512434005737
	],
	"15. left_elbow": [
		0.6337642669677734,
		0.4296256899833679,
		0.25311997532844543,
		0.959836483001709
	],
	"16. left_wrist": [
		0.7093570232391357,
		0.3446015417575836,
		-0.07051140069961548,
		0.9679517149925232
	],
	"19. right_shoulder": [
		0.33700039982795715,
		0.394705206155777,
		0.04393210634589195,
		0.9998834729194641
	],
	"20. right_elbow": [
		0.2975267171859741,
		0.49308353662490845,
		-0.14703698456287384,
		0.9645707607269287
	],
	"21. right_wrist": [
		0.1823331117630005,
		0.4369818866252899,
		-0.5687768459320068,
		0.9801658987998962
	],
	"24. nose": [
		0.4087594449520111,
		0.3160495460033417,
		-0.259257435798645,
		0.9999956488609314
	],
	"25. left_eye": [
		0.41536745429039,
		0.3041123151779175,
		-0.20996077358722687,
		0.9999933242797852
	],
	"26. right_eye": [
		0.3786052167415619,
		0.31203708052635193,
		-0.22264572978019714,
		0.9999902844429016
	],
	"27. left_ear": [
		0.43041834235191345,
		0.3070554733276367,
		0.06941685825586319,
		0.9999881386756897
	],
	"28. right_ear": [
		0.3592036962509155,
		0.32380929589271545,
		0.01563956029713154,
		0.9999917149543762
	],
	"time stamp": 29.987751182419192
}