{
	"1. left_hip": [
		0.5067418813705444,
		0.5430774688720703,
		0.10957873612642288,
		0.9998965263366699
	],
	"2. left_knee": [
		0.7014148831367493,
		0.664664089679718,
		-0.2629378139972687,
		0.9858603477478027
	],
	"3. left_ankle": [
		0.7075379490852356,
		0.8101668357849121,
		-0.03384239226579666,
		0.985053300857544
	],
	"6. right_hip": [
		0.38214024901390076,
		0.5361312627792358,
		-0.11003375053405762,
		0.9996927380561829
	],
	"7. right_knee": [
		0.3538394272327423,
		0.7011955976486206,
		-0.325697124004364,
		0.9888259768486023
	],
	"8. right_ankle": [
		0.3264676034450531,
		0.8391964435577393,
		-0.14589722454547882,
		0.9831544160842896
	],
	"14. left_shoulder": [
		0.5433456897735596,
		0.3490283191204071,
		0.283308207988739,
		0.9999485611915588
	],
	"15. left_elbow": [
		0.648471474647522,
		0.393996924161911,
		-0.1200472041964531,
		0.9554846882820129
	],
	"16. left_wrist": [
		0.5637277960777283,
		0.3213007152080536,
		-0.4496268033981323,
		0.9668543934822083
	],
	"19. right_shoulder": [
		0.3740193843841553,
		0.38614189624786377,
		0.12064900994300842,
		0.9998629093170166
	],
	"20. right_elbow": [
		0.3011325001716614,
		0.44688326120376587,
		-0.28731346130371094,
		0.9487353563308716
	],
	"21. right_wrist": [
		0.32016873359680176,
		0.34782159328460693,
		-0.49780920147895813,
		0.9678165316581726
	],
	"24. nose": [
		0.4093479812145233,
		0.3129311501979828,
		-0.18210618197917938,
		0.9999914169311523
	],
	"25. left_eye": [
		0.408677875995636,
		0.30011093616485596,
		-0.14860360324382782,
		0.9999929070472717
	],
	"26. right_eye": [
		0.38072630763053894,
		0.30825933814048767,
		-0.13628797233104706,
		0.9999867677688599
	],
	"27. left_ear": [
		0.42919105291366577,
		0.2976207435131073,
		0.07825255393981934,
		0.9999904632568359
	],
	"28. right_ear": [
		0.36402687430381775,
		0.32020047307014465,
		0.13746902346611023,
		0.9999903440475464
	],
	"time stamp": 29.987751182419192
}