{
	"1. left_hip": [
		0.32091546058654785,
		0.493851900100708,
		-0.009589515626430511,
		0.9993444085121155
	],
	"2. left_knee": [
		0.28102952241897583,
		0.6004943251609802,
		0.06953532993793488,
		0.9872972965240479
	],
	"3. left_ankle": [
		0.2573915421962738,
		0.6918900609016418,
		0.3275962173938751,
		0.9862968921661377
	],
	"6. right_hip": [
		0.2233368307352066,
		0.4915958046913147,
		0.010081314481794834,
		0.9996206164360046
	],
	"7. right_knee": [
		0.20586559176445007,
		0.6120045185089111,
		-0.050188928842544556,
		0.9946255683898926
	],
	"8. right_ankle": [
		0.18579012155532837,
		0.7191385626792908,
		0.12432507425546646,
		0.9893422722816467
	],
	"14. left_shoulder": [
		0.37689077854156494,
		0.34701114892959595,
		0.048540644347667694,
		0.9999679327011108
	],
	"15. left_elbow": [
		0.3996513783931732,
		0.4223324656486511,
		-0.0016441021580249071,
		0.9449363946914673
	],
	"16. left_wrist": [
		0.4965723156929016,
		0.4050944745540619,
		-0.3085485100746155,
		0.9695842266082764
	],
	"19. right_shoulder": [
		0.19874092936515808,
		0.3397434949874878,
		0.09576445072889328,
		0.9998849034309387
	],
	"20. right_elbow": [
		0.16562040150165558,
		0.4183250069618225,
		0.10377059876918793,
		0.9581222534179688
	],
	"21. right_wrist": [
		0.08165652304887772,
		0.3886292278766632,
		-0.15651938319206238,
		0.9872478246688843
	],
	"24. nose": [
		0.29728302359580994,
		0.2723264992237091,
		-0.21266797184944153,
		0.9999885559082031
	],
	"25. left_eye": [
		0.31701409816741943,
		0.26897215843200684,
		-0.1805400848388672,
		0.9999708533287048
	],
	"26. right_eye": [
		0.2859014570713043,
		0.2640727460384369,
		-0.17926578223705292,
		0.9999341368675232
	],
	"27. left_ear": [
		0.3295993208885193,
		0.27849963307380676,
		-0.010345184244215488,
		0.9999530911445618
	],
	"28. right_ear": [
		0.27100080251693726,
		0.2711490988731384,
		-0.013217360712587833,
		0.9998294115066528
	],
	"time stamp": 30.000293832456734
}