{
	"1. left_hip": [
		0.3906708061695099,
		0.5169287323951721,
		0.029922258108854294,
		0.9992983937263489
	],
	"2. left_knee": [
		0.4687315821647644,
		0.5962058305740356,
		-0.0032710875384509563,
		0.9849905967712402
	],
	"3. left_ankle": [
		0.5054673552513123,
		0.6889269351959229,
		0.18966270983219147,
		0.975236713886261
	],
	"6. right_hip": [
		0.287853479385376,
		0.5165714621543884,
		-0.030003121122717857,
		0.9995835423469543
	],
	"7. right_knee": [
		0.24300143122673035,
		0.6179900169372559,
		-0.08596564084291458,
		0.9941813945770264
	],
	"8. right_ankle": [
		0.2156733274459839,
		0.7110186815261841,
		0.0331452339887619,
		0.9879748225212097
	],
	"14. left_shoulder": [
		0.43766605854034424,
		0.35925203561782837,
		0.010613282211124897,
		0.999937891960144
	],
	"15. left_elbow": [
		0.44291648268699646,
		0.42850637435913086,
		-0.12296642363071442,
		0.9547649621963501
	],
	"16. left_wrist": [
		0.3914899528026581,
		0.4265685975551605,
		-0.3927074074745178,
		0.9730430245399475
	],
	"19. right_shoulder": [
		0.26710328459739685,
		0.3645731508731842,
		-0.03555486723780632,
		0.9998753070831299
	],
	"20. right_elbow": [
		0.2486771047115326,
		0.4292605519294739,
		-0.1594439595937729,
		0.9515896439552307
	],
	"21. right_wrist": [
		0.3220347464084625,
		0.44913429021835327,
		-0.3356838524341583,
		0.9744237065315247
	],
	"24. nose": [
		0.33343106508255005,
		0.3115360736846924,
		-0.1955145299434662,
		0.9999811053276062
	],
	"25. left_eye": [
		0.34610918164253235,
		0.3008463978767395,
		-0.17892210185527802,
		0.9999584555625916
	],
	"26. right_eye": [
		0.31860876083374023,
		0.30558642745018005,
		-0.17337176203727722,
		0.9999313354492188
	],
	"27. left_ear": [
		0.36628028750419617,
		0.3032010495662689,
		-0.05267389118671417,
		0.9999217391014099
	],
	"28. right_ear": [
		0.31451427936553955,
		0.31134265661239624,
		-0.02434859238564968,
		0.9998210668563843
	],
	"time stamp": 30.000293832456734
}