{
	"1. left_hip": [
		0.6072797775268555,
		0.5845118761062622,
		0.08331161737442017,
		0.999498724937439
	],
	"2. left_knee": [
		0.7578338980674744,
		0.7049108743667603,
		-0.1238863468170166,
		0.986328125
	],
	"3. left_ankle": [
		0.7786422967910767,
		0.8353273868560791,
		0.03828864544630051,
		0.9862110018730164
	],
	"6. right_hip": [
		0.5019736886024475,
		0.5579279065132141,
		-0.08359533548355103,
		0.9996744990348816
	],
	"7. right_knee": [
		0.3824869990348816,
		0.6962723731994629,
		-0.29098138213157654,
		0.9964661002159119
	],
	"8. right_ankle": [
		0.2774234712123871,
		0.8285992741584778,
		-0.22622020542621613,
		0.9950509667396545
	],
	"14. left_shoulder": [
		0.7796175479888916,
		0.423165887594223,
		-0.08665823936462402,
		0.9995293617248535
	],
	"15. left_elbow": [
		0.7245884537696838,
		0.5132607817649841,
		-0.10394679009914398,
		0.856860876083374
	],
	"16. left_wrist": [
		0.651279628276825,
		0.5886794328689575,
		-0.31866925954818726,
		0.7954608201980591
	],
	"19. right_shoulder": [
		0.6117780804634094,
		0.4038550555706024,
		-0.09309887140989304,
		0.9993472099304199
	],
	"20. right_elbow": [
		0.6195977330207825,
		0.4993852972984314,
		-0.07005982100963593,
		0.7286247611045837
	],
	"21. right_wrist": [
		0.6513646841049194,
		0.5828657150268555,
		-0.21355006098747253,
		0.7051993608474731
	],
	"24. nose": [
		0.6341930627822876,
		0.35588496923446655,
		-0.3273833692073822,
		0.9995865821838379
	],
	"25. left_eye": [
		0.6555525064468384,
		0.3424319624900818,
		-0.3438337445259094,
		0.9992806911468506
	],
	"26. right_eye": [
		0.6369045376777649,
		0.34401580691337585,
		-0.3077628016471863,
		0.9988445043563843
	],
	"27. left_ear": [
		0.6972162127494812,
		0.34443211555480957,
		-0.27463310956954956,
		0.9992421865463257
	],
	"28. right_ear": [
		0.6632457971572876,
		0.34654873609542847,
		-0.10115036368370056,
		0.9983965754508972
	],
	"time stamp": 29.987751182419192
}