{
	"1. left_hip": [
		0.65098637342453,
		0.5794146656990051,
		0.019835542887449265,
		0.9988180994987488
	],
	"2. left_knee": [
		0.7925670146942139,
		0.7097346186637878,
		-0.16300906240940094,
		0.9905790090560913
	],
	"3. left_ankle": [
		0.777957558631897,
		0.8362722396850586,
		0.31149598956108093,
		0.9875854253768921
	],
	"6. right_hip": [
		0.5216724276542664,
		0.5700393915176392,
		-0.019501179456710815,
		0.9995865225791931
	],
	"7. right_knee": [
		0.3728605806827545,
		0.7088369131088257,
		-0.1867302805185318,
		0.997236967086792
	],
	"8. right_ankle": [
		0.289932519197464,
		0.8371873497962952,
		0.17363320291042328,
		0.9963093996047974
	],
	"14. left_shoulder": [
		0.7235602736473083,
		0.4229729473590851,
		-0.3045104146003723,
		0.9993109107017517
	],
	"15. left_elbow": [
		0.6765344738960266,
		0.49683523178100586,
		-0.3436560332775116,
		0.8231297135353088
	],
	"16. left_wrist": [
		0.6196919083595276,
		0.5628728866577148,
		-0.6805295944213867,
		0.7071941494941711
	],
	"19. right_shoulder": [
		0.5707195401191711,
		0.37902623414993286,
		-0.35667064785957336,
		0.9995901584625244
	],
	"20. right_elbow": [
		0.5798563957214355,
		0.470458984375,
		-0.3822278082370758,
		0.6767439842224121
	],
	"21. right_wrist": [
		0.6258355975151062,
		0.5340158343315125,
		-0.6152836680412292,
		0.6278091073036194
	],
	"24. nose": [
		0.6573919057846069,
		0.3363540470600128,
		-0.8643226623535156,
		0.9990150332450867
	],
	"25. left_eye": [
		0.6849946975708008,
		0.3321904242038727,
		-0.8279105424880981,
		0.9971467852592468
	],
	"26. right_eye": [
		0.6697860360145569,
		0.3249220848083496,
		-0.8316714763641357,
		0.9958143830299377
	],
	"27. left_ear": [
		0.7084313631057739,
		0.34764695167541504,
		-0.5269686579704285,
		0.9963274598121643
	],
	"28. right_ear": [
		0.6761060953140259,
		0.3329218924045563,
		-0.5438440442085266,
		0.9929978847503662
	],
	"time stamp": 29.987751182419192
}