{
	"1. left_hip": [
		0.5350616574287415,
		0.5263496041297913,
		0.06039958819746971,
		0.9995085597038269
	],
	"2. left_knee": [
		0.6046140789985657,
		0.6208539009094238,
		-0.10559526085853577,
		0.9904478788375854
	],
	"3. left_ankle": [
		0.6120902895927429,
		0.7153522968292236,
		0.20987604558467865,
		0.9867810010910034
	],
	"6. right_hip": [
		0.44047296047210693,
		0.5212972164154053,
		-0.060531117022037506,
		0.9997655153274536
	],
	"7. right_knee": [
		0.3741381764411926,
		0.6235402226448059,
		-0.11852627247571945,
		0.9968819618225098
	],
	"8. right_ankle": [
		0.27788853645324707,
		0.7119938135147095,
		0.11324167996644974,
		0.9941893815994263
	],
	"14. left_shoulder": [
		0.613734245300293,
		0.3933238685131073,
		-0.11438973993062973,
		0.998446524143219
	],
	"15. left_elbow": [
		0.5893750190734863,
		0.4573490619659424,
		-0.31611406803131104,
		0.7376857399940491
	],
	"16. left_wrist": [
		0.5313600897789001,
		0.49572670459747314,
		-0.7334699630737305,
		0.7175581455230713
	],
	"19. right_shoulder": [
		0.4543956220149994,
		0.3748112618923187,
		-0.2445230782032013,
		0.9999316334724426
	],
	"20. right_elbow": [
		0.4658617377281189,
		0.4536938965320587,
		-0.3564571738243103,
		0.977785587310791
	],
	"21. right_wrist": [
		0.5193041563034058,
		0.5012275576591492,
		-0.557410717010498,
		0.971754252910614
	],
	"24. nose": [
		0.5505533814430237,
		0.3228481709957123,
		-0.5058425068855286,
		0.9997909665107727
	],
	"25. left_eye": [
		0.5733192563056946,
		0.3225969672203064,
		-0.4682621657848358,
		0.9992406368255615
	],
	"26. right_eye": [
		0.5475472211837769,
		0.31386810541152954,
		-0.47593551874160767,
		0.9996577501296997
	],
	"27. left_ear": [
		0.5886545181274414,
		0.33278295397758484,
		-0.24758000671863556,
		0.9974825978279114
	],
	"28. right_ear": [
		0.5358503460884094,
		0.320816308259964,
		-0.2791825234889984,
		0.9995329976081848
	],
	"time stamp": 30.000293832456734
}