{
	"1. left_hip": [
		0.6126794219017029,
		0.5414429306983948,
		-0.0032624928280711174,
		0.9992062449455261
	],
	"2. left_knee": [
		0.7192368507385254,
		0.6945538520812988,
		-0.19808126986026764,
		0.993440568447113
	],
	"3. left_ankle": [
		0.7776226997375488,
		0.8297574520111084,
		0.11807271838188171,
		0.9912217259407043
	],
	"6. right_hip": [
		0.47864198684692383,
		0.5361521244049072,
		0.0033421912230551243,
		0.9996602535247803
	],
	"7. right_knee": [
		0.38013511896133423,
		0.6971871852874756,
		-0.15108852088451385,
		0.997506320476532
	],
	"8. right_ankle": [
		0.3387056589126587,
		0.8329763412475586,
		0.1551954299211502,
		0.9968419075012207
	],
	"14. left_shoulder": [
		0.6637958288192749,
		0.3574707806110382,
		-0.0916343405842781,
		0.9995403289794922
	],
	"15. left_elbow": [
		0.6513308882713318,
		0.4252801537513733,
		-0.2668517529964447,
		0.8666028380393982
	],
	"16. left_wrist": [
		0.5843624472618103,
		0.49504438042640686,
		-0.6516503691673279,
		0.7810574769973755
	],
	"19. right_shoulder": [
		0.4759579598903656,
		0.35773390531539917,
		-0.05538346245884895,
		0.9996873736381531
	],
	"20. right_elbow": [
		0.5095574259757996,
		0.44483137130737305,
		-0.27454355359077454,
		0.7664836049079895
	],
	"21. right_wrist": [
		0.5669324994087219,
		0.491193950176239,
		-0.695976972579956,
		0.7203530669212341
	],
	"24. nose": [
		0.5483861565589905,
		0.2924315631389618,
		-0.48967230319976807,
		0.9994510412216187
	],
	"25. left_eye": [
		0.5589106678962708,
		0.28055891394615173,
		-0.46199938654899597,
		0.9984298348426819
	],
	"26. right_eye": [
		0.5211958289146423,
		0.2866278886795044,
		-0.44522321224212646,
		0.9977063536643982
	],
	"27. left_ear": [
		0.5749639868736267,
		0.28445765376091003,
		-0.22551873326301575,
		0.9979413747787476
	],
	"28. right_ear": [
		0.5063590407371521,
		0.2952831983566284,
		-0.14369963109493256,
		0.996143639087677
	],
	"time stamp": 29.987751182419192
}