{
	"1. left_hip": [
		0.5531252026557922,
		0.5319989323616028,
		-0.009133629500865936,
		0.9992644190788269
	],
	"2. left_knee": [
		0.608282208442688,
		0.6224823594093323,
		-0.0667809322476387,
		0.991700291633606
	],
	"3. left_ankle": [
		0.6264092922210693,
		0.7178238034248352,
		0.2476106733083725,
		0.9874512553215027
	],
	"6. right_hip": [
		0.45633625984191895,
		0.5250484347343445,
		0.009320683777332306,
		0.9997015595436096
	],
	"7. right_knee": [
		0.3752957582473755,
		0.6202868819236755,
		-0.12985818088054657,
		0.9967935681343079
	],
	"8. right_ankle": [
		0.3089849650859833,
		0.7146775126457214,
		0.15830667316913605,
		0.9940494298934937
	],
	"14. left_shoulder": [
		0.6169464588165283,
		0.40113577246665955,
		-0.1245347261428833,
		0.9991529583930969
	],
	"15. left_elbow": [
		0.5685526132583618,
		0.4626777172088623,
		-0.28494781255722046,
		0.8346240520477295
	],
	"16. left_wrist": [
		0.5219029784202576,
		0.4908467233181,
		-0.6212083697319031,
		0.800048291683197
	],
	"19. right_shoulder": [
		0.46398138999938965,
		0.3742578327655792,
		-0.10410202294588089,
		0.9999108910560608
	],
	"20. right_elbow": [
		0.461367130279541,
		0.43970802426338196,
		-0.21060888469219208,
		0.9697496891021729
	],
	"21. right_wrist": [
		0.49125391244888306,
		0.4970425069332123,
		-0.5034151673316956,
		0.9382954835891724
	],
	"24. nose": [
		0.5627884268760681,
		0.35068780183792114,
		-0.4352684020996094,
		0.9997290372848511
	],
	"25. left_eye": [
		0.5822651386260986,
		0.34356170892715454,
		-0.41347888112068176,
		0.999160885810852
	],
	"26. right_eye": [
		0.5614402890205383,
		0.33872994780540466,
		-0.41416773200035095,
		0.9993499517440796
	],
	"27. left_ear": [
		0.5898288488388062,
		0.3455182909965515,
		-0.20924344658851624,
		0.99800044298172
	],
	"28. right_ear": [
		0.5500540733337402,
		0.33658549189567566,
		-0.21931014955043793,
		0.9990853667259216
	],
	"time stamp": 30.000293832456734
}