{
	"1. left_hip": [
		0.5263305902481079,
		0.567139208316803,
		0.09269633889198303,
		0.999555766582489
	],
	"2. left_knee": [
		0.7380184531211853,
		0.6710264682769775,
		-0.2391120344400406,
		0.9923257827758789
	],
	"3. left_ankle": [
		0.7299182415008545,
		0.8202876448631287,
		-0.020660916343331337,
		0.9903541207313538
	],
	"6. right_hip": [
		0.4047400653362274,
		0.5629680752754211,
		-0.09253678470849991,
		0.9997783899307251
	],
	"7. right_knee": [
		0.3510381877422333,
		0.7095018029212952,
		-0.25361883640289307,
		0.9965651035308838
	],
	"8. right_ankle": [
		0.33288952708244324,
		0.8348764777183533,
		0.019750384613871574,
		0.9939896464347839
	],
	"14. left_shoulder": [
		0.5525362491607666,
		0.3827884793281555,
		0.3019907474517822,
		0.9997420310974121
	],
	"15. left_elbow": [
		0.6015255451202393,
		0.4465215504169464,
		0.010500657372176647,
		0.85141521692276
	],
	"16. left_wrist": [
		0.5594164729118347,
		0.5007350444793701,
		-0.4888916313648224,
		0.8125261664390564
	],
	"19. right_shoulder": [
		0.40066948533058167,
		0.4117719829082489,
		-0.006389422342181206,
		0.9997611045837402
	],
	"20. right_elbow": [
		0.44425317645072937,
		0.4736943542957306,
		-0.40830111503601074,
		0.8425276875495911
	],
	"21. right_wrist": [
		0.5122630596160889,
		0.4997313618659973,
		-0.7912346720695496,
		0.8123939633369446
	],
	"24. nose": [
		0.47006508708000183,
		0.3236925005912781,
		-0.19656768441200256,
		0.9996979832649231
	],
	"25. left_eye": [
		0.46970030665397644,
		0.31422269344329834,
		-0.1371966451406479,
		0.9991563558578491
	],
	"26. right_eye": [
		0.4358881711959839,
		0.3230767846107483,
		-0.15990175306797028,
		0.9987599849700928
	],
	"27. left_ear": [
		0.4744553864002228,
		0.3201844394207001,
		0.16444629430770874,
		0.9988977909088135
	],
	"28. right_ear": [
		0.4060833156108856,
		0.3386823534965515,
		0.06936783343553543,
		0.9979234933853149
	],
	"time stamp": 29.987751182419192
}