{
	"1. left_hip": [
		0.5288824439048767,
		0.5665655136108398,
		0.06051455810666084,
		0.9996935725212097
	],
	"2. left_knee": [
		0.7386483550071716,
		0.6715080142021179,
		-0.2538546025753021,
		0.9923333525657654
	],
	"3. left_ankle": [
		0.7299461364746094,
		0.818491518497467,
		0.10695566236972809,
		0.9896789789199829
	],
	"6. right_hip": [
		0.4029270112514496,
		0.5660858750343323,
		-0.060089971870183945,
		0.9998251795768738
	],
	"7. right_knee": [
		0.33486640453338623,
		0.7142763733863831,
		-0.3053872287273407,
		0.9956563711166382
	],
	"8. right_ankle": [
		0.3317444622516632,
		0.8353270888328552,
		0.10178984701633453,
		0.9933224320411682
	],
	"14. left_shoulder": [
		0.5206723809242249,
		0.38374751806259155,
		0.2612333297729492,
		0.9998071193695068
	],
	"15. left_elbow": [
		0.5286357402801514,
		0.4393955171108246,
		0.04552263393998146,
		0.7786078453063965
	],
	"16. left_wrist": [
		0.500671923160553,
		0.49736884236335754,
		-0.4074678122997284,
		0.7935233116149902
	],
	"19. right_shoulder": [
		0.3605342209339142,
		0.4090251624584198,
		0.07873350381851196,
		0.9997330904006958
	],
	"20. right_elbow": [
		0.4114433228969574,
		0.47712767124176025,
		-0.24448928236961365,
		0.8387947082519531
	],
	"21. right_wrist": [
		0.4894682466983795,
		0.5036946535110474,
		-0.6464331150054932,
		0.8152273893356323
	],
	"24. nose": [
		0.43424054980278015,
		0.3298667371273041,
		-0.25041961669921875,
		0.9997913837432861
	],
	"25. left_eye": [
		0.4434909224510193,
		0.32045891880989075,
		-0.19506266713142395,
		0.9994370341300964
	],
	"26. right_eye": [
		0.40936926007270813,
		0.3257143199443817,
		-0.20365944504737854,
		0.9991694092750549
	],
	"27. left_ear": [
		0.4543164372444153,
		0.32696637511253357,
		0.12001031637191772,
		0.9992685914039612
	],
	"28. right_ear": [
		0.3854519724845886,
		0.33949944376945496,
		0.07300334423780441,
		0.9986215233802795
	],
	"time stamp": 29.987751182419192
}