{
	"1. left_hip": [
		0.5062404870986938,
		0.5110065340995789,
		-0.021875815466046333,
		0.9994324445724487
	],
	"2. left_knee": [
		0.563178300857544,
		0.6154791712760925,
		-0.07326886802911758,
		0.9934526681900024
	],
	"3. left_ankle": [
		0.6203644871711731,
		0.716399610042572,
		0.12036782503128052,
		0.9897383451461792
	],
	"6. right_hip": [
		0.4111083149909973,
		0.5050373077392578,
		0.02180119790136814,
		0.9997431635856628
	],
	"7. right_knee": [
		0.3674197494983673,
		0.6156253814697266,
		-0.002609221963211894,
		0.9964879155158997
	],
	"8. right_ankle": [
		0.33230268955230713,
		0.7115018367767334,
		0.1922379434108734,
		0.994028627872467
	],
	"14. left_shoulder": [
		0.5650358200073242,
		0.3788759112358093,
		-0.06947395950555801,
		0.9994509220123291
	],
	"15. left_elbow": [
		0.5181366801261902,
		0.4398859739303589,
		-0.19376838207244873,
		0.8806555867195129
	],
	"16. left_wrist": [
		0.4454563558101654,
		0.4723895490169525,
		-0.37346404790878296,
		0.857455849647522
	],
	"19. right_shoulder": [
		0.4135432541370392,
		0.35476794838905334,
		0.036577172577381134,
		0.9999125599861145
	],
	"20. right_elbow": [
		0.40566185116767883,
		0.4194885194301605,
		-0.09930041432380676,
		0.9515359401702881
	],
	"21. right_wrist": [
		0.44911304116249084,
		0.4683763384819031,
		-0.3341352343559265,
		0.9238545298576355
	],
	"24. nose": [
		0.47674551606178284,
		0.311275839805603,
		-0.2501192092895508,
		0.9997089505195618
	],
	"25. left_eye": [
		0.49423712491989136,
		0.3028084933757782,
		-0.2287093847990036,
		0.9991366267204285
	],
	"26. right_eye": [
		0.46731996536254883,
		0.30454879999160767,
		-0.21570521593093872,
		0.9991434216499329
	],
	"27. left_ear": [
		0.5162079334259033,
		0.30875784158706665,
		-0.080331951379776,
		0.9982550740242004
	],
	"28. right_ear": [
		0.4673531651496887,
		0.30922991037368774,
		-0.01996215246617794,
		0.998585045337677
	],
	"time stamp": 30.000293832456734
}