{
	"1. left_hip": [
		0.5513562560081482,
		0.5410327315330505,
		0.004247731063514948,
		0.9998069405555725
	],
	"2. left_knee": [
		0.7090342044830322,
		0.6783137321472168,
		-0.250649094581604,
		0.9949048161506653
	],
	"3. left_ankle": [
		0.7539758086204529,
		0.8152142763137817,
		0.15041235089302063,
		0.9921573400497437
	],
	"6. right_hip": [
		0.4282887578010559,
		0.5527488589286804,
		-0.004100363701581955,
		0.9998257756233215
	],
	"7. right_knee": [
		0.3302351236343384,
		0.7107767462730408,
		-0.2553556561470032,
		0.9961220026016235
	],
	"8. right_ankle": [
		0.32589980959892273,
		0.8335800766944885,
		0.1300276517868042,
		0.9950697422027588
	],
	"14. left_shoulder": [
		0.488677442073822,
		0.36077770590782166,
		0.21254286170005798,
		0.9998548626899719
	],
	"15. left_elbow": [
		0.5031197667121887,
		0.428183913230896,
		0.11417022347450256,
		0.7247557640075684
	],
	"16. left_wrist": [
		0.4711362421512604,
		0.4930773973464966,
		-0.29693901538848877,
		0.7719472050666809
	],
	"19. right_shoulder": [
		0.3243536353111267,
		0.3844836354255676,
		-0.029870206490159035,
		0.9996135830879211
	],
	"20. right_elbow": [
		0.39453601837158203,
		0.4563693702220917,
		-0.2027513086795807,
		0.8826461434364319
	],
	"21. right_wrist": [
		0.4787149727344513,
		0.5039870142936707,
		-0.4871576726436615,
		0.8553186655044556
	],
	"24. nose": [
		0.4251834452152252,
		0.3072112798690796,
		-0.3507537841796875,
		0.9998442530632019
	],
	"25. left_eye": [
		0.4285672605037689,
		0.2964473068714142,
		-0.28748366236686707,
		0.9996151924133301
	],
	"26. right_eye": [
		0.39848610758781433,
		0.2986186444759369,
		-0.3521404266357422,
		0.9994940161705017
	],
	"27. left_ear": [
		0.42836815118789673,
		0.30185171961784363,
		0.05078144371509552,
		0.9994980692863464
	],
	"28. right_ear": [
		0.3654796779155731,
		0.30827781558036804,
		-0.10171390324831009,
		0.9992198348045349
	],
	"time stamp": 29.987751182419192
}