{
	"1. left_hip": [
		0.5442662239074707,
		0.5470704436302185,
		0.004474967252463102,
		0.9998345375061035
	],
	"2. left_knee": [
		0.7078132629394531,
		0.6870307326316833,
		-0.22114495933055878,
		0.9951160550117493
	],
	"3. left_ankle": [
		0.7543020248413086,
		0.8203046321868896,
		0.061937619000673294,
		0.9926939606666565
	],
	"6. right_hip": [
		0.4167592525482178,
		0.5530523657798767,
		-0.004320250358432531,
		0.9998413324356079
	],
	"7. right_knee": [
		0.32993486523628235,
		0.7085294723510742,
		-0.2754966616630554,
		0.996366560459137
	],
	"8. right_ankle": [
		0.3226282298564911,
		0.833646833896637,
		0.07961270958185196,
		0.9953641295433044
	],
	"14. left_shoulder": [
		0.4955824017524719,
		0.3618774116039276,
		0.2539372146129608,
		0.9998681545257568
	],
	"15. left_elbow": [
		0.5090974569320679,
		0.42913538217544556,
		-0.007956190966069698,
		0.7206057906150818
	],
	"16. left_wrist": [
		0.4858380854129791,
		0.4973820447921753,
		-0.4594775140285492,
		0.7765174508094788
	],
	"19. right_shoulder": [
		0.3305366635322571,
		0.38687315583229065,
		0.09490033984184265,
		0.9995933175086975
	],
	"20. right_elbow": [
		0.3961850106716156,
		0.4587849974632263,
		-0.18031218647956848,
		0.8890776634216309
	],
	"21. right_wrist": [
		0.48506492376327515,
		0.5086244344711304,
		-0.5617411732673645,
		0.8654624819755554
	],
	"24. nose": [
		0.4210488498210907,
		0.3069976270198822,
		-0.19675064086914062,
		0.9998537302017212
	],
	"25. left_eye": [
		0.41920575499534607,
		0.29755568504333496,
		-0.14154759049415588,
		0.9996597766876221
	],
	"26. right_eye": [
		0.39375078678131104,
		0.3004639148712158,
		-0.16026805341243744,
		0.9995568990707397
	],
	"27. left_ear": [
		0.4219186007976532,
		0.3027946650981903,
		0.14492793381214142,
		0.9995571374893188
	],
	"28. right_ear": [
		0.3664824366569519,
		0.313815712928772,
		0.06450799852609634,
		0.9993330240249634
	],
	"time stamp": 29.987751182419192
}