{
	"1. left_hip": [
		0.555611252784729,
		0.5481572151184082,
		-0.011456867679953575,
		0.9998781085014343
	],
	"2. left_knee": [
		0.684176504611969,
		0.69654381275177,
		-0.2525590658187866,
		0.995066225528717
	],
	"3. left_ankle": [
		0.7420267462730408,
		0.8259739279747009,
		0.14871102571487427,
		0.9936794638633728
	],
	"6. right_hip": [
		0.4200158417224884,
		0.5414073467254639,
		0.011730832979083061,
		0.9998572468757629
	],
	"7. right_knee": [
		0.33806705474853516,
		0.7004127502441406,
		-0.17212970554828644,
		0.9968376755714417
	],
	"8. right_ankle": [
		0.32174941897392273,
		0.8336675763130188,
		0.1994798630475998,
		0.995824933052063
	],
	"14. left_shoulder": [
		0.5738331079483032,
		0.3593531847000122,
		-0.045999377965927124,
		0.9998950958251953
	],
	"15. left_elbow": [
		0.5592657923698425,
		0.43683865666389465,
		-0.07328052073717117,
		0.7568191289901733
	],
	"16. left_wrist": [
		0.5271162390708923,
		0.5022522211074829,
		-0.314777135848999,
		0.7913130521774292
	],
	"19. right_shoulder": [
		0.39375194907188416,
		0.3841409981250763,
		-0.08726568520069122,
		0.9992700219154358
	],
	"20. right_elbow": [
		0.429597944021225,
		0.45774903893470764,
		-0.23883454501628876,
		0.828966498374939
	],
	"21. right_wrist": [
		0.5279102325439453,
		0.4997704327106476,
		-0.5897399187088013,
		0.7758231163024902
	],
	"24. nose": [
		0.43909382820129395,
		0.30361127853393555,
		-0.6017459630966187,
		0.9998881220817566
	],
	"25. left_eye": [
		0.43933191895484924,
		0.2925252616405487,
		-0.5515884160995483,
		0.9997754096984863
	],
	"26. right_eye": [
		0.4093228280544281,
		0.30571749806404114,
		-0.5479291081428528,
		0.9996931552886963
	],
	"27. left_ear": [
		0.45873934030532837,
		0.2989361584186554,
		-0.23967650532722473,
		0.9997137784957886
	],
	"28. right_ear": [
		0.3930310308933258,
		0.32311394810676575,
		-0.21169693768024445,
		0.999544620513916
	],
	"time stamp": 29.987751182419192
}