{
	"1. left_hip": [
		0.6380564570426941,
		0.5294363498687744,
		-0.06646768748760223,
		0.9991718530654907
	],
	"2. left_knee": [
		0.656602144241333,
		0.63466876745224,
		-0.05172869190573692,
		0.9956401586532593
	],
	"3. left_ankle": [
		0.6681295037269592,
		0.7277079224586487,
		0.21333758533000946,
		0.9940803050994873
	],
	"6. right_hip": [
		0.538195788860321,
		0.5276984572410583,
		0.06642431020736694,
		0.9995966553688049
	],
	"7. right_knee": [
		0.4583095610141754,
		0.6185045838356018,
		0.12267652899026871,
		0.995867908000946
	],
	"8. right_ankle": [
		0.4249371886253357,
		0.7162447571754456,
		0.4313831925392151,
		0.9949521422386169
	],
	"14. left_shoulder": [
		0.6677249670028687,
		0.3905004858970642,
		-0.27719488739967346,
		0.9972805380821228
	],
	"15. left_elbow": [
		0.6494755744934082,
		0.4546513557434082,
		-0.4194439947605133,
		0.9325335621833801
	],
	"16. left_wrist": [
		0.5513891577720642,
		0.44768866896629333,
		-0.6019145846366882,
		0.8442710041999817
	],
	"19. right_shoulder": [
		0.5093669891357422,
		0.3749263882637024,
		-0.12156786769628525,
		0.9995680451393127
	],
	"20. right_elbow": [
		0.5181099772453308,
		0.4317494332790375,
		-0.20971237123012543,
		0.7694540619850159
	],
	"21. right_wrist": [
		0.5842339992523193,
		0.4614129662513733,
		-0.4417930841445923,
		0.7482903599739075
	],
	"24. nose": [
		0.5668529868125916,
		0.31923311948776245,
		-0.4702863395214081,
		0.9990742206573486
	],
	"25. left_eye": [
		0.5932616591453552,
		0.3156812787055969,
		-0.45925354957580566,
		0.9976586103439331
	],
	"26. right_eye": [
		0.5758804678916931,
		0.30900973081588745,
		-0.4396764636039734,
		0.9985259771347046
	],
	"27. left_ear": [
		0.6173682808876038,
		0.3279075622558594,
		-0.32831871509552,
		0.9965717792510986
	],
	"28. right_ear": [
		0.5854440927505493,
		0.3176608085632324,
		-0.23742352426052094,
		0.9975360035896301
	],
	"time stamp": 30.000293832456734
}