{
	"1. left_hip": [
		0.6373239755630493,
		0.533216655254364,
		-0.02425350248813629,
		0.9991937279701233
	],
	"2. left_knee": [
		0.6736091375350952,
		0.6282315254211426,
		-0.14540161192417145,
		0.9954568147659302
	],
	"3. left_ankle": [
		0.6727795004844666,
		0.7168745994567871,
		0.2521703839302063,
		0.9931302666664124
	],
	"6. right_hip": [
		0.5365405082702637,
		0.525216817855835,
		0.024103401228785515,
		0.9996262788772583
	],
	"7. right_knee": [
		0.451941579580307,
		0.6210690140724182,
		0.01673363335430622,
		0.9966363310813904
	],
	"8. right_ankle": [
		0.3700602352619171,
		0.7070756554603577,
		0.32186371088027954,
		0.9956576228141785
	],
	"14. left_shoulder": [
		0.7222755551338196,
		0.387936532497406,
		-0.09633880853652954,
		0.9969996809959412
	],
	"15. left_elbow": [
		0.696869969367981,
		0.45177337527275085,
		-0.1873399019241333,
		0.9292304515838623
	],
	"16. left_wrist": [
		0.5867324471473694,
		0.44393882155418396,
		-0.23245365917682648,
		0.8176367282867432
	],
	"19. right_shoulder": [
		0.5615990161895752,
		0.37594011425971985,
		0.08336978405714035,
		0.9996038675308228
	],
	"20. right_elbow": [
		0.557795524597168,
		0.4473359286785126,
		-0.02680637501180172,
		0.7959477305412292
	],
	"21. right_wrist": [
		0.6333187818527222,
		0.4752454161643982,
		-0.21965202689170837,
		0.7122464179992676
	],
	"24. nose": [
		0.5999883413314819,
		0.3255210220813751,
		-0.13922454416751862,
		0.9987459778785706
	],
	"25. left_eye": [
		0.6206814050674438,
		0.31907081604003906,
		-0.1479579657316208,
		0.9967559576034546
	],
	"26. right_eye": [
		0.6080401539802551,
		0.3172462582588196,
		-0.11204646527767181,
		0.997693657875061
	],
	"27. left_ear": [
		0.6511279344558716,
		0.3290420472621918,
		-0.11071625351905823,
		0.9955808520317078
	],
	"28. right_ear": [
		0.6258569955825806,
		0.324255108833313,
		0.0578245185315609,
		0.9960163235664368
	],
	"time stamp": 30.000293832456734
}