{
	"1. left_hip": [
		0.6576558351516724,
		0.5326389074325562,
		-0.19375380873680115,
		0.9989940524101257
	],
	"2. left_knee": [
		0.6912662982940674,
		0.6956824660301208,
		-0.2985594570636749,
		0.9949655532836914
	],
	"3. left_ankle": [
		0.755582332611084,
		0.8310757279396057,
		-0.04472894221544266,
		0.9936187267303467
	],
	"6. right_hip": [
		0.5699868202209473,
		0.5334715247154236,
		0.1934528946876526,
		0.9996541738510132
	],
	"7. right_knee": [
		0.43057793378829956,
		0.6854929327964783,
		0.13164502382278442,
		0.9926155209541321
	],
	"8. right_ankle": [
		0.3678007125854492,
		0.8282629251480103,
		0.31430333852767944,
		0.9955973625183105
	],
	"14. left_shoulder": [
		0.6220018863677979,
		0.3391496539115906,
		-0.4182031452655792,
		0.9985048770904541
	],
	"15. left_elbow": [
		0.4405396580696106,
		0.3490157425403595,
		-0.557282030582428,
		0.9277535676956177
	],
	"16. left_wrist": [
		0.3283091187477112,
		0.3130113482475281,
		-0.43546563386917114,
		0.8346956968307495
	],
	"19. right_shoulder": [
		0.5983618497848511,
		0.35002145171165466,
		0.3085412383079529,
		0.9990707635879517
	],
	"20. right_elbow": [
		0.4528096318244934,
		0.3717347979545593,
		0.499833345413208,
		0.6826382279396057
	],
	"21. right_wrist": [
		0.4067096710205078,
		0.3390655815601349,
		0.4962034821510315,
		0.6950283050537109
	],
	"24. nose": [
		0.5944698452949524,
		0.2760475277900696,
		-0.4322207272052765,
		0.9997644424438477
	],
	"25. left_eye": [
		0.6269639730453491,
		0.26596057415008545,
		-0.4235383868217468,
		0.9995728135108948
	],
	"26. right_eye": [
		0.5987231731414795,
		0.2640901207923889,
		-0.373385488986969,
		0.9994577169418335
	],
	"27. left_ear": [
		0.6608871221542358,
		0.27853456139564514,
		-0.2842671871185303,
		0.9994910955429077
	],
	"28. right_ear": [
		0.6078786849975586,
		0.272366464138031,
		-0.05419934540987015,
		0.9990661144256592
	],
	"time stamp": 29.987751182419192
}