{
	"1. left_hip": [
		0.5895892381668091,
		0.5327096581459045,
		-0.03834446519613266,
		0.9990386366844177
	],
	"2. left_knee": [
		0.6554582715034485,
		0.6280602216720581,
		-0.0675659030675888,
		0.9965341687202454
	],
	"3. left_ankle": [
		0.6855525970458984,
		0.7183988094329834,
		0.3270999491214752,
		0.9949167966842651
	],
	"6. right_hip": [
		0.4908762574195862,
		0.5243999361991882,
		0.03759698197245598,
		0.9996154308319092
	],
	"7. right_knee": [
		0.412527471780777,
		0.618046760559082,
		-0.07324843853712082,
		0.9973863959312439
	],
	"8. right_ankle": [
		0.38503044843673706,
		0.7098913192749023,
		0.2293749898672104,
		0.9966211915016174
	],
	"14. left_shoulder": [
		0.6749677658081055,
		0.39253243803977966,
		-0.18940062820911407,
		0.9983869791030884
	],
	"15. left_elbow": [
		0.6089416146278381,
		0.44305962324142456,
		-0.3977436125278473,
		0.9501678347587585
	],
	"16. left_wrist": [
		0.5244864225387573,
		0.4084620475769043,
		-0.564395546913147,
		0.8589622974395752
	],
	"19. right_shoulder": [
		0.5170614123344421,
		0.3689849376678467,
		-0.008040965534746647,
		0.999770998954773
	],
	"20. right_elbow": [
		0.40700188279151917,
		0.399194598197937,
		-0.1750110238790512,
		0.9291273951530457
	],
	"21. right_wrist": [
		0.5008350610733032,
		0.4281657040119171,
		-0.45716068148612976,
		0.8770559430122375
	],
	"24. nose": [
		0.5994623303413391,
		0.31853434443473816,
		-0.29993876814842224,
		0.9993431568145752
	],
	"25. left_eye": [
		0.6280583739280701,
		0.3160586953163147,
		-0.2875843942165375,
		0.9982432126998901
	],
	"26. right_eye": [
		0.604753315448761,
		0.30933621525764465,
		-0.26728585362434387,
		0.9986130595207214
	],
	"27. left_ear": [
		0.6500976085662842,
		0.32993587851524353,
		-0.1826549768447876,
		0.9973433613777161
	],
	"28. right_ear": [
		0.6104487776756287,
		0.3167763948440552,
		-0.0884319320321083,
		0.9973724484443665
	],
	"time stamp": 30.000293832456734
}