{
	"1. left_hip": [
		0.5815392136573792,
		0.5316369533538818,
		-0.04365124925971031,
		0.9990417957305908
	],
	"2. left_knee": [
		0.6453294157981873,
		0.6282456517219543,
		-0.046344857662916183,
		0.9966212511062622
	],
	"3. left_ankle": [
		0.685970664024353,
		0.7178733944892883,
		0.351525217294693,
		0.9951185584068298
	],
	"6. right_hip": [
		0.4833464026451111,
		0.5244094133377075,
		0.0429302379488945,
		0.9996349215507507
	],
	"7. right_knee": [
		0.41083836555480957,
		0.6190782785415649,
		-0.03169277310371399,
		0.9973978400230408
	],
	"8. right_ankle": [
		0.3856753706932068,
		0.7122527360916138,
		0.2598700225353241,
		0.996724545955658
	],
	"14. left_shoulder": [
		0.6577302813529968,
		0.38798773288726807,
		-0.19532866775989532,
		0.9983072876930237
	],
	"15. left_elbow": [
		0.5887622237205505,
		0.4337347745895386,
		-0.40013352036476135,
		0.947636604309082
	],
	"16. left_wrist": [
		0.4953937828540802,
		0.40861740708351135,
		-0.5905341506004333,
		0.8544580936431885
	],
	"19. right_shoulder": [
		0.5040309429168701,
		0.3682050108909607,
		-0.009799649007618427,
		0.9997835755348206
	],
	"20. right_elbow": [
		0.3968624472618103,
		0.39518848061561584,
		-0.2547992765903473,
		0.9336003065109253
	],
	"21. right_wrist": [
		0.5017725229263306,
		0.415737122297287,
		-0.5985687375068665,
		0.8838911056518555
	],
	"24. nose": [
		0.5802266001701355,
		0.31673142313957214,
		-0.30657312273979187,
		0.9993717074394226
	],
	"25. left_eye": [
		0.6072816848754883,
		0.31386202573776245,
		-0.29457300901412964,
		0.998301088809967
	],
	"26. right_eye": [
		0.5857842564582825,
		0.30772241950035095,
		-0.2740377187728882,
		0.9986793398857117
	],
	"27. left_ear": [
		0.6296094655990601,
		0.32842013239860535,
		-0.18718060851097107,
		0.9973598718643188
	],
	"28. right_ear": [
		0.5944150686264038,
		0.3155609369277954,
		-0.09127596020698547,
		0.9975035190582275
	],
	"time stamp": 30.000293832456734
}