{
	"1. left_hip": [
		0.44673702120780945,
		0.5256096720695496,
		0.2598867416381836,
		0.9992853403091431
	],
	"2. left_knee": [
		0.49420270323753357,
		0.677340030670166,
		0.21721923351287842,
		0.726621687412262
	],
	"3. left_ankle": [
		0.43497544527053833,
		0.8206285238265991,
		0.2550569474697113,
		0.7997967600822449
	],
	"6. right_hip": [
		0.40807878971099854,
		0.5263910889625549,
		-0.26028525829315186,
		0.999228835105896
	],
	"7. right_knee": [
		0.48393967747688293,
		0.681397557258606,
		-0.26441845297813416,
		0.9759882092475891
	],
	"8. right_ankle": [
		0.4126847982406616,
		0.8341484665870667,
		-0.22604209184646606,
		0.9760527610778809
	],
	"14. left_shoulder": [
		0.4878983795642853,
		0.3460145890712738,
		0.39041125774383545,
		0.9996607899665833
	],
	"15. left_elbow": [
		0.6040493249893188,
		0.3714894950389862,
		0.22096143662929535,
		0.6866928935050964
	],
	"16. left_wrist": [
		0.6226075887680054,
		0.34738147258758545,
		-0.28350192308425903,
		0.787708580493927
	],
	"19. right_shoulder": [
		0.44917115569114685,
		0.33314305543899536,
		-0.3482159376144409,
		0.9997422099113464
	],
	"20. right_elbow": [
		0.5649850368499756,
		0.3475871980190277,
		-0.2794662117958069,
		0.952223002910614
	],
	"21. right_wrist": [
		0.6393606066703796,
		0.3372095823287964,
		0.2423926144838333,
		0.9174396991729736
	],
	"24. nose": [
		0.5387383699417114,
		0.2787843346595764,
		-0.08972159773111343,
		0.9999710917472839
	],
	"25. left_eye": [
		0.5314595103263855,
		0.2674102783203125,
		-0.05456703156232834,
		0.9999570846557617
	],
	"26. right_eye": [
		0.5160399079322815,
		0.266926109790802,
		-0.12650422751903534,
		0.9999499917030334
	],
	"27. left_ear": [
		0.5086502432823181,
		0.2714734673500061,
		0.1509481519460678,
		0.9999504089355469
	],
	"28. right_ear": [
		0.48055270314216614,
		0.27454984188079834,
		-0.16448357701301575,
		0.9999176263809204
	],
	"time stamp": 29.987751182419192
}