{
	"1. left_hip": [
		0.44885626435279846,
		0.5240300297737122,
		0.25645726919174194,
		0.9992700815200806
	],
	"2. left_knee": [
		0.4919053018093109,
		0.6772276163101196,
		0.20141805708408356,
		0.7065228223800659
	],
	"3. left_ankle": [
		0.4357154667377472,
		0.8203354477882385,
		0.2459491491317749,
		0.7982685565948486
	],
	"6. right_hip": [
		0.40602657198905945,
		0.5230057835578918,
		-0.25672486424446106,
		0.9991875290870667
	],
	"7. right_knee": [
		0.4780135750770569,
		0.679743230342865,
		-0.2359122633934021,
		0.9753517508506775
	],
	"8. right_ankle": [
		0.40955525636672974,
		0.8340386152267456,
		-0.2098202407360077,
		0.976394534111023
	],
	"14. left_shoulder": [
		0.5027555227279663,
		0.3373402953147888,
		0.3682299852371216,
		0.9995784759521484
	],
	"15. left_elbow": [
		0.5945101976394653,
		0.35248491168022156,
		0.4183763265609741,
		0.6328622698783875
	],
	"16. left_wrist": [
		0.6105386018753052,
		0.3428070843219757,
		0.2485603243112564,
		0.7221176624298096
	],
	"19. right_shoulder": [
		0.4572560489177704,
		0.3292638659477234,
		-0.40434175729751587,
		0.9997108578681946
	],
	"20. right_elbow": [
		0.563558042049408,
		0.34229737520217896,
		-0.33899757266044617,
		0.9540079832077026
	],
	"21. right_wrist": [
		0.5931054949760437,
		0.3269283175468445,
		0.22326359152793884,
		0.8924166560173035
	],
	"24. nose": [
		0.5481976270675659,
		0.2787165641784668,
		-0.19664031267166138,
		0.9999720454216003
	],
	"25. left_eye": [
		0.5430870652198792,
		0.2668428122997284,
		-0.1441003531217575,
		0.9999586343765259
	],
	"26. right_eye": [
		0.5262264609336853,
		0.26668769121170044,
		-0.17009611427783966,
		0.9999530911445618
	],
	"27. left_ear": [
		0.5252223014831543,
		0.2713175117969513,
		0.1295485943555832,
		0.9999505281448364
	],
	"28. right_ear": [
		0.4927798807621002,
		0.2742598354816437,
		-0.23068293929100037,
		0.9999245405197144
	],
	"time stamp": 29.987751182419192
}