{
	"1. left_hip": [
		0.45128902792930603,
		0.5195175409317017,
		0.24242961406707764,
		0.9986572265625
	],
	"2. left_knee": [
		0.4761810302734375,
		0.6755225658416748,
		0.15609146654605865,
		0.6634570360183716
	],
	"3. left_ankle": [
		0.4384157061576843,
		0.8200715184211731,
		0.20264406502246857,
		0.8016512393951416
	],
	"6. right_hip": [
		0.4040469527244568,
		0.515015184879303,
		-0.2427230030298233,
		0.9987561106681824
	],
	"7. right_knee": [
		0.44121527671813965,
		0.6778817176818848,
		-0.22873134911060333,
		0.9751128554344177
	],
	"8. right_ankle": [
		0.40596094727516174,
		0.8334130048751831,
		-0.2058275192975998,
		0.979796826839447
	],
	"14. left_shoulder": [
		0.5434055924415588,
		0.33189156651496887,
		0.30497536063194275,
		0.9983497262001038
	],
	"15. left_elbow": [
		0.5058367848396301,
		0.37961116433143616,
		0.45141878724098206,
		0.45959416031837463
	],
	"16. left_wrist": [
		0.48020729422569275,
		0.4433170258998871,
		0.38139769434928894,
		0.4989244341850281
	],
	"19. right_shoulder": [
		0.5051257610321045,
		0.32256880402565,
		-0.40019115805625916,
		0.9992003440856934
	],
	"20. right_elbow": [
		0.5192068815231323,
		0.32970017194747925,
		-0.7816652655601501,
		0.9444730877876282
	],
	"21. right_wrist": [
		0.5570473670959473,
		0.3290131986141205,
		-1.0279364585876465,
		0.759549081325531
	],
	"24. nose": [
		0.5653175115585327,
		0.271458238363266,
		-0.3347095549106598,
		0.9999488592147827
	],
	"25. left_eye": [
		0.5630825757980347,
		0.2594352960586548,
		-0.27863210439682007,
		0.999914288520813
	],
	"26. right_eye": [
		0.5405060052871704,
		0.2612958550453186,
		-0.3325164020061493,
		0.9999241232872009
	],
	"27. left_ear": [
		0.5566411018371582,
		0.2653656303882599,
		0.0017303047934547067,
		0.999875009059906
	],
	"28. right_ear": [
		0.5096656680107117,
		0.2700909972190857,
		-0.22820167243480682,
		0.9998804330825806
	],
	"time stamp": 29.987751182419192
}