{
	"1. left_hip": [
		0.45151183009147644,
		0.5162660479545593,
		0.24165019392967224,
		0.99809330701828
	],
	"2. left_knee": [
		0.4648360013961792,
		0.6742246150970459,
		0.14617608487606049,
		0.5940607786178589
	],
	"3. left_ankle": [
		0.43507829308509827,
		0.8201121091842651,
		0.1734572798013687,
		0.7446659803390503
	],
	"6. right_hip": [
		0.42402923107147217,
		0.5118590593338013,
		-0.24184229969978333,
		0.9985650181770325
	],
	"7. right_knee": [
		0.4402121603488922,
		0.677388072013855,
		-0.2317458987236023,
		0.9755465388298035
	],
	"8. right_ankle": [
		0.4071195125579834,
		0.8332071900367737,
		-0.2696692943572998,
		0.9806092977523804
	],
	"14. left_shoulder": [
		0.5381308794021606,
		0.3347134590148926,
		0.4122735857963562,
		0.9978440999984741
	],
	"15. left_elbow": [
		0.49672168493270874,
		0.4035741686820984,
		0.5657491683959961,
		0.3368179202079773
	],
	"16. left_wrist": [
		0.5045049786567688,
		0.46456846594810486,
		0.4886244535446167,
		0.34173038601875305
	],
	"19. right_shoulder": [
		0.5019793510437012,
		0.3148937523365021,
		-0.3364429175853729,
		0.9993476271629333
	],
	"20. right_elbow": [
		0.5036030411720276,
		0.316572368144989,
		-0.6757029891014099,
		0.9575049877166748
	],
	"21. right_wrist": [
		0.5721309185028076,
		0.3313576579093933,
		-0.856660008430481,
		0.7890830039978027
	],
	"24. nose": [
		0.5686751008033752,
		0.2652166783809662,
		-0.20262864232063293,
		0.9999541640281677
	],
	"25. left_eye": [
		0.5665147304534912,
		0.2541051208972931,
		-0.14952293038368225,
		0.999921977519989
	],
	"26. right_eye": [
		0.5427381992340088,
		0.25403010845184326,
		-0.20200306177139282,
		0.9999354481697083
	],
	"27. left_ear": [
		0.5579737424850464,
		0.26106882095336914,
		0.10941381752490997,
		0.9998896718025208
	],
	"28. right_ear": [
		0.5062808990478516,
		0.26442018151283264,
		-0.12212631851434708,
		0.9999027848243713
	],
	"time stamp": 29.987751182419192
}