{
	"1. left_hip": [
		0.5183879137039185,
		0.49843457341194153,
		0.1690332442522049,
		0.996320366859436
	],
	"2. left_knee": [
		0.48940420150756836,
		0.6086667776107788,
		0.11705445498228073,
		0.6366577744483948
	],
	"3. left_ankle": [
		0.4462076723575592,
		0.7090034484863281,
		0.231802836060524,
		0.7051326036453247
	],
	"6. right_hip": [
		0.47412970662117004,
		0.4974454343318939,
		-0.16906137764453888,
		0.9973891377449036
	],
	"7. right_knee": [
		0.4798005223274231,
		0.6045319437980652,
		-0.19445152580738068,
		0.9500762820243835
	],
	"8. right_ankle": [
		0.4386809468269348,
		0.7140239477157593,
		-0.13291743397712708,
		0.9626142978668213
	],
	"14. left_shoulder": [
		0.5369330644607544,
		0.3525848686695099,
		0.2827766239643097,
		0.9968984723091125
	],
	"15. left_elbow": [
		0.5732077956199646,
		0.3858455717563629,
		0.36455395817756653,
		0.2630128562450409
	],
	"16. left_wrist": [
		0.5944780707359314,
		0.3907070457935333,
		0.2837789058685303,
		0.3429282009601593
	],
	"19. right_shoulder": [
		0.4689624607563019,
		0.3533332049846649,
		-0.23388485610485077,
		0.9997143745422363
	],
	"20. right_elbow": [
		0.40271085500717163,
		0.3757180869579315,
		-0.5952883958816528,
		0.9114689230918884
	],
	"21. right_wrist": [
		0.525632917881012,
		0.38878339529037476,
		-0.8465059995651245,
		0.9101599454879761
	],
	"24. nose": [
		0.5272676348686218,
		0.31775763630867004,
		-0.2985038161277771,
		0.9977791905403137
	],
	"25. left_eye": [
		0.5267266631126404,
		0.3080920875072479,
		-0.25139832496643066,
		0.996220588684082
	],
	"26. right_eye": [
		0.5157387256622314,
		0.3093506395816803,
		-0.2845761775970459,
		0.9971733689308167
	],
	"27. left_ear": [
		0.5244989991188049,
		0.31060248613357544,
		0.011512433178722858,
		0.9939862489700317
	],
	"28. right_ear": [
		0.49756428599357605,
		0.31483206152915955,
		-0.11663483083248138,
		0.9963743090629578
	],
	"time stamp": 30.000293832456734
}