{
	"1. left_hip": [
		0.5294560194015503,
		0.5021361112594604,
		0.18622195720672607,
		0.9908567667007446
	],
	"2. left_knee": [
		0.49083682894706726,
		0.6053179502487183,
		0.20504188537597656,
		0.5831601023674011
	],
	"3. left_ankle": [
		0.44712111353874207,
		0.7053263783454895,
		0.34624239802360535,
		0.6907035112380981
	],
	"6. right_hip": [
		0.5059730410575867,
		0.5039399266242981,
		-0.1863081157207489,
		0.9947608709335327
	],
	"7. right_knee": [
		0.4882916808128357,
		0.6099898815155029,
		-0.17727945744991302,
		0.943818986415863
	],
	"8. right_ankle": [
		0.4455016553401947,
		0.7139140367507935,
		-0.03454810008406639,
		0.9534791707992554
	],
	"14. left_shoulder": [
		0.5244734287261963,
		0.36050155758857727,
		0.2894223928451538,
		0.996846079826355
	],
	"15. left_elbow": [
		0.5030906200408936,
		0.41989126801490784,
		0.40599608421325684,
		0.19741564989089966
	],
	"16. left_wrist": [
		0.5560254454612732,
		0.45502007007598877,
		0.25394243001937866,
		0.31993532180786133
	],
	"19. right_shoulder": [
		0.47295406460762024,
		0.3565599322319031,
		-0.31631535291671753,
		0.999838650226593
	],
	"20. right_elbow": [
		0.4007994830608368,
		0.42267289757728577,
		-0.4100276529788971,
		0.9605100154876709
	],
	"21. right_wrist": [
		0.501976728439331,
		0.46419280767440796,
		-0.4151245653629303,
		0.9547706842422485
	],
	"24. nose": [
		0.5322577357292175,
		0.315329372882843,
		-0.09751962870359421,
		0.9983938932418823
	],
	"25. left_eye": [
		0.5281248688697815,
		0.30701038241386414,
		-0.07042184472084045,
		0.9966305494308472
	],
	"26. right_eye": [
		0.522004246711731,
		0.3069417476654053,
		-0.13223618268966675,
		0.998140275478363
	],
	"27. left_ear": [
		0.519558846950531,
		0.31071630120277405,
		0.07455841451883316,
		0.9924445152282715
	],
	"28. right_ear": [
		0.5039620995521545,
		0.31305357813835144,
		-0.2093023806810379,
		0.9980404376983643
	],
	"time stamp": 30.000293832456734
}