{
	"1. left_hip": [
		0.5349320769309998,
		0.5045608282089233,
		0.18612252175807953,
		0.9902878403663635
	],
	"2. left_knee": [
		0.4939339756965637,
		0.604813277721405,
		0.26538577675819397,
		0.568999171257019
	],
	"3. left_ankle": [
		0.4472609758377075,
		0.7045844793319702,
		0.4474433958530426,
		0.6826490163803101
	],
	"6. right_hip": [
		0.5081687569618225,
		0.5065822005271912,
		-0.18620096147060394,
		0.9944054484367371
	],
	"7. right_knee": [
		0.48957300186157227,
		0.6105806231498718,
		-0.1412162184715271,
		0.9380311369895935
	],
	"8. right_ankle": [
		0.4473976194858551,
		0.7137674689292908,
		0.03706090897321701,
		0.9495981335639954
	],
	"14. left_shoulder": [
		0.5241810083389282,
		0.36060774326324463,
		0.2565562427043915,
		0.996730625629425
	],
	"15. left_elbow": [
		0.5069172382354736,
		0.4238031506538391,
		0.3628567159175873,
		0.18232578039169312
	],
	"16. left_wrist": [
		0.5518866777420044,
		0.46512603759765625,
		0.19460958242416382,
		0.2958833575248718
	],
	"19. right_shoulder": [
		0.47276797890663147,
		0.35785582661628723,
		-0.3488602936267853,
		0.9998462200164795
	],
	"20. right_elbow": [
		0.40220797061920166,
		0.424511581659317,
		-0.4414723515510559,
		0.9641873240470886
	],
	"21. right_wrist": [
		0.49524322152137756,
		0.47101613879203796,
		-0.467290997505188,
		0.9579759240150452
	],
	"24. nose": [
		0.5345019102096558,
		0.3149353861808777,
		-0.1379966139793396,
		0.9981384873390198
	],
	"25. left_eye": [
		0.5283344984054565,
		0.30666282773017883,
		-0.10797971487045288,
		0.995826244354248
	],
	"26. right_eye": [
		0.5227765440940857,
		0.30647340416908264,
		-0.1619562804698944,
		0.9978774785995483
	],
	"27. left_ear": [
		0.5182659029960632,
		0.3106585741043091,
		0.06132199615240097,
		0.9898548722267151
	],
	"28. right_ear": [
		0.5040573477745056,
		0.3126121163368225,
		-0.240045964717865,
		0.9979567527770996
	],
	"time stamp": 30.000293832456734
}