{
	"1. left_hip": [
		0.4902530610561371,
		0.5668625831604004,
		0.25411343574523926,
		0.9936716556549072
	],
	"2. left_knee": [
		0.5956089496612549,
		0.7101298570632935,
		0.2197880744934082,
		0.45528140664100647
	],
	"3. left_ankle": [
		0.43888938426971436,
		0.8251906633377075,
		0.38259342312812805,
		0.5842856168746948
	],
	"6. right_hip": [
		0.48503661155700684,
		0.5701114535331726,
		-0.2542000114917755,
		0.9960930347442627
	],
	"7. right_knee": [
		0.6008601188659668,
		0.7197864055633545,
		-0.3273124098777771,
		0.9699191451072693
	],
	"8. right_ankle": [
		0.4134407341480255,
		0.8324331641197205,
		-0.14759717881679535,
		0.9662550687789917
	],
	"14. left_shoulder": [
		0.40272289514541626,
		0.3920449912548065,
		0.20949098467826843,
		0.9954034090042114
	],
	"15. left_elbow": [
		0.3899436593055725,
		0.4910022020339966,
		0.30404582619667053,
		0.03592058643698692
	],
	"16. left_wrist": [
		0.45208173990249634,
		0.576217532157898,
		0.1678314357995987,
		0.05369269847869873
	],
	"19. right_shoulder": [
		0.39692965149879456,
		0.39556801319122314,
		-0.5408337116241455,
		0.999833345413208
	],
	"20. right_elbow": [
		0.3929296135902405,
		0.5001261234283447,
		-0.5749354362487793,
		0.9807373881340027
	],
	"21. right_wrist": [
		0.43073540925979614,
		0.5919128656387329,
		-0.5988106727600098,
		0.8792092800140381
	],
	"24. nose": [
		0.46969571709632874,
		0.33896905183792114,
		-0.4529176652431488,
		0.9997920989990234
	],
	"25. left_eye": [
		0.47132840752601624,
		0.3272308111190796,
		-0.40412989258766174,
		0.9994614124298096
	],
	"26. right_eye": [
		0.4499255418777466,
		0.32634568214416504,
		-0.47225064039230347,
		0.9997802376747131
	],
	"27. left_ear": [
		0.45802944898605347,
		0.33027783036231995,
		-0.14722807705402374,
		0.9985949993133545
	],
	"28. right_ear": [
		0.4136565327644348,
		0.3292483389377594,
		-0.4507741332054138,
		0.9998264312744141
	],
	"time stamp": 29.987751182419192
}