{
	"1. left_hip": [
		0.48693642020225525,
		0.5727663040161133,
		0.25349169969558716,
		0.9941627383232117
	],
	"2. left_knee": [
		0.6023015975952148,
		0.714502215385437,
		0.218863382935524,
		0.463630348443985
	],
	"3. left_ankle": [
		0.44013741612434387,
		0.826755940914154,
		0.3823499381542206,
		0.5924402475357056
	],
	"6. right_hip": [
		0.47611910104751587,
		0.575378954410553,
		-0.25357797741889954,
		0.9963875412940979
	],
	"7. right_knee": [
		0.6022073030471802,
		0.723529577255249,
		-0.33875101804733276,
		0.9717088937759399
	],
	"8. right_ankle": [
		0.4133531153202057,
		0.8337856531143188,
		-0.15306545794010162,
		0.966918408870697
	],
	"14. left_shoulder": [
		0.4069584012031555,
		0.3988742530345917,
		0.19854071736335754,
		0.9957189559936523
	],
	"15. left_elbow": [
		0.3970443308353424,
		0.4972120523452759,
		0.2977747321128845,
		0.034756921231746674
	],
	"16. left_wrist": [
		0.45460018515586853,
		0.5822385549545288,
		0.15127938985824585,
		0.05596724897623062
	],
	"19. right_shoulder": [
		0.4024159610271454,
		0.40184837579727173,
		-0.5441948175430298,
		0.9998481273651123
	],
	"20. right_elbow": [
		0.395476758480072,
		0.5076456665992737,
		-0.5755751729011536,
		0.9822378158569336
	],
	"21. right_wrist": [
		0.4269944727420807,
		0.5984612703323364,
		-0.6133841276168823,
		0.8895747065544128
	],
	"24. nose": [
		0.4690714478492737,
		0.3414374887943268,
		-0.5613181591033936,
		0.9998080730438232
	],
	"25. left_eye": [
		0.47069546580314636,
		0.32970869541168213,
		-0.501165509223938,
		0.9994994401931763
	],
	"26. right_eye": [
		0.44724041223526,
		0.33032193779945374,
		-0.5618272423744202,
		0.9997975826263428
	],
	"27. left_ear": [
		0.45902952551841736,
		0.33396920561790466,
		-0.19616679847240448,
		0.9986847043037415
	],
	"28. right_ear": [
		0.4127942621707916,
		0.3354303538799286,
		-0.465572714805603,
		0.9998406767845154
	],
	"time stamp": 29.987751182419192
}