{
	"1. left_hip": [
		0.5434232950210571,
		0.5174711346626282,
		0.205129474401474,
		0.9935509562492371
	],
	"2. left_knee": [
		0.5460101962089539,
		0.6108624339103699,
		0.21134334802627563,
		0.485413521528244
	],
	"3. left_ankle": [
		0.4552602171897888,
		0.7081479430198669,
		0.34278249740600586,
		0.6030291318893433
	],
	"6. right_hip": [
		0.5394533276557922,
		0.5167844295501709,
		-0.2053414285182953,
		0.9967575669288635
	],
	"7. right_knee": [
		0.5349249839782715,
		0.6166563630104065,
		-0.20778174698352814,
		0.9541477560997009
	],
	"8. right_ankle": [
		0.45630598068237305,
		0.7155112624168396,
		-0.09971831738948822,
		0.9621143341064453
	],
	"14. left_shoulder": [
		0.4524744749069214,
		0.37804725766181946,
		0.21460990607738495,
		0.9979007244110107
	],
	"15. left_elbow": [
		0.4988155961036682,
		0.45018255710601807,
		0.27869465947151184,
		0.07374962419271469
	],
	"16. left_wrist": [
		0.5467385649681091,
		0.5130038261413574,
		0.17990116775035858,
		0.1465180516242981
	],
	"19. right_shoulder": [
		0.4582911431789398,
		0.3738219439983368,
		-0.4166146218776703,
		0.9999405145645142
	],
	"20. right_elbow": [
		0.4919193685054779,
		0.4522780179977417,
		-0.4996659755706787,
		0.9842057824134827
	],
	"21. right_wrist": [
		0.5484018921852112,
		0.5177813768386841,
		-0.5094332695007324,
		0.9672644138336182
	],
	"24. nose": [
		0.5062633156776428,
		0.3303973078727722,
		-0.19785261154174805,
		0.9983376264572144
	],
	"25. left_eye": [
		0.49883338809013367,
		0.3215191960334778,
		-0.16747048497200012,
		0.9944788813591003
	],
	"26. right_eye": [
		0.48931771516799927,
		0.321757972240448,
		-0.22826305031776428,
		0.9977923035621643
	],
	"27. left_ear": [
		0.48125970363616943,
		0.32445666193962097,
		-0.013319700956344604,
		0.984818696975708
	],
	"28. right_ear": [
		0.4646366238594055,
		0.3261018395423889,
		-0.2873130738735199,
		0.9979199767112732
	],
	"time stamp": 30.000293832456734
}