{
	"1. left_hip": [
		0.5025115609169006,
		0.5260330438613892,
		0.19082947075366974,
		0.9958362579345703
	],
	"2. left_knee": [
		0.5623224377632141,
		0.6142293214797974,
		0.20822976529598236,
		0.4406636357307434
	],
	"3. left_ankle": [
		0.46283453702926636,
		0.7050663828849792,
		0.38649314641952515,
		0.5501382350921631
	],
	"6. right_hip": [
		0.4509417712688446,
		0.5327053070068359,
		-0.19100038707256317,
		0.9973518252372742
	],
	"7. right_knee": [
		0.5583662986755371,
		0.6214267015457153,
		-0.3046341836452484,
		0.951002836227417
	],
	"8. right_ankle": [
		0.45604342222213745,
		0.7144680619239807,
		-0.15863192081451416,
		0.9576793909072876
	],
	"14. left_shoulder": [
		0.5166957378387451,
		0.3929612934589386,
		0.09814537316560745,
		0.9984747171401978
	],
	"15. left_elbow": [
		0.5485948324203491,
		0.45773765444755554,
		0.19051742553710938,
		0.1299627125263214
	],
	"16. left_wrist": [
		0.6203010678291321,
		0.47567203640937805,
		-0.043879102915525436,
		0.22290389239788055
	],
	"19. right_shoulder": [
		0.4450087249279022,
		0.4045221507549286,
		-0.5060845613479614,
		0.9999547600746155
	],
	"20. right_elbow": [
		0.5101813673973083,
		0.4784802794456482,
		-0.5389387607574463,
		0.988124430179596
	],
	"21. right_wrist": [
		0.6018632650375366,
		0.5207306146621704,
		-0.5914077162742615,
		0.9705840945243835
	],
	"24. nose": [
		0.51483553647995,
		0.3452170491218567,
		-0.497069776058197,
		0.9971064925193787
	],
	"25. left_eye": [
		0.5147111415863037,
		0.3368692994117737,
		-0.4524129629135132,
		0.9916369915008545
	],
	"26. right_eye": [
		0.5008652210235596,
		0.337279349565506,
		-0.5000345706939697,
		0.9964948296546936
	],
	"27. left_ear": [
		0.5075499415397644,
		0.34015995264053345,
		-0.21524867415428162,
		0.9829035401344299
	],
	"28. right_ear": [
		0.4785862863063812,
		0.34188538789749146,
		-0.4342501163482666,
		0.9968479871749878
	],
	"time stamp": 30.000293832456734
}