{
	"1. left_hip": [
		0.4364498555660248,
		0.5251524448394775,
		0.266919881105423,
		0.9968879818916321
	],
	"2. left_knee": [
		0.5047075748443604,
		0.6893899440765381,
		0.1584722250699997,
		0.446088969707489
	],
	"3. left_ankle": [
		0.4157351553440094,
		0.8252102136611938,
		0.24284791946411133,
		0.6072114706039429
	],
	"6. right_hip": [
		0.4208626449108124,
		0.5240077972412109,
		-0.2669985294342041,
		0.9977933168411255
	],
	"7. right_knee": [
		0.49696680903434753,
		0.6865318417549133,
		-0.35255858302116394,
		0.9771146774291992
	],
	"8. right_ankle": [
		0.39459413290023804,
		0.8354124426841736,
		-0.3360198438167572,
		0.9679572582244873
	],
	"14. left_shoulder": [
		0.4363807439804077,
		0.350717693567276,
		0.45988017320632935,
		0.9978235960006714
	],
	"15. left_elbow": [
		0.3950570523738861,
		0.45010578632354736,
		0.5935671329498291,
		0.02889023721218109
	],
	"16. left_wrist": [
		0.381403386592865,
		0.5285152196884155,
		0.39552435278892517,
		0.11744700372219086
	],
	"19. right_shoulder": [
		0.4119763970375061,
		0.3507137894630432,
		-0.3210742771625519,
		0.9999419450759888
	],
	"20. right_elbow": [
		0.36288827657699585,
		0.43983030319213867,
		-0.38784176111221313,
		0.9888366460800171
	],
	"21. right_wrist": [
		0.3603796660900116,
		0.5317490696907043,
		-0.48386988043785095,
		0.9583044052124023
	],
	"24. nose": [
		0.4599301218986511,
		0.29340359568595886,
		-0.31972989439964294,
		0.9999346733093262
	],
	"25. left_eye": [
		0.4624622166156769,
		0.28183713555336,
		-0.2631723880767822,
		0.9998039603233337
	],
	"26. right_eye": [
		0.43442288041114807,
		0.28161171078681946,
		-0.3181397318840027,
		0.9999341368675232
	],
	"27. left_ear": [
		0.4582073390483856,
		0.2857806384563446,
		0.045328062027692795,
		0.9994120597839355
	],
	"28. right_ear": [
		0.3998168408870697,
		0.2883031964302063,
		-0.192908376455307,
		0.9999471306800842
	],
	"time stamp": 29.987751182419192
}