{
	"1. left_hip": [
		0.4974532425403595,
		0.5257171392440796,
		0.18723155558109283,
		0.9962059855461121
	],
	"2. left_knee": [
		0.5466429591178894,
		0.6138820648193359,
		0.18089602887630463,
		0.4476436674594879
	],
	"3. left_ankle": [
		0.4628867208957672,
		0.7047418355941772,
		0.36687812209129333,
		0.5694347023963928
	],
	"6. right_hip": [
		0.44391903281211853,
		0.5316877365112305,
		-0.18731024861335754,
		0.9975500106811523
	],
	"7. right_knee": [
		0.5493637919425964,
		0.6195335984230042,
		-0.3020780682563782,
		0.9541447162628174
	],
	"8. right_ankle": [
		0.4577557444572449,
		0.7131050825119019,
		-0.1384245753288269,
		0.9599018692970276
	],
	"14. left_shoulder": [
		0.5273364782333374,
		0.3924322724342346,
		0.10853173583745956,
		0.9986200928688049
	],
	"15. left_elbow": [
		0.5582085251808167,
		0.4507996141910553,
		0.1527082622051239,
		0.16881482303142548
	],
	"16. left_wrist": [
		0.6194337606430054,
		0.46190914511680603,
		-0.15208889544010162,
		0.286596417427063
	],
	"19. right_shoulder": [
		0.44248515367507935,
		0.40206530690193176,
		-0.4654635488986969,
		0.9999576210975647
	],
	"20. right_elbow": [
		0.49692538380622864,
		0.47698161005973816,
		-0.5200750827789307,
		0.9891287088394165
	],
	"21. right_wrist": [
		0.5987902879714966,
		0.5201349258422852,
		-0.5663836598396301,
		0.9730015397071838
	],
	"24. nose": [
		0.5151172876358032,
		0.3441842496395111,
		-0.4886654317378998,
		0.9973952770233154
	],
	"25. left_eye": [
		0.5163077116012573,
		0.3361501395702362,
		-0.4434708058834076,
		0.9924708008766174
	],
	"26. right_eye": [
		0.5005859732627869,
		0.33608579635620117,
		-0.487003892660141,
		0.9968441724777222
	],
	"27. left_ear": [
		0.5119332075119019,
		0.3396444618701935,
		-0.20258286595344543,
		0.984603226184845
	],
	"28. right_ear": [
		0.4783152937889099,
		0.3414890766143799,
		-0.4101482927799225,
		0.9971621036529541
	],
	"time stamp": 30.000293832456734
}