{
	"1. left_hip": [
		0.4799904227256775,
		0.5238320827484131,
		0.23185278475284576,
		0.9960322380065918
	],
	"2. left_knee": [
		0.5590497255325317,
		0.68141108751297,
		0.059276025742292404,
		0.6030203700065613
	],
	"3. left_ankle": [
		0.44075095653533936,
		0.7999773025512695,
		0.2676715850830078,
		0.6092150807380676
	],
	"6. right_hip": [
		0.4071996808052063,
		0.5209904313087463,
		-0.23190896213054657,
		0.9971860647201538
	],
	"7. right_knee": [
		0.4640798270702362,
		0.687815248966217,
		-0.3129235804080963,
		0.9651331305503845
	],
	"8. right_ankle": [
		0.38544291257858276,
		0.8326386213302612,
		-0.3009662926197052,
		0.9587028622627258
	],
	"14. left_shoulder": [
		0.4658030867576599,
		0.3520241975784302,
		0.4652262032032013,
		0.9966365098953247
	],
	"15. left_elbow": [
		0.43685758113861084,
		0.45061585307121277,
		0.5675907135009766,
		0.025210781022906303
	],
	"16. left_wrist": [
		0.45629701018333435,
		0.521611213684082,
		0.4435378611087799,
		0.06724098324775696
	],
	"19. right_shoulder": [
		0.3649855852127075,
		0.3275735676288605,
		-0.21310289204120636,
		0.9997743368148804
	],
	"20. right_elbow": [
		0.3294020891189575,
		0.339952290058136,
		-0.5971251130104065,
		0.93923419713974
	],
	"21. right_wrist": [
		0.43841758370399475,
		0.3443695306777954,
		-0.7783935070037842,
		0.8440406322479248
	],
	"24. nose": [
		0.482683390378952,
		0.2869499921798706,
		-0.04679163917899132,
		0.9998266696929932
	],
	"25. left_eye": [
		0.495562881231308,
		0.28027117252349854,
		-0.000945676991250366,
		0.9996722340583801
	],
	"26. right_eye": [
		0.4673306345939636,
		0.2728375196456909,
		-0.0637190118432045,
		0.9998061060905457
	],
	"27. left_ear": [
		0.49283626675605774,
		0.28743258118629456,
		0.2436552196741104,
		0.9994090795516968
	],
	"28. right_ear": [
		0.43699684739112854,
		0.27383747696876526,
		-0.04648852348327637,
		0.9998246431350708
	],
	"time stamp": 29.987751182419192
}