{
	"1. left_hip": [
		0.4984357953071594,
		0.5036341547966003,
		0.12009105086326599,
		0.9978762269020081
	],
	"2. left_knee": [
		0.49057328701019287,
		0.6016897559165955,
		0.25957536697387695,
		0.558538019657135
	],
	"3. left_ankle": [
		0.4008527994155884,
		0.6840032935142517,
		0.5733421444892883,
		0.7054957747459412
	],
	"6. right_hip": [
		0.4180813729763031,
		0.4994186460971832,
		-0.12026666849851608,
		0.9988045692443848
	],
	"7. right_knee": [
		0.46849551796913147,
		0.6021879315376282,
		-0.3035848140716553,
		0.9683403372764587
	],
	"8. right_ankle": [
		0.4504960775375366,
		0.7098166346549988,
		-0.1943598985671997,
		0.9645016193389893
	],
	"14. left_shoulder": [
		0.5455833673477173,
		0.36182835698127747,
		-0.022701937705278397,
		0.9995018243789673
	],
	"15. left_elbow": [
		0.5502081513404846,
		0.4384899437427521,
		0.06992261111736298,
		0.654064416885376
	],
	"16. left_wrist": [
		0.5630683302879333,
		0.5012780427932739,
		-0.11705178767442703,
		0.6856191158294678
	],
	"19. right_shoulder": [
		0.3877662420272827,
		0.3661406338214874,
		-0.2277858406305313,
		0.9999544024467468
	],
	"20. right_elbow": [
		0.3730621337890625,
		0.4369108974933624,
		-0.339223176240921,
		0.9734846353530884
	],
	"21. right_wrist": [
		0.3045133650302887,
		0.46359285712242126,
		-0.6436929702758789,
		0.960935652256012
	],
	"24. nose": [
		0.4830362796783447,
		0.29903677105903625,
		-0.4970010817050934,
		0.9993066787719727
	],
	"25. left_eye": [
		0.4880574345588684,
		0.2934206426143646,
		-0.454508900642395,
		0.9980076551437378
	],
	"26. right_eye": [
		0.4622859060764313,
		0.2933502197265625,
		-0.4769061207771301,
		0.9990912079811096
	],
	"27. left_ear": [
		0.4920540750026703,
		0.30123385787010193,
		-0.21647879481315613,
		0.9958076477050781
	],
	"28. right_ear": [
		0.4419706463813782,
		0.30271515250205994,
		-0.3199070990085602,
		0.9990379810333252
	],
	"time stamp": 30.000293832456734
}