{
	"1. left_hip": [
		0.4988238513469696,
		0.5199869871139526,
		0.10520733892917633,
		0.9986456036567688
	],
	"2. left_knee": [
		0.522993803024292,
		0.6149021983146667,
		0.0845438539981842,
		0.6981492638587952
	],
	"3. left_ankle": [
		0.46309277415275574,
		0.6913356781005859,
		0.4644738733768463,
		0.7984226942062378
	],
	"6. right_hip": [
		0.42395487427711487,
		0.5174397826194763,
		-0.10565420985221863,
		0.9988594055175781
	],
	"7. right_knee": [
		0.4507203698158264,
		0.6105392575263977,
		-0.19800393283367157,
		0.969247043132782
	],
	"8. right_ankle": [
		0.4027487635612488,
		0.707237720489502,
		0.03586321696639061,
		0.973869800567627
	],
	"14. left_shoulder": [
		0.5208413004875183,
		0.3876793384552002,
		-0.06076720356941223,
		0.9993976354598999
	],
	"15. left_elbow": [
		0.5363354682922363,
		0.4602361023426056,
		0.010534404776990414,
		0.481406033039093
	],
	"16. left_wrist": [
		0.556469202041626,
		0.5208325982093811,
		-0.18948596715927124,
		0.6758114099502563
	],
	"19. right_shoulder": [
		0.3712815046310425,
		0.3920205533504486,
		-0.21793195605278015,
		0.999841570854187
	],
	"20. right_elbow": [
		0.3378315269947052,
		0.45764410495758057,
		-0.3728008568286896,
		0.9435654878616333
	],
	"21. right_wrist": [
		0.2797095775604248,
		0.4345974028110504,
		-0.7849894762039185,
		0.9446343779563904
	],
	"24. nose": [
		0.4558427333831787,
		0.320919930934906,
		-0.5035937428474426,
		0.9998468160629272
	],
	"25. left_eye": [
		0.4629601538181305,
		0.3147525489330292,
		-0.46412986516952515,
		0.9996144771575928
	],
	"26. right_eye": [
		0.43585824966430664,
		0.31474804878234863,
		-0.47647929191589355,
		0.9997891187667847
	],
	"27. left_ear": [
		0.46917101740837097,
		0.3214980959892273,
		-0.24287934601306915,
		0.9992157220840454
	],
	"28. right_ear": [
		0.4151192903518677,
		0.3250449001789093,
		-0.30161914229393005,
		0.9997079968452454
	],
	"time stamp": 30.000293832456734
}