{
	"1. left_hip": [
		0.5352362394332886,
		0.4922923743724823,
		-0.020831618458032608,
		0.9991573691368103
	],
	"2. left_knee": [
		0.611371636390686,
		0.6581333875656128,
		-0.20412249863147736,
		0.9666828513145447
	],
	"3. left_ankle": [
		0.6948398351669312,
		0.7974739670753479,
		-0.06228981912136078,
		0.9628992080688477
	],
	"6. right_hip": [
		0.40442341566085815,
		0.49768584966659546,
		0.020832307636737823,
		0.998949408531189
	],
	"7. right_knee": [
		0.406157910823822,
		0.6687995195388794,
		-0.08472845703363419,
		0.9791942238807678
	],
	"8. right_ankle": [
		0.43275946378707886,
		0.8163991570472717,
		0.10441802442073822,
		0.9769659638404846
	],
	"14. left_shoulder": [
		0.5645313262939453,
		0.31533169746398926,
		0.39076390862464905,
		0.9994954466819763
	],
	"15. left_elbow": [
		0.617549479007721,
		0.282028466463089,
		0.27449944615364075,
		0.8830112218856812
	],
	"16. left_wrist": [
		0.5443376302719116,
		0.22656747698783875,
		0.3660363256931305,
		0.8520241975784302
	],
	"19. right_shoulder": [
		0.3765653073787689,
		0.31717604398727417,
		0.45653894543647766,
		0.9993192553520203
	],
	"20. right_elbow": [
		0.25671908259391785,
		0.2923159599304199,
		0.47730159759521484,
		0.9795371890068054
	],
	"21. right_wrist": [
		0.3461776375770569,
		0.2176196575164795,
		0.6523609757423401,
		0.9018740057945251
	],
	"24. nose": [
		0.4585094451904297,
		0.25383952260017395,
		0.06446918845176697,
		0.999948263168335
	],
	"25. left_eye": [
		0.48131904006004333,
		0.24371905624866486,
		0.12220368534326553,
		0.9998812079429626
	],
	"26. right_eye": [
		0.43718430399894714,
		0.24467748403549194,
		0.12558449804782867,
		0.9998775124549866
	],
	"27. left_ear": [
		0.5035850405693054,
		0.2498629093170166,
		0.3599507808685303,
		0.9998836517333984
	],
	"28. right_ear": [
		0.42400839924812317,
		0.25242191553115845,
		0.3847908675670624,
		0.9999276995658875
	],
	"time stamp": 29.987751182419192
}