{
	"1. left_hip": [
		0.48114800453186035,
		0.49538424611091614,
		0.005788686219602823,
		0.9989545345306396
	],
	"2. left_knee": [
		0.4450224041938782,
		0.5963582992553711,
		-0.03268079832196236,
		0.871508002281189
	],
	"3. left_ankle": [
		0.43016403913497925,
		0.6938847303390503,
		0.1303301751613617,
		0.8547084331512451
	],
	"6. right_hip": [
		0.39477014541625977,
		0.4915207624435425,
		-0.0059316735714674,
		0.9991281628608704
	],
	"7. right_knee": [
		0.40010398626327515,
		0.5965082049369812,
		-0.04336702823638916,
		0.9679927825927734
	],
	"8. right_ankle": [
		0.3913021981716156,
		0.6987936496734619,
		0.15128521621227264,
		0.9627626538276672
	],
	"14. left_shoulder": [
		0.5240524411201477,
		0.35227301716804504,
		-0.03736114874482155,
		0.9991878867149353
	],
	"15. left_elbow": [
		0.6096428036689758,
		0.3536314070224762,
		-0.37432053685188293,
		0.8266447186470032
	],
	"16. left_wrist": [
		0.5322652459144592,
		0.30120208859443665,
		-0.6764633059501648,
		0.8853655457496643
	],
	"19. right_shoulder": [
		0.36982476711273193,
		0.3507051169872284,
		-0.076820969581604,
		0.9995297193527222
	],
	"20. right_elbow": [
		0.2920193374156952,
		0.33651110529899597,
		-0.3368791341781616,
		0.9803904891014099
	],
	"21. right_wrist": [
		0.38568535447120667,
		0.2897360622882843,
		-0.6611382365226746,
		0.97636878490448
	],
	"24. nose": [
		0.4568943381309509,
		0.30687829852104187,
		-0.3594072163105011,
		0.9998822808265686
	],
	"25. left_eye": [
		0.4698549509048462,
		0.29832184314727783,
		-0.3178064227104187,
		0.9996842741966248
	],
	"26. right_eye": [
		0.4416491687297821,
		0.29633957147598267,
		-0.3252708911895752,
		0.9997655153274536
	],
	"27. left_ear": [
		0.4805487394332886,
		0.30334585905075073,
		-0.10144617408514023,
		0.9994672536849976
	],
	"28. right_ear": [
		0.42158180475234985,
		0.2990231215953827,
		-0.13409174978733063,
		0.9997487664222717
	],
	"time stamp": 30.000293832456734
}