{
	"1. left_hip": [
		0.5194962024688721,
		0.5207247138023376,
		-0.008546230383217335,
		0.9993634223937988
	],
	"2. left_knee": [
		0.6496708989143372,
		0.6751711368560791,
		-0.23162129521369934,
		0.9740939140319824
	],
	"3. left_ankle": [
		0.7835410833358765,
		0.8063661456108093,
		-0.01443703193217516,
		0.970412015914917
	],
	"6. right_hip": [
		0.38637855648994446,
		0.5172988772392273,
		0.008381416089832783,
		0.9991950392723083
	],
	"7. right_knee": [
		0.39198192954063416,
		0.6815376281738281,
		-0.04856199026107788,
		0.9819632172584534
	],
	"8. right_ankle": [
		0.4271068871021271,
		0.8226591348648071,
		0.34748366475105286,
		0.9792807102203369
	],
	"14. left_shoulder": [
		0.5718340873718262,
		0.34232863783836365,
		0.23813703656196594,
		0.9996147155761719
	],
	"15. left_elbow": [
		0.5703122615814209,
		0.41091981530189514,
		-0.1692538559436798,
		0.9084584712982178
	],
	"16. left_wrist": [
		0.5172489285469055,
		0.32823795080184937,
		-0.5651856064796448,
		0.8849437236785889
	],
	"19. right_shoulder": [
		0.3856928050518036,
		0.3451935350894928,
		0.36897820234298706,
		0.9994710683822632
	],
	"20. right_elbow": [
		0.2570347785949707,
		0.4028211236000061,
		0.016493087634444237,
		0.9715428948402405
	],
	"21. right_wrist": [
		0.28207653760910034,
		0.3263096809387207,
		-0.5128846764564514,
		0.914194643497467
	],
	"24. nose": [
		0.4572644531726837,
		0.27652209997177124,
		-0.07569046318531036,
		0.9999600052833557
	],
	"25. left_eye": [
		0.47774848341941833,
		0.2622961401939392,
		-0.035649850964546204,
		0.9999104142189026
	],
	"26. right_eye": [
		0.4350537359714508,
		0.26846984028816223,
		-0.021616335958242416,
		0.9999049305915833
	],
	"27. left_ear": [
		0.5016767978668213,
		0.267912358045578,
		0.20202134549617767,
		0.9999121427536011
	],
	"28. right_ear": [
		0.4219927489757538,
		0.2755475342273712,
		0.283038854598999,
		0.999940812587738
	],
	"time stamp": 29.987751182419192
}