{
	"1. left_hip": [
		0.5173804759979248,
		0.5356083512306213,
		-0.037730876356363297,
		0.9994612336158752
	],
	"2. left_knee": [
		0.6577150225639343,
		0.6860156655311584,
		-0.23913568258285522,
		0.9782353043556213
	],
	"3. left_ankle": [
		0.8046742677688599,
		0.8096798658370972,
		0.011423556134104729,
		0.9748080968856812
	],
	"6. right_hip": [
		0.384894460439682,
		0.5308206081390381,
		0.037754423916339874,
		0.9993033409118652
	],
	"7. right_knee": [
		0.39066386222839355,
		0.6885803937911987,
		-0.030501384288072586,
		0.9839993119239807
	],
	"8. right_ankle": [
		0.4200603663921356,
		0.8292405009269714,
		0.3830852508544922,
		0.9811790585517883
	],
	"14. left_shoulder": [
		0.5783984661102295,
		0.35654547810554504,
		0.17072942852973938,
		0.9996771812438965
	],
	"15. left_elbow": [
		0.5785050392150879,
		0.4425227642059326,
		-0.14301994442939758,
		0.9195622801780701
	],
	"16. left_wrist": [
		0.5275938510894775,
		0.36436188220977783,
		-0.5094527006149292,
		0.9007102847099304
	],
	"19. right_shoulder": [
		0.39578938484191895,
		0.3638949394226074,
		0.3732489347457886,
		0.9995372891426086
	],
	"20. right_elbow": [
		0.31058821082115173,
		0.4494207203388214,
		0.11938515305519104,
		0.9515383839607239
	],
	"21. right_wrist": [
		0.2677323520183563,
		0.3748393952846527,
		-0.4308041036128998,
		0.9217789173126221
	],
	"24. nose": [
		0.46543771028518677,
		0.2950129806995392,
		-0.15492215752601624,
		0.999964714050293
	],
	"25. left_eye": [
		0.4847387671470642,
		0.28104233741760254,
		-0.11923585832118988,
		0.9999228715896606
	],
	"26. right_eye": [
		0.44131413102149963,
		0.28465431928634644,
		-0.09781208634376526,
		0.9999126195907593
	],
	"27. left_ear": [
		0.5080521106719971,
		0.2862524390220642,
		0.10961460322141647,
		0.9999237656593323
	],
	"28. right_ear": [
		0.4263451397418976,
		0.29220589995384216,
		0.21268925070762634,
		0.9999343752861023
	],
	"time stamp": 29.987751182419192
}