{
	"1. left_hip": [
		0.5033009648323059,
		0.5053648352622986,
		0.010561020113527775,
		0.9991927742958069
	],
	"2. left_knee": [
		0.5130997896194458,
		0.6047626733779907,
		0.0685691237449646,
		0.9226112961769104
	],
	"3. left_ankle": [
		0.4923025369644165,
		0.6826840043067932,
		0.5211596488952637,
		0.90961754322052
	],
	"6. right_hip": [
		0.40344715118408203,
		0.5044073462486267,
		-0.010909738019108772,
		0.999294102191925
	],
	"7. right_knee": [
		0.3908696174621582,
		0.6091466546058655,
		0.05179988220334053,
		0.9741678237915039
	],
	"8. right_ankle": [
		0.37957924604415894,
		0.6916351914405823,
		0.44822391867637634,
		0.9659290313720703
	],
	"14. left_shoulder": [
		0.5244157910346985,
		0.36019036173820496,
		-0.11445242911577225,
		0.9991284608840942
	],
	"15. left_elbow": [
		0.605855405330658,
		0.36079084873199463,
		-0.43657079339027405,
		0.9051823019981384
	],
	"16. left_wrist": [
		0.5600404143333435,
		0.30141681432724,
		-0.7514277696609497,
		0.9331110119819641
	],
	"19. right_shoulder": [
		0.36601752042770386,
		0.3578682243824005,
		-0.15672123432159424,
		0.999491274356842
	],
	"20. right_elbow": [
		0.26560044288635254,
		0.342604398727417,
		-0.5114640593528748,
		0.9891120791435242
	],
	"21. right_wrist": [
		0.34199047088623047,
		0.2887481153011322,
		-0.8106163740158081,
		0.98442143201828
	],
	"24. nose": [
		0.4553717374801636,
		0.30079349875450134,
		-0.4245395362377167,
		0.9999227523803711
	],
	"25. left_eye": [
		0.46992918848991394,
		0.29558366537094116,
		-0.37941017746925354,
		0.9997949004173279
	],
	"26. right_eye": [
		0.44146138429641724,
		0.29269933700561523,
		-0.3843192160129547,
		0.9998481273651123
	],
	"27. left_ear": [
		0.48168787360191345,
		0.3041359484195709,
		-0.16336733102798462,
		0.9996553063392639
	],
	"28. right_ear": [
		0.42253774404525757,
		0.2999647855758667,
		-0.18661296367645264,
		0.9998458623886108
	],
	"time stamp": 30.000293832456734
}