{
	"1. left_hip": [
		0.6031967997550964,
		0.5246889591217041,
		-0.02318495325744152,
		0.999713122844696
	],
	"2. left_knee": [
		0.6647658348083496,
		0.6231293082237244,
		-0.04718213900923729,
		0.9806398153305054
	],
	"3. left_ankle": [
		0.7091144323348999,
		0.7192027568817139,
		0.20416080951690674,
		0.9766349196434021
	],
	"6. right_hip": [
		0.5052783489227295,
		0.5222127437591553,
		0.022833462804555893,
		0.9997103810310364
	],
	"7. right_knee": [
		0.44458460807800293,
		0.6177483201026917,
		0.062319837510585785,
		0.9918470978736877
	],
	"8. right_ankle": [
		0.39222458004951477,
		0.7013214826583862,
		0.4537622332572937,
		0.9890159368515015
	],
	"14. left_shoulder": [
		0.6330833435058594,
		0.37327948212623596,
		-0.015597148798406124,
		0.9994442462921143
	],
	"15. left_elbow": [
		0.6570278406143188,
		0.4458645284175873,
		-0.27765464782714844,
		0.9692431688308716
	],
	"16. left_wrist": [
		0.6446826457977295,
		0.3838801383972168,
		-0.6512418985366821,
		0.9782763719558716
	],
	"19. right_shoulder": [
		0.4816416800022125,
		0.3789924085140228,
		0.03437935933470726,
		0.9996094107627869
	],
	"20. right_elbow": [
		0.45588260889053345,
		0.44867226481437683,
		-0.1796426624059677,
		0.9441331624984741
	],
	"21. right_wrist": [
		0.4528369605541229,
		0.39598938822746277,
		-0.5785870552062988,
		0.982709527015686
	],
	"24. nose": [
		0.5462501645088196,
		0.3134360909461975,
		-0.32078179717063904,
		0.9999556541442871
	],
	"25. left_eye": [
		0.5641298294067383,
		0.30823978781700134,
		-0.28657013177871704,
		0.9999043941497803
	],
	"26. right_eye": [
		0.5359811186790466,
		0.30691152811050415,
		-0.28195327520370483,
		0.9998982548713684
	],
	"27. left_ear": [
		0.5841755867004395,
		0.3194645643234253,
		-0.09017036110162735,
		0.9998233914375305
	],
	"28. right_ear": [
		0.5260176062583923,
		0.3160715401172638,
		-0.06536311656236649,
		0.9997848868370056
	],
	"time stamp": 30.000293832456734
}