{
	"1. left_hip": [
		0.5164263844490051,
		0.5260269045829773,
		-0.035135649144649506,
		0.9998239874839783
	],
	"2. left_knee": [
		0.661553144454956,
		0.6857308149337769,
		-0.21904325485229492,
		0.9934674501419067
	],
	"3. left_ankle": [
		0.7859371304512024,
		0.8114234209060669,
		-0.010342314839363098,
		0.9908920526504517
	],
	"6. right_hip": [
		0.38526368141174316,
		0.5261487364768982,
		0.03484419360756874,
		0.999710738658905
	],
	"7. right_knee": [
		0.37224075198173523,
		0.6916138529777527,
		-0.04484250769019127,
		0.9871657490730286
	],
	"8. right_ankle": [
		0.40442603826522827,
		0.8296392560005188,
		0.2460932731628418,
		0.9832453727722168
	],
	"14. left_shoulder": [
		0.5762549042701721,
		0.3351227939128876,
		0.28286099433898926,
		0.999934732913971
	],
	"15. left_elbow": [
		0.5629159212112427,
		0.3901744782924652,
		0.026020733639597893,
		0.9755582213401794
	],
	"16. left_wrist": [
		0.3985169529914856,
		0.3742426931858063,
		-0.17937690019607544,
		0.9724747538566589
	],
	"19. right_shoulder": [
		0.3869263231754303,
		0.3664816915988922,
		0.5561723113059998,
		0.9998255968093872
	],
	"20. right_elbow": [
		0.3448176980018616,
		0.46119317412376404,
		0.37227141857147217,
		0.855743408203125
	],
	"21. right_wrist": [
		0.24312902987003326,
		0.40899407863616943,
		-0.10878834128379822,
		0.9462204575538635
	],
	"24. nose": [
		0.4468333423137665,
		0.29095545411109924,
		0.11740702390670776,
		0.9999836683273315
	],
	"25. left_eye": [
		0.4660067558288574,
		0.27884507179260254,
		0.14743171632289886,
		0.9999743700027466
	],
	"26. right_eye": [
		0.42498043179512024,
		0.283828467130661,
		0.17259322106838226,
		0.9999523758888245
	],
	"27. left_ear": [
		0.4948367178440094,
		0.28157931566238403,
		0.3177650570869446,
		0.9999774098396301
	],
	"28. right_ear": [
		0.415348082780838,
		0.28973132371902466,
		0.44544437527656555,
		0.9999383091926575
	],
	"time stamp": 29.987751182419192
}