{
	"1. left_hip": [
		0.5175957679748535,
		0.5229710936546326,
		-0.040609318763017654,
		0.9998359084129333
	],
	"2. left_knee": [
		0.6590568423271179,
		0.6832697987556458,
		-0.2295651137828827,
		0.9938564896583557
	],
	"3. left_ankle": [
		0.7831199765205383,
		0.8114166259765625,
		-0.015114625915884972,
		0.9913296103477478
	],
	"6. right_hip": [
		0.3872578740119934,
		0.5247025489807129,
		0.04043005779385567,
		0.9997257590293884
	],
	"7. right_knee": [
		0.3690636456012726,
		0.6899529099464417,
		-0.046694885939359665,
		0.9874381422996521
	],
	"8. right_ankle": [
		0.40290501713752747,
		0.8286950588226318,
		0.21873167157173157,
		0.9835594892501831
	],
	"14. left_shoulder": [
		0.5711567401885986,
		0.3351350426673889,
		0.30412521958351135,
		0.9999405145645142
	],
	"15. left_elbow": [
		0.5480944514274597,
		0.39855754375457764,
		0.13977937400341034,
		0.9749590754508972
	],
	"16. left_wrist": [
		0.37678441405296326,
		0.42102983593940735,
		-0.012897762469947338,
		0.9719400405883789
	],
	"19. right_shoulder": [
		0.382990300655365,
		0.3680388033390045,
		0.572993814945221,
		0.9998043179512024
	],
	"20. right_elbow": [
		0.3576522469520569,
		0.4626564085483551,
		0.461409330368042,
		0.8139628171920776
	],
	"21. right_wrist": [
		0.2556999921798706,
		0.44245049357414246,
		0.048012394458055496,
		0.9233339428901672
	],
	"24. nose": [
		0.4474382698535919,
		0.2904130816459656,
		0.13650867342948914,
		0.9999802112579346
	],
	"25. left_eye": [
		0.46642476320266724,
		0.27880316972732544,
		0.17652425169944763,
		0.9999707937240601
	],
	"26. right_eye": [
		0.42548123002052307,
		0.2817813754081726,
		0.19169911742210388,
		0.9999436736106873
	],
	"27. left_ear": [
		0.4945214092731476,
		0.28157132863998413,
		0.36561861634254456,
		0.9999756217002869
	],
	"28. right_ear": [
		0.41484978795051575,
		0.2884886562824249,
		0.44480809569358826,
		0.9999175071716309
	],
	"time stamp": 29.987751182419192
}