{
	"1. left_hip": [
		0.5208157896995544,
		0.5229807496070862,
		-0.05450041592121124,
		0.9998437762260437
	],
	"2. left_knee": [
		0.6590555906295776,
		0.6833861470222473,
		-0.23710478842258453,
		0.9942511320114136
	],
	"3. left_ankle": [
		0.7816298007965088,
		0.8124189376831055,
		0.027642089873552322,
		0.9919300079345703
	],
	"6. right_hip": [
		0.3929906487464905,
		0.5247976779937744,
		0.05456048622727394,
		0.9997301697731018
	],
	"7. right_knee": [
		0.36424803733825684,
		0.6901180744171143,
		-0.03054806776344776,
		0.9881429672241211
	],
	"8. right_ankle": [
		0.40223202109336853,
		0.8280459046363831,
		0.283772349357605,
		0.9845294952392578
	],
	"14. left_shoulder": [
		0.5668227672576904,
		0.33443278074264526,
		0.03299161419272423,
		0.9999454617500305
	],
	"15. left_elbow": [
		0.5330480337142944,
		0.4150729179382324,
		0.019687114283442497,
		0.9746670722961426
	],
	"16. left_wrist": [
		0.35629454255104065,
		0.45571237802505493,
		-0.10526635497808456,
		0.9690951108932495
	],
	"19. right_shoulder": [
		0.38113585114479065,
		0.362396776676178,
		0.3519900441169739,
		0.9997844696044922
	],
	"20. right_elbow": [
		0.3762587308883667,
		0.4592183828353882,
		0.4553266763687134,
		0.7703134417533875
	],
	"21. right_wrist": [
		0.26281043887138367,
		0.46666043996810913,
		0.22668305039405823,
		0.8814537525177002
	],
	"24. nose": [
		0.44754141569137573,
		0.2898997962474823,
		-0.22700542211532593,
		0.999973475933075
	],
	"25. left_eye": [
		0.4675874412059784,
		0.27854442596435547,
		-0.19337138533592224,
		0.9999617338180542
	],
	"26. right_eye": [
		0.42586198449134827,
		0.27989593148231506,
		-0.17822206020355225,
		0.9999122023582458
	],
	"27. left_ear": [
		0.4945959448814392,
		0.28139322996139526,
		0.018822114914655685,
		0.9999709129333496
	],
	"28. right_ear": [
		0.41455957293510437,
		0.2856513261795044,
		0.09707517921924591,
		0.9998565912246704
	],
	"time stamp": 29.987751182419192
}