{
	"1. left_hip": [
		0.5801008343696594,
		0.5213164687156677,
		-0.006872020661830902,
		0.9998455047607422
	],
	"2. left_knee": [
		0.6258713006973267,
		0.6204838156700134,
		0.0222636591643095,
		0.991359293460846
	],
	"3. left_ankle": [
		0.694762110710144,
		0.7115394473075867,
		0.32017168402671814,
		0.9891065359115601
	],
	"6. right_hip": [
		0.4848693013191223,
		0.5210021734237671,
		0.006496859714388847,
		0.9998369216918945
	],
	"7. right_knee": [
		0.43448084592819214,
		0.6197426915168762,
		0.01816772297024727,
		0.9957002401351929
	],
	"8. right_ankle": [
		0.3942047655582428,
		0.7032942175865173,
		0.33693936467170715,
		0.9934666752815247
	],
	"14. left_shoulder": [
		0.6238373517990112,
		0.3825220465660095,
		0.051265835762023926,
		0.9997272491455078
	],
	"15. left_elbow": [
		0.6332685947418213,
		0.44086965918540955,
		-0.22039371728897095,
		0.9754524230957031
	],
	"16. left_wrist": [
		0.5616617202758789,
		0.38223761320114136,
		-0.48909899592399597,
		0.9853627681732178
	],
	"19. right_shoulder": [
		0.47215357422828674,
		0.36680203676223755,
		0.10176224261522293,
		0.9998177886009216
	],
	"20. right_elbow": [
		0.361806184053421,
		0.39390552043914795,
		-0.16346246004104614,
		0.9703115224838257
	],
	"21. right_wrist": [
		0.47118744254112244,
		0.3708963096141815,
		-0.4171823561191559,
		0.9861224889755249
	],
	"24. nose": [
		0.5574826598167419,
		0.3152567744255066,
		-0.1910073161125183,
		0.9999798536300659
	],
	"25. left_eye": [
		0.575822114944458,
		0.31050968170166016,
		-0.1546851396560669,
		0.9999563694000244
	],
	"26. right_eye": [
		0.5476315021514893,
		0.3071334958076477,
		-0.14977748692035675,
		0.9999538660049438
	],
	"27. left_ear": [
		0.5939486622810364,
		0.3208369016647339,
		0.028187071904540062,
		0.99991774559021
	],
	"28. right_ear": [
		0.5350708365440369,
		0.31237950921058655,
		0.04737750068306923,
		0.9999075531959534
	],
	"time stamp": 30.000293832456734
}