{
	"1. left_hip": [
		0.5667845606803894,
		0.5182689428329468,
		0.009335817769169807,
		0.9998570084571838
	],
	"2. left_knee": [
		0.6098007559776306,
		0.619130551815033,
		0.12000959366559982,
		0.992099940776825
	],
	"3. left_ankle": [
		0.6648088097572327,
		0.7119879126548767,
		0.37109148502349854,
		0.9902828335762024
	],
	"6. right_hip": [
		0.47364723682403564,
		0.5157688856124878,
		-0.009737209416925907,
		0.9998598694801331
	],
	"7. right_knee": [
		0.43297308683395386,
		0.6166130304336548,
		-0.0013968022540211678,
		0.996224045753479
	],
	"8. right_ankle": [
		0.3934699594974518,
		0.7060484290122986,
		0.1971724033355713,
		0.9943035840988159
	],
	"14. left_shoulder": [
		0.6070414781570435,
		0.37540826201438904,
		0.03710181266069412,
		0.9997186064720154
	],
	"15. left_elbow": [
		0.6171419620513916,
		0.42319154739379883,
		-0.24472510814666748,
		0.9779726266860962
	],
	"16. left_wrist": [
		0.5328081846237183,
		0.37162482738494873,
		-0.5464766621589661,
		0.9859986305236816
	],
	"19. right_shoulder": [
		0.46082577109336853,
		0.36656653881073,
		0.06773637980222702,
		0.9998469352722168
	],
	"20. right_elbow": [
		0.3448578715324402,
		0.3733069598674774,
		-0.2612384557723999,
		0.9753507375717163
	],
	"21. right_wrist": [
		0.43800491094589233,
		0.36365461349487305,
		-0.5203383564949036,
		0.9841450452804565
	],
	"24. nose": [
		0.549232006072998,
		0.3126644492149353,
		-0.21429674327373505,
		0.9999822378158569
	],
	"25. left_eye": [
		0.5718186497688293,
		0.30983713269233704,
		-0.17825612425804138,
		0.9999610185623169
	],
	"26. right_eye": [
		0.5443102121353149,
		0.3045182228088379,
		-0.17502669990062714,
		0.9999601244926453
	],
	"27. left_ear": [
		0.5836756229400635,
		0.3204664885997772,
		0.008738263510167599,
		0.9999255537986755
	],
	"28. right_ear": [
		0.5332873463630676,
		0.309643417596817,
		0.01584191620349884,
		0.9999231100082397
	],
	"time stamp": 30.000293832456734
}