{
	"1. left_hip": [
		0.561879575252533,
		0.5158894658088684,
		0.006039189640432596,
		0.9998722076416016
	],
	"2. left_knee": [
		0.6065946817398071,
		0.6192259192466736,
		0.0676800012588501,
		0.9929318428039551
	],
	"3. left_ankle": [
		0.655444860458374,
		0.7121552228927612,
		0.3317722976207733,
		0.9913591742515564
	],
	"6. right_hip": [
		0.4709923267364502,
		0.5137300491333008,
		-0.0065611801110208035,
		0.9998877048492432
	],
	"7. right_knee": [
		0.43230950832366943,
		0.615153431892395,
		0.02775060571730137,
		0.9969262480735779
	],
	"8. right_ankle": [
		0.3916223347187042,
		0.7074576616287231,
		0.26472392678260803,
		0.9952700138092041
	],
	"14. left_shoulder": [
		0.6002275347709656,
		0.3703899681568146,
		-0.07040547579526901,
		0.999640166759491
	],
	"15. left_elbow": [
		0.5728588104248047,
		0.40285953879356384,
		-0.4184655249118805,
		0.9796445965766907
	],
	"16. left_wrist": [
		0.46934711933135986,
		0.370147705078125,
		-0.7006872296333313,
		0.9857263565063477
	],
	"19. right_shoulder": [
		0.4666893482208252,
		0.3657624423503876,
		0.047410935163497925,
		0.9998674392700195
	],
	"20. right_elbow": [
		0.35449299216270447,
		0.3688392639160156,
		-0.3041660487651825,
		0.9791167378425598
	],
	"21. right_wrist": [
		0.4098295569419861,
		0.36298641562461853,
		-0.6621155142784119,
		0.9768291115760803
	],
	"24. nose": [
		0.5354248881340027,
		0.3109331727027893,
		-0.22759883105754852,
		0.9999808073043823
	],
	"25. left_eye": [
		0.5596112608909607,
		0.30866676568984985,
		-0.19431623816490173,
		0.9999573826789856
	],
	"26. right_eye": [
		0.5359147787094116,
		0.3033597469329834,
		-0.19146966934204102,
		0.9999590516090393
	],
	"27. left_ear": [
		0.5748695135116577,
		0.32002490758895874,
		-0.03611864894628525,
		0.9999212622642517
	],
	"28. right_ear": [
		0.5325355529785156,
		0.30900248885154724,
		0.004459114745259285,
		0.9999296069145203
	],
	"time stamp": 30.000293832456734
}