{
	"1. left_hip": [
		0.6302200555801392,
		0.5781931281089783,
		0.005351649131625891,
		0.999908447265625
	],
	"2. left_knee": [
		0.7494279146194458,
		0.7195149660110474,
		-0.14585080742835999,
		0.9963301420211792
	],
	"3. left_ankle": [
		0.7627704739570618,
		0.829060435295105,
		0.5810156464576721,
		0.9937625527381897
	],
	"6. right_hip": [
		0.5021003484725952,
		0.590084433555603,
		-0.005551138427108526,
		0.9998466372489929
	],
	"7. right_knee": [
		0.36301085352897644,
		0.7307932376861572,
		-0.2653557062149048,
		0.9935890436172485
	],
	"8. right_ankle": [
		0.41352057456970215,
		0.832737147808075,
		0.5117424726486206,
		0.9898039102554321
	],
	"14. left_shoulder": [
		0.5940708518028259,
		0.40720751881599426,
		-0.17394740879535675,
		0.9999775290489197
	],
	"15. left_elbow": [
		0.7075031995773315,
		0.48920249938964844,
		-0.012548157013952732,
		0.9867563247680664
	],
	"16. left_wrist": [
		0.679366409778595,
		0.5484371185302734,
		-0.3311696946620941,
		0.9816107749938965
	],
	"19. right_shoulder": [
		0.39236289262771606,
		0.40422722697257996,
		-0.20838239789009094,
		0.9998900890350342
	],
	"20. right_elbow": [
		0.38319364190101624,
		0.5037373304367065,
		-0.11000482738018036,
		0.8664871454238892
	],
	"21. right_wrist": [
		0.4411309063434601,
		0.5711762309074402,
		-0.3885173201560974,
		0.9042854905128479
	],
	"24. nose": [
		0.5126234292984009,
		0.3296183943748474,
		-0.7510784268379211,
		0.9999876618385315
	],
	"25. left_eye": [
		0.5326495170593262,
		0.32302674651145935,
		-0.6935418844223022,
		0.9999815225601196
	],
	"26. right_eye": [
		0.49467894434928894,
		0.31975293159484863,
		-0.70552659034729,
		0.9999565482139587
	],
	"27. left_ear": [
		0.5449081063270569,
		0.33135485649108887,
		-0.3677899241447449,
		0.9999850392341614
	],
	"28. right_ear": [
		0.47234952449798584,
		0.3282311260700226,
		-0.42670753598213196,
		0.9999247789382935
	],
	"time stamp": 29.987751182419192
}