{
	"1. left_hip": [
		0.5629820227622986,
		0.5158700942993164,
		-0.006873090751469135,
		0.9998773336410522
	],
	"2. left_knee": [
		0.6092567443847656,
		0.6192836761474609,
		0.031924933195114136,
		0.9933745265007019
	],
	"3. left_ankle": [
		0.6565603613853455,
		0.7122279405593872,
		0.2758704423904419,
		0.991836667060852
	],
	"6. right_hip": [
		0.47093430161476135,
		0.5136247277259827,
		0.0064079854637384415,
		0.999893307685852
	],
	"7. right_knee": [
		0.4323351979255676,
		0.6152315139770508,
		0.05352005735039711,
		0.9971174001693726
	],
	"8. right_ankle": [
		0.39130544662475586,
		0.7076749801635742,
		0.2973332405090332,
		0.9955477714538574
	],
	"14. left_shoulder": [
		0.5986645817756653,
		0.3692627251148224,
		-0.13986045122146606,
		0.9996427893638611
	],
	"15. left_elbow": [
		0.5628652572631836,
		0.4047020375728607,
		-0.5013697147369385,
		0.9806073307991028
	],
	"16. left_wrist": [
		0.4489923119544983,
		0.3713301420211792,
		-0.8000596761703491,
		0.9863316416740417
	],
	"19. right_shoulder": [
		0.4720230996608734,
		0.36596938967704773,
		0.04278159886598587,
		0.999851405620575
	],
	"20. right_elbow": [
		0.37938418984413147,
		0.37375229597091675,
		-0.29993265867233276,
		0.9727357625961304
	],
	"21. right_wrist": [
		0.40431469678878784,
		0.3651069700717926,
		-0.7475172281265259,
		0.9676690101623535
	],
	"24. nose": [
		0.5346906781196594,
		0.3109903037548065,
		-0.28410604596138,
		0.9999768733978271
	],
	"25. left_eye": [
		0.5585760474205017,
		0.30864378809928894,
		-0.2595919668674469,
		0.9999514222145081
	],
	"26. right_eye": [
		0.5358182191848755,
		0.303381085395813,
		-0.2453128695487976,
		0.9999487400054932
	],
	"27. left_ear": [
		0.5739127993583679,
		0.3199649155139923,
		-0.10029089450836182,
		0.9999164938926697
	],
	"28. right_ear": [
		0.533785343170166,
		0.30906540155410767,
		-0.03427394479513168,
		0.9999035000801086
	],
	"time stamp": 30.000293832456734
}