{
	"1. left_hip": [
		0.6323975324630737,
		0.5881315469741821,
		0.02863631770014763,
		0.9999228119850159
	],
	"2. left_knee": [
		0.7798447012901306,
		0.7217539548873901,
		-0.13815753161907196,
		0.9967553615570068
	],
	"3. left_ankle": [
		0.7678710222244263,
		0.8293455243110657,
		0.53155118227005,
		0.9938234686851501
	],
	"6. right_hip": [
		0.5026319026947021,
		0.5965276956558228,
		-0.02882245182991028,
		0.9998714923858643
	],
	"7. right_knee": [
		0.3923141360282898,
		0.7417449355125427,
		-0.23756861686706543,
		0.9946125745773315
	],
	"8. right_ankle": [
		0.42160841822624207,
		0.8357096314430237,
		0.5427464842796326,
		0.9906749129295349
	],
	"14. left_shoulder": [
		0.6041364669799805,
		0.41313841938972473,
		-0.1538102924823761,
		0.999980628490448
	],
	"15. left_elbow": [
		0.6982090473175049,
		0.4967946410179138,
		0.01758274808526039,
		0.9871071577072144
	],
	"16. left_wrist": [
		0.6916696429252625,
		0.5561825633049011,
		-0.2949032485485077,
		0.9821915030479431
	],
	"19. right_shoulder": [
		0.40927717089653015,
		0.41113582253456116,
		-0.2448549121618271,
		0.9999091625213623
	],
	"20. right_elbow": [
		0.3831031322479248,
		0.5109509825706482,
		-0.15388789772987366,
		0.8905933499336243
	],
	"21. right_wrist": [
		0.44335147738456726,
		0.580100417137146,
		-0.44242483377456665,
		0.9200390577316284
	],
	"24. nose": [
		0.5222753286361694,
		0.33899325132369995,
		-0.773194432258606,
		0.9999898076057434
	],
	"25. left_eye": [
		0.5421645045280457,
		0.3314213752746582,
		-0.7152410745620728,
		0.9999845027923584
	],
	"26. right_eye": [
		0.5045070648193359,
		0.32874858379364014,
		-0.7287323474884033,
		0.9999644160270691
	],
	"27. left_ear": [
		0.556341826915741,
		0.3393186926841736,
		-0.3836095929145813,
		0.9999867081642151
	],
	"28. right_ear": [
		0.4832053482532501,
		0.33666327595710754,
		-0.4512127935886383,
		0.9999386668205261
	],
	"time stamp": 29.987751182419192
}