{
	"1. left_hip": [
		0.7411865592002869,
		0.5282362103462219,
		0.14993880689144135,
		0.9992038607597351
	],
	"2. left_knee": [
		0.7639256119728088,
		0.6073769330978394,
		0.07065237313508987,
		0.8681432604789734
	],
	"3. left_ankle": [
		0.6876871585845947,
		0.7120125889778137,
		0.212867870926857,
		0.8952999114990234
	],
	"6. right_hip": [
		0.6841331124305725,
		0.533444881439209,
		-0.149720698595047,
		0.9989219307899475
	],
	"7. right_knee": [
		0.76108717918396,
		0.6208617091178894,
		-0.26413291692733765,
		0.9846755862236023
	],
	"8. right_ankle": [
		0.6849468946456909,
		0.7171788811683655,
		-0.08591611683368683,
		0.9783444404602051
	],
	"14. left_shoulder": [
		0.7295182943344116,
		0.40195736289024353,
		0.13167314231395721,
		0.9997747540473938
	],
	"15. left_elbow": [
		0.8006407022476196,
		0.4424513876438141,
		0.169956773519516,
		0.9112938046455383
	],
	"16. left_wrist": [
		0.8746815919876099,
		0.4550361931324005,
		-0.06637703627347946,
		0.9711613655090332
	],
	"19. right_shoulder": [
		0.6469694375991821,
		0.4039752185344696,
		-0.3486374616622925,
		0.9997991919517517
	],
	"20. right_elbow": [
		0.7002561688423157,
		0.4757840931415558,
		-0.41767075657844543,
		0.9514535069465637
	],
	"21. right_wrist": [
		0.7811155319213867,
		0.5297766923904419,
		-0.47425493597984314,
		0.9593493938446045
	],
	"24. nose": [
		0.7189825177192688,
		0.35583698749542236,
		-0.33774468302726746,
		0.9998980164527893
	],
	"25. left_eye": [
		0.7200609445571899,
		0.3478959798812866,
		-0.30256882309913635,
		0.9996718764305115
	],
	"26. right_eye": [
		0.7047058939933777,
		0.3460807800292969,
		-0.34410884976387024,
		0.9997543096542358
	],
	"27. left_ear": [
		0.7128716707229614,
		0.3496619164943695,
		-0.10773687809705734,
		0.9991816878318787
	],
	"28. right_ear": [
		0.6807838678359985,
		0.3480631411075592,
		-0.3041067123413086,
		0.9994799494743347
	],
	"time stamp": 30.000293832456734
}