{
	"1. left_hip": [
		0.7356655597686768,
		0.5213187336921692,
		0.12114079296588898,
		0.9980087876319885
	],
	"2. left_knee": [
		0.7319443225860596,
		0.6172070503234863,
		0.20324093103408813,
		0.7384519577026367
	],
	"3. left_ankle": [
		0.6880154013633728,
		0.7204062342643738,
		0.3244158923625946,
		0.8666598796844482
	],
	"6. right_hip": [
		0.8031141757965088,
		0.5187212228775024,
		-0.12166015058755875,
		0.9973725080490112
	],
	"7. right_knee": [
		0.8171219825744629,
		0.6212542057037354,
		-0.029637353494763374,
		0.970541775226593
	],
	"8. right_ankle": [
		0.8217450380325317,
		0.7250869870185852,
		0.06540415436029434,
		0.9727234244346619
	],
	"14. left_shoulder": [
		0.7036910653114319,
		0.37879762053489685,
		0.09244131296873093,
		0.9994327425956726
	],
	"15. left_elbow": [
		0.68429034948349,
		0.45359277725219727,
		0.14558203518390656,
		0.5937084555625916
	],
	"16. left_wrist": [
		0.6754924654960632,
		0.5175424814224243,
		0.15628351271152496,
		0.5393736958503723
	],
	"19. right_shoulder": [
		0.8302745223045349,
		0.3673136830329895,
		-0.22119379043579102,
		0.9997612237930298
	],
	"20. right_elbow": [
		0.9484373331069946,
		0.3938511610031128,
		-0.11392512172460556,
		0.9771676063537598
	],
	"21. right_wrist": [
		0.9391607642173767,
		0.3598133623600006,
		0.2712746560573578,
		0.9494509696960449
	],
	"24. nose": [
		0.8404854536056519,
		0.33292046189308167,
		0.07572153210639954,
		0.9991477131843567
	],
	"25. left_eye": [
		0.8285178542137146,
		0.3230641782283783,
		0.0677165612578392,
		0.9985703825950623
	],
	"26. right_eye": [
		0.8348309993743896,
		0.3232879340648651,
		0.021315841004252434,
		0.9986969232559204
	],
	"27. left_ear": [
		0.7970360517501831,
		0.3241528272628784,
		0.06967797875404358,
		0.9974028468132019
	],
	"28. right_ear": [
		0.8153877854347229,
		0.325094610452652,
		-0.1503150463104248,
		0.9982784986495972
	],
	"time stamp": 30.000293832456734
}