{
	"1. left_hip": [
		0.5650967955589294,
		0.518035888671875,
		0.013430086895823479,
		0.9994493722915649
	],
	"2. left_knee": [
		0.5510882139205933,
		0.6870697140693665,
		-0.029651235789060593,
		0.987437903881073
	],
	"3. left_ankle": [
		0.5308559536933899,
		0.8279780149459839,
		0.14141832292079926,
		0.9801775813102722
	],
	"6. right_hip": [
		0.43836525082588196,
		0.5266827940940857,
		-0.01346645224839449,
		0.9993193745613098
	],
	"7. right_knee": [
		0.4690481722354889,
		0.691020667552948,
		-0.0767849013209343,
		0.9701359272003174
	],
	"8. right_ankle": [
		0.47594237327575684,
		0.8292505145072937,
		0.1441057324409485,
		0.9515190124511719
	],
	"14. left_shoulder": [
		0.5613217949867249,
		0.3335292637348175,
		0.12507455050945282,
		0.9995275139808655
	],
	"15. left_elbow": [
		0.6548826694488525,
		0.2522103190422058,
		-0.021176321431994438,
		0.981131911277771
	],
	"16. left_wrist": [
		0.5096681118011475,
		0.2183767557144165,
		0.06363098323345184,
		0.8695071339607239
	],
	"19. right_shoulder": [
		0.3725995123386383,
		0.3331814110279083,
		0.009108250960707664,
		0.9991300702095032
	],
	"20. right_elbow": [
		0.2833044230937958,
		0.24523362517356873,
		-0.40770912170410156,
		0.9923132061958313
	],
	"21. right_wrist": [
		0.4382953345775604,
		0.21347367763519287,
		-0.502906858921051,
		0.9364683628082275
	],
	"24. nose": [
		0.5309028625488281,
		0.2868291139602661,
		-0.25310176610946655,
		0.9999192357063293
	],
	"25. left_eye": [
		0.5344968438148499,
		0.27773430943489075,
		-0.19499057531356812,
		0.9998267292976379
	],
	"26. right_eye": [
		0.507331907749176,
		0.2733131945133209,
		-0.2118162363767624,
		0.9998421669006348
	],
	"27. left_ear": [
		0.5230045914649963,
		0.28491559624671936,
		0.08602570742368698,
		0.9999135732650757
	],
	"28. right_ear": [
		0.4706754684448242,
		0.27488017082214355,
		0.0072614517994225025,
		0.9999238848686218
	],
	"time stamp": 29.987751182419192
}