{
	"1. left_hip": [
		0.5670920610427856,
		0.5192118883132935,
		0.018841121345758438,
		0.999454915523529
	],
	"2. left_knee": [
		0.5518166422843933,
		0.6872877478599548,
		-0.03059852123260498,
		0.9871419072151184
	],
	"3. left_ankle": [
		0.5308201313018799,
		0.8280829787254333,
		0.15201644599437714,
		0.980076014995575
	],
	"6. right_hip": [
		0.4411025643348694,
		0.528066873550415,
		-0.01885395124554634,
		0.9993361830711365
	],
	"7. right_knee": [
		0.47193780541419983,
		0.6914324164390564,
		-0.08951400220394135,
		0.9692884087562561
	],
	"8. right_ankle": [
		0.4760129451751709,
		0.8299131393432617,
		0.1340121328830719,
		0.950924277305603
	],
	"14. left_shoulder": [
		0.5612491369247437,
		0.3347473442554474,
		0.1728711873292923,
		0.9995360970497131
	],
	"15. left_elbow": [
		0.6567049026489258,
		0.2529556155204773,
		0.04447145760059357,
		0.9812167286872864
	],
	"16. left_wrist": [
		0.5107948184013367,
		0.21926191449165344,
		0.13943234086036682,
		0.8632445335388184
	],
	"19. right_shoulder": [
		0.3730979859828949,
		0.33372926712036133,
		0.02342664636671543,
		0.9991863965988159
	],
	"20. right_elbow": [
		0.284286230802536,
		0.24590742588043213,
		-0.37312042713165283,
		0.9928128719329834
	],
	"21. right_wrist": [
		0.4381636381149292,
		0.21388831734657288,
		-0.45848241448402405,
		0.9371541738510132
	],
	"24. nose": [
		0.534214198589325,
		0.28784704208374023,
		-0.2231709361076355,
		0.9999194741249084
	],
	"25. left_eye": [
		0.5363067984580994,
		0.27839797735214233,
		-0.1639503687620163,
		0.9998241066932678
	],
	"26. right_eye": [
		0.51014643907547,
		0.27444982528686523,
		-0.18755176663398743,
		0.9998466968536377
	],
	"27. left_ear": [
		0.5232188701629639,
		0.28579920530319214,
		0.12257619202136993,
		0.9999112486839294
	],
	"28. right_ear": [
		0.47370338439941406,
		0.2768419682979584,
		0.012091554701328278,
		0.9999279975891113
	],
	"time stamp": 29.987751182419192
}