{
	"1. left_hip": [
		0.5845310091972351,
		0.5221623182296753,
		0.031777653843164444,
		0.9993277192115784
	],
	"2. left_knee": [
		0.5651919841766357,
		0.6897072196006775,
		0.004527503624558449,
		0.9812561869621277
	],
	"3. left_ankle": [
		0.5304305553436279,
		0.828342854976654,
		0.1900191456079483,
		0.9703585505485535
	],
	"6. right_hip": [
		0.4580046534538269,
		0.5297005772590637,
		-0.03184623271226883,
		0.9992256164550781
	],
	"7. right_knee": [
		0.4895755648612976,
		0.6923230290412903,
		-0.10044945031404495,
		0.9530442357063293
	],
	"8. right_ankle": [
		0.476787805557251,
		0.8278809189796448,
		0.09747250378131866,
		0.9310114979743958
	],
	"14. left_shoulder": [
		0.5797266960144043,
		0.33832141757011414,
		0.21612045168876648,
		0.999616801738739
	],
	"15. left_elbow": [
		0.7515063285827637,
		0.313017874956131,
		0.20919103920459747,
		0.9859000444412231
	],
	"16. left_wrist": [
		0.7231991291046143,
		0.22847186028957367,
		0.050257500261068344,
		0.9028738737106323
	],
	"19. right_shoulder": [
		0.37564361095428467,
		0.3342713713645935,
		-0.02104809693992138,
		0.9994246363639832
	],
	"20. right_elbow": [
		0.21393181383609772,
		0.31723254919052124,
		-0.14938770234584808,
		0.9954692125320435
	],
	"21. right_wrist": [
		0.2515918016433716,
		0.23291978240013123,
		-0.2583628296852112,
		0.9558120369911194
	],
	"24. nose": [
		0.5516252517700195,
		0.28699567914009094,
		-0.3273302912712097,
		0.9999351501464844
	],
	"25. left_eye": [
		0.5510578751564026,
		0.2766450345516205,
		-0.2615145146846771,
		0.9998480081558228
	],
	"26. right_eye": [
		0.5308834910392761,
		0.27438589930534363,
		-0.30024585127830505,
		0.9998895525932312
	],
	"27. left_ear": [
		0.5354832410812378,
		0.282268762588501,
		0.040320273488759995,
		0.999901533126831
	],
	"28. right_ear": [
		0.49442705512046814,
		0.27605801820755005,
		-0.14685295522212982,
		0.9999502897262573
	],
	"time stamp": 29.987751182419192
}