{
	"1. left_hip": [
		0.7991805672645569,
		0.5119539499282837,
		0.03905762359499931,
		0.9970718622207642
	],
	"2. left_knee": [
		0.7777360081672668,
		0.6172282695770264,
		0.006718772929161787,
		0.8869218826293945
	],
	"3. left_ankle": [
		0.7701634168624878,
		0.7180604934692383,
		0.12164752930402756,
		0.9377329349517822
	],
	"6. right_hip": [
		0.7525875568389893,
		0.5132082104682922,
		-0.039536457508802414,
		0.9963100552558899
	],
	"7. right_knee": [
		0.7583214044570923,
		0.6178041100502014,
		-0.05453341454267502,
		0.9639753103256226
	],
	"8. right_ankle": [
		0.7664527297019958,
		0.7166794538497925,
		0.03891148418188095,
		0.9724839925765991
	],
	"14. left_shoulder": [
		0.8258181810379028,
		0.3666289746761322,
		-0.295217901468277,
		0.9892731308937073
	],
	"15. left_elbow": [
		0.8651996850967407,
		0.3435550928115845,
		-0.14667493104934692,
		0.6756405234336853
	],
	"16. left_wrist": [
		0.8144164681434631,
		0.3208209276199341,
		0.00836950447410345,
		0.31572064757347107
	],
	"19. right_shoulder": [
		0.7045462727546692,
		0.37644267082214355,
		-0.42768368124961853,
		0.9857326149940491
	],
	"20. right_elbow": [
		0.7225149273872375,
		0.3605523407459259,
		-0.3732180595397949,
		0.8266205787658691
	],
	"21. right_wrist": [
		0.74448162317276,
		0.31715521216392517,
		-0.2546299993991852,
		0.5028719305992126
	],
	"24. nose": [
		0.7818368077278137,
		0.34062808752059937,
		-0.5597330331802368,
		0.9977904558181763
	],
	"25. left_eye": [
		0.7837585806846619,
		0.33118563890457153,
		-0.5565465688705444,
		0.997472882270813
	],
	"26. right_eye": [
		0.7766972780227661,
		0.3333628177642822,
		-0.5787041783332825,
		0.9976368546485901
	],
	"27. left_ear": [
		0.7910226583480835,
		0.3289654850959778,
		-0.43782839179039,
		0.9972524642944336
	],
	"28. right_ear": [
		0.7708985209465027,
		0.3345227539539337,
		-0.5266173481941223,
		0.9974122047424316
	],
	"time stamp": 30.000293832456734
}