{
	"1. left_hip": [
		0.8076769113540649,
		0.5117009878158569,
		0.027220256626605988,
		0.9968114495277405
	],
	"2. left_knee": [
		0.7800132036209106,
		0.6156188249588013,
		0.05469697713851929,
		0.8929072022438049
	],
	"3. left_ankle": [
		0.770572304725647,
		0.7164250612258911,
		0.22878150641918182,
		0.943122923374176
	],
	"6. right_hip": [
		0.7421491146087646,
		0.512904942035675,
		-0.027640776708722115,
		0.9963653087615967
	],
	"7. right_knee": [
		0.7583239674568176,
		0.6161336898803711,
		0.04776105284690857,
		0.9619852900505066
	],
	"8. right_ankle": [
		0.7587148547172546,
		0.7156801223754883,
		0.24443963170051575,
		0.9725762009620667
	],
	"14. left_shoulder": [
		0.8563181161880493,
		0.3676489591598511,
		-0.30644404888153076,
		0.988240659236908
	],
	"15. left_elbow": [
		0.9198837280273438,
		0.33409804105758667,
		-0.3116437494754791,
		0.6865585446357727
	],
	"16. left_wrist": [
		0.8170785307884216,
		0.31749221682548523,
		-0.2051353007555008,
		0.30366918444633484
	],
	"19. right_shoulder": [
		0.7007501721382141,
		0.37428373098373413,
		-0.47025737166404724,
		0.9861400127410889
	],
	"20. right_elbow": [
		0.674896776676178,
		0.35277530550956726,
		-0.542029857635498,
		0.8288548588752747
	],
	"21. right_wrist": [
		0.7403482794761658,
		0.32033029198646545,
		-0.5793012976646423,
		0.4662807881832123
	],
	"24. nose": [
		0.7794137597084045,
		0.3371601402759552,
		-0.6709578633308411,
		0.9979547262191772
	],
	"25. left_eye": [
		0.7810579538345337,
		0.32796943187713623,
		-0.6531578302383423,
		0.9975704550743103
	],
	"26. right_eye": [
		0.7717262506484985,
		0.330270916223526,
		-0.6602299809455872,
		0.9977964162826538
	],
	"27. left_ear": [
		0.7920745015144348,
		0.32736340165138245,
		-0.4720320999622345,
		0.9973882436752319
	],
	"28. right_ear": [
		0.7622289657592773,
		0.3322727680206299,
		-0.5424638390541077,
		0.9976080060005188
	],
	"time stamp": 30.000293832456734
}