{
	"1. left_hip": [
		0.5940230488777161,
		0.5263224840164185,
		0.0539698489010334,
		0.9986683130264282
	],
	"2. left_knee": [
		0.58784019947052,
		0.6929731369018555,
		0.013407022692263126,
		0.9478111267089844
	],
	"3. left_ankle": [
		0.5357582569122314,
		0.8288698196411133,
		0.19130276143550873,
		0.9375566840171814
	],
	"6. right_hip": [
		0.48073577880859375,
		0.531518816947937,
		-0.053748466074466705,
		0.9984030723571777
	],
	"7. right_knee": [
		0.5274660587310791,
		0.6926572322845459,
		-0.16186019778251648,
		0.9273593425750732
	],
	"8. right_ankle": [
		0.4863983988761902,
		0.8271192908287048,
		0.02508353441953659,
		0.907442033290863
	],
	"14. left_shoulder": [
		0.5884416699409485,
		0.36013713479042053,
		0.2535210847854614,
		0.9997295141220093
	],
	"15. left_elbow": [
		0.7342754006385803,
		0.42745617032051086,
		0.2835560142993927,
		0.9842414259910583
	],
	"16. left_wrist": [
		0.8741723299026489,
		0.408782035112381,
		0.03824881464242935,
		0.9486396908760071
	],
	"19. right_shoulder": [
		0.3920612037181854,
		0.3569560647010803,
		0.04800974577665329,
		0.9995283484458923
	],
	"20. right_elbow": [
		0.27399182319641113,
		0.43855106830596924,
		0.03149505332112312,
		0.9946579337120056
	],
	"21. right_wrist": [
		0.13312074542045593,
		0.4233255684375763,
		-0.23575477302074432,
		0.9762825965881348
	],
	"24. nose": [
		0.5443205833435059,
		0.28846678137779236,
		-0.26166102290153503,
		0.9999376535415649
	],
	"25. left_eye": [
		0.5497623085975647,
		0.2790326178073883,
		-0.1896473914384842,
		0.9998348951339722
	],
	"26. right_eye": [
		0.5237224102020264,
		0.275934100151062,
		-0.22595874965190887,
		0.999883770942688
	],
	"27. left_ear": [
		0.5457257032394409,
		0.2857508659362793,
		0.07259970903396606,
		0.9997689127922058
	],
	"28. right_ear": [
		0.49201077222824097,
		0.27731117606163025,
		-0.06193983927369118,
		0.9999210834503174
	],
	"time stamp": 29.987751182419192
}