{
	"1. left_hip": [
		0.7354696393013,
		0.5184198021888733,
		0.06548907607793808,
		0.9978022575378418
	],
	"2. left_knee": [
		0.7405486106872559,
		0.6191917657852173,
		0.12144167721271515,
		0.8795186281204224
	],
	"3. left_ankle": [
		0.7405303120613098,
		0.7173319458961487,
		0.17554546892642975,
		0.9430569410324097
	],
	"6. right_hip": [
		0.7733598351478577,
		0.5164198279380798,
		-0.06587842106819153,
		0.9974944591522217
	],
	"7. right_knee": [
		0.7554648518562317,
		0.6202239394187927,
		0.010677066631615162,
		0.9677284955978394
	],
	"8. right_ankle": [
		0.7467920184135437,
		0.7198508381843567,
		0.09013868868350983,
		0.977603018283844
	],
	"14. left_shoulder": [
		0.7042939066886902,
		0.3764362633228302,
		0.012954479083418846,
		0.9921225905418396
	],
	"15. left_elbow": [
		0.6544815897941589,
		0.3452310264110565,
		-0.0347728431224823,
		0.8072857856750488
	],
	"16. left_wrist": [
		0.7442246079444885,
		0.3183228373527527,
		-0.10924190282821655,
		0.36718112230300903
	],
	"19. right_shoulder": [
		0.8300325870513916,
		0.36891067028045654,
		-0.10858744382858276,
		0.9904713034629822
	],
	"20. right_elbow": [
		0.9072475433349609,
		0.31900712847709656,
		-0.18212924897670746,
		0.8801090717315674
	],
	"21. right_wrist": [
		0.8041486144065857,
		0.30855080485343933,
		-0.1572900116443634,
		0.4445355534553528
	],
	"24. nose": [
		0.7573902606964111,
		0.33535319566726685,
		0.2730615735054016,
		0.9978253841400146
	],
	"25. left_eye": [
		0.7498582005500793,
		0.3281230330467224,
		0.22133372724056244,
		0.9972744584083557
	],
	"26. right_eye": [
		0.7668150067329407,
		0.3274233639240265,
		0.21391473710536957,
		0.9971729516983032
	],
	"27. left_ear": [
		0.7487581968307495,
		0.32927340269088745,
		0.07164143770933151,
		0.9972358345985413
	],
	"28. right_ear": [
		0.7798068523406982,
		0.33060207962989807,
		0.03554453328251839,
		0.9971144199371338
	],
	"time stamp": 30.000293832456734
}