{
	"1. left_hip": [
		0.6949763298034668,
		0.5312426090240479,
		-0.02456207014620304,
		0.9988887310028076
	],
	"2. left_knee": [
		0.6728611588478088,
		0.6277066469192505,
		0.06039663404226303,
		0.9119833707809448
	],
	"3. left_ankle": [
		0.6819514036178589,
		0.7209230065345764,
		0.008860157802700996,
		0.952127993106842
	],
	"6. right_hip": [
		0.772350549697876,
		0.5275183320045471,
		0.02379627712070942,
		0.9985247850418091
	],
	"7. right_knee": [
		0.7369299530982971,
		0.6316850781440735,
		0.1161666139960289,
		0.9656994938850403
	],
	"8. right_ankle": [
		0.7306561470031738,
		0.7294505834579468,
		0.04104685038328171,
		0.9764915704727173
	],
	"14. left_shoulder": [
		0.6692332625389099,
		0.3783341646194458,
		-0.058885328471660614,
		0.9963999390602112
	],
	"15. left_elbow": [
		0.595507800579071,
		0.35373613238334656,
		-0.2010503113269806,
		0.9253872036933899
	],
	"16. left_wrist": [
		0.6823902130126953,
		0.3263830244541168,
		-0.27106988430023193,
		0.5489250421524048
	],
	"19. right_shoulder": [
		0.8217901587486267,
		0.3728809654712677,
		-0.006025438662618399,
		0.9946296215057373
	],
	"20. right_elbow": [
		0.8939942717552185,
		0.3295722007751465,
		-0.02882401831448078,
		0.9383186101913452
	],
	"21. right_wrist": [
		0.7890574336051941,
		0.3271999657154083,
		0.003644294571131468,
		0.4584779441356659
	],
	"24. nose": [
		0.7106764912605286,
		0.34296920895576477,
		0.3004395663738251,
		0.997990071773529
	],
	"25. left_eye": [
		0.7050406336784363,
		0.3353206515312195,
		0.23846420645713806,
		0.997717559337616
	],
	"26. right_eye": [
		0.7232950925827026,
		0.3345456123352051,
		0.247931107878685,
		0.996785044670105
	],
	"27. left_ear": [
		0.7056415677070618,
		0.3370082378387451,
		0.0666099488735199,
		0.9977924227714539
	],
	"28. right_ear": [
		0.7403237223625183,
		0.33552443981170654,
		0.09286735951900482,
		0.9969885945320129
	],
	"time stamp": 30.000293832456734
}