{
	"1. left_hip": [
		0.6323176622390747,
		0.54181307554245,
		-0.11238574981689453,
		0.9993961453437805
	],
	"2. left_knee": [
		0.5887304544448853,
		0.6307377815246582,
		0.005896396469324827,
		0.9707283973693848
	],
	"3. left_ankle": [
		0.6001570820808411,
		0.7261328101158142,
		0.03709437698125839,
		0.9755573868751526
	],
	"6. right_hip": [
		0.7079065442085266,
		0.539439857006073,
		0.11175929009914398,
		0.9994670152664185
	],
	"7. right_knee": [
		0.6832170486450195,
		0.6395145654678345,
		0.16458576917648315,
		0.972041666507721
	],
	"8. right_ankle": [
		0.6744155287742615,
		0.7382686138153076,
		0.09995143115520477,
		0.9721487164497375
	],
	"14. left_shoulder": [
		0.6385367512702942,
		0.38935142755508423,
		-0.23601265251636505,
		0.9981861114501953
	],
	"15. left_elbow": [
		0.542575478553772,
		0.35706037282943726,
		-0.2218264788389206,
		0.95679771900177
	],
	"16. left_wrist": [
		0.5880300402641296,
		0.32932424545288086,
		-0.02926475927233696,
		0.7151401042938232
	],
	"19. right_shoulder": [
		0.748030424118042,
		0.38763123750686646,
		0.12291260808706284,
		0.9978325963020325
	],
	"20. right_elbow": [
		0.7339527606964111,
		0.3630034029483795,
		0.3636360466480255,
		0.6372953057289124
	],
	"21. right_wrist": [
		0.6834765076637268,
		0.33152514696121216,
		0.5836036801338196,
		0.3409585654735565
	],
	"24. nose": [
		0.652516782283783,
		0.3550547957420349,
		0.1283222734928131,
		0.9989439249038696
	],
	"25. left_eye": [
		0.6564898490905762,
		0.34606245160102844,
		0.0662548691034317,
		0.9988419413566589
	],
	"26. right_eye": [
		0.6686896085739136,
		0.3441667854785919,
		0.10740785300731659,
		0.9982202053070068
	],
	"27. left_ear": [
		0.6657387018203735,
		0.34779053926467896,
		-0.11809179186820984,
		0.9985125660896301
	],
	"28. right_ear": [
		0.690123438835144,
		0.3456219732761383,
		0.0691174864768982,
		0.9979845881462097
	],
	"time stamp": 30.000293832456734
}