{
	"1. left_hip": [
		0.6246023774147034,
		0.5429443120956421,
		-0.11499292403459549,
		0.9994439482688904
	],
	"2. left_knee": [
		0.5812404155731201,
		0.6322500109672546,
		-0.0030819044914096594,
		0.9726220965385437
	],
	"3. left_ankle": [
		0.5951041579246521,
		0.7261784076690674,
		0.005380244925618172,
		0.9773120284080505
	],
	"6. right_hip": [
		0.6995332837104797,
		0.5415281653404236,
		0.11438008397817612,
		0.9995294809341431
	],
	"7. right_knee": [
		0.6758735775947571,
		0.6419550180435181,
		0.17132462561130524,
		0.9671849012374878
	],
	"8. right_ankle": [
		0.665553867816925,
		0.7397223711013794,
		0.11607185006141663,
		0.9692993760108948
	],
	"14. left_shoulder": [
		0.6300173997879028,
		0.38914230465888977,
		-0.23567858338356018,
		0.9984616041183472
	],
	"15. left_elbow": [
		0.5341857075691223,
		0.3578139841556549,
		-0.19171984493732452,
		0.9616808891296387
	],
	"16. left_wrist": [
		0.5702514052391052,
		0.32970723509788513,
		0.033837687224149704,
		0.7502509951591492
	],
	"19. right_shoulder": [
		0.7399816513061523,
		0.3898974657058716,
		0.1416354477405548,
		0.9981115460395813
	],
	"20. right_elbow": [
		0.7256754040718079,
		0.36860978603363037,
		0.40301257371902466,
		0.5744839906692505
	],
	"21. right_wrist": [
		0.6767289042472839,
		0.3345352113246918,
		0.652518093585968,
		0.3140217959880829
	],
	"24. nose": [
		0.6528251767158508,
		0.3546362519264221,
		0.12282142788171768,
		0.9991136193275452
	],
	"25. left_eye": [
		0.6573342084884644,
		0.34590470790863037,
		0.06045744568109512,
		0.9990414381027222
	],
	"26. right_eye": [
		0.6684479117393494,
		0.34432297945022583,
		0.09509813040494919,
		0.998512327671051
	],
	"27. left_ear": [
		0.6651288866996765,
		0.3477908968925476,
		-0.12218862771987915,
		0.9987668991088867
	],
	"28. right_ear": [
		0.6880843639373779,
		0.34641212224960327,
		0.07712719589471817,
		0.9983255863189697
	],
	"time stamp": 30.000293832456734
}