{
	"1. left_hip": [
		0.6133949160575867,
		0.5519659519195557,
		-0.1199200376868248,
		0.9992587566375732
	],
	"2. left_knee": [
		0.5935485363006592,
		0.6462475061416626,
		0.06034038960933685,
		0.9542090892791748
	],
	"3. left_ankle": [
		0.615263819694519,
		0.7411653399467468,
		0.2046995311975479,
		0.9710279703140259
	],
	"6. right_hip": [
		0.6278848052024841,
		0.5501973628997803,
		0.1196470707654953,
		0.9989908933639526
	],
	"7. right_knee": [
		0.5961238145828247,
		0.6403573155403137,
		0.28854647278785706,
		0.9141344428062439
	],
	"8. right_ankle": [
		0.6031843423843384,
		0.7370601892471313,
		0.434954434633255,
		0.9234481453895569
	],
	"14. left_shoulder": [
		0.6211080551147461,
		0.39665672183036804,
		-0.323080450296402,
		0.9989464282989502
	],
	"15. left_elbow": [
		0.5127463340759277,
		0.41091206669807434,
		-0.4096372723579407,
		0.9832262992858887
	],
	"16. left_wrist": [
		0.393162339925766,
		0.3904046416282654,
		-0.3112712800502777,
		0.9043008089065552
	],
	"19. right_shoulder": [
		0.6752539277076721,
		0.3997563123703003,
		0.12356951832771301,
		0.9974751472473145
	],
	"20. right_elbow": [
		0.6886723041534424,
		0.45367684960365295,
		0.3747974932193756,
		0.2695509195327759
	],
	"21. right_wrist": [
		0.6008714437484741,
		0.4706782400608063,
		0.6010981202125549,
		0.19316786527633667
	],
	"24. nose": [
		0.6116801500320435,
		0.3557845652103424,
		0.011634445749223232,
		0.9991723895072937
	],
	"25. left_eye": [
		0.6249944567680359,
		0.3476361036300659,
		-0.04458028823137283,
		0.9993232488632202
	],
	"26. right_eye": [
		0.6257224082946777,
		0.3462064266204834,
		0.0011113120708614588,
		0.9988858699798584
	],
	"27. left_ear": [
		0.640186071395874,
		0.3522181808948517,
		-0.19803355634212494,
		0.999128520488739
	],
	"28. right_ear": [
		0.6467257738113403,
		0.3504347503185272,
		0.010061781853437424,
		0.9989533424377441
	],
	"time stamp": 30.000293832456734
}