{
	"1. left_hip": [
		0.5810051560401917,
		0.5563678741455078,
		-0.16648128628730774,
		0.9985920190811157
	],
	"2. left_knee": [
		0.5217310190200806,
		0.6467193365097046,
		-0.07576306909322739,
		0.9736118912696838
	],
	"3. left_ankle": [
		0.5594732165336609,
		0.7496721148490906,
		0.06440717726945877,
		0.9800698757171631
	],
	"6. right_hip": [
		0.6083053946495056,
		0.5551983714103699,
		0.16645239293575287,
		0.9979100823402405
	],
	"7. right_knee": [
		0.618148922920227,
		0.655964732170105,
		0.22950001060962677,
		0.8709197044372559
	],
	"8. right_ankle": [
		0.6323747038841248,
		0.7556844353675842,
		0.37603601813316345,
		0.9033982157707214
	],
	"14. left_shoulder": [
		0.6080395579338074,
		0.405497282743454,
		-0.349901407957077,
		0.9996029138565063
	],
	"15. left_elbow": [
		0.6546826362609863,
		0.4748670756816864,
		-0.39571040868759155,
		0.989010214805603
	],
	"16. left_wrist": [
		0.6778501272201538,
		0.5400880575180054,
		-0.35511529445648193,
		0.955793023109436
	],
	"19. right_shoulder": [
		0.629202663898468,
		0.4076387286186218,
		0.19064728915691376,
		0.9987626075744629
	],
	"20. right_elbow": [
		0.6469206809997559,
		0.4808230400085449,
		0.25438469648361206,
		0.12376013398170471
	],
	"21. right_wrist": [
		0.6436374187469482,
		0.5329086780548096,
		0.18475548923015594,
		0.10383521765470505
	],
	"24. nose": [
		0.5650867223739624,
		0.35583117604255676,
		-0.11052415519952774,
		0.9994198083877563
	],
	"25. left_eye": [
		0.5819289684295654,
		0.3475635349750519,
		-0.14527739584445953,
		0.9994553327560425
	],
	"26. right_eye": [
		0.5784170031547546,
		0.3464060425758362,
		-0.09195312857627869,
		0.9992205500602722
	],
	"27. left_ear": [
		0.6063638925552368,
		0.3549289405345917,
		-0.22074775397777557,
		0.9993920922279358
	],
	"28. right_ear": [
		0.6037447452545166,
		0.3530678153038025,
		0.012984925881028175,
		0.9992466568946838
	],
	"time stamp": 30.000293832456734
}