{
	"1. left_hip": [
		0.5644291043281555,
		0.5640839338302612,
		-0.12149877101182938,
		0.9992351531982422
	],
	"2. left_knee": [
		0.5652679800987244,
		0.6683401465415955,
		-0.1638059914112091,
		0.9856722354888916
	],
	"3. left_ankle": [
		0.591238796710968,
		0.7610011696815491,
		0.010181436315178871,
		0.9897221922874451
	],
	"6. right_hip": [
		0.48526930809020996,
		0.5622532963752747,
		0.12150172144174576,
		0.9987959861755371
	],
	"7. right_knee": [
		0.4321655333042145,
		0.6529096961021423,
		0.07355717569589615,
		0.8777263164520264
	],
	"8. right_ankle": [
		0.42996707558631897,
		0.7587326765060425,
		0.28564849495887756,
		0.9282441139221191
	],
	"14. left_shoulder": [
		0.6022201180458069,
		0.41851598024368286,
		-0.3315528631210327,
		0.9999318718910217
	],
	"15. left_elbow": [
		0.5850768685340881,
		0.49619755148887634,
		-0.3892587721347809,
		0.9963268041610718
	],
	"16. left_wrist": [
		0.469242662191391,
		0.5262978076934814,
		-0.5104538798332214,
		0.9862945675849915
	],
	"19. right_shoulder": [
		0.465015709400177,
		0.426251083612442,
		0.03783668577671051,
		0.9994202256202698
	],
	"20. right_elbow": [
		0.4520822763442993,
		0.5047137141227722,
		0.1519438475370407,
		0.3870059847831726
	],
	"21. right_wrist": [
		0.4163893461227417,
		0.565046489238739,
		-0.02189040742814541,
		0.5897648334503174
	],
	"24. nose": [
		0.5053708553314209,
		0.36050212383270264,
		-0.42478883266448975,
		0.9997919201850891
	],
	"25. left_eye": [
		0.5244044065475464,
		0.35197991132736206,
		-0.4166189134120941,
		0.9996919631958008
	],
	"26. right_eye": [
		0.5006356835365295,
		0.35262659192085266,
		-0.3892468810081482,
		0.9995093941688538
	],
	"27. left_ear": [
		0.5525022149085999,
		0.3598654568195343,
		-0.3135063946247101,
		0.999750018119812
	],
	"28. right_ear": [
		0.5034589767456055,
		0.35889866948127747,
		-0.18138694763183594,
		0.9989837408065796
	],
	"time stamp": 30.000293832456734
}