{
	"1. left_hip": [
		0.5379171967506409,
		0.5687916278839111,
		-0.13170792162418365,
		0.9993789792060852
	],
	"2. left_knee": [
		0.5562899112701416,
		0.6709610819816589,
		-0.10574238002300262,
		0.9902424812316895
	],
	"3. left_ankle": [
		0.6129481196403503,
		0.7622190117835999,
		0.12350043654441833,
		0.9928209781646729
	],
	"6. right_hip": [
		0.4514073431491852,
		0.5673500299453735,
		0.13172295689582825,
		0.9990649223327637
	],
	"7. right_knee": [
		0.40122297406196594,
		0.6617299318313599,
		0.22955641150474548,
		0.9159483909606934
	],
	"8. right_ankle": [
		0.3801538348197937,
		0.763517439365387,
		0.4751088321208954,
		0.9534427523612976
	],
	"14. left_shoulder": [
		0.5583964586257935,
		0.4247707426548004,
		-0.4912882149219513,
		0.9999479055404663
	],
	"15. left_elbow": [
		0.5685811042785645,
		0.5063711404800415,
		-0.5408098697662354,
		0.9971708059310913
	],
	"16. left_wrist": [
		0.5058833956718445,
		0.5739802718162537,
		-0.6299949288368225,
		0.9882452487945557
	],
	"19. right_shoulder": [
		0.4263007342815399,
		0.43313416838645935,
		-0.07513169199228287,
		0.9994614124298096
	],
	"20. right_elbow": [
		0.4162675142288208,
		0.5097617506980896,
		0.042334482073783875,
		0.41539499163627625
	],
	"21. right_wrist": [
		0.3921258747577667,
		0.5705690383911133,
		-0.11027054488658905,
		0.5756592750549316
	],
	"24. nose": [
		0.45533907413482666,
		0.36171674728393555,
		-0.527558445930481,
		0.9998437166213989
	],
	"25. left_eye": [
		0.47626256942749023,
		0.3541109561920166,
		-0.5307072997093201,
		0.9997560381889343
	],
	"26. right_eye": [
		0.4548977017402649,
		0.3539354205131531,
		-0.49562209844589233,
		0.9996218681335449
	],
	"27. left_ear": [
		0.5056064128875732,
		0.36257100105285645,
		-0.46721363067626953,
		0.9998018741607666
	],
	"28. right_ear": [
		0.4645718038082123,
		0.36027348041534424,
		-0.30375784635543823,
		0.9990226626396179
	],
	"time stamp": 30.000293832456734
}