{
	"1. left_hip": [
		0.4832928776741028,
		0.5614774227142334,
		-0.17313097417354584,
		0.9997610449790955
	],
	"2. left_knee": [
		0.37946823239326477,
		0.6687929630279541,
		-0.37202775478363037,
		0.9913234114646912
	],
	"3. left_ankle": [
		0.32156994938850403,
		0.7861930727958679,
		-0.3566032946109772,
		0.993476390838623
	],
	"6. right_hip": [
		0.4062527120113373,
		0.5591229200363159,
		0.1735077053308487,
		0.9995991587638855
	],
	"7. right_knee": [
		0.4483576714992523,
		0.6744812726974487,
		0.38120993971824646,
		0.8072096109390259
	],
	"8. right_ankle": [
		0.5066090226173401,
		0.7687656879425049,
		0.7652850151062012,
		0.9333959221839905
	],
	"14. left_shoulder": [
		0.5395165681838989,
		0.4099772572517395,
		-0.2983909249305725,
		0.9999851584434509
	],
	"15. left_elbow": [
		0.6096375584602356,
		0.47660544514656067,
		-0.30334708094596863,
		0.9989607334136963
	],
	"16. left_wrist": [
		0.627926766872406,
		0.548678994178772,
		-0.42692506313323975,
		0.9934809803962708
	],
	"19. right_shoulder": [
		0.3655458688735962,
		0.40919768810272217,
		0.0666838139295578,
		0.9998342394828796
	],
	"20. right_elbow": [
		0.30403515696525574,
		0.4705672860145569,
		0.10793191939592361,
		0.7358866333961487
	],
	"21. right_wrist": [
		0.30921557545661926,
		0.5273234248161316,
		-0.14609189331531525,
		0.835882842540741
	],
	"24. nose": [
		0.40872347354888916,
		0.34365853667259216,
		-0.414247065782547,
		0.9999544620513916
	],
	"25. left_eye": [
		0.42757129669189453,
		0.33485954999923706,
		-0.4017736315727234,
		0.9999213218688965
	],
	"26. right_eye": [
		0.4073824882507324,
		0.33394289016723633,
		-0.37341243028640747,
		0.9998728632926941
	],
	"27. left_ear": [
		0.4632537364959717,
		0.34387725591659546,
		-0.30094438791275024,
		0.9999383091926575
	],
	"28. right_ear": [
		0.4180229604244232,
		0.34112322330474854,
		-0.11947443336248398,
		0.9996477961540222
	],
	"time stamp": 30.000293832456734
}