{
	"1. left_hip": [
		0.4663178324699402,
		0.5642560124397278,
		-0.08647944778203964,
		0.9992666244506836
	],
	"2. left_knee": [
		0.4126260280609131,
		0.7035743594169617,
		-0.095887191593647,
		0.9875240921974182
	],
	"3. left_ankle": [
		0.4603533148765564,
		0.8109279870986938,
		0.37485358119010925,
		0.962833821773529
	],
	"6. right_hip": [
		0.3466898202896118,
		0.5649411678314209,
		0.08622748404741287,
		0.9996991157531738
	],
	"7. right_knee": [
		0.33568817377090454,
		0.7089056968688965,
		0.06460714340209961,
		0.955441415309906
	],
	"8. right_ankle": [
		0.36776819825172424,
		0.8323938250541687,
		0.4431318938732147,
		0.9651896357536316
	],
	"14. left_shoulder": [
		0.5458007454872131,
		0.36963382363319397,
		-0.1878802627325058,
		0.9999645948410034
	],
	"15. left_elbow": [
		0.6104077100753784,
		0.45578837394714355,
		-0.15129642188549042,
		0.9974439144134521
	],
	"16. left_wrist": [
		0.5814745426177979,
		0.5328148603439331,
		-0.390598863363266,
		0.9920350313186646
	],
	"19. right_shoulder": [
		0.32201582193374634,
		0.3679421842098236,
		-0.00783531367778778,
		0.9998868703842163
	],
	"20. right_elbow": [
		0.2645936906337738,
		0.4471375644207001,
		0.06539064645767212,
		0.8700589537620544
	],
	"21. right_wrist": [
		0.25467216968536377,
		0.5135711431503296,
		-0.23699401319026947,
		0.9027614593505859
	],
	"24. nose": [
		0.4036863446235657,
		0.2786533236503601,
		-0.46829715371131897,
		0.9999313950538635
	],
	"25. left_eye": [
		0.4286392629146576,
		0.2696264386177063,
		-0.44662541151046753,
		0.99979168176651
	],
	"26. right_eye": [
		0.3946533203125,
		0.2704884111881256,
		-0.4251818060874939,
		0.9997290968894958
	],
	"27. left_ear": [
		0.4621775150299072,
		0.2838710844516754,
		-0.2775208652019501,
		0.9997644424438477
	],
	"28. right_ear": [
		0.39146268367767334,
		0.28272515535354614,
		-0.1765536665916443,
		0.9992798566818237
	],
	"time stamp": 30.000293832456734
}